e73_rung1 head=f645a82fc77814cbdfcf957db9a529e0cd8c42b3 dirty=1
e73_rung1 host=ip-10-231-2-227 chip=Apple M4 Pro
e73_rung1 arms=m4_ipg2,m4_ipg4,m5_ipg3,m5_ipg5,m6_ipg3,m6_ipg6,m9_ipg3,m9_ipg5
e73_rung1 reps=31 target_bytes=12e9 shape=all
e73_rung1 started=2026-08-20T14:07:35Z
/tmp/e73-build/arms-e78-rung2a.metal 219050 bytes arms=19 source_sha256=8a03ace3735f57d167c630705d45d53d8e58d2778b4845a2fe8bb4e5a56f2472
e73_rung1 cool_gate=skipped_by_request cool_gate_passed_real_gate=false gate_qualified_for_timing=false
e73_rung1 entry_thermal gpu_temp=40.38103103637695C cpu_temp=40.240657806396484C gpu_power=0.009090923704206944W
wandb: [wandb.login()] Loaded credentials for https://api.wandb.ai from WANDB_API_KEY.
wandb: W&B API key is configured. Use `wandb login --relogin` to force relogin
e73_cell_ab: session entry gpu_temp_c=40.51
wandb: setting up run vp8q30dv
wandb: Tracking run with wandb version 0.28.1
wandb: Run data is saved locally in /Users/ec2-user/.senpai/native/qwen38-mlx-senpai-r2/roles/student-qwen-askeladd/workspace/target/wandb/run-20260820_140739-vp8q30dv
wandb: Run `wandb offline` to turn off syncing.
wandb: Syncing run e73-rung1-e78-rung2a
wandb: ⭐️ View project at https://wandb.ai/wandb-applied-ai-team/qwen38-mlx-challenge-senpai
wandb: 🚀 View run at https://wandb.ai/wandb-applied-ai-team/qwen38-mlx-challenge-senpai/runs/vp8q30dv
ARM arm=m4_ipg2 m=4 ipg=2 groups=2 max_total_threads_per_threadgroup=1024 static_threadgroup_memory_bytes=0 thread_execution_width=32
ARM arm=m4_ipg4 m=4 ipg=4 groups=1 max_total_threads_per_threadgroup=1024 static_threadgroup_memory_bytes=0 thread_execution_width=32
ARM arm=m5_ipg3 m=5 ipg=3 groups=2 max_total_threads_per_threadgroup=1024 static_threadgroup_memory_bytes=0 thread_execution_width=32
ARM arm=m5_ipg5 m=5 ipg=5 groups=1 max_total_threads_per_threadgroup=1024 static_threadgroup_memory_bytes=0 thread_execution_width=32
ARM arm=m6_ipg3 m=6 ipg=3 groups=2 max_total_threads_per_threadgroup=1024 static_threadgroup_memory_bytes=0 thread_execution_width=32
ARM arm=m6_ipg6 m=6 ipg=6 groups=1 max_total_threads_per_threadgroup=1024 static_threadgroup_memory_bytes=0 thread_execution_width=32
ARM arm=m9_ipg3 m=9 ipg=3 groups=3 max_total_threads_per_threadgroup=1024 static_threadgroup_memory_bytes=0 thread_execution_width=32
ARM arm=m9_ipg5 m=9 ipg=5 groups=2 max_total_threads_per_threadgroup=1024 static_threadgroup_memory_bytes=0 thread_execution_width=32
PARITY shape=linear_attn.in_proj_fused_qkvzba arm=m4_ipg2 m=4 ipg=2 differing=0 zero_rows=0 compared_rows=4
PARITY shape=linear_attn.in_proj_fused_qkvzba arm=m4_ipg4 m=4 ipg=4 differing=0 zero_rows=0 compared_rows=4
PARITY shape=linear_attn.in_proj_fused_qkvzba arm=m5_ipg3 m=5 ipg=3 differing=0 zero_rows=0 compared_rows=5
PARITY shape=linear_attn.in_proj_fused_qkvzba arm=m5_ipg5 m=5 ipg=5 differing=0 zero_rows=0 compared_rows=5
PARITY shape=linear_attn.in_proj_fused_qkvzba arm=m6_ipg3 m=6 ipg=3 differing=0 zero_rows=0 compared_rows=6
PARITY shape=linear_attn.in_proj_fused_qkvzba arm=m6_ipg6 m=6 ipg=6 differing=0 zero_rows=0 compared_rows=6
PARITY shape=linear_attn.in_proj_fused_qkvzba arm=m9_ipg3 m=9 ipg=3 differing=0 zero_rows=0 compared_rows=9
PARITY shape=linear_attn.in_proj_fused_qkvzba arm=m9_ipg5 m=9 ipg=5 differing=0 zero_rows=0 compared_rows=9
LEG shape=linear_attn.in_proj_fused_qkvzba rep=0 position=0 arm=m4_ipg2 m=4 ipg=2 groups=2 inner=252 gpu_seconds=0.085757167 wall_seconds=0.085979792 seconds_per_dispatch=0.000340306218 gbps=278.939364
LEG shape=linear_attn.in_proj_fused_qkvzba rep=0 position=1 arm=m4_ipg4 m=4 ipg=4 groups=1 inner=252 gpu_seconds=0.060440125 wall_seconds=0.060630917 seconds_per_dispatch=0.000239841766 gbps=197.890471
LEG shape=linear_attn.in_proj_fused_qkvzba rep=0 position=2 arm=m5_ipg3 m=5 ipg=3 groups=2 inner=252 gpu_seconds=0.091485375 wall_seconds=0.091679792 seconds_per_dispatch=0.000363037203 gbps=261.474029
LEG shape=linear_attn.in_proj_fused_qkvzba rep=0 position=3 arm=m5_ipg5 m=5 ipg=5 groups=1 inner=252 gpu_seconds=0.071581834 wall_seconds=0.071787500 seconds_per_dispatch=0.000284054895 gbps=167.088830
LEG shape=linear_attn.in_proj_fused_qkvzba rep=0 position=4 arm=m6_ipg3 m=6 ipg=3 groups=2 inner=252 gpu_seconds=0.098723500 wall_seconds=0.098926583 seconds_per_dispatch=0.000391759921 gbps=242.303500
LEG shape=linear_attn.in_proj_fused_qkvzba rep=0 position=5 arm=m6_ipg6 m=6 ipg=6 groups=1 inner=252 gpu_seconds=0.091746125 wall_seconds=0.091962333 seconds_per_dispatch=0.000364071924 gbps=130.365449
LEG shape=linear_attn.in_proj_fused_qkvzba rep=0 position=6 arm=m9_ipg3 m=9 ipg=3 groups=3 inner=252 gpu_seconds=0.145801000 wall_seconds=0.146010958 seconds_per_dispatch=0.000578575397 gbps=246.099645
LEG shape=linear_attn.in_proj_fused_qkvzba rep=0 position=7 arm=m9_ipg5 m=9 ipg=5 groups=2 inner=252 gpu_seconds=0.126624500 wall_seconds=0.126839208 seconds_per_dispatch=0.000502478174 gbps=188.913280
LEG shape=linear_attn.in_proj_fused_qkvzba rep=0 position=8 arm=m9_ipg5 m=9 ipg=5 groups=2 inner=252 gpu_seconds=0.126631833 wall_seconds=0.126828250 seconds_per_dispatch=0.000502507275 gbps=188.902340
LEG shape=linear_attn.in_proj_fused_qkvzba rep=0 position=9 arm=m9_ipg3 m=9 ipg=3 groups=3 inner=252 gpu_seconds=0.145955500 wall_seconds=0.146153083 seconds_per_dispatch=0.000579188492 gbps=245.839139
LEG shape=linear_attn.in_proj_fused_qkvzba rep=0 position=10 arm=m6_ipg6 m=6 ipg=6 groups=1 inner=252 gpu_seconds=0.091769958 wall_seconds=0.091982792 seconds_per_dispatch=0.000364166502 gbps=130.331592
LEG shape=linear_attn.in_proj_fused_qkvzba rep=0 position=11 arm=m6_ipg3 m=6 ipg=3 groups=2 inner=252 gpu_seconds=0.098673333 wall_seconds=0.098889125 seconds_per_dispatch=0.000391560847 gbps=242.426690
LEG shape=linear_attn.in_proj_fused_qkvzba rep=0 position=12 arm=m5_ipg5 m=5 ipg=5 groups=1 inner=252 gpu_seconds=0.071524250 wall_seconds=0.071731542 seconds_per_dispatch=0.000283826389 gbps=167.223351
LEG shape=linear_attn.in_proj_fused_qkvzba rep=0 position=13 arm=m5_ipg3 m=5 ipg=3 groups=2 inner=252 gpu_seconds=0.091560292 wall_seconds=0.091775167 seconds_per_dispatch=0.000363334490 gbps=261.260085
LEG shape=linear_attn.in_proj_fused_qkvzba rep=0 position=14 arm=m4_ipg4 m=4 ipg=4 groups=1 inner=252 gpu_seconds=0.060503417 wall_seconds=0.060715417 seconds_per_dispatch=0.000240092923 gbps=197.683461
LEG shape=linear_attn.in_proj_fused_qkvzba rep=0 position=15 arm=m4_ipg2 m=4 ipg=2 groups=2 inner=252 gpu_seconds=0.085882375 wall_seconds=0.086155750 seconds_per_dispatch=0.000340803075 gbps=278.532698
LEG shape=linear_attn.in_proj_fused_qkvzba rep=1 position=0 arm=m4_ipg2 m=4 ipg=2 groups=2 inner=252 gpu_seconds=0.085793333 wall_seconds=0.086008625 seconds_per_dispatch=0.000340449736 gbps=278.821776
LEG shape=linear_attn.in_proj_fused_qkvzba rep=1 position=1 arm=m4_ipg4 m=4 ipg=4 groups=1 inner=252 gpu_seconds=0.060510708 wall_seconds=0.060715458 seconds_per_dispatch=0.000240121858 gbps=197.659640
LEG shape=linear_attn.in_proj_fused_qkvzba rep=1 position=2 arm=m5_ipg3 m=5 ipg=3 groups=2 inner=252 gpu_seconds=0.091462208 wall_seconds=0.091681250 seconds_per_dispatch=0.000362945271 gbps=261.540259
LEG shape=linear_attn.in_proj_fused_qkvzba rep=1 position=3 arm=m5_ipg5 m=5 ipg=5 groups=1 inner=252 gpu_seconds=0.071650375 wall_seconds=0.071856292 seconds_per_dispatch=0.000284326886 gbps=166.928991
LEG shape=linear_attn.in_proj_fused_qkvzba rep=1 position=4 arm=m6_ipg3 m=6 ipg=3 groups=2 inner=252 gpu_seconds=0.098824875 wall_seconds=0.099025625 seconds_per_dispatch=0.000392162203 gbps=242.054944
LEG shape=linear_attn.in_proj_fused_qkvzba rep=1 position=5 arm=m6_ipg6 m=6 ipg=6 groups=1 inner=252 gpu_seconds=0.091648417 wall_seconds=0.091844375 seconds_per_dispatch=0.000363684193 gbps=130.504435
LEG shape=linear_attn.in_proj_fused_qkvzba rep=1 position=6 arm=m9_ipg3 m=9 ipg=3 groups=3 inner=252 gpu_seconds=0.145225042 wall_seconds=0.145430875 seconds_per_dispatch=0.000576289847 gbps=247.075670
LEG shape=linear_attn.in_proj_fused_qkvzba rep=1 position=7 arm=m9_ipg5 m=9 ipg=5 groups=2 inner=252 gpu_seconds=0.126549333 wall_seconds=0.126868542 seconds_per_dispatch=0.000502179894 gbps=189.025489
LEG shape=linear_attn.in_proj_fused_qkvzba rep=1 position=8 arm=m9_ipg5 m=9 ipg=5 groups=2 inner=252 gpu_seconds=0.126529375 wall_seconds=0.126741917 seconds_per_dispatch=0.000502100695 gbps=189.055305
LEG shape=linear_attn.in_proj_fused_qkvzba rep=1 position=9 arm=m9_ipg3 m=9 ipg=3 groups=3 inner=252 gpu_seconds=0.146039125 wall_seconds=0.146258083 seconds_per_dispatch=0.000579520337 gbps=245.698366
LEG shape=linear_attn.in_proj_fused_qkvzba rep=1 position=10 arm=m6_ipg6 m=6 ipg=6 groups=1 inner=252 gpu_seconds=0.091593667 wall_seconds=0.091790958 seconds_per_dispatch=0.000363466931 gbps=130.582443
LEG shape=linear_attn.in_proj_fused_qkvzba rep=1 position=11 arm=m6_ipg3 m=6 ipg=3 groups=2 inner=252 gpu_seconds=0.098016500 wall_seconds=0.098236417 seconds_per_dispatch=0.000388954365 gbps=244.051253
LEG shape=linear_attn.in_proj_fused_qkvzba rep=1 position=12 arm=m5_ipg5 m=5 ipg=5 groups=1 inner=252 gpu_seconds=0.071258917 wall_seconds=0.071460458 seconds_per_dispatch=0.000282773479 gbps=167.846009
LEG shape=linear_attn.in_proj_fused_qkvzba rep=1 position=13 arm=m5_ipg3 m=5 ipg=3 groups=2 inner=252 gpu_seconds=0.091336417 wall_seconds=0.091512250 seconds_per_dispatch=0.000362446098 gbps=261.900460
LEG shape=linear_attn.in_proj_fused_qkvzba rep=1 position=14 arm=m4_ipg4 m=4 ipg=4 groups=1 inner=252 gpu_seconds=0.060094875 wall_seconds=0.060283542 seconds_per_dispatch=0.000238471726 gbps=199.027368
LEG shape=linear_attn.in_proj_fused_qkvzba rep=1 position=15 arm=m4_ipg2 m=4 ipg=2 groups=2 inner=252 gpu_seconds=0.085914292 wall_seconds=0.086177500 seconds_per_dispatch=0.000340929729 gbps=278.429224
LEG shape=linear_attn.in_proj_fused_qkvzba rep=2 position=0 arm=m4_ipg2 m=4 ipg=2 groups=2 inner=252 gpu_seconds=0.085911125 wall_seconds=0.086167708 seconds_per_dispatch=0.000340917163 gbps=278.439487
LEG shape=linear_attn.in_proj_fused_qkvzba rep=2 position=1 arm=m4_ipg4 m=4 ipg=4 groups=1 inner=252 gpu_seconds=0.060481292 wall_seconds=0.060673125 seconds_per_dispatch=0.000240005126 gbps=197.755776
LEG shape=linear_attn.in_proj_fused_qkvzba rep=2 position=2 arm=m5_ipg3 m=5 ipg=3 groups=2 inner=252 gpu_seconds=0.091520292 wall_seconds=0.091714083 seconds_per_dispatch=0.000363175760 gbps=261.374272
LEG shape=linear_attn.in_proj_fused_qkvzba rep=2 position=3 arm=m5_ipg5 m=5 ipg=5 groups=1 inner=252 gpu_seconds=0.071668625 wall_seconds=0.071903833 seconds_per_dispatch=0.000284399306 gbps=166.886483
LEG shape=linear_attn.in_proj_fused_qkvzba rep=2 position=4 arm=m6_ipg3 m=6 ipg=3 groups=2 inner=252 gpu_seconds=0.098802625 wall_seconds=0.099010042 seconds_per_dispatch=0.000392073909 gbps=242.109454
LEG shape=linear_attn.in_proj_fused_qkvzba rep=2 position=5 arm=m6_ipg6 m=6 ipg=6 groups=1 inner=252 gpu_seconds=0.091780917 wall_seconds=0.092001750 seconds_per_dispatch=0.000364209987 gbps=130.316031
LEG shape=linear_attn.in_proj_fused_qkvzba rep=2 position=6 arm=m9_ipg3 m=9 ipg=3 groups=3 inner=252 gpu_seconds=0.145945958 wall_seconds=0.146191000 seconds_per_dispatch=0.000579150628 gbps=245.855211
LEG shape=linear_attn.in_proj_fused_qkvzba rep=2 position=7 arm=m9_ipg5 m=9 ipg=5 groups=2 inner=252 gpu_seconds=0.126619000 wall_seconds=0.126868500 seconds_per_dispatch=0.000502456349 gbps=188.921486
LEG shape=linear_attn.in_proj_fused_qkvzba rep=2 position=8 arm=m9_ipg5 m=9 ipg=5 groups=2 inner=252 gpu_seconds=0.126576875 wall_seconds=0.126818042 seconds_per_dispatch=0.000502289186 gbps=188.984359
LEG shape=linear_attn.in_proj_fused_qkvzba rep=2 position=9 arm=m9_ipg3 m=9 ipg=3 groups=3 inner=252 gpu_seconds=0.145854042 wall_seconds=0.146098375 seconds_per_dispatch=0.000578785880 gbps=246.010148
LEG shape=linear_attn.in_proj_fused_qkvzba rep=2 position=10 arm=m6_ipg6 m=6 ipg=6 groups=1 inner=252 gpu_seconds=0.091704083 wall_seconds=0.091921833 seconds_per_dispatch=0.000363905093 gbps=130.425215
LEG shape=linear_attn.in_proj_fused_qkvzba rep=2 position=11 arm=m6_ipg3 m=6 ipg=3 groups=2 inner=252 gpu_seconds=0.098826625 wall_seconds=0.099061542 seconds_per_dispatch=0.000392169147 gbps=242.050658
LEG shape=linear_attn.in_proj_fused_qkvzba rep=2 position=12 arm=m5_ipg5 m=5 ipg=5 groups=1 inner=252 gpu_seconds=0.071648833 wall_seconds=0.071856958 seconds_per_dispatch=0.000284320767 gbps=166.932583
LEG shape=linear_attn.in_proj_fused_qkvzba rep=2 position=13 arm=m5_ipg3 m=5 ipg=3 groups=2 inner=252 gpu_seconds=0.091502167 wall_seconds=0.091735542 seconds_per_dispatch=0.000363103836 gbps=261.426046
LEG shape=linear_attn.in_proj_fused_qkvzba rep=2 position=14 arm=m4_ipg4 m=4 ipg=4 groups=1 inner=252 gpu_seconds=0.060434000 wall_seconds=0.060641875 seconds_per_dispatch=0.000239817461 gbps=197.910527
LEG shape=linear_attn.in_proj_fused_qkvzba rep=2 position=15 arm=m4_ipg2 m=4 ipg=2 groups=2 inner=252 gpu_seconds=0.085927500 wall_seconds=0.086146500 seconds_per_dispatch=0.000340982143 gbps=278.386426
LEG shape=linear_attn.in_proj_fused_qkvzba rep=3 position=0 arm=m4_ipg2 m=4 ipg=2 groups=2 inner=252 gpu_seconds=0.085953292 wall_seconds=0.086179417 seconds_per_dispatch=0.000341084491 gbps=278.302891
LEG shape=linear_attn.in_proj_fused_qkvzba rep=3 position=1 arm=m4_ipg4 m=4 ipg=4 groups=1 inner=252 gpu_seconds=0.060497875 wall_seconds=0.060713417 seconds_per_dispatch=0.000240070932 gbps=197.701569
LEG shape=linear_attn.in_proj_fused_qkvzba rep=3 position=2 arm=m5_ipg3 m=5 ipg=3 groups=2 inner=252 gpu_seconds=0.091594000 wall_seconds=0.091816667 seconds_per_dispatch=0.000363468254 gbps=261.163936
LEG shape=linear_attn.in_proj_fused_qkvzba rep=3 position=3 arm=m5_ipg5 m=5 ipg=5 groups=1 inner=252 gpu_seconds=0.071662000 wall_seconds=0.071886250 seconds_per_dispatch=0.000284373016 gbps=166.901912
LEG shape=linear_attn.in_proj_fused_qkvzba rep=3 position=4 arm=m6_ipg3 m=6 ipg=3 groups=2 inner=252 gpu_seconds=0.098731959 wall_seconds=0.099034208 seconds_per_dispatch=0.000391793486 gbps=242.282742
LEG shape=linear_attn.in_proj_fused_qkvzba rep=3 position=5 arm=m6_ipg6 m=6 ipg=6 groups=1 inner=252 gpu_seconds=0.091728333 wall_seconds=0.091958583 seconds_per_dispatch=0.000364001323 gbps=130.390735
LEG shape=linear_attn.in_proj_fused_qkvzba rep=3 position=6 arm=m9_ipg3 m=9 ipg=3 groups=3 inner=252 gpu_seconds=0.145827750 wall_seconds=0.146053000 seconds_per_dispatch=0.000578681548 gbps=246.054502
LEG shape=linear_attn.in_proj_fused_qkvzba rep=3 position=7 arm=m9_ipg5 m=9 ipg=5 groups=2 inner=252 gpu_seconds=0.126604625 wall_seconds=0.126839750 seconds_per_dispatch=0.000502399306 gbps=188.942936
LEG shape=linear_attn.in_proj_fused_qkvzba rep=3 position=8 arm=m9_ipg5 m=9 ipg=5 groups=2 inner=252 gpu_seconds=0.126600250 wall_seconds=0.126838833 seconds_per_dispatch=0.000502381944 gbps=188.949466
LEG shape=linear_attn.in_proj_fused_qkvzba rep=3 position=9 arm=m9_ipg3 m=9 ipg=3 groups=3 inner=252 gpu_seconds=0.145834583 wall_seconds=0.146048708 seconds_per_dispatch=0.000578708664 gbps=246.042973
LEG shape=linear_attn.in_proj_fused_qkvzba rep=3 position=10 arm=m6_ipg6 m=6 ipg=6 groups=1 inner=252 gpu_seconds=0.091684625 wall_seconds=0.091903167 seconds_per_dispatch=0.000363827877 gbps=130.452895
LEG shape=linear_attn.in_proj_fused_qkvzba rep=3 position=11 arm=m6_ipg3 m=6 ipg=3 groups=2 inner=252 gpu_seconds=0.098754708 wall_seconds=0.099040625 seconds_per_dispatch=0.000391883764 gbps=242.226928
LEG shape=linear_attn.in_proj_fused_qkvzba rep=3 position=12 arm=m5_ipg5 m=5 ipg=5 groups=1 inner=252 gpu_seconds=0.071601625 wall_seconds=0.071829167 seconds_per_dispatch=0.000284133432 gbps=167.042645
LEG shape=linear_attn.in_proj_fused_qkvzba rep=3 position=13 arm=m5_ipg3 m=5 ipg=3 groups=2 inner=252 gpu_seconds=0.091559459 wall_seconds=0.091800417 seconds_per_dispatch=0.000363331185 gbps=261.262463
LEG shape=linear_attn.in_proj_fused_qkvzba rep=3 position=14 arm=m4_ipg4 m=4 ipg=4 groups=1 inner=252 gpu_seconds=0.060422208 wall_seconds=0.060652750 seconds_per_dispatch=0.000239770668 gbps=197.949150
LEG shape=linear_attn.in_proj_fused_qkvzba rep=3 position=15 arm=m4_ipg2 m=4 ipg=2 groups=2 inner=252 gpu_seconds=0.085998708 wall_seconds=0.086234208 seconds_per_dispatch=0.000341264716 gbps=278.155917
LEG shape=linear_attn.in_proj_fused_qkvzba rep=4 position=0 arm=m4_ipg2 m=4 ipg=2 groups=2 inner=252 gpu_seconds=0.085855125 wall_seconds=0.086079083 seconds_per_dispatch=0.000340694940 gbps=278.621103
LEG shape=linear_attn.in_proj_fused_qkvzba rep=4 position=1 arm=m4_ipg4 m=4 ipg=4 groups=1 inner=252 gpu_seconds=0.060495250 wall_seconds=0.060686417 seconds_per_dispatch=0.000240060516 gbps=197.710148
LEG shape=linear_attn.in_proj_fused_qkvzba rep=4 position=2 arm=m5_ipg3 m=5 ipg=3 groups=2 inner=252 gpu_seconds=0.091597875 wall_seconds=0.091772750 seconds_per_dispatch=0.000363483630 gbps=261.152888
LEG shape=linear_attn.in_proj_fused_qkvzba rep=4 position=3 arm=m5_ipg5 m=5 ipg=5 groups=1 inner=252 gpu_seconds=0.071584417 wall_seconds=0.071778667 seconds_per_dispatch=0.000284065146 gbps=167.082800
LEG shape=linear_attn.in_proj_fused_qkvzba rep=4 position=4 arm=m6_ipg3 m=6 ipg=3 groups=2 inner=252 gpu_seconds=0.098751375 wall_seconds=0.098978375 seconds_per_dispatch=0.000391870536 gbps=242.235104
LEG shape=linear_attn.in_proj_fused_qkvzba rep=4 position=5 arm=m6_ipg6 m=6 ipg=6 groups=1 inner=252 gpu_seconds=0.091858875 wall_seconds=0.092095625 seconds_per_dispatch=0.000364519345 gbps=130.205435
LEG shape=linear_attn.in_proj_fused_qkvzba rep=4 position=6 arm=m9_ipg3 m=9 ipg=3 groups=3 inner=252 gpu_seconds=0.145874750 wall_seconds=0.146085375 seconds_per_dispatch=0.000578868055 gbps=245.975225
LEG shape=linear_attn.in_proj_fused_qkvzba rep=4 position=7 arm=m9_ipg5 m=9 ipg=5 groups=2 inner=252 gpu_seconds=0.126698125 wall_seconds=0.126929917 seconds_per_dispatch=0.000502770338 gbps=188.803501
LEG shape=linear_attn.in_proj_fused_qkvzba rep=4 position=8 arm=m9_ipg5 m=9 ipg=5 groups=2 inner=252 gpu_seconds=0.126596375 wall_seconds=0.126834792 seconds_per_dispatch=0.000502366567 gbps=188.955249
LEG shape=linear_attn.in_proj_fused_qkvzba rep=4 position=9 arm=m9_ipg3 m=9 ipg=3 groups=3 inner=252 gpu_seconds=0.145864375 wall_seconds=0.146087583 seconds_per_dispatch=0.000578826885 gbps=245.992720
LEG shape=linear_attn.in_proj_fused_qkvzba rep=4 position=10 arm=m6_ipg6 m=6 ipg=6 groups=1 inner=252 gpu_seconds=0.091686750 wall_seconds=0.091904333 seconds_per_dispatch=0.000363836310 gbps=130.449872
LEG shape=linear_attn.in_proj_fused_qkvzba rep=4 position=11 arm=m6_ipg3 m=6 ipg=3 groups=2 inner=252 gpu_seconds=0.098774458 wall_seconds=0.099007792 seconds_per_dispatch=0.000391962136 gbps=242.178494
LEG shape=linear_attn.in_proj_fused_qkvzba rep=4 position=12 arm=m5_ipg5 m=5 ipg=5 groups=1 inner=252 gpu_seconds=0.071627000 wall_seconds=0.071825000 seconds_per_dispatch=0.000284234127 gbps=166.983467
LEG shape=linear_attn.in_proj_fused_qkvzba rep=4 position=13 arm=m5_ipg3 m=5 ipg=3 groups=2 inner=252 gpu_seconds=0.091571417 wall_seconds=0.091762333 seconds_per_dispatch=0.000363378638 gbps=261.228345
LEG shape=linear_attn.in_proj_fused_qkvzba rep=4 position=14 arm=m4_ipg4 m=4 ipg=4 groups=1 inner=252 gpu_seconds=0.060517208 wall_seconds=0.060729708 seconds_per_dispatch=0.000240147652 gbps=197.638409
LEG shape=linear_attn.in_proj_fused_qkvzba rep=4 position=15 arm=m4_ipg2 m=4 ipg=2 groups=2 inner=252 gpu_seconds=0.085891958 wall_seconds=0.086111875 seconds_per_dispatch=0.000340841104 gbps=278.501621
LEG shape=linear_attn.in_proj_fused_qkvzba rep=5 position=0 arm=m4_ipg2 m=4 ipg=2 groups=2 inner=252 gpu_seconds=0.085344125 wall_seconds=0.085579125 seconds_per_dispatch=0.000338667162 gbps=280.289354
LEG shape=linear_attn.in_proj_fused_qkvzba rep=5 position=1 arm=m4_ipg4 m=4 ipg=4 groups=1 inner=252 gpu_seconds=0.060486875 wall_seconds=0.060708750 seconds_per_dispatch=0.000240027281 gbps=197.737523
LEG shape=linear_attn.in_proj_fused_qkvzba rep=5 position=2 arm=m5_ipg3 m=5 ipg=3 groups=2 inner=252 gpu_seconds=0.091685875 wall_seconds=0.091900375 seconds_per_dispatch=0.000363832837 gbps=260.902234
LEG shape=linear_attn.in_proj_fused_qkvzba rep=5 position=3 arm=m5_ipg5 m=5 ipg=5 groups=1 inner=252 gpu_seconds=0.071641250 wall_seconds=0.071883792 seconds_per_dispatch=0.000284290675 gbps=166.950253
LEG shape=linear_attn.in_proj_fused_qkvzba rep=5 position=4 arm=m6_ipg3 m=6 ipg=3 groups=2 inner=252 gpu_seconds=0.098780667 wall_seconds=0.099013042 seconds_per_dispatch=0.000391986773 gbps=242.163273
LEG shape=linear_attn.in_proj_fused_qkvzba rep=5 position=5 arm=m6_ipg6 m=6 ipg=6 groups=1 inner=252 gpu_seconds=0.091630250 wall_seconds=0.091859083 seconds_per_dispatch=0.000363612103 gbps=130.530309
LEG shape=linear_attn.in_proj_fused_qkvzba rep=5 position=6 arm=m9_ipg3 m=9 ipg=3 groups=3 inner=252 gpu_seconds=0.145912208 wall_seconds=0.146130375 seconds_per_dispatch=0.000579016700 gbps=245.912078
LEG shape=linear_attn.in_proj_fused_qkvzba rep=5 position=7 arm=m9_ipg5 m=9 ipg=5 groups=2 inner=252 gpu_seconds=0.126699542 wall_seconds=0.126934417 seconds_per_dispatch=0.000502775959 gbps=188.801390
LEG shape=linear_attn.in_proj_fused_qkvzba rep=5 position=8 arm=m9_ipg5 m=9 ipg=5 groups=2 inner=252 gpu_seconds=0.126543875 wall_seconds=0.126767208 seconds_per_dispatch=0.000502158234 gbps=189.033642
LEG shape=linear_attn.in_proj_fused_qkvzba rep=5 position=9 arm=m9_ipg3 m=9 ipg=3 groups=3 inner=252 gpu_seconds=0.145975875 wall_seconds=0.146206917 seconds_per_dispatch=0.000579269345 gbps=245.804825
LEG shape=linear_attn.in_proj_fused_qkvzba rep=5 position=10 arm=m6_ipg6 m=6 ipg=6 groups=1 inner=252 gpu_seconds=0.091601167 wall_seconds=0.091815917 seconds_per_dispatch=0.000363496693 gbps=130.571752
LEG shape=linear_attn.in_proj_fused_qkvzba rep=5 position=11 arm=m6_ipg3 m=6 ipg=3 groups=2 inner=252 gpu_seconds=0.098849750 wall_seconds=0.099091458 seconds_per_dispatch=0.000392260912 gbps=241.994033
LEG shape=linear_attn.in_proj_fused_qkvzba rep=5 position=12 arm=m5_ipg5 m=5 ipg=5 groups=1 inner=252 gpu_seconds=0.071517292 wall_seconds=0.071734625 seconds_per_dispatch=0.000283798777 gbps=167.239622
LEG shape=linear_attn.in_proj_fused_qkvzba rep=5 position=13 arm=m5_ipg3 m=5 ipg=3 groups=2 inner=252 gpu_seconds=0.091530958 wall_seconds=0.091762250 seconds_per_dispatch=0.000363218088 gbps=261.343813
LEG shape=linear_attn.in_proj_fused_qkvzba rep=5 position=14 arm=m4_ipg4 m=4 ipg=4 groups=1 inner=252 gpu_seconds=0.060498208 wall_seconds=0.060711458 seconds_per_dispatch=0.000240072255 gbps=197.700480
LEG shape=linear_attn.in_proj_fused_qkvzba rep=5 position=15 arm=m4_ipg2 m=4 ipg=2 groups=2 inner=252 gpu_seconds=0.085877458 wall_seconds=0.086058792 seconds_per_dispatch=0.000340783565 gbps=278.548644
LEG shape=linear_attn.in_proj_fused_qkvzba rep=6 position=0 arm=m4_ipg2 m=4 ipg=2 groups=2 inner=252 gpu_seconds=0.085884625 wall_seconds=0.086111625 seconds_per_dispatch=0.000340812004 gbps=278.525400
LEG shape=linear_attn.in_proj_fused_qkvzba rep=6 position=1 arm=m4_ipg4 m=4 ipg=4 groups=1 inner=252 gpu_seconds=0.060453000 wall_seconds=0.060680167 seconds_per_dispatch=0.000239892857 gbps=197.848325
LEG shape=linear_attn.in_proj_fused_qkvzba rep=6 position=2 arm=m5_ipg3 m=5 ipg=3 groups=2 inner=252 gpu_seconds=0.091582750 wall_seconds=0.091805250 seconds_per_dispatch=0.000363423611 gbps=261.196018
LEG shape=linear_attn.in_proj_fused_qkvzba rep=6 position=3 arm=m5_ipg5 m=5 ipg=5 groups=1 inner=252 gpu_seconds=0.071520667 wall_seconds=0.071752042 seconds_per_dispatch=0.000283812170 gbps=167.231729
LEG shape=linear_attn.in_proj_fused_qkvzba rep=6 position=4 arm=m6_ipg3 m=6 ipg=3 groups=2 inner=252 gpu_seconds=0.098776125 wall_seconds=0.099003375 seconds_per_dispatch=0.000391968750 gbps=242.174408
LEG shape=linear_attn.in_proj_fused_qkvzba rep=6 position=5 arm=m6_ipg6 m=6 ipg=6 groups=1 inner=252 gpu_seconds=0.091732458 wall_seconds=0.091945208 seconds_per_dispatch=0.000364017692 gbps=130.384871
LEG shape=linear_attn.in_proj_fused_qkvzba rep=6 position=6 arm=m9_ipg3 m=9 ipg=3 groups=3 inner=252 gpu_seconds=0.145813708 wall_seconds=0.146039750 seconds_per_dispatch=0.000578625827 gbps=246.078197
LEG shape=linear_attn.in_proj_fused_qkvzba rep=6 position=7 arm=m9_ipg5 m=9 ipg=5 groups=2 inner=252 gpu_seconds=0.126643375 wall_seconds=0.126952375 seconds_per_dispatch=0.000502553076 gbps=188.885124
LEG shape=linear_attn.in_proj_fused_qkvzba rep=6 position=8 arm=m9_ipg5 m=9 ipg=5 groups=2 inner=252 gpu_seconds=0.126522500 wall_seconds=0.126774792 seconds_per_dispatch=0.000502073413 gbps=189.065578
LEG shape=linear_attn.in_proj_fused_qkvzba rep=6 position=9 arm=m9_ipg3 m=9 ipg=3 groups=3 inner=252 gpu_seconds=0.145729625 wall_seconds=0.145949875 seconds_per_dispatch=0.000578292162 gbps=246.220179
LEG shape=linear_attn.in_proj_fused_qkvzba rep=6 position=10 arm=m6_ipg6 m=6 ipg=6 groups=1 inner=252 gpu_seconds=0.091525875 wall_seconds=0.091751000 seconds_per_dispatch=0.000363197917 gbps=130.679164
LEG shape=linear_attn.in_proj_fused_qkvzba rep=6 position=11 arm=m6_ipg3 m=6 ipg=3 groups=2 inner=252 gpu_seconds=0.098656917 wall_seconds=0.098883917 seconds_per_dispatch=0.000391495701 gbps=242.467030
LEG shape=linear_attn.in_proj_fused_qkvzba rep=6 position=12 arm=m5_ipg5 m=5 ipg=5 groups=1 inner=252 gpu_seconds=0.071514125 wall_seconds=0.071737833 seconds_per_dispatch=0.000283786211 gbps=167.247027
LEG shape=linear_attn.in_proj_fused_qkvzba rep=6 position=13 arm=m5_ipg3 m=5 ipg=3 groups=2 inner=252 gpu_seconds=0.091563625 wall_seconds=0.091799417 seconds_per_dispatch=0.000363347718 gbps=261.250574
LEG shape=linear_attn.in_proj_fused_qkvzba rep=6 position=14 arm=m4_ipg4 m=4 ipg=4 groups=1 inner=252 gpu_seconds=0.060423125 wall_seconds=0.060620250 seconds_per_dispatch=0.000239774306 gbps=197.946147
LEG shape=linear_attn.in_proj_fused_qkvzba rep=6 position=15 arm=m4_ipg2 m=4 ipg=2 groups=2 inner=252 gpu_seconds=0.085867042 wall_seconds=0.086055375 seconds_per_dispatch=0.000340742229 gbps=278.582435
LEG shape=linear_attn.in_proj_fused_qkvzba rep=7 position=0 arm=m4_ipg2 m=4 ipg=2 groups=2 inner=252 gpu_seconds=0.085885125 wall_seconds=0.086101500 seconds_per_dispatch=0.000340813988 gbps=278.523779
LEG shape=linear_attn.in_proj_fused_qkvzba rep=7 position=1 arm=m4_ipg4 m=4 ipg=4 groups=1 inner=252 gpu_seconds=0.060486250 wall_seconds=0.060711292 seconds_per_dispatch=0.000240024802 gbps=197.739565
LEG shape=linear_attn.in_proj_fused_qkvzba rep=7 position=2 arm=m5_ipg3 m=5 ipg=3 groups=2 inner=252 gpu_seconds=0.091586250 wall_seconds=0.091820125 seconds_per_dispatch=0.000363437500 gbps=261.186036
LEG shape=linear_attn.in_proj_fused_qkvzba rep=7 position=3 arm=m5_ipg5 m=5 ipg=5 groups=1 inner=252 gpu_seconds=0.071599417 wall_seconds=0.071829208 seconds_per_dispatch=0.000284124669 gbps=167.047797
LEG shape=linear_attn.in_proj_fused_qkvzba rep=7 position=4 arm=m6_ipg3 m=6 ipg=3 groups=2 inner=252 gpu_seconds=0.098693583 wall_seconds=0.098919875 seconds_per_dispatch=0.000391641204 gbps=242.376949
LEG shape=linear_attn.in_proj_fused_qkvzba rep=7 position=5 arm=m6_ipg6 m=6 ipg=6 groups=1 inner=252 gpu_seconds=0.091738625 wall_seconds=0.091959083 seconds_per_dispatch=0.000364042163 gbps=130.376107
LEG shape=linear_attn.in_proj_fused_qkvzba rep=7 position=6 arm=m9_ipg3 m=9 ipg=3 groups=3 inner=252 gpu_seconds=0.145911625 wall_seconds=0.146117875 seconds_per_dispatch=0.000579014384 gbps=245.913062
LEG shape=linear_attn.in_proj_fused_qkvzba rep=7 position=7 arm=m9_ipg5 m=9 ipg=5 groups=2 inner=252 gpu_seconds=0.126538875 wall_seconds=0.126785750 seconds_per_dispatch=0.000502138392 gbps=189.041112
LEG shape=linear_attn.in_proj_fused_qkvzba rep=7 position=8 arm=m9_ipg5 m=9 ipg=5 groups=2 inner=252 gpu_seconds=0.126591750 wall_seconds=0.126796750 seconds_per_dispatch=0.000502348214 gbps=188.962153
LEG shape=linear_attn.in_proj_fused_qkvzba rep=7 position=9 arm=m9_ipg3 m=9 ipg=3 groups=3 inner=252 gpu_seconds=0.145861792 wall_seconds=0.146095167 seconds_per_dispatch=0.000578816634 gbps=245.997077
LEG shape=linear_attn.in_proj_fused_qkvzba rep=7 position=10 arm=m6_ipg6 m=6 ipg=6 groups=1 inner=252 gpu_seconds=0.091675917 wall_seconds=0.091902875 seconds_per_dispatch=0.000363793320 gbps=130.465287
LEG shape=linear_attn.in_proj_fused_qkvzba rep=7 position=11 arm=m6_ipg3 m=6 ipg=3 groups=2 inner=252 gpu_seconds=0.098765208 wall_seconds=0.099004750 seconds_per_dispatch=0.000391925430 gbps=242.201176
LEG shape=linear_attn.in_proj_fused_qkvzba rep=7 position=12 arm=m5_ipg5 m=5 ipg=5 groups=1 inner=252 gpu_seconds=0.071667292 wall_seconds=0.071892917 seconds_per_dispatch=0.000284394015 gbps=166.889588
LEG shape=linear_attn.in_proj_fused_qkvzba rep=7 position=13 arm=m5_ipg3 m=5 ipg=3 groups=2 inner=252 gpu_seconds=0.091637583 wall_seconds=0.091867042 seconds_per_dispatch=0.000363641204 gbps=261.039725
LEG shape=linear_attn.in_proj_fused_qkvzba rep=7 position=14 arm=m4_ipg4 m=4 ipg=4 groups=1 inner=252 gpu_seconds=0.060526875 wall_seconds=0.060743292 seconds_per_dispatch=0.000240186012 gbps=197.606845
LEG shape=linear_attn.in_proj_fused_qkvzba rep=7 position=15 arm=m4_ipg2 m=4 ipg=2 groups=2 inner=252 gpu_seconds=0.085880375 wall_seconds=0.086118833 seconds_per_dispatch=0.000340795139 gbps=278.539184
LEG shape=linear_attn.in_proj_fused_qkvzba rep=8 position=0 arm=m4_ipg2 m=4 ipg=2 groups=2 inner=252 gpu_seconds=0.085919333 wall_seconds=0.086147375 seconds_per_dispatch=0.000340949736 gbps=278.412886
LEG shape=linear_attn.in_proj_fused_qkvzba rep=8 position=1 arm=m4_ipg4 m=4 ipg=4 groups=1 inner=252 gpu_seconds=0.060518417 wall_seconds=0.060734667 seconds_per_dispatch=0.000240152447 gbps=197.634464
LEG shape=linear_attn.in_proj_fused_qkvzba rep=8 position=2 arm=m5_ipg3 m=5 ipg=3 groups=2 inner=252 gpu_seconds=0.091538250 wall_seconds=0.091763708 seconds_per_dispatch=0.000363247024 gbps=261.322995
LEG shape=linear_attn.in_proj_fused_qkvzba rep=8 position=3 arm=m5_ipg5 m=5 ipg=5 groups=1 inner=252 gpu_seconds=0.071628500 wall_seconds=0.071856833 seconds_per_dispatch=0.000284240079 gbps=166.979970
LEG shape=linear_attn.in_proj_fused_qkvzba rep=8 position=4 arm=m6_ipg3 m=6 ipg=3 groups=2 inner=252 gpu_seconds=0.098791167 wall_seconds=0.099017458 seconds_per_dispatch=0.000392028439 gbps=242.137535
LEG shape=linear_attn.in_proj_fused_qkvzba rep=8 position=5 arm=m6_ipg6 m=6 ipg=6 groups=1 inner=252 gpu_seconds=0.091587000 wall_seconds=0.091822625 seconds_per_dispatch=0.000363440476 gbps=130.591949
LEG shape=linear_attn.in_proj_fused_qkvzba rep=8 position=6 arm=m9_ipg3 m=9 ipg=3 groups=3 inner=252 gpu_seconds=0.145873000 wall_seconds=0.146100542 seconds_per_dispatch=0.000578861111 gbps=245.978176
LEG shape=linear_attn.in_proj_fused_qkvzba rep=8 position=7 arm=m9_ipg5 m=9 ipg=5 groups=2 inner=252 gpu_seconds=0.126630542 wall_seconds=0.126875875 seconds_per_dispatch=0.000502502149 gbps=188.904267
LEG shape=linear_attn.in_proj_fused_qkvzba rep=8 position=8 arm=m9_ipg5 m=9 ipg=5 groups=2 inner=252 gpu_seconds=0.126661792 wall_seconds=0.126895250 seconds_per_dispatch=0.000502626158 gbps=188.857660
LEG shape=linear_attn.in_proj_fused_qkvzba rep=8 position=9 arm=m9_ipg3 m=9 ipg=3 groups=3 inner=252 gpu_seconds=0.145939000 wall_seconds=0.146154958 seconds_per_dispatch=0.000579123016 gbps=245.866934
LEG shape=linear_attn.in_proj_fused_qkvzba rep=8 position=10 arm=m6_ipg6 m=6 ipg=6 groups=1 inner=252 gpu_seconds=0.091821708 wall_seconds=0.092050875 seconds_per_dispatch=0.000364371859 gbps=130.258138
LEG shape=linear_attn.in_proj_fused_qkvzba rep=8 position=11 arm=m6_ipg3 m=6 ipg=3 groups=2 inner=252 gpu_seconds=0.098678750 wall_seconds=0.098912625 seconds_per_dispatch=0.000391582342 gbps=242.413382
LEG shape=linear_attn.in_proj_fused_qkvzba rep=8 position=12 arm=m5_ipg5 m=5 ipg=5 groups=1 inner=252 gpu_seconds=0.071636125 wall_seconds=0.071843292 seconds_per_dispatch=0.000284270337 gbps=166.962197
LEG shape=linear_attn.in_proj_fused_qkvzba rep=8 position=13 arm=m5_ipg3 m=5 ipg=3 groups=2 inner=252 gpu_seconds=0.091597375 wall_seconds=0.091806750 seconds_per_dispatch=0.000363481647 gbps=261.154314
LEG shape=linear_attn.in_proj_fused_qkvzba rep=8 position=14 arm=m4_ipg4 m=4 ipg=4 groups=1 inner=252 gpu_seconds=0.060493542 wall_seconds=0.060720458 seconds_per_dispatch=0.000240053737 gbps=197.715731
LEG shape=linear_attn.in_proj_fused_qkvzba rep=8 position=15 arm=m4_ipg2 m=4 ipg=2 groups=2 inner=252 gpu_seconds=0.085995750 wall_seconds=0.086211292 seconds_per_dispatch=0.000341252976 gbps=278.165486
LEG shape=linear_attn.in_proj_fused_qkvzba rep=9 position=0 arm=m4_ipg2 m=4 ipg=2 groups=2 inner=252 gpu_seconds=0.085913250 wall_seconds=0.086146917 seconds_per_dispatch=0.000340925595 gbps=278.432600
LEG shape=linear_attn.in_proj_fused_qkvzba rep=9 position=1 arm=m4_ipg4 m=4 ipg=4 groups=1 inner=252 gpu_seconds=0.060451125 wall_seconds=0.060677458 seconds_per_dispatch=0.000239885417 gbps=197.854462
LEG shape=linear_attn.in_proj_fused_qkvzba rep=9 position=2 arm=m5_ipg3 m=5 ipg=3 groups=2 inner=252 gpu_seconds=0.091534458 wall_seconds=0.091764750 seconds_per_dispatch=0.000363231978 gbps=261.333819
LEG shape=linear_attn.in_proj_fused_qkvzba rep=9 position=3 arm=m5_ipg5 m=5 ipg=5 groups=1 inner=252 gpu_seconds=0.071511167 wall_seconds=0.071735208 seconds_per_dispatch=0.000283774471 gbps=167.253946
LEG shape=linear_attn.in_proj_fused_qkvzba rep=9 position=4 arm=m6_ipg3 m=6 ipg=3 groups=2 inner=252 gpu_seconds=0.098820125 wall_seconds=0.099041750 seconds_per_dispatch=0.000392143353 gbps=242.066579
LEG shape=linear_attn.in_proj_fused_qkvzba rep=9 position=5 arm=m6_ipg6 m=6 ipg=6 groups=1 inner=252 gpu_seconds=0.091738125 wall_seconds=0.091987792 seconds_per_dispatch=0.000364040179 gbps=130.376818
LEG shape=linear_attn.in_proj_fused_qkvzba rep=9 position=6 arm=m9_ipg3 m=9 ipg=3 groups=3 inner=252 gpu_seconds=0.145790250 wall_seconds=0.146011042 seconds_per_dispatch=0.000578532738 gbps=246.117792
LEG shape=linear_attn.in_proj_fused_qkvzba rep=9 position=7 arm=m9_ipg5 m=9 ipg=5 groups=2 inner=252 gpu_seconds=0.126610958 wall_seconds=0.126815875 seconds_per_dispatch=0.000502424438 gbps=188.933485
LEG shape=linear_attn.in_proj_fused_qkvzba rep=9 position=8 arm=m9_ipg5 m=9 ipg=5 groups=2 inner=252 gpu_seconds=0.126600708 wall_seconds=0.126800625 seconds_per_dispatch=0.000502383763 gbps=188.948782
LEG shape=linear_attn.in_proj_fused_qkvzba rep=9 position=9 arm=m9_ipg3 m=9 ipg=3 groups=3 inner=252 gpu_seconds=0.145934292 wall_seconds=0.146148000 seconds_per_dispatch=0.000579104332 gbps=245.874866
LEG shape=linear_attn.in_proj_fused_qkvzba rep=9 position=10 arm=m6_ipg6 m=6 ipg=6 groups=1 inner=252 gpu_seconds=0.091790583 wall_seconds=0.092016792 seconds_per_dispatch=0.000364248346 gbps=130.302307
LEG shape=linear_attn.in_proj_fused_qkvzba rep=9 position=11 arm=m6_ipg3 m=6 ipg=3 groups=2 inner=252 gpu_seconds=0.098805333 wall_seconds=0.099034708 seconds_per_dispatch=0.000392084656 gbps=242.102818
LEG shape=linear_attn.in_proj_fused_qkvzba rep=9 position=12 arm=m5_ipg5 m=5 ipg=5 groups=1 inner=252 gpu_seconds=0.071618375 wall_seconds=0.071846708 seconds_per_dispatch=0.000284199900 gbps=167.003577
LEG shape=linear_attn.in_proj_fused_qkvzba rep=9 position=13 arm=m5_ipg3 m=5 ipg=3 groups=2 inner=252 gpu_seconds=0.091537750 wall_seconds=0.091769792 seconds_per_dispatch=0.000363245040 gbps=261.324422
LEG shape=linear_attn.in_proj_fused_qkvzba rep=9 position=14 arm=m4_ipg4 m=4 ipg=4 groups=1 inner=252 gpu_seconds=0.060567958 wall_seconds=0.060796625 seconds_per_dispatch=0.000240349041 gbps=197.472808
LEG shape=linear_attn.in_proj_fused_qkvzba rep=9 position=15 arm=m4_ipg2 m=4 ipg=2 groups=2 inner=252 gpu_seconds=0.085940208 wall_seconds=0.086167000 seconds_per_dispatch=0.000341032573 gbps=278.345260
LEG shape=linear_attn.in_proj_fused_qkvzba rep=10 position=0 arm=m4_ipg2 m=4 ipg=2 groups=2 inner=252 gpu_seconds=0.085919292 wall_seconds=0.086139958 seconds_per_dispatch=0.000340949570 gbps=278.413021
LEG shape=linear_attn.in_proj_fused_qkvzba rep=10 position=1 arm=m4_ipg4 m=4 ipg=4 groups=1 inner=252 gpu_seconds=0.060479250 wall_seconds=0.060735917 seconds_per_dispatch=0.000239997024 gbps=197.762452
LEG shape=linear_attn.in_proj_fused_qkvzba rep=10 position=2 arm=m5_ipg3 m=5 ipg=3 groups=2 inner=252 gpu_seconds=0.091551083 wall_seconds=0.091741333 seconds_per_dispatch=0.000363297950 gbps=261.286363
LEG shape=linear_attn.in_proj_fused_qkvzba rep=10 position=3 arm=m5_ipg5 m=5 ipg=5 groups=1 inner=252 gpu_seconds=0.071679250 wall_seconds=0.071871500 seconds_per_dispatch=0.000284441469 gbps=166.861746
LEG shape=linear_attn.in_proj_fused_qkvzba rep=10 position=4 arm=m6_ipg3 m=6 ipg=3 groups=2 inner=252 gpu_seconds=0.098721875 wall_seconds=0.098952375 seconds_per_dispatch=0.000391753472 gbps=242.307489
LEG shape=linear_attn.in_proj_fused_qkvzba rep=10 position=5 arm=m6_ipg6 m=6 ipg=6 groups=1 inner=252 gpu_seconds=0.091624542 wall_seconds=0.091863750 seconds_per_dispatch=0.000363589451 gbps=130.538441
LEG shape=linear_attn.in_proj_fused_qkvzba rep=10 position=6 arm=m9_ipg3 m=9 ipg=3 groups=3 inner=252 gpu_seconds=0.145896083 wall_seconds=0.146110458 seconds_per_dispatch=0.000578952712 gbps=245.939257
LEG shape=linear_attn.in_proj_fused_qkvzba rep=10 position=7 arm=m9_ipg5 m=9 ipg=5 groups=2 inner=252 gpu_seconds=0.126668083 wall_seconds=0.126901167 seconds_per_dispatch=0.000502651124 gbps=188.848280
LEG shape=linear_attn.in_proj_fused_qkvzba rep=10 position=8 arm=m9_ipg5 m=9 ipg=5 groups=2 inner=252 gpu_seconds=0.126566667 wall_seconds=0.126798333 seconds_per_dispatch=0.000502248677 gbps=188.999602
LEG shape=linear_attn.in_proj_fused_qkvzba rep=10 position=9 arm=m9_ipg3 m=9 ipg=3 groups=3 inner=252 gpu_seconds=0.145995708 wall_seconds=0.146260083 seconds_per_dispatch=0.000579348049 gbps=245.771433
LEG shape=linear_attn.in_proj_fused_qkvzba rep=10 position=10 arm=m6_ipg6 m=6 ipg=6 groups=1 inner=252 gpu_seconds=0.091697000 wall_seconds=0.091911292 seconds_per_dispatch=0.000363876984 gbps=130.435290
LEG shape=linear_attn.in_proj_fused_qkvzba rep=10 position=11 arm=m6_ipg3 m=6 ipg=3 groups=2 inner=252 gpu_seconds=0.098801833 wall_seconds=0.099011292 seconds_per_dispatch=0.000392070767 gbps=242.111394
LEG shape=linear_attn.in_proj_fused_qkvzba rep=10 position=12 arm=m5_ipg5 m=5 ipg=5 groups=1 inner=252 gpu_seconds=0.071663750 wall_seconds=0.071845125 seconds_per_dispatch=0.000284379961 gbps=166.897836
LEG shape=linear_attn.in_proj_fused_qkvzba rep=10 position=13 arm=m5_ipg3 m=5 ipg=3 groups=2 inner=252 gpu_seconds=0.091717250 wall_seconds=0.091956000 seconds_per_dispatch=0.000363957341 gbps=260.812984
LEG shape=linear_attn.in_proj_fused_qkvzba rep=10 position=14 arm=m4_ipg4 m=4 ipg=4 groups=1 inner=252 gpu_seconds=0.060509875 wall_seconds=0.060763542 seconds_per_dispatch=0.000240118552 gbps=197.662361
LEG shape=linear_attn.in_proj_fused_qkvzba rep=10 position=15 arm=m4_ipg2 m=4 ipg=2 groups=2 inner=252 gpu_seconds=0.085928875 wall_seconds=0.086172417 seconds_per_dispatch=0.000340987599 gbps=278.381971
LEG shape=linear_attn.in_proj_fused_qkvzba rep=11 position=0 arm=m4_ipg2 m=4 ipg=2 groups=2 inner=252 gpu_seconds=0.085940458 wall_seconds=0.086177042 seconds_per_dispatch=0.000341033565 gbps=278.344450
LEG shape=linear_attn.in_proj_fused_qkvzba rep=11 position=1 arm=m4_ipg4 m=4 ipg=4 groups=1 inner=252 gpu_seconds=0.060549000 wall_seconds=0.060761917 seconds_per_dispatch=0.000240273810 gbps=197.534638
LEG shape=linear_attn.in_proj_fused_qkvzba rep=11 position=2 arm=m5_ipg3 m=5 ipg=3 groups=2 inner=252 gpu_seconds=0.091579042 wall_seconds=0.091799833 seconds_per_dispatch=0.000363408896 gbps=261.206594
LEG shape=linear_attn.in_proj_fused_qkvzba rep=11 position=3 arm=m5_ipg5 m=5 ipg=5 groups=1 inner=252 gpu_seconds=0.071675458 wall_seconds=0.071892708 seconds_per_dispatch=0.000284426422 gbps=166.870573
LEG shape=linear_attn.in_proj_fused_qkvzba rep=11 position=4 arm=m6_ipg3 m=6 ipg=3 groups=2 inner=252 gpu_seconds=0.098787417 wall_seconds=0.099067083 seconds_per_dispatch=0.000392013558 gbps=242.146727
LEG shape=linear_attn.in_proj_fused_qkvzba rep=11 position=5 arm=m6_ipg6 m=6 ipg=6 groups=1 inner=252 gpu_seconds=0.091680125 wall_seconds=0.091917208 seconds_per_dispatch=0.000363810020 gbps=130.459298
LEG shape=linear_attn.in_proj_fused_qkvzba rep=11 position=6 arm=m9_ipg3 m=9 ipg=3 groups=3 inner=252 gpu_seconds=0.145844875 wall_seconds=0.146068708 seconds_per_dispatch=0.000578749505 gbps=246.025610
LEG shape=linear_attn.in_proj_fused_qkvzba rep=11 position=7 arm=m9_ipg5 m=9 ipg=5 groups=2 inner=252 gpu_seconds=0.126698167 wall_seconds=0.126921458 seconds_per_dispatch=0.000502770503 gbps=188.803439
LEG shape=linear_attn.in_proj_fused_qkvzba rep=11 position=8 arm=m9_ipg5 m=9 ipg=5 groups=2 inner=252 gpu_seconds=0.126589250 wall_seconds=0.126834708 seconds_per_dispatch=0.000502338294 gbps=188.965884
LEG shape=linear_attn.in_proj_fused_qkvzba rep=11 position=9 arm=m9_ipg3 m=9 ipg=3 groups=3 inner=252 gpu_seconds=0.146187292 wall_seconds=0.146412792 seconds_per_dispatch=0.000580108300 gbps=245.449341
LEG shape=linear_attn.in_proj_fused_qkvzba rep=11 position=10 arm=m6_ipg6 m=6 ipg=6 groups=1 inner=252 gpu_seconds=0.091962458 wall_seconds=0.092202000 seconds_per_dispatch=0.000364930390 gbps=130.058776
LEG shape=linear_attn.in_proj_fused_qkvzba rep=11 position=11 arm=m6_ipg3 m=6 ipg=3 groups=2 inner=252 gpu_seconds=0.099274042 wall_seconds=0.099510917 seconds_per_dispatch=0.000393944610 gbps=240.959764
LEG shape=linear_attn.in_proj_fused_qkvzba rep=11 position=12 arm=m5_ipg5 m=5 ipg=5 groups=1 inner=252 gpu_seconds=0.071881000 wall_seconds=0.072082792 seconds_per_dispatch=0.000285242063 gbps=166.393411
LEG shape=linear_attn.in_proj_fused_qkvzba rep=11 position=13 arm=m5_ipg3 m=5 ipg=3 groups=2 inner=252 gpu_seconds=0.091796750 wall_seconds=0.092033208 seconds_per_dispatch=0.000364272817 gbps=260.587108
LEG shape=linear_attn.in_proj_fused_qkvzba rep=11 position=14 arm=m4_ipg4 m=4 ipg=4 groups=1 inner=252 gpu_seconds=0.061163458 wall_seconds=0.061381792 seconds_per_dispatch=0.000242712136 gbps=195.550172
LEG shape=linear_attn.in_proj_fused_qkvzba rep=11 position=15 arm=m4_ipg2 m=4 ipg=2 groups=2 inner=252 gpu_seconds=0.086100125 wall_seconds=0.086337167 seconds_per_dispatch=0.000341667163 gbps=277.828280
LEG shape=linear_attn.in_proj_fused_qkvzba rep=12 position=0 arm=m4_ipg2 m=4 ipg=2 groups=2 inner=252 gpu_seconds=0.085796917 wall_seconds=0.086084167 seconds_per_dispatch=0.000340463955 gbps=278.810131
LEG shape=linear_attn.in_proj_fused_qkvzba rep=12 position=1 arm=m4_ipg4 m=4 ipg=4 groups=1 inner=252 gpu_seconds=0.060919250 wall_seconds=0.061149167 seconds_per_dispatch=0.000241743055 gbps=196.334079
LEG shape=linear_attn.in_proj_fused_qkvzba rep=12 position=2 arm=m5_ipg3 m=5 ipg=3 groups=2 inner=252 gpu_seconds=0.091920125 wall_seconds=0.092126458 seconds_per_dispatch=0.000364762401 gbps=260.237348
LEG shape=linear_attn.in_proj_fused_qkvzba rep=12 position=3 arm=m5_ipg5 m=5 ipg=5 groups=1 inner=252 gpu_seconds=0.071820875 wall_seconds=0.072059125 seconds_per_dispatch=0.000285003472 gbps=166.532708
LEG shape=linear_attn.in_proj_fused_qkvzba rep=12 position=4 arm=m6_ipg3 m=6 ipg=3 groups=2 inner=252 gpu_seconds=0.099060375 wall_seconds=0.099290250 seconds_per_dispatch=0.000393096726 gbps=241.479498
LEG shape=linear_attn.in_proj_fused_qkvzba rep=12 position=5 arm=m6_ipg6 m=6 ipg=6 groups=1 inner=252 gpu_seconds=0.092077000 wall_seconds=0.092313625 seconds_per_dispatch=0.000365384920 gbps=129.896986
LEG shape=linear_attn.in_proj_fused_qkvzba rep=12 position=6 arm=m9_ipg3 m=9 ipg=3 groups=3 inner=252 gpu_seconds=0.146523500 wall_seconds=0.146761875 seconds_per_dispatch=0.000581442461 gbps=244.886140
LEG shape=linear_attn.in_proj_fused_qkvzba rep=12 position=7 arm=m9_ipg5 m=9 ipg=5 groups=2 inner=252 gpu_seconds=0.127153917 wall_seconds=0.127387042 seconds_per_dispatch=0.000504579034 gbps=188.126723
LEG shape=linear_attn.in_proj_fused_qkvzba rep=12 position=8 arm=m9_ipg5 m=9 ipg=5 groups=2 inner=252 gpu_seconds=0.127088250 wall_seconds=0.127321083 seconds_per_dispatch=0.000504318452 gbps=188.223928
LEG shape=linear_attn.in_proj_fused_qkvzba rep=12 position=9 arm=m9_ipg3 m=9 ipg=3 groups=3 inner=252 gpu_seconds=0.146329000 wall_seconds=0.146548792 seconds_per_dispatch=0.000580670635 gbps=245.211642
LEG shape=linear_attn.in_proj_fused_qkvzba rep=12 position=10 arm=m6_ipg6 m=6 ipg=6 groups=1 inner=252 gpu_seconds=0.092197792 wall_seconds=0.092499708 seconds_per_dispatch=0.000365864253 gbps=129.726803
LEG shape=linear_attn.in_proj_fused_qkvzba rep=12 position=11 arm=m6_ipg3 m=6 ipg=3 groups=2 inner=252 gpu_seconds=0.098990375 wall_seconds=0.099223000 seconds_per_dispatch=0.000392818948 gbps=241.650258
LEG shape=linear_attn.in_proj_fused_qkvzba rep=12 position=12 arm=m5_ipg5 m=5 ipg=5 groups=1 inner=252 gpu_seconds=0.071822500 wall_seconds=0.072057292 seconds_per_dispatch=0.000285009920 gbps=166.528940
LEG shape=linear_attn.in_proj_fused_qkvzba rep=12 position=13 arm=m5_ipg3 m=5 ipg=3 groups=2 inner=252 gpu_seconds=0.091659458 wall_seconds=0.091892375 seconds_per_dispatch=0.000363728009 gbps=260.977427
LEG shape=linear_attn.in_proj_fused_qkvzba rep=12 position=14 arm=m4_ipg4 m=4 ipg=4 groups=1 inner=252 gpu_seconds=0.060470125 wall_seconds=0.060710208 seconds_per_dispatch=0.000239960814 gbps=197.792294
LEG shape=linear_attn.in_proj_fused_qkvzba rep=12 position=15 arm=m4_ipg2 m=4 ipg=2 groups=2 inner=252 gpu_seconds=0.085861375 wall_seconds=0.086093792 seconds_per_dispatch=0.000340719741 gbps=278.600822
LEG shape=linear_attn.in_proj_fused_qkvzba rep=13 position=0 arm=m4_ipg2 m=4 ipg=2 groups=2 inner=252 gpu_seconds=0.085876375 wall_seconds=0.086101917 seconds_per_dispatch=0.000340779267 gbps=278.552158
LEG shape=linear_attn.in_proj_fused_qkvzba rep=13 position=1 arm=m4_ipg4 m=4 ipg=4 groups=1 inner=252 gpu_seconds=0.060521750 wall_seconds=0.060750250 seconds_per_dispatch=0.000240165675 gbps=197.623578
LEG shape=linear_attn.in_proj_fused_qkvzba rep=13 position=2 arm=m5_ipg3 m=5 ipg=3 groups=2 inner=252 gpu_seconds=0.091672500 wall_seconds=0.091895167 seconds_per_dispatch=0.000363779761 gbps=260.940300
LEG shape=linear_attn.in_proj_fused_qkvzba rep=13 position=3 arm=m5_ipg5 m=5 ipg=5 groups=1 inner=252 gpu_seconds=0.071682208 wall_seconds=0.071910917 seconds_per_dispatch=0.000284453207 gbps=166.854860
LEG shape=linear_attn.in_proj_fused_qkvzba rep=13 position=4 arm=m6_ipg3 m=6 ipg=3 groups=2 inner=252 gpu_seconds=0.098821625 wall_seconds=0.099047458 seconds_per_dispatch=0.000392149306 gbps=242.062904
LEG shape=linear_attn.in_proj_fused_qkvzba rep=13 position=5 arm=m6_ipg6 m=6 ipg=6 groups=1 inner=252 gpu_seconds=0.091555250 wall_seconds=0.091787000 seconds_per_dispatch=0.000363314485 gbps=130.637236
LEG shape=linear_attn.in_proj_fused_qkvzba rep=13 position=6 arm=m9_ipg3 m=9 ipg=3 groups=3 inner=252 gpu_seconds=0.145801250 wall_seconds=0.146032125 seconds_per_dispatch=0.000578576389 gbps=246.099223
LEG shape=linear_attn.in_proj_fused_qkvzba rep=13 position=7 arm=m9_ipg5 m=9 ipg=5 groups=2 inner=252 gpu_seconds=0.126311375 wall_seconds=0.126552167 seconds_per_dispatch=0.000501235615 gbps=189.381594
LEG shape=linear_attn.in_proj_fused_qkvzba rep=13 position=8 arm=m9_ipg5 m=9 ipg=5 groups=2 inner=252 gpu_seconds=0.126378875 wall_seconds=0.126605083 seconds_per_dispatch=0.000501503472 gbps=189.280444
LEG shape=linear_attn.in_proj_fused_qkvzba rep=13 position=9 arm=m9_ipg3 m=9 ipg=3 groups=3 inner=252 gpu_seconds=0.145888250 wall_seconds=0.146120167 seconds_per_dispatch=0.000578921626 gbps=245.952463
LEG shape=linear_attn.in_proj_fused_qkvzba rep=13 position=10 arm=m6_ipg6 m=6 ipg=6 groups=1 inner=252 gpu_seconds=0.091705750 wall_seconds=0.091926042 seconds_per_dispatch=0.000363911706 gbps=130.422845
LEG shape=linear_attn.in_proj_fused_qkvzba rep=13 position=11 arm=m6_ipg3 m=6 ipg=3 groups=2 inner=252 gpu_seconds=0.098809875 wall_seconds=0.099057583 seconds_per_dispatch=0.000392102679 gbps=242.091690
LEG shape=linear_attn.in_proj_fused_qkvzba rep=13 position=12 arm=m5_ipg5 m=5 ipg=5 groups=1 inner=252 gpu_seconds=0.071537542 wall_seconds=0.071740667 seconds_per_dispatch=0.000283879134 gbps=167.192281
LEG shape=linear_attn.in_proj_fused_qkvzba rep=13 position=13 arm=m5_ipg3 m=5 ipg=3 groups=2 inner=252 gpu_seconds=0.091566083 wall_seconds=0.091789917 seconds_per_dispatch=0.000363357473 gbps=261.243560
LEG shape=linear_attn.in_proj_fused_qkvzba rep=13 position=14 arm=m4_ipg4 m=4 ipg=4 groups=1 inner=252 gpu_seconds=0.060447375 wall_seconds=0.060671958 seconds_per_dispatch=0.000239870535 gbps=197.866737
LEG shape=linear_attn.in_proj_fused_qkvzba rep=13 position=15 arm=m4_ipg2 m=4 ipg=2 groups=2 inner=252 gpu_seconds=0.085930833 wall_seconds=0.086157292 seconds_per_dispatch=0.000340995370 gbps=278.375627
LEG shape=linear_attn.in_proj_fused_qkvzba rep=14 position=0 arm=m4_ipg2 m=4 ipg=2 groups=2 inner=252 gpu_seconds=0.085935833 wall_seconds=0.086173833 seconds_per_dispatch=0.000341015212 gbps=278.359430
LEG shape=linear_attn.in_proj_fused_qkvzba rep=14 position=1 arm=m4_ipg4 m=4 ipg=4 groups=1 inner=252 gpu_seconds=0.060444292 wall_seconds=0.060636917 seconds_per_dispatch=0.000239858300 gbps=197.876830
LEG shape=linear_attn.in_proj_fused_qkvzba rep=14 position=2 arm=m5_ipg3 m=5 ipg=3 groups=2 inner=252 gpu_seconds=0.091557625 wall_seconds=0.091749375 seconds_per_dispatch=0.000363323909 gbps=261.267695
LEG shape=linear_attn.in_proj_fused_qkvzba rep=14 position=3 arm=m5_ipg5 m=5 ipg=5 groups=1 inner=252 gpu_seconds=0.071569667 wall_seconds=0.071809667 seconds_per_dispatch=0.000284006614 gbps=167.117235
LEG shape=linear_attn.in_proj_fused_qkvzba rep=14 position=4 arm=m6_ipg3 m=6 ipg=3 groups=2 inner=252 gpu_seconds=0.098674500 wall_seconds=0.098912167 seconds_per_dispatch=0.000391565476 gbps=242.423824
LEG shape=linear_attn.in_proj_fused_qkvzba rep=14 position=5 arm=m6_ipg6 m=6 ipg=6 groups=1 inner=252 gpu_seconds=0.091813209 wall_seconds=0.092045625 seconds_per_dispatch=0.000364338129 gbps=130.270197
LEG shape=linear_attn.in_proj_fused_qkvzba rep=14 position=6 arm=m9_ipg3 m=9 ipg=3 groups=3 inner=252 gpu_seconds=0.145837459 wall_seconds=0.146076375 seconds_per_dispatch=0.000578720074 gbps=246.038122
LEG shape=linear_attn.in_proj_fused_qkvzba rep=14 position=7 arm=m9_ipg5 m=9 ipg=5 groups=2 inner=252 gpu_seconds=0.126518542 wall_seconds=0.126748583 seconds_per_dispatch=0.000502057705 gbps=189.071493
LEG shape=linear_attn.in_proj_fused_qkvzba rep=14 position=8 arm=m9_ipg5 m=9 ipg=5 groups=2 inner=252 gpu_seconds=0.126757791 wall_seconds=0.126985417 seconds_per_dispatch=0.000503007109 gbps=188.714629
LEG shape=linear_attn.in_proj_fused_qkvzba rep=14 position=9 arm=m9_ipg3 m=9 ipg=3 groups=3 inner=252 gpu_seconds=0.145870250 wall_seconds=0.146092875 seconds_per_dispatch=0.000578850198 gbps=245.982813
LEG shape=linear_attn.in_proj_fused_qkvzba rep=14 position=10 arm=m6_ipg6 m=6 ipg=6 groups=1 inner=252 gpu_seconds=0.091807708 wall_seconds=0.092033292 seconds_per_dispatch=0.000364316303 gbps=130.278002
LEG shape=linear_attn.in_proj_fused_qkvzba rep=14 position=11 arm=m6_ipg3 m=6 ipg=3 groups=2 inner=252 gpu_seconds=0.098663250 wall_seconds=0.098898292 seconds_per_dispatch=0.000391520833 gbps=242.451466
LEG shape=linear_attn.in_proj_fused_qkvzba rep=14 position=12 arm=m5_ipg5 m=5 ipg=5 groups=1 inner=252 gpu_seconds=0.071561500 wall_seconds=0.071783792 seconds_per_dispatch=0.000283974206 gbps=167.136307
LEG shape=linear_attn.in_proj_fused_qkvzba rep=14 position=13 arm=m5_ipg3 m=5 ipg=3 groups=2 inner=252 gpu_seconds=0.091583917 wall_seconds=0.091820208 seconds_per_dispatch=0.000363428241 gbps=261.192690
LEG shape=linear_attn.in_proj_fused_qkvzba rep=14 position=14 arm=m4_ipg4 m=4 ipg=4 groups=1 inner=252 gpu_seconds=0.060486500 wall_seconds=0.060717250 seconds_per_dispatch=0.000240025794 gbps=197.738748
LEG shape=linear_attn.in_proj_fused_qkvzba rep=14 position=15 arm=m4_ipg2 m=4 ipg=2 groups=2 inner=252 gpu_seconds=0.085865041 wall_seconds=0.086104833 seconds_per_dispatch=0.000340734292 gbps=278.588925
LEG shape=linear_attn.in_proj_fused_qkvzba rep=15 position=0 arm=m4_ipg2 m=4 ipg=2 groups=2 inner=252 gpu_seconds=0.085866000 wall_seconds=0.086089167 seconds_per_dispatch=0.000340738095 gbps=278.585815
LEG shape=linear_attn.in_proj_fused_qkvzba rep=15 position=1 arm=m4_ipg4 m=4 ipg=4 groups=1 inner=252 gpu_seconds=0.060544583 wall_seconds=0.060774125 seconds_per_dispatch=0.000240256283 gbps=197.549048
LEG shape=linear_attn.in_proj_fused_qkvzba rep=15 position=2 arm=m5_ipg3 m=5 ipg=3 groups=2 inner=252 gpu_seconds=0.091537750 wall_seconds=0.091763750 seconds_per_dispatch=0.000363245039 gbps=261.324422
LEG shape=linear_attn.in_proj_fused_qkvzba rep=15 position=3 arm=m5_ipg5 m=5 ipg=5 groups=1 inner=252 gpu_seconds=0.071671000 wall_seconds=0.071895542 seconds_per_dispatch=0.000284408730 gbps=166.880953
LEG shape=linear_attn.in_proj_fused_qkvzba rep=15 position=4 arm=m6_ipg3 m=6 ipg=3 groups=2 inner=252 gpu_seconds=0.098677292 wall_seconds=0.098900500 seconds_per_dispatch=0.000391576554 gbps=242.416966
LEG shape=linear_attn.in_proj_fused_qkvzba rep=15 position=5 arm=m6_ipg6 m=6 ipg=6 groups=1 inner=252 gpu_seconds=0.091777792 wall_seconds=0.092010125 seconds_per_dispatch=0.000364197586 gbps=130.320468
LEG shape=linear_attn.in_proj_fused_qkvzba rep=15 position=6 arm=m9_ipg3 m=9 ipg=3 groups=3 inner=252 gpu_seconds=0.145897250 wall_seconds=0.146131125 seconds_per_dispatch=0.000578957342 gbps=245.937291
LEG shape=linear_attn.in_proj_fused_qkvzba rep=15 position=7 arm=m9_ipg5 m=9 ipg=5 groups=2 inner=252 gpu_seconds=0.126549167 wall_seconds=0.126791708 seconds_per_dispatch=0.000502179233 gbps=189.025738
LEG shape=linear_attn.in_proj_fused_qkvzba rep=15 position=8 arm=m9_ipg5 m=9 ipg=5 groups=2 inner=252 gpu_seconds=0.126548125 wall_seconds=0.126803750 seconds_per_dispatch=0.000502175099 gbps=189.027294
LEG shape=linear_attn.in_proj_fused_qkvzba rep=15 position=9 arm=m9_ipg3 m=9 ipg=3 groups=3 inner=252 gpu_seconds=0.145817667 wall_seconds=0.146033667 seconds_per_dispatch=0.000578641534 gbps=246.071517
LEG shape=linear_attn.in_proj_fused_qkvzba rep=15 position=10 arm=m6_ipg6 m=6 ipg=6 groups=1 inner=252 gpu_seconds=0.091744500 wall_seconds=0.091942750 seconds_per_dispatch=0.000364065476 gbps=130.367758
LEG shape=linear_attn.in_proj_fused_qkvzba rep=15 position=11 arm=m6_ipg3 m=6 ipg=3 groups=2 inner=252 gpu_seconds=0.098714250 wall_seconds=0.098908667 seconds_per_dispatch=0.000391723215 gbps=242.326205
LEG shape=linear_attn.in_proj_fused_qkvzba rep=15 position=12 arm=m5_ipg5 m=5 ipg=5 groups=1 inner=252 gpu_seconds=0.071556375 wall_seconds=0.071784625 seconds_per_dispatch=0.000283953870 gbps=167.148277
LEG shape=linear_attn.in_proj_fused_qkvzba rep=15 position=13 arm=m5_ipg3 m=5 ipg=3 groups=2 inner=252 gpu_seconds=0.091501917 wall_seconds=0.091724917 seconds_per_dispatch=0.000363102844 gbps=261.426760
LEG shape=linear_attn.in_proj_fused_qkvzba rep=15 position=14 arm=m4_ipg4 m=4 ipg=4 groups=1 inner=252 gpu_seconds=0.060604917 wall_seconds=0.060822500 seconds_per_dispatch=0.000240495701 gbps=197.352384
LEG shape=linear_attn.in_proj_fused_qkvzba rep=15 position=15 arm=m4_ipg2 m=4 ipg=2 groups=2 inner=252 gpu_seconds=0.085934042 wall_seconds=0.086168500 seconds_per_dispatch=0.000341008102 gbps=278.365233
LEG shape=linear_attn.in_proj_fused_qkvzba rep=16 position=0 arm=m4_ipg2 m=4 ipg=2 groups=2 inner=252 gpu_seconds=0.085947750 wall_seconds=0.086188417 seconds_per_dispatch=0.000341062501 gbps=278.320835
LEG shape=linear_attn.in_proj_fused_qkvzba rep=16 position=1 arm=m4_ipg4 m=4 ipg=4 groups=1 inner=252 gpu_seconds=0.060515000 wall_seconds=0.060736708 seconds_per_dispatch=0.000240138889 gbps=197.645622
LEG shape=linear_attn.in_proj_fused_qkvzba rep=16 position=2 arm=m5_ipg3 m=5 ipg=3 groups=2 inner=252 gpu_seconds=0.091554000 wall_seconds=0.091855833 seconds_per_dispatch=0.000363309524 gbps=261.278039
LEG shape=linear_attn.in_proj_fused_qkvzba rep=16 position=3 arm=m5_ipg5 m=5 ipg=5 groups=1 inner=252 gpu_seconds=0.071660958 wall_seconds=0.071906708 seconds_per_dispatch=0.000284368882 gbps=166.904338
LEG shape=linear_attn.in_proj_fused_qkvzba rep=16 position=4 arm=m6_ipg3 m=6 ipg=3 groups=2 inner=252 gpu_seconds=0.098794208 wall_seconds=0.098996625 seconds_per_dispatch=0.000392040509 gbps=242.130080
LEG shape=linear_attn.in_proj_fused_qkvzba rep=16 position=5 arm=m6_ipg6 m=6 ipg=6 groups=1 inner=252 gpu_seconds=0.091770708 wall_seconds=0.092000542 seconds_per_dispatch=0.000364169477 gbps=130.330527
LEG shape=linear_attn.in_proj_fused_qkvzba rep=16 position=6 arm=m9_ipg3 m=9 ipg=3 groups=3 inner=252 gpu_seconds=0.145832625 wall_seconds=0.146049583 seconds_per_dispatch=0.000578700894 gbps=246.046276
LEG shape=linear_attn.in_proj_fused_qkvzba rep=16 position=7 arm=m9_ipg5 m=9 ipg=5 groups=2 inner=252 gpu_seconds=0.126596000 wall_seconds=0.126829833 seconds_per_dispatch=0.000502365080 gbps=188.955809
LEG shape=linear_attn.in_proj_fused_qkvzba rep=16 position=8 arm=m9_ipg5 m=9 ipg=5 groups=2 inner=252 gpu_seconds=0.126600625 wall_seconds=0.126890583 seconds_per_dispatch=0.000502383433 gbps=188.948906
LEG shape=linear_attn.in_proj_fused_qkvzba rep=16 position=9 arm=m9_ipg3 m=9 ipg=3 groups=3 inner=252 gpu_seconds=0.145980292 wall_seconds=0.146188667 seconds_per_dispatch=0.000579286871 gbps=245.797388
LEG shape=linear_attn.in_proj_fused_qkvzba rep=16 position=10 arm=m6_ipg6 m=6 ipg=6 groups=1 inner=252 gpu_seconds=0.091874125 wall_seconds=0.092039000 seconds_per_dispatch=0.000364579861 gbps=130.183823
LEG shape=linear_attn.in_proj_fused_qkvzba rep=16 position=11 arm=m6_ipg3 m=6 ipg=3 groups=2 inner=252 gpu_seconds=0.098838791 wall_seconds=0.099033875 seconds_per_dispatch=0.000392217427 gbps=242.020863
LEG shape=linear_attn.in_proj_fused_qkvzba rep=16 position=12 arm=m5_ipg5 m=5 ipg=5 groups=1 inner=252 gpu_seconds=0.071702292 wall_seconds=0.071933667 seconds_per_dispatch=0.000284532904 gbps=166.808124
LEG shape=linear_attn.in_proj_fused_qkvzba rep=16 position=13 arm=m5_ipg3 m=5 ipg=3 groups=2 inner=252 gpu_seconds=0.091602375 wall_seconds=0.091831542 seconds_per_dispatch=0.000363501488 gbps=261.140059
LEG shape=linear_attn.in_proj_fused_qkvzba rep=16 position=14 arm=m4_ipg4 m=4 ipg=4 groups=1 inner=252 gpu_seconds=0.060487958 wall_seconds=0.060692417 seconds_per_dispatch=0.000240031581 gbps=197.733981
LEG shape=linear_attn.in_proj_fused_qkvzba rep=16 position=15 arm=m4_ipg2 m=4 ipg=2 groups=2 inner=252 gpu_seconds=0.085853250 wall_seconds=0.086046125 seconds_per_dispatch=0.000340687500 gbps=278.627188
LEG shape=linear_attn.in_proj_fused_qkvzba rep=17 position=0 arm=m4_ipg2 m=4 ipg=2 groups=2 inner=252 gpu_seconds=0.085896250 wall_seconds=0.086129833 seconds_per_dispatch=0.000340858134 gbps=278.487706
LEG shape=linear_attn.in_proj_fused_qkvzba rep=17 position=1 arm=m4_ipg4 m=4 ipg=4 groups=1 inner=252 gpu_seconds=0.060540792 wall_seconds=0.060735583 seconds_per_dispatch=0.000240241237 gbps=197.561421
LEG shape=linear_attn.in_proj_fused_qkvzba rep=17 position=2 arm=m5_ipg3 m=5 ipg=3 groups=2 inner=252 gpu_seconds=0.091670875 wall_seconds=0.091859250 seconds_per_dispatch=0.000363773313 gbps=260.944925
LEG shape=linear_attn.in_proj_fused_qkvzba rep=17 position=3 arm=m5_ipg5 m=5 ipg=5 groups=1 inner=252 gpu_seconds=0.071609125 wall_seconds=0.071834208 seconds_per_dispatch=0.000284163194 gbps=167.025149
LEG shape=linear_attn.in_proj_fused_qkvzba rep=17 position=4 arm=m6_ipg3 m=6 ipg=3 groups=2 inner=252 gpu_seconds=0.098709750 wall_seconds=0.098937917 seconds_per_dispatch=0.000391705357 gbps=242.337252
LEG shape=linear_attn.in_proj_fused_qkvzba rep=17 position=5 arm=m6_ipg6 m=6 ipg=6 groups=1 inner=252 gpu_seconds=0.091742000 wall_seconds=0.091974625 seconds_per_dispatch=0.000364055556 gbps=130.371311
LEG shape=linear_attn.in_proj_fused_qkvzba rep=17 position=6 arm=m9_ipg3 m=9 ipg=3 groups=3 inner=252 gpu_seconds=0.145828000 wall_seconds=0.146038958 seconds_per_dispatch=0.000578682540 gbps=246.054080
LEG shape=linear_attn.in_proj_fused_qkvzba rep=17 position=7 arm=m9_ipg5 m=9 ipg=5 groups=2 inner=252 gpu_seconds=0.126623958 wall_seconds=0.126837625 seconds_per_dispatch=0.000502476025 gbps=188.914088
LEG shape=linear_attn.in_proj_fused_qkvzba rep=17 position=8 arm=m9_ipg5 m=9 ipg=5 groups=2 inner=252 gpu_seconds=0.126598208 wall_seconds=0.126830375 seconds_per_dispatch=0.000502373843 gbps=188.952513
LEG shape=linear_attn.in_proj_fused_qkvzba rep=17 position=9 arm=m9_ipg3 m=9 ipg=3 groups=3 inner=252 gpu_seconds=0.145871625 wall_seconds=0.146101458 seconds_per_dispatch=0.000578855655 gbps=245.980494
LEG shape=linear_attn.in_proj_fused_qkvzba rep=17 position=10 arm=m6_ipg6 m=6 ipg=6 groups=1 inner=252 gpu_seconds=0.091684125 wall_seconds=0.091906250 seconds_per_dispatch=0.000363825892 gbps=130.453607
LEG shape=linear_attn.in_proj_fused_qkvzba rep=17 position=11 arm=m6_ipg3 m=6 ipg=3 groups=2 inner=252 gpu_seconds=0.098855000 wall_seconds=0.099086125 seconds_per_dispatch=0.000392281746 gbps=241.981181
LEG shape=linear_attn.in_proj_fused_qkvzba rep=17 position=12 arm=m5_ipg5 m=5 ipg=5 groups=1 inner=252 gpu_seconds=0.071608750 wall_seconds=0.071813708 seconds_per_dispatch=0.000284161706 gbps=167.026024
LEG shape=linear_attn.in_proj_fused_qkvzba rep=17 position=13 arm=m5_ipg3 m=5 ipg=3 groups=2 inner=252 gpu_seconds=0.091623792 wall_seconds=0.091853292 seconds_per_dispatch=0.000363586475 gbps=261.079018
LEG shape=linear_attn.in_proj_fused_qkvzba rep=17 position=14 arm=m4_ipg4 m=4 ipg=4 groups=1 inner=252 gpu_seconds=0.060522500 wall_seconds=0.060748208 seconds_per_dispatch=0.000240168652 gbps=197.621129
LEG shape=linear_attn.in_proj_fused_qkvzba rep=17 position=15 arm=m4_ipg2 m=4 ipg=2 groups=2 inner=252 gpu_seconds=0.085859750 wall_seconds=0.086082542 seconds_per_dispatch=0.000340713293 gbps=278.606094
LEG shape=linear_attn.in_proj_fused_qkvzba rep=18 position=0 arm=m4_ipg2 m=4 ipg=2 groups=2 inner=252 gpu_seconds=0.085933000 wall_seconds=0.086151292 seconds_per_dispatch=0.000341003968 gbps=278.368609
LEG shape=linear_attn.in_proj_fused_qkvzba rep=18 position=1 arm=m4_ipg4 m=4 ipg=4 groups=1 inner=252 gpu_seconds=0.060442875 wall_seconds=0.060756958 seconds_per_dispatch=0.000239852679 gbps=197.881467
LEG shape=linear_attn.in_proj_fused_qkvzba rep=18 position=2 arm=m5_ipg3 m=5 ipg=3 groups=2 inner=252 gpu_seconds=0.091601500 wall_seconds=0.091833500 seconds_per_dispatch=0.000363498015 gbps=261.142554
LEG shape=linear_attn.in_proj_fused_qkvzba rep=18 position=3 arm=m5_ipg5 m=5 ipg=5 groups=1 inner=252 gpu_seconds=0.071676000 wall_seconds=0.071906375 seconds_per_dispatch=0.000284428572 gbps=166.869312
LEG shape=linear_attn.in_proj_fused_qkvzba rep=18 position=4 arm=m6_ipg3 m=6 ipg=3 groups=2 inner=252 gpu_seconds=0.098739333 wall_seconds=0.098967583 seconds_per_dispatch=0.000391822751 gbps=242.264646
LEG shape=linear_attn.in_proj_fused_qkvzba rep=18 position=5 arm=m6_ipg6 m=6 ipg=6 groups=1 inner=252 gpu_seconds=0.091766542 wall_seconds=0.091991875 seconds_per_dispatch=0.000364152943 gbps=130.336445
LEG shape=linear_attn.in_proj_fused_qkvzba rep=18 position=6 arm=m9_ipg3 m=9 ipg=3 groups=3 inner=252 gpu_seconds=0.145892500 wall_seconds=0.146116083 seconds_per_dispatch=0.000578938492 gbps=245.945298
LEG shape=linear_attn.in_proj_fused_qkvzba rep=18 position=7 arm=m9_ipg5 m=9 ipg=5 groups=2 inner=252 gpu_seconds=0.126708875 wall_seconds=0.126939125 seconds_per_dispatch=0.000502812996 gbps=188.787483
LEG shape=linear_attn.in_proj_fused_qkvzba rep=18 position=8 arm=m9_ipg5 m=9 ipg=5 groups=2 inner=252 gpu_seconds=0.126677125 wall_seconds=0.126919708 seconds_per_dispatch=0.000502687004 gbps=188.834800
LEG shape=linear_attn.in_proj_fused_qkvzba rep=18 position=9 arm=m9_ipg3 m=9 ipg=3 groups=3 inner=252 gpu_seconds=0.145785833 wall_seconds=0.145998458 seconds_per_dispatch=0.000578515212 gbps=246.125248
LEG shape=linear_attn.in_proj_fused_qkvzba rep=18 position=10 arm=m6_ipg6 m=6 ipg=6 groups=1 inner=252 gpu_seconds=0.091675792 wall_seconds=0.091974333 seconds_per_dispatch=0.000363792824 gbps=130.465465
LEG shape=linear_attn.in_proj_fused_qkvzba rep=18 position=11 arm=m6_ipg3 m=6 ipg=3 groups=2 inner=252 gpu_seconds=0.098739500 wall_seconds=0.098950000 seconds_per_dispatch=0.000391823413 gbps=242.264236
LEG shape=linear_attn.in_proj_fused_qkvzba rep=18 position=12 arm=m5_ipg5 m=5 ipg=5 groups=1 inner=252 gpu_seconds=0.071616458 wall_seconds=0.071810167 seconds_per_dispatch=0.000284192296 gbps=167.008046
LEG shape=linear_attn.in_proj_fused_qkvzba rep=18 position=13 arm=m5_ipg3 m=5 ipg=3 groups=2 inner=252 gpu_seconds=0.091563875 wall_seconds=0.091795333 seconds_per_dispatch=0.000363348711 gbps=261.249861
LEG shape=linear_attn.in_proj_fused_qkvzba rep=18 position=14 arm=m4_ipg4 m=4 ipg=4 groups=1 inner=252 gpu_seconds=0.060547333 wall_seconds=0.060770708 seconds_per_dispatch=0.000240267195 gbps=197.540076
LEG shape=linear_attn.in_proj_fused_qkvzba rep=18 position=15 arm=m4_ipg2 m=4 ipg=2 groups=2 inner=252 gpu_seconds=0.085904208 wall_seconds=0.086132833 seconds_per_dispatch=0.000340889716 gbps=278.461906
LEG shape=linear_attn.in_proj_fused_qkvzba rep=19 position=0 arm=m4_ipg2 m=4 ipg=2 groups=2 inner=252 gpu_seconds=0.085904792 wall_seconds=0.086114125 seconds_per_dispatch=0.000340892031 gbps=278.460015
LEG shape=linear_attn.in_proj_fused_qkvzba rep=19 position=1 arm=m4_ipg4 m=4 ipg=4 groups=1 inner=252 gpu_seconds=0.060581250 wall_seconds=0.060766000 seconds_per_dispatch=0.000240401785 gbps=197.429482
LEG shape=linear_attn.in_proj_fused_qkvzba rep=19 position=2 arm=m5_ipg3 m=5 ipg=3 groups=2 inner=252 gpu_seconds=0.091526042 wall_seconds=0.091742708 seconds_per_dispatch=0.000363198577 gbps=261.357852
LEG shape=linear_attn.in_proj_fused_qkvzba rep=19 position=3 arm=m5_ipg5 m=5 ipg=5 groups=1 inner=252 gpu_seconds=0.071577750 wall_seconds=0.071799250 seconds_per_dispatch=0.000284038691 gbps=167.098362
LEG shape=linear_attn.in_proj_fused_qkvzba rep=19 position=4 arm=m6_ipg3 m=6 ipg=3 groups=2 inner=252 gpu_seconds=0.098680458 wall_seconds=0.098900292 seconds_per_dispatch=0.000391589120 gbps=242.409186
LEG shape=linear_attn.in_proj_fused_qkvzba rep=19 position=5 arm=m6_ipg6 m=6 ipg=6 groups=1 inner=252 gpu_seconds=0.091699917 wall_seconds=0.091925542 seconds_per_dispatch=0.000363888558 gbps=130.431141
LEG shape=linear_attn.in_proj_fused_qkvzba rep=19 position=6 arm=m9_ipg3 m=9 ipg=3 groups=3 inner=252 gpu_seconds=0.145899375 wall_seconds=0.146119250 seconds_per_dispatch=0.000578965774 gbps=245.933709
LEG shape=linear_attn.in_proj_fused_qkvzba rep=19 position=7 arm=m9_ipg5 m=9 ipg=5 groups=2 inner=252 gpu_seconds=0.126599583 wall_seconds=0.126834958 seconds_per_dispatch=0.000502379299 gbps=188.950461
LEG shape=linear_attn.in_proj_fused_qkvzba rep=19 position=8 arm=m9_ipg5 m=9 ipg=5 groups=2 inner=252 gpu_seconds=0.126504125 wall_seconds=0.126730750 seconds_per_dispatch=0.000502000495 gbps=189.093040
LEG shape=linear_attn.in_proj_fused_qkvzba rep=19 position=9 arm=m9_ipg3 m=9 ipg=3 groups=3 inner=252 gpu_seconds=0.145943375 wall_seconds=0.146171750 seconds_per_dispatch=0.000579140376 gbps=245.859563
LEG shape=linear_attn.in_proj_fused_qkvzba rep=19 position=10 arm=m6_ipg6 m=6 ipg=6 groups=1 inner=252 gpu_seconds=0.091653875 wall_seconds=0.091869542 seconds_per_dispatch=0.000363705853 gbps=130.496662
LEG shape=linear_attn.in_proj_fused_qkvzba rep=19 position=11 arm=m6_ipg3 m=6 ipg=3 groups=2 inner=252 gpu_seconds=0.098749000 wall_seconds=0.098978458 seconds_per_dispatch=0.000391861111 gbps=242.240930
LEG shape=linear_attn.in_proj_fused_qkvzba rep=19 position=12 arm=m5_ipg5 m=5 ipg=5 groups=1 inner=252 gpu_seconds=0.071530792 wall_seconds=0.071751792 seconds_per_dispatch=0.000283852348 gbps=167.208058
LEG shape=linear_attn.in_proj_fused_qkvzba rep=19 position=13 arm=m5_ipg3 m=5 ipg=3 groups=2 inner=252 gpu_seconds=0.091574250 wall_seconds=0.091802625 seconds_per_dispatch=0.000363389880 gbps=261.220263
LEG shape=linear_attn.in_proj_fused_qkvzba rep=19 position=14 arm=m4_ipg4 m=4 ipg=4 groups=1 inner=252 gpu_seconds=0.060460958 wall_seconds=0.060689167 seconds_per_dispatch=0.000239924437 gbps=197.822283
LEG shape=linear_attn.in_proj_fused_qkvzba rep=19 position=15 arm=m4_ipg2 m=4 ipg=2 groups=2 inner=252 gpu_seconds=0.085928875 wall_seconds=0.086150917 seconds_per_dispatch=0.000340987599 gbps=278.381971
LEG shape=linear_attn.in_proj_fused_qkvzba rep=20 position=0 arm=m4_ipg2 m=4 ipg=2 groups=2 inner=252 gpu_seconds=0.085838583 wall_seconds=0.086092625 seconds_per_dispatch=0.000340629299 gbps=278.674795
LEG shape=linear_attn.in_proj_fused_qkvzba rep=20 position=1 arm=m4_ipg4 m=4 ipg=4 groups=1 inner=252 gpu_seconds=0.060442375 wall_seconds=0.060626833 seconds_per_dispatch=0.000239850695 gbps=197.883104
LEG shape=linear_attn.in_proj_fused_qkvzba rep=20 position=2 arm=m5_ipg3 m=5 ipg=3 groups=2 inner=252 gpu_seconds=0.091550375 wall_seconds=0.091834792 seconds_per_dispatch=0.000363295139 gbps=261.288384
LEG shape=linear_attn.in_proj_fused_qkvzba rep=20 position=3 arm=m5_ipg5 m=5 ipg=5 groups=1 inner=252 gpu_seconds=0.071338458 wall_seconds=0.071553583 seconds_per_dispatch=0.000283089120 gbps=167.658863
LEG shape=linear_attn.in_proj_fused_qkvzba rep=20 position=4 arm=m6_ipg3 m=6 ipg=3 groups=2 inner=252 gpu_seconds=0.098684250 wall_seconds=0.098892250 seconds_per_dispatch=0.000391604166 gbps=242.399873
LEG shape=linear_attn.in_proj_fused_qkvzba rep=20 position=5 arm=m6_ipg6 m=6 ipg=6 groups=1 inner=252 gpu_seconds=0.091667833 wall_seconds=0.091903458 seconds_per_dispatch=0.000363761243 gbps=130.476792
LEG shape=linear_attn.in_proj_fused_qkvzba rep=20 position=6 arm=m9_ipg3 m=9 ipg=3 groups=3 inner=252 gpu_seconds=0.145861125 wall_seconds=0.146090750 seconds_per_dispatch=0.000578813988 gbps=245.998202
LEG shape=linear_attn.in_proj_fused_qkvzba rep=20 position=7 arm=m9_ipg5 m=9 ipg=5 groups=2 inner=252 gpu_seconds=0.126570750 wall_seconds=0.126790000 seconds_per_dispatch=0.000502264881 gbps=188.993504
LEG shape=linear_attn.in_proj_fused_qkvzba rep=20 position=8 arm=m9_ipg5 m=9 ipg=5 groups=2 inner=252 gpu_seconds=0.126574875 wall_seconds=0.126796958 seconds_per_dispatch=0.000502281250 gbps=188.987345
LEG shape=linear_attn.in_proj_fused_qkvzba rep=20 position=9 arm=m9_ipg3 m=9 ipg=3 groups=3 inner=252 gpu_seconds=0.145993708 wall_seconds=0.146225000 seconds_per_dispatch=0.000579340113 gbps=245.774799
LEG shape=linear_attn.in_proj_fused_qkvzba rep=20 position=10 arm=m6_ipg6 m=6 ipg=6 groups=1 inner=252 gpu_seconds=0.091714500 wall_seconds=0.091939917 seconds_per_dispatch=0.000363946429 gbps=130.410402
LEG shape=linear_attn.in_proj_fused_qkvzba rep=20 position=11 arm=m6_ipg3 m=6 ipg=3 groups=2 inner=252 gpu_seconds=0.098742375 wall_seconds=0.098976792 seconds_per_dispatch=0.000391834821 gbps=242.257183
LEG shape=linear_attn.in_proj_fused_qkvzba rep=20 position=12 arm=m5_ipg5 m=5 ipg=5 groups=1 inner=252 gpu_seconds=0.071602958 wall_seconds=0.071821042 seconds_per_dispatch=0.000284138723 gbps=167.039534
LEG shape=linear_attn.in_proj_fused_qkvzba rep=20 position=13 arm=m5_ipg3 m=5 ipg=3 groups=2 inner=252 gpu_seconds=0.091550000 wall_seconds=0.091769625 seconds_per_dispatch=0.000363293651 gbps=261.289455
LEG shape=linear_attn.in_proj_fused_qkvzba rep=20 position=14 arm=m4_ipg4 m=4 ipg=4 groups=1 inner=252 gpu_seconds=0.060444625 wall_seconds=0.060643958 seconds_per_dispatch=0.000239859622 gbps=197.875739
LEG shape=linear_attn.in_proj_fused_qkvzba rep=20 position=15 arm=m4_ipg2 m=4 ipg=2 groups=2 inner=252 gpu_seconds=0.085912250 wall_seconds=0.086117542 seconds_per_dispatch=0.000340921627 gbps=278.435841
LEG shape=linear_attn.in_proj_fused_qkvzba rep=21 position=0 arm=m4_ipg2 m=4 ipg=2 groups=2 inner=252 gpu_seconds=0.085983375 wall_seconds=0.086200458 seconds_per_dispatch=0.000341203869 gbps=278.205520
LEG shape=linear_attn.in_proj_fused_qkvzba rep=21 position=1 arm=m4_ipg4 m=4 ipg=4 groups=1 inner=252 gpu_seconds=0.060478375 wall_seconds=0.060680833 seconds_per_dispatch=0.000239993552 gbps=197.765313
LEG shape=linear_attn.in_proj_fused_qkvzba rep=21 position=2 arm=m5_ipg3 m=5 ipg=3 groups=2 inner=252 gpu_seconds=0.091182875 wall_seconds=0.091388125 seconds_per_dispatch=0.000361836805 gbps=262.341472
LEG shape=linear_attn.in_proj_fused_qkvzba rep=21 position=3 arm=m5_ipg5 m=5 ipg=5 groups=1 inner=252 gpu_seconds=0.071686250 wall_seconds=0.071913792 seconds_per_dispatch=0.000284469246 gbps=166.845452
LEG shape=linear_attn.in_proj_fused_qkvzba rep=21 position=4 arm=m6_ipg3 m=6 ipg=3 groups=2 inner=252 gpu_seconds=0.098636583 wall_seconds=0.098853208 seconds_per_dispatch=0.000391415014 gbps=242.517013
LEG shape=linear_attn.in_proj_fused_qkvzba rep=21 position=5 arm=m6_ipg6 m=6 ipg=6 groups=1 inner=252 gpu_seconds=0.091635750 wall_seconds=0.091867708 seconds_per_dispatch=0.000363633928 gbps=130.522474
LEG shape=linear_attn.in_proj_fused_qkvzba rep=21 position=6 arm=m9_ipg3 m=9 ipg=3 groups=3 inner=252 gpu_seconds=0.145862125 wall_seconds=0.146087375 seconds_per_dispatch=0.000578817957 gbps=245.996515
LEG shape=linear_attn.in_proj_fused_qkvzba rep=21 position=7 arm=m9_ipg5 m=9 ipg=5 groups=2 inner=252 gpu_seconds=0.126579000 wall_seconds=0.126812083 seconds_per_dispatch=0.000502297620 gbps=188.981186
LEG shape=linear_attn.in_proj_fused_qkvzba rep=21 position=8 arm=m9_ipg5 m=9 ipg=5 groups=2 inner=252 gpu_seconds=0.126472875 wall_seconds=0.126691625 seconds_per_dispatch=0.000501876488 gbps=189.139763
LEG shape=linear_attn.in_proj_fused_qkvzba rep=21 position=9 arm=m9_ipg3 m=9 ipg=3 groups=3 inner=252 gpu_seconds=0.145953958 wall_seconds=0.146152333 seconds_per_dispatch=0.000579182375 gbps=245.841735
LEG shape=linear_attn.in_proj_fused_qkvzba rep=21 position=10 arm=m6_ipg6 m=6 ipg=6 groups=1 inner=252 gpu_seconds=0.091694042 wall_seconds=0.091894792 seconds_per_dispatch=0.000363865245 gbps=130.439498
LEG shape=linear_attn.in_proj_fused_qkvzba rep=21 position=11 arm=m6_ipg3 m=6 ipg=3 groups=2 inner=252 gpu_seconds=0.098775458 wall_seconds=0.099002125 seconds_per_dispatch=0.000391966104 gbps=242.176043
LEG shape=linear_attn.in_proj_fused_qkvzba rep=21 position=12 arm=m5_ipg5 m=5 ipg=5 groups=1 inner=252 gpu_seconds=0.071448208 wall_seconds=0.071665958 seconds_per_dispatch=0.000283524636 gbps=167.401326
LEG shape=linear_attn.in_proj_fused_qkvzba rep=21 position=13 arm=m5_ipg3 m=5 ipg=3 groups=2 inner=252 gpu_seconds=0.091499208 wall_seconds=0.091736083 seconds_per_dispatch=0.000363092096 gbps=261.434498
LEG shape=linear_attn.in_proj_fused_qkvzba rep=21 position=14 arm=m4_ipg4 m=4 ipg=4 groups=1 inner=252 gpu_seconds=0.060556417 wall_seconds=0.060791333 seconds_per_dispatch=0.000240303241 gbps=197.510445
LEG shape=linear_attn.in_proj_fused_qkvzba rep=21 position=15 arm=m4_ipg2 m=4 ipg=2 groups=2 inner=252 gpu_seconds=0.085951125 wall_seconds=0.086174667 seconds_per_dispatch=0.000341075893 gbps=278.309907
LEG shape=linear_attn.in_proj_fused_qkvzba rep=22 position=0 arm=m4_ipg2 m=4 ipg=2 groups=2 inner=252 gpu_seconds=0.085893083 wall_seconds=0.086125250 seconds_per_dispatch=0.000340845569 gbps=278.497973
LEG shape=linear_attn.in_proj_fused_qkvzba rep=22 position=1 arm=m4_ipg4 m=4 ipg=4 groups=1 inner=252 gpu_seconds=0.060571125 wall_seconds=0.060773250 seconds_per_dispatch=0.000240361607 gbps=197.462484
LEG shape=linear_attn.in_proj_fused_qkvzba rep=22 position=2 arm=m5_ipg3 m=5 ipg=3 groups=2 inner=252 gpu_seconds=0.091614125 wall_seconds=0.091808500 seconds_per_dispatch=0.000363548115 gbps=261.106566
LEG shape=linear_attn.in_proj_fused_qkvzba rep=22 position=3 arm=m5_ipg5 m=5 ipg=5 groups=1 inner=252 gpu_seconds=0.071584708 wall_seconds=0.071784417 seconds_per_dispatch=0.000284066303 gbps=167.082120
LEG shape=linear_attn.in_proj_fused_qkvzba rep=22 position=4 arm=m6_ipg3 m=6 ipg=3 groups=2 inner=252 gpu_seconds=0.098775375 wall_seconds=0.098974792 seconds_per_dispatch=0.000391965774 gbps=242.176247
LEG shape=linear_attn.in_proj_fused_qkvzba rep=22 position=5 arm=m6_ipg6 m=6 ipg=6 groups=1 inner=252 gpu_seconds=0.091709875 wall_seconds=0.091936625 seconds_per_dispatch=0.000363928075 gbps=130.416979
LEG shape=linear_attn.in_proj_fused_qkvzba rep=22 position=6 arm=m9_ipg3 m=9 ipg=3 groups=3 inner=252 gpu_seconds=0.145830625 wall_seconds=0.146043875 seconds_per_dispatch=0.000578692956 gbps=246.049651
LEG shape=linear_attn.in_proj_fused_qkvzba rep=22 position=7 arm=m9_ipg5 m=9 ipg=5 groups=2 inner=252 gpu_seconds=0.126620500 wall_seconds=0.126867417 seconds_per_dispatch=0.000502462301 gbps=188.919248
LEG shape=linear_attn.in_proj_fused_qkvzba rep=22 position=8 arm=m9_ipg5 m=9 ipg=5 groups=2 inner=252 gpu_seconds=0.126508417 wall_seconds=0.126712667 seconds_per_dispatch=0.000502017526 gbps=189.086626
LEG shape=linear_attn.in_proj_fused_qkvzba rep=22 position=9 arm=m9_ipg3 m=9 ipg=3 groups=3 inner=252 gpu_seconds=0.145324167 wall_seconds=0.145562333 seconds_per_dispatch=0.000576683201 gbps=246.907140
LEG shape=linear_attn.in_proj_fused_qkvzba rep=22 position=10 arm=m6_ipg6 m=6 ipg=6 groups=1 inner=252 gpu_seconds=0.091638875 wall_seconds=0.091879458 seconds_per_dispatch=0.000363646329 gbps=130.518023
LEG shape=linear_attn.in_proj_fused_qkvzba rep=22 position=11 arm=m6_ipg3 m=6 ipg=3 groups=2 inner=252 gpu_seconds=0.098722250 wall_seconds=0.098955000 seconds_per_dispatch=0.000391754960 gbps=242.306568
LEG shape=linear_attn.in_proj_fused_qkvzba rep=22 position=12 arm=m5_ipg5 m=5 ipg=5 groups=1 inner=252 gpu_seconds=0.071652458 wall_seconds=0.071888292 seconds_per_dispatch=0.000284335152 gbps=166.924138
LEG shape=linear_attn.in_proj_fused_qkvzba rep=22 position=13 arm=m5_ipg3 m=5 ipg=3 groups=2 inner=252 gpu_seconds=0.091541000 wall_seconds=0.091760583 seconds_per_dispatch=0.000363257936 gbps=261.315144
LEG shape=linear_attn.in_proj_fused_qkvzba rep=22 position=14 arm=m4_ipg4 m=4 ipg=4 groups=1 inner=252 gpu_seconds=0.060517500 wall_seconds=0.060728875 seconds_per_dispatch=0.000240148809 gbps=197.637457
LEG shape=linear_attn.in_proj_fused_qkvzba rep=22 position=15 arm=m4_ipg2 m=4 ipg=2 groups=2 inner=252 gpu_seconds=0.085851042 wall_seconds=0.086072000 seconds_per_dispatch=0.000340678737 gbps=278.634354
LEG shape=linear_attn.in_proj_fused_qkvzba rep=23 position=0 arm=m4_ipg2 m=4 ipg=2 groups=2 inner=252 gpu_seconds=0.085973209 wall_seconds=0.086215708 seconds_per_dispatch=0.000341163526 gbps=278.238419
LEG shape=linear_attn.in_proj_fused_qkvzba rep=23 position=1 arm=m4_ipg4 m=4 ipg=4 groups=1 inner=252 gpu_seconds=0.060485875 wall_seconds=0.060699792 seconds_per_dispatch=0.000240023313 gbps=197.740792
LEG shape=linear_attn.in_proj_fused_qkvzba rep=23 position=2 arm=m5_ipg3 m=5 ipg=3 groups=2 inner=252 gpu_seconds=0.091585167 wall_seconds=0.091815500 seconds_per_dispatch=0.000363433201 gbps=261.189125
LEG shape=linear_attn.in_proj_fused_qkvzba rep=23 position=3 arm=m5_ipg5 m=5 ipg=5 groups=1 inner=252 gpu_seconds=0.071636000 wall_seconds=0.071853833 seconds_per_dispatch=0.000284269842 gbps=166.962488
LEG shape=linear_attn.in_proj_fused_qkvzba rep=23 position=4 arm=m6_ipg3 m=6 ipg=3 groups=2 inner=252 gpu_seconds=0.098582125 wall_seconds=0.098810958 seconds_per_dispatch=0.000391198909 gbps=242.650984
LEG shape=linear_attn.in_proj_fused_qkvzba rep=23 position=5 arm=m6_ipg6 m=6 ipg=6 groups=1 inner=252 gpu_seconds=0.091778083 wall_seconds=0.092008542 seconds_per_dispatch=0.000364198743 gbps=130.320054
LEG shape=linear_attn.in_proj_fused_qkvzba rep=23 position=6 arm=m9_ipg3 m=9 ipg=3 groups=3 inner=252 gpu_seconds=0.145975625 wall_seconds=0.146201500 seconds_per_dispatch=0.000579268353 gbps=245.805246
LEG shape=linear_attn.in_proj_fused_qkvzba rep=23 position=7 arm=m9_ipg5 m=9 ipg=5 groups=2 inner=252 gpu_seconds=0.126523625 wall_seconds=0.126768417 seconds_per_dispatch=0.000502077876 gbps=189.063897
LEG shape=linear_attn.in_proj_fused_qkvzba rep=23 position=8 arm=m9_ipg5 m=9 ipg=5 groups=2 inner=252 gpu_seconds=0.126624917 wall_seconds=0.126843042 seconds_per_dispatch=0.000502479828 gbps=188.912658
LEG shape=linear_attn.in_proj_fused_qkvzba rep=23 position=9 arm=m9_ipg3 m=9 ipg=3 groups=3 inner=252 gpu_seconds=0.145827250 wall_seconds=0.146052000 seconds_per_dispatch=0.000578679564 gbps=246.055345
LEG shape=linear_attn.in_proj_fused_qkvzba rep=23 position=10 arm=m6_ipg6 m=6 ipg=6 groups=1 inner=252 gpu_seconds=0.091755625 wall_seconds=0.091992458 seconds_per_dispatch=0.000364109623 gbps=130.351952
LEG shape=linear_attn.in_proj_fused_qkvzba rep=23 position=11 arm=m6_ipg3 m=6 ipg=3 groups=2 inner=252 gpu_seconds=0.098700417 wall_seconds=0.098930542 seconds_per_dispatch=0.000391668319 gbps=242.360169
LEG shape=linear_attn.in_proj_fused_qkvzba rep=23 position=12 arm=m5_ipg5 m=5 ipg=5 groups=1 inner=252 gpu_seconds=0.071686750 wall_seconds=0.071895333 seconds_per_dispatch=0.000284471230 gbps=166.844288
LEG shape=linear_attn.in_proj_fused_qkvzba rep=23 position=13 arm=m5_ipg3 m=5 ipg=3 groups=2 inner=252 gpu_seconds=0.091495417 wall_seconds=0.091727625 seconds_per_dispatch=0.000363077050 gbps=261.445332
LEG shape=linear_attn.in_proj_fused_qkvzba rep=23 position=14 arm=m4_ipg4 m=4 ipg=4 groups=1 inner=252 gpu_seconds=0.060471000 wall_seconds=0.060707458 seconds_per_dispatch=0.000239964285 gbps=197.789433
LEG shape=linear_attn.in_proj_fused_qkvzba rep=23 position=15 arm=m4_ipg2 m=4 ipg=2 groups=2 inner=252 gpu_seconds=0.085898875 wall_seconds=0.086136500 seconds_per_dispatch=0.000340868552 gbps=278.479195
LEG shape=linear_attn.in_proj_fused_qkvzba rep=24 position=0 arm=m4_ipg2 m=4 ipg=2 groups=2 inner=252 gpu_seconds=0.085920417 wall_seconds=0.086145542 seconds_per_dispatch=0.000340954035 gbps=278.409376
LEG shape=linear_attn.in_proj_fused_qkvzba rep=24 position=1 arm=m4_ipg4 m=4 ipg=4 groups=1 inner=252 gpu_seconds=0.060606750 wall_seconds=0.060824208 seconds_per_dispatch=0.000240502976 gbps=197.346415
LEG shape=linear_attn.in_proj_fused_qkvzba rep=24 position=2 arm=m5_ipg3 m=5 ipg=3 groups=2 inner=252 gpu_seconds=0.091568250 wall_seconds=0.091798500 seconds_per_dispatch=0.000363366071 gbps=261.237379
LEG shape=linear_attn.in_proj_fused_qkvzba rep=24 position=3 arm=m5_ipg5 m=5 ipg=5 groups=1 inner=252 gpu_seconds=0.071603042 wall_seconds=0.071841167 seconds_per_dispatch=0.000284139054 gbps=167.039340
LEG shape=linear_attn.in_proj_fused_qkvzba rep=24 position=4 arm=m6_ipg3 m=6 ipg=3 groups=2 inner=252 gpu_seconds=0.098854958 wall_seconds=0.099071292 seconds_per_dispatch=0.000392281581 gbps=241.981283
LEG shape=linear_attn.in_proj_fused_qkvzba rep=24 position=5 arm=m6_ipg6 m=6 ipg=6 groups=1 inner=252 gpu_seconds=0.091766375 wall_seconds=0.091988708 seconds_per_dispatch=0.000364152282 gbps=130.336681
LEG shape=linear_attn.in_proj_fused_qkvzba rep=24 position=6 arm=m9_ipg3 m=9 ipg=3 groups=3 inner=252 gpu_seconds=0.145902958 wall_seconds=0.146128875 seconds_per_dispatch=0.000578979993 gbps=245.927669
LEG shape=linear_attn.in_proj_fused_qkvzba rep=24 position=7 arm=m9_ipg5 m=9 ipg=5 groups=2 inner=252 gpu_seconds=0.126606208 wall_seconds=0.126840125 seconds_per_dispatch=0.000502405588 gbps=188.940574
LEG shape=linear_attn.in_proj_fused_qkvzba rep=24 position=8 arm=m9_ipg5 m=9 ipg=5 groups=2 inner=252 gpu_seconds=0.126694000 wall_seconds=0.126944500 seconds_per_dispatch=0.000502753968 gbps=188.809649
LEG shape=linear_attn.in_proj_fused_qkvzba rep=24 position=9 arm=m9_ipg3 m=9 ipg=3 groups=3 inner=252 gpu_seconds=0.145908458 wall_seconds=0.146120000 seconds_per_dispatch=0.000579001819 gbps=245.918398
LEG shape=linear_attn.in_proj_fused_qkvzba rep=24 position=10 arm=m6_ipg6 m=6 ipg=6 groups=1 inner=252 gpu_seconds=0.091819500 wall_seconds=0.092048125 seconds_per_dispatch=0.000364363095 gbps=130.261272
LEG shape=linear_attn.in_proj_fused_qkvzba rep=24 position=11 arm=m6_ipg3 m=6 ipg=3 groups=2 inner=252 gpu_seconds=0.098683125 wall_seconds=0.098912417 seconds_per_dispatch=0.000391599702 gbps=242.402636
LEG shape=linear_attn.in_proj_fused_qkvzba rep=24 position=12 arm=m5_ipg5 m=5 ipg=5 groups=1 inner=252 gpu_seconds=0.071640500 wall_seconds=0.071864083 seconds_per_dispatch=0.000284287699 gbps=166.952000
LEG shape=linear_attn.in_proj_fused_qkvzba rep=24 position=13 arm=m5_ipg3 m=5 ipg=3 groups=2 inner=252 gpu_seconds=0.091536417 wall_seconds=0.091762458 seconds_per_dispatch=0.000363239749 gbps=261.328228
LEG shape=linear_attn.in_proj_fused_qkvzba rep=24 position=14 arm=m4_ipg4 m=4 ipg=4 groups=1 inner=252 gpu_seconds=0.060531833 wall_seconds=0.060746250 seconds_per_dispatch=0.000240205688 gbps=197.590658
LEG shape=linear_attn.in_proj_fused_qkvzba rep=24 position=15 arm=m4_ipg2 m=4 ipg=2 groups=2 inner=252 gpu_seconds=0.085957625 wall_seconds=0.086184000 seconds_per_dispatch=0.000341101686 gbps=278.288862
LEG shape=linear_attn.in_proj_fused_qkvzba rep=25 position=0 arm=m4_ipg2 m=4 ipg=2 groups=2 inner=252 gpu_seconds=0.085852500 wall_seconds=0.086058542 seconds_per_dispatch=0.000340684523 gbps=278.629622
LEG shape=linear_attn.in_proj_fused_qkvzba rep=25 position=1 arm=m4_ipg4 m=4 ipg=4 groups=1 inner=252 gpu_seconds=0.060468125 wall_seconds=0.060680708 seconds_per_dispatch=0.000239952878 gbps=197.798836
LEG shape=linear_attn.in_proj_fused_qkvzba rep=25 position=2 arm=m5_ipg3 m=5 ipg=3 groups=2 inner=252 gpu_seconds=0.091696125 wall_seconds=0.091920292 seconds_per_dispatch=0.000363873512 gbps=260.873070
LEG shape=linear_attn.in_proj_fused_qkvzba rep=25 position=3 arm=m5_ipg5 m=5 ipg=5 groups=1 inner=252 gpu_seconds=0.071712500 wall_seconds=0.071949792 seconds_per_dispatch=0.000284573413 gbps=166.784379
LEG shape=linear_attn.in_proj_fused_qkvzba rep=25 position=4 arm=m6_ipg3 m=6 ipg=3 groups=2 inner=252 gpu_seconds=0.098718250 wall_seconds=0.098949167 seconds_per_dispatch=0.000391739087 gbps=242.316386
LEG shape=linear_attn.in_proj_fused_qkvzba rep=25 position=5 arm=m6_ipg6 m=6 ipg=6 groups=1 inner=252 gpu_seconds=0.091708042 wall_seconds=0.091930000 seconds_per_dispatch=0.000363920801 gbps=130.419586
LEG shape=linear_attn.in_proj_fused_qkvzba rep=25 position=6 arm=m9_ipg3 m=9 ipg=3 groups=3 inner=252 gpu_seconds=0.145731750 wall_seconds=0.145942458 seconds_per_dispatch=0.000578300595 gbps=246.216589
LEG shape=linear_attn.in_proj_fused_qkvzba rep=25 position=7 arm=m9_ipg5 m=9 ipg=5 groups=2 inner=252 gpu_seconds=0.126607625 wall_seconds=0.126849583 seconds_per_dispatch=0.000502411211 gbps=188.938459
LEG shape=linear_attn.in_proj_fused_qkvzba rep=25 position=8 arm=m9_ipg5 m=9 ipg=5 groups=2 inner=252 gpu_seconds=0.126727250 wall_seconds=0.126954458 seconds_per_dispatch=0.000502885912 gbps=188.760110
LEG shape=linear_attn.in_proj_fused_qkvzba rep=25 position=9 arm=m9_ipg3 m=9 ipg=3 groups=3 inner=252 gpu_seconds=0.145706833 wall_seconds=0.145934500 seconds_per_dispatch=0.000578201720 gbps=246.258693
LEG shape=linear_attn.in_proj_fused_qkvzba rep=25 position=10 arm=m6_ipg6 m=6 ipg=6 groups=1 inner=252 gpu_seconds=0.091707375 wall_seconds=0.091996083 seconds_per_dispatch=0.000363918155 gbps=130.420534
LEG shape=linear_attn.in_proj_fused_qkvzba rep=25 position=11 arm=m6_ipg3 m=6 ipg=3 groups=2 inner=252 gpu_seconds=0.098837875 wall_seconds=0.099074292 seconds_per_dispatch=0.000392213790 gbps=242.023107
LEG shape=linear_attn.in_proj_fused_qkvzba rep=25 position=12 arm=m5_ipg5 m=5 ipg=5 groups=1 inner=252 gpu_seconds=0.071558500 wall_seconds=0.071792958 seconds_per_dispatch=0.000283962302 gbps=167.143313
LEG shape=linear_attn.in_proj_fused_qkvzba rep=25 position=13 arm=m5_ipg3 m=5 ipg=3 groups=2 inner=252 gpu_seconds=0.091656375 wall_seconds=0.091890500 seconds_per_dispatch=0.000363715774 gbps=260.986206
LEG shape=linear_attn.in_proj_fused_qkvzba rep=25 position=14 arm=m4_ipg4 m=4 ipg=4 groups=1 inner=252 gpu_seconds=0.060545417 wall_seconds=0.060774583 seconds_per_dispatch=0.000240259590 gbps=197.546329
LEG shape=linear_attn.in_proj_fused_qkvzba rep=25 position=15 arm=m4_ipg2 m=4 ipg=2 groups=2 inner=252 gpu_seconds=0.085850792 wall_seconds=0.086071375 seconds_per_dispatch=0.000340677745 gbps=278.635166
LEG shape=linear_attn.in_proj_fused_qkvzba rep=26 position=0 arm=m4_ipg2 m=4 ipg=2 groups=2 inner=252 gpu_seconds=0.085917000 wall_seconds=0.086148792 seconds_per_dispatch=0.000340940476 gbps=278.420448
LEG shape=linear_attn.in_proj_fused_qkvzba rep=26 position=1 arm=m4_ipg4 m=4 ipg=4 groups=1 inner=252 gpu_seconds=0.060287625 wall_seconds=0.060493667 seconds_per_dispatch=0.000239236607 gbps=198.391043
LEG shape=linear_attn.in_proj_fused_qkvzba rep=26 position=2 arm=m5_ipg3 m=5 ipg=3 groups=2 inner=252 gpu_seconds=0.091631625 wall_seconds=0.091850958 seconds_per_dispatch=0.000363617559 gbps=261.056700
LEG shape=linear_attn.in_proj_fused_qkvzba rep=26 position=3 arm=m5_ipg5 m=5 ipg=5 groups=1 inner=252 gpu_seconds=0.071613458 wall_seconds=0.071824000 seconds_per_dispatch=0.000284180391 gbps=167.015042
LEG shape=linear_attn.in_proj_fused_qkvzba rep=26 position=4 arm=m6_ipg3 m=6 ipg=3 groups=2 inner=252 gpu_seconds=0.098749708 wall_seconds=0.098946750 seconds_per_dispatch=0.000391863922 gbps=242.239192
LEG shape=linear_attn.in_proj_fused_qkvzba rep=26 position=5 arm=m6_ipg6 m=6 ipg=6 groups=1 inner=252 gpu_seconds=0.091721208 wall_seconds=0.091942875 seconds_per_dispatch=0.000363973049 gbps=130.400864
LEG shape=linear_attn.in_proj_fused_qkvzba rep=26 position=6 arm=m9_ipg3 m=9 ipg=3 groups=3 inner=252 gpu_seconds=0.145920458 wall_seconds=0.146152708 seconds_per_dispatch=0.000579049438 gbps=245.898175
LEG shape=linear_attn.in_proj_fused_qkvzba rep=26 position=7 arm=m9_ipg5 m=9 ipg=5 groups=2 inner=252 gpu_seconds=0.126631125 wall_seconds=0.126876792 seconds_per_dispatch=0.000502504464 gbps=188.903397
LEG shape=linear_attn.in_proj_fused_qkvzba rep=26 position=8 arm=m9_ipg5 m=9 ipg=5 groups=2 inner=252 gpu_seconds=0.126615542 wall_seconds=0.126849792 seconds_per_dispatch=0.000502442625 gbps=188.926646
LEG shape=linear_attn.in_proj_fused_qkvzba rep=26 position=9 arm=m9_ipg3 m=9 ipg=3 groups=3 inner=252 gpu_seconds=0.145796625 wall_seconds=0.146020583 seconds_per_dispatch=0.000578558035 gbps=246.107030
LEG shape=linear_attn.in_proj_fused_qkvzba rep=26 position=10 arm=m6_ipg6 m=6 ipg=6 groups=1 inner=252 gpu_seconds=0.091667917 wall_seconds=0.091954833 seconds_per_dispatch=0.000363761574 gbps=130.476673
LEG shape=linear_attn.in_proj_fused_qkvzba rep=26 position=11 arm=m6_ipg3 m=6 ipg=3 groups=2 inner=252 gpu_seconds=0.098796125 wall_seconds=0.099030083 seconds_per_dispatch=0.000392048115 gbps=242.125383
LEG shape=linear_attn.in_proj_fused_qkvzba rep=26 position=12 arm=m5_ipg5 m=5 ipg=5 groups=1 inner=252 gpu_seconds=0.071511250 wall_seconds=0.071702875 seconds_per_dispatch=0.000283774802 gbps=167.253751
LEG shape=linear_attn.in_proj_fused_qkvzba rep=26 position=13 arm=m5_ipg3 m=5 ipg=3 groups=2 inner=252 gpu_seconds=0.091387375 wall_seconds=0.091591042 seconds_per_dispatch=0.000362648314 gbps=261.754423
LEG shape=linear_attn.in_proj_fused_qkvzba rep=26 position=14 arm=m4_ipg4 m=4 ipg=4 groups=1 inner=252 gpu_seconds=0.060406833 wall_seconds=0.060629333 seconds_per_dispatch=0.000239709656 gbps=197.999534
LEG shape=linear_attn.in_proj_fused_qkvzba rep=26 position=15 arm=m4_ipg2 m=4 ipg=2 groups=2 inner=252 gpu_seconds=0.085827875 wall_seconds=0.086052500 seconds_per_dispatch=0.000340586806 gbps=278.709563
LEG shape=linear_attn.in_proj_fused_qkvzba rep=27 position=0 arm=m4_ipg2 m=4 ipg=2 groups=2 inner=252 gpu_seconds=0.085851333 wall_seconds=0.086074792 seconds_per_dispatch=0.000340679894 gbps=278.633408
LEG shape=linear_attn.in_proj_fused_qkvzba rep=27 position=1 arm=m4_ipg4 m=4 ipg=4 groups=1 inner=252 gpu_seconds=0.060520000 wall_seconds=0.060745375 seconds_per_dispatch=0.000240158730 gbps=197.629293
LEG shape=linear_attn.in_proj_fused_qkvzba rep=27 position=2 arm=m5_ipg3 m=5 ipg=3 groups=2 inner=252 gpu_seconds=0.091544833 wall_seconds=0.091774458 seconds_per_dispatch=0.000363273148 gbps=261.304202
LEG shape=linear_attn.in_proj_fused_qkvzba rep=27 position=3 arm=m5_ipg5 m=5 ipg=5 groups=1 inner=252 gpu_seconds=0.071588917 wall_seconds=0.071884500 seconds_per_dispatch=0.000284083003 gbps=167.072298
LEG shape=linear_attn.in_proj_fused_qkvzba rep=27 position=4 arm=m6_ipg3 m=6 ipg=3 groups=2 inner=252 gpu_seconds=0.098763375 wall_seconds=0.098965208 seconds_per_dispatch=0.000391918154 gbps=242.205672
LEG shape=linear_attn.in_proj_fused_qkvzba rep=27 position=5 arm=m6_ipg6 m=6 ipg=6 groups=1 inner=252 gpu_seconds=0.091652458 wall_seconds=0.091842833 seconds_per_dispatch=0.000363700231 gbps=130.498680
LEG shape=linear_attn.in_proj_fused_qkvzba rep=27 position=6 arm=m9_ipg3 m=9 ipg=3 groups=3 inner=252 gpu_seconds=0.145742042 wall_seconds=0.145981042 seconds_per_dispatch=0.000578341435 gbps=246.199203
LEG shape=linear_attn.in_proj_fused_qkvzba rep=27 position=7 arm=m9_ipg5 m=9 ipg=5 groups=2 inner=252 gpu_seconds=0.126781292 wall_seconds=0.127009250 seconds_per_dispatch=0.000503100363 gbps=188.679649
LEG shape=linear_attn.in_proj_fused_qkvzba rep=27 position=8 arm=m9_ipg5 m=9 ipg=5 groups=2 inner=252 gpu_seconds=0.126439000 wall_seconds=0.126672292 seconds_per_dispatch=0.000501742064 gbps=189.190436
LEG shape=linear_attn.in_proj_fused_qkvzba rep=27 position=9 arm=m9_ipg3 m=9 ipg=3 groups=3 inner=252 gpu_seconds=0.145962625 wall_seconds=0.146180125 seconds_per_dispatch=0.000579216766 gbps=245.827138
LEG shape=linear_attn.in_proj_fused_qkvzba rep=27 position=10 arm=m6_ipg6 m=6 ipg=6 groups=1 inner=252 gpu_seconds=0.091788208 wall_seconds=0.092009250 seconds_per_dispatch=0.000364238922 gbps=130.305679
LEG shape=linear_attn.in_proj_fused_qkvzba rep=27 position=11 arm=m6_ipg3 m=6 ipg=3 groups=2 inner=252 gpu_seconds=0.098813000 wall_seconds=0.099051708 seconds_per_dispatch=0.000392115079 gbps=242.084034
LEG shape=linear_attn.in_proj_fused_qkvzba rep=27 position=12 arm=m5_ipg5 m=5 ipg=5 groups=1 inner=252 gpu_seconds=0.071660750 wall_seconds=0.071891917 seconds_per_dispatch=0.000284368056 gbps=166.904823
LEG shape=linear_attn.in_proj_fused_qkvzba rep=27 position=13 arm=m5_ipg3 m=5 ipg=3 groups=2 inner=252 gpu_seconds=0.091608000 wall_seconds=0.091831208 seconds_per_dispatch=0.000363523809 gbps=261.124024
LEG shape=linear_attn.in_proj_fused_qkvzba rep=27 position=14 arm=m4_ipg4 m=4 ipg=4 groups=1 inner=252 gpu_seconds=0.060473583 wall_seconds=0.060749708 seconds_per_dispatch=0.000239974536 gbps=197.780984
LEG shape=linear_attn.in_proj_fused_qkvzba rep=27 position=15 arm=m4_ipg2 m=4 ipg=2 groups=2 inner=252 gpu_seconds=0.085835958 wall_seconds=0.086061208 seconds_per_dispatch=0.000340618882 gbps=278.683317
LEG shape=linear_attn.in_proj_fused_qkvzba rep=28 position=0 arm=m4_ipg2 m=4 ipg=2 groups=2 inner=252 gpu_seconds=0.086034625 wall_seconds=0.086251958 seconds_per_dispatch=0.000341407242 gbps=278.039796
LEG shape=linear_attn.in_proj_fused_qkvzba rep=28 position=1 arm=m4_ipg4 m=4 ipg=4 groups=1 inner=252 gpu_seconds=0.060512417 wall_seconds=0.060739833 seconds_per_dispatch=0.000240128637 gbps=197.654060
LEG shape=linear_attn.in_proj_fused_qkvzba rep=28 position=2 arm=m5_ipg3 m=5 ipg=3 groups=2 inner=252 gpu_seconds=0.091548500 wall_seconds=0.091765208 seconds_per_dispatch=0.000363287699 gbps=261.293736
LEG shape=linear_attn.in_proj_fused_qkvzba rep=28 position=3 arm=m5_ipg5 m=5 ipg=5 groups=1 inner=252 gpu_seconds=0.071653750 wall_seconds=0.071875875 seconds_per_dispatch=0.000284340278 gbps=166.921128
LEG shape=linear_attn.in_proj_fused_qkvzba rep=28 position=4 arm=m6_ipg3 m=6 ipg=3 groups=2 inner=252 gpu_seconds=0.098753125 wall_seconds=0.098982958 seconds_per_dispatch=0.000391877480 gbps=242.230812
LEG shape=linear_attn.in_proj_fused_qkvzba rep=28 position=5 arm=m6_ipg6 m=6 ipg=6 groups=1 inner=252 gpu_seconds=0.091642000 wall_seconds=0.091873500 seconds_per_dispatch=0.000363658730 gbps=130.513572
LEG shape=linear_attn.in_proj_fused_qkvzba rep=28 position=6 arm=m9_ipg3 m=9 ipg=3 groups=3 inner=252 gpu_seconds=0.145863125 wall_seconds=0.146086042 seconds_per_dispatch=0.000578821924 gbps=245.994829
LEG shape=linear_attn.in_proj_fused_qkvzba rep=28 position=7 arm=m9_ipg5 m=9 ipg=5 groups=2 inner=252 gpu_seconds=0.126562625 wall_seconds=0.126805833 seconds_per_dispatch=0.000502232640 gbps=189.005637
LEG shape=linear_attn.in_proj_fused_qkvzba rep=28 position=8 arm=m9_ipg5 m=9 ipg=5 groups=2 inner=252 gpu_seconds=0.126655792 wall_seconds=0.126880958 seconds_per_dispatch=0.000502602348 gbps=188.866607
LEG shape=linear_attn.in_proj_fused_qkvzba rep=28 position=9 arm=m9_ipg3 m=9 ipg=3 groups=3 inner=252 gpu_seconds=0.145847625 wall_seconds=0.146078125 seconds_per_dispatch=0.000578760416 gbps=246.020972
LEG shape=linear_attn.in_proj_fused_qkvzba rep=28 position=10 arm=m6_ipg6 m=6 ipg=6 groups=1 inner=252 gpu_seconds=0.091739000 wall_seconds=0.091955083 seconds_per_dispatch=0.000364043651 gbps=130.375574
LEG shape=linear_attn.in_proj_fused_qkvzba rep=28 position=11 arm=m6_ipg3 m=6 ipg=3 groups=2 inner=252 gpu_seconds=0.098661750 wall_seconds=0.098893542 seconds_per_dispatch=0.000391514880 gbps=242.455152
LEG shape=linear_attn.in_proj_fused_qkvzba rep=28 position=12 arm=m5_ipg5 m=5 ipg=5 groups=1 inner=252 gpu_seconds=0.071682125 wall_seconds=0.071908375 seconds_per_dispatch=0.000284452877 gbps=166.855053
LEG shape=linear_attn.in_proj_fused_qkvzba rep=28 position=13 arm=m5_ipg3 m=5 ipg=3 groups=2 inner=252 gpu_seconds=0.091541917 wall_seconds=0.091762667 seconds_per_dispatch=0.000363261574 gbps=261.312528
LEG shape=linear_attn.in_proj_fused_qkvzba rep=28 position=14 arm=m4_ipg4 m=4 ipg=4 groups=1 inner=252 gpu_seconds=0.060498375 wall_seconds=0.060724458 seconds_per_dispatch=0.000240072917 gbps=197.699935
LEG shape=linear_attn.in_proj_fused_qkvzba rep=28 position=15 arm=m4_ipg2 m=4 ipg=2 groups=2 inner=252 gpu_seconds=0.085887750 wall_seconds=0.086132917 seconds_per_dispatch=0.000340824404 gbps=278.515267
LEG shape=linear_attn.in_proj_fused_qkvzba rep=29 position=0 arm=m4_ipg2 m=4 ipg=2 groups=2 inner=252 gpu_seconds=0.085941958 wall_seconds=0.086176958 seconds_per_dispatch=0.000341039518 gbps=278.339591
LEG shape=linear_attn.in_proj_fused_qkvzba rep=29 position=1 arm=m4_ipg4 m=4 ipg=4 groups=1 inner=252 gpu_seconds=0.060498958 wall_seconds=0.060722208 seconds_per_dispatch=0.000240075231 gbps=197.698029
LEG shape=linear_attn.in_proj_fused_qkvzba rep=29 position=2 arm=m5_ipg3 m=5 ipg=3 groups=2 inner=252 gpu_seconds=0.091647667 wall_seconds=0.091874417 seconds_per_dispatch=0.000363681217 gbps=261.011005
LEG shape=linear_attn.in_proj_fused_qkvzba rep=29 position=3 arm=m5_ipg5 m=5 ipg=5 groups=1 inner=252 gpu_seconds=0.071643542 wall_seconds=0.071870000 seconds_per_dispatch=0.000284299769 gbps=166.944912
LEG shape=linear_attn.in_proj_fused_qkvzba rep=29 position=4 arm=m6_ipg3 m=6 ipg=3 groups=2 inner=252 gpu_seconds=0.098803042 wall_seconds=0.099029958 seconds_per_dispatch=0.000392075562 gbps=242.108433
LEG shape=linear_attn.in_proj_fused_qkvzba rep=29 position=5 arm=m6_ipg6 m=6 ipg=6 groups=1 inner=252 gpu_seconds=0.091691250 wall_seconds=0.091904542 seconds_per_dispatch=0.000363854167 gbps=130.443470
LEG shape=linear_attn.in_proj_fused_qkvzba rep=29 position=6 arm=m9_ipg3 m=9 ipg=3 groups=3 inner=252 gpu_seconds=0.145926000 wall_seconds=0.146163083 seconds_per_dispatch=0.000579071428 gbps=245.888837
LEG shape=linear_attn.in_proj_fused_qkvzba rep=29 position=7 arm=m9_ipg5 m=9 ipg=5 groups=2 inner=252 gpu_seconds=0.126536250 wall_seconds=0.126767333 seconds_per_dispatch=0.000502127976 gbps=189.045034
LEG shape=linear_attn.in_proj_fused_qkvzba rep=29 position=8 arm=m9_ipg5 m=9 ipg=5 groups=2 inner=252 gpu_seconds=0.126629000 wall_seconds=0.126851292 seconds_per_dispatch=0.000502496032 gbps=188.906566
LEG shape=linear_attn.in_proj_fused_qkvzba rep=29 position=9 arm=m9_ipg3 m=9 ipg=3 groups=3 inner=252 gpu_seconds=0.145879708 wall_seconds=0.146109500 seconds_per_dispatch=0.000578887732 gbps=245.966864
LEG shape=linear_attn.in_proj_fused_qkvzba rep=29 position=10 arm=m6_ipg6 m=6 ipg=6 groups=1 inner=252 gpu_seconds=0.091757000 wall_seconds=0.091995208 seconds_per_dispatch=0.000364115079 gbps=130.349998
LEG shape=linear_attn.in_proj_fused_qkvzba rep=29 position=11 arm=m6_ipg3 m=6 ipg=3 groups=2 inner=252 gpu_seconds=0.098782125 wall_seconds=0.099032042 seconds_per_dispatch=0.000391992559 gbps=242.159699
LEG shape=linear_attn.in_proj_fused_qkvzba rep=29 position=12 arm=m5_ipg5 m=5 ipg=5 groups=1 inner=252 gpu_seconds=0.071595792 wall_seconds=0.071804125 seconds_per_dispatch=0.000284110285 gbps=167.056254
LEG shape=linear_attn.in_proj_fused_qkvzba rep=29 position=13 arm=m5_ipg3 m=5 ipg=3 groups=2 inner=252 gpu_seconds=0.091656917 wall_seconds=0.091866083 seconds_per_dispatch=0.000363717924 gbps=260.984664
LEG shape=linear_attn.in_proj_fused_qkvzba rep=29 position=14 arm=m4_ipg4 m=4 ipg=4 groups=1 inner=252 gpu_seconds=0.060619625 wall_seconds=0.060855333 seconds_per_dispatch=0.000240554068 gbps=197.304500
LEG shape=linear_attn.in_proj_fused_qkvzba rep=29 position=15 arm=m4_ipg2 m=4 ipg=2 groups=2 inner=252 gpu_seconds=0.085875333 wall_seconds=0.086100417 seconds_per_dispatch=0.000340775132 gbps=278.555537
LEG shape=linear_attn.in_proj_fused_qkvzba rep=30 position=0 arm=m4_ipg2 m=4 ipg=2 groups=2 inner=252 gpu_seconds=0.086096958 wall_seconds=0.086308375 seconds_per_dispatch=0.000341654597 gbps=277.838498
LEG shape=linear_attn.in_proj_fused_qkvzba rep=30 position=1 arm=m4_ipg4 m=4 ipg=4 groups=1 inner=252 gpu_seconds=0.060517208 wall_seconds=0.060745958 seconds_per_dispatch=0.000240147652 gbps=197.638409
LEG shape=linear_attn.in_proj_fused_qkvzba rep=30 position=2 arm=m5_ipg3 m=5 ipg=3 groups=2 inner=252 gpu_seconds=0.091602167 wall_seconds=0.091820583 seconds_per_dispatch=0.000363500661 gbps=261.140653
LEG shape=linear_attn.in_proj_fused_qkvzba rep=30 position=3 arm=m5_ipg5 m=5 ipg=5 groups=1 inner=252 gpu_seconds=0.071567917 wall_seconds=0.071791292 seconds_per_dispatch=0.000283999669 gbps=167.121322
LEG shape=linear_attn.in_proj_fused_qkvzba rep=30 position=4 arm=m6_ipg3 m=6 ipg=3 groups=2 inner=252 gpu_seconds=0.098805375 wall_seconds=0.099038042 seconds_per_dispatch=0.000392084821 gbps=242.102716
LEG shape=linear_attn.in_proj_fused_qkvzba rep=30 position=5 arm=m6_ipg6 m=6 ipg=6 groups=1 inner=252 gpu_seconds=0.091746208 wall_seconds=0.091971417 seconds_per_dispatch=0.000364072255 gbps=130.365331
LEG shape=linear_attn.in_proj_fused_qkvzba rep=30 position=6 arm=m9_ipg3 m=9 ipg=3 groups=3 inner=252 gpu_seconds=0.145870333 wall_seconds=0.146109292 seconds_per_dispatch=0.000578850529 gbps=245.982672
LEG shape=linear_attn.in_proj_fused_qkvzba rep=30 position=7 arm=m9_ipg5 m=9 ipg=5 groups=2 inner=252 gpu_seconds=0.126568125 wall_seconds=0.126800333 seconds_per_dispatch=0.000502254464 gbps=188.997424
LEG shape=linear_attn.in_proj_fused_qkvzba rep=30 position=8 arm=m9_ipg5 m=9 ipg=5 groups=2 inner=252 gpu_seconds=0.126745000 wall_seconds=0.126992458 seconds_per_dispatch=0.000502956349 gbps=188.733675
LEG shape=linear_attn.in_proj_fused_qkvzba rep=30 position=9 arm=m9_ipg3 m=9 ipg=3 groups=3 inner=252 gpu_seconds=0.145790166 wall_seconds=0.146007750 seconds_per_dispatch=0.000578532407 gbps=246.117933
LEG shape=linear_attn.in_proj_fused_qkvzba rep=30 position=10 arm=m6_ipg6 m=6 ipg=6 groups=1 inner=252 gpu_seconds=0.091925375 wall_seconds=0.092147417 seconds_per_dispatch=0.000364783235 gbps=130.111243
LEG shape=linear_attn.in_proj_fused_qkvzba rep=30 position=11 arm=m6_ipg3 m=6 ipg=3 groups=2 inner=252 gpu_seconds=0.098540375 wall_seconds=0.098771833 seconds_per_dispatch=0.000391033234 gbps=242.753791
LEG shape=linear_attn.in_proj_fused_qkvzba rep=30 position=12 arm=m5_ipg5 m=5 ipg=5 groups=1 inner=252 gpu_seconds=0.071690167 wall_seconds=0.071914667 seconds_per_dispatch=0.000284484789 gbps=166.836337
LEG shape=linear_attn.in_proj_fused_qkvzba rep=30 position=13 arm=m5_ipg3 m=5 ipg=3 groups=2 inner=252 gpu_seconds=0.091602625 wall_seconds=0.091818792 seconds_per_dispatch=0.000363502480 gbps=261.139347
LEG shape=linear_attn.in_proj_fused_qkvzba rep=30 position=14 arm=m4_ipg4 m=4 ipg=4 groups=1 inner=252 gpu_seconds=0.060496542 wall_seconds=0.060701542 seconds_per_dispatch=0.000240065642 gbps=197.705926
LEG shape=linear_attn.in_proj_fused_qkvzba rep=30 position=15 arm=m4_ipg2 m=4 ipg=2 groups=2 inner=252 gpu_seconds=0.085894333 wall_seconds=0.086088917 seconds_per_dispatch=0.000340850529 gbps=278.493920
e73_cell_ab: linear_attn.in_proj_fused_qkvzba inner=252 legs=496 entry=40.39C exit=65.90C
SHAPE shape=linear_attn.in_proj_fused_qkvzba k=5120 n=16480 inner=252 legs=496 bytes_per_stream=47462400 entry_gpu_temp_c=40.39 exit_gpu_temp_c=65.90
PARITY shape=full_attn.qkv_proj_fused arm=m4_ipg2 m=4 ipg=2 differing=0 zero_rows=0 compared_rows=4
PARITY shape=full_attn.qkv_proj_fused arm=m4_ipg4 m=4 ipg=4 differing=0 zero_rows=0 compared_rows=4
PARITY shape=full_attn.qkv_proj_fused arm=m5_ipg3 m=5 ipg=3 differing=0 zero_rows=0 compared_rows=5
PARITY shape=full_attn.qkv_proj_fused arm=m5_ipg5 m=5 ipg=5 differing=0 zero_rows=0 compared_rows=5
PARITY shape=full_attn.qkv_proj_fused arm=m6_ipg3 m=6 ipg=3 differing=0 zero_rows=0 compared_rows=6
PARITY shape=full_attn.qkv_proj_fused arm=m6_ipg6 m=6 ipg=6 differing=0 zero_rows=0 compared_rows=6
PARITY shape=full_attn.qkv_proj_fused arm=m9_ipg3 m=9 ipg=3 differing=0 zero_rows=0 compared_rows=9
PARITY shape=full_attn.qkv_proj_fused arm=m9_ipg5 m=9 ipg=5 differing=0 zero_rows=0 compared_rows=9
LEG shape=full_attn.qkv_proj_fused rep=0 position=0 arm=m4_ipg2 m=4 ipg=2 groups=2 inner=290 gpu_seconds=0.086569375 wall_seconds=0.086754250 seconds_per_dispatch=0.000298515086 gbps=276.620392
LEG shape=full_attn.qkv_proj_fused rep=0 position=1 arm=m4_ipg4 m=4 ipg=4 groups=1 inner=290 gpu_seconds=0.061220417 wall_seconds=0.061421958 seconds_per_dispatch=0.000211104886 gbps=195.578989
LEG shape=full_attn.qkv_proj_fused rep=0 position=2 arm=m5_ipg3 m=5 ipg=3 groups=2 inner=290 gpu_seconds=0.092325458 wall_seconds=0.092549583 seconds_per_dispatch=0.000318363649 gbps=259.374336
LEG shape=full_attn.qkv_proj_fused rep=0 position=3 arm=m5_ipg5 m=5 ipg=5 groups=1 inner=290 gpu_seconds=0.072432208 wall_seconds=0.072704292 seconds_per_dispatch=0.000249766236 gbps=165.305290
LEG shape=full_attn.qkv_proj_fused rep=0 position=4 arm=m6_ipg3 m=6 ipg=3 groups=2 inner=290 gpu_seconds=0.099565125 wall_seconds=0.099802000 seconds_per_dispatch=0.000343328017 gbps=240.514481
LEG shape=full_attn.qkv_proj_fused rep=0 position=5 arm=m6_ipg6 m=6 ipg=6 groups=1 inner=290 gpu_seconds=0.092718667 wall_seconds=0.092959333 seconds_per_dispatch=0.000319719540 gbps=129.137181
LEG shape=full_attn.qkv_proj_fused rep=0 position=6 arm=m9_ipg3 m=9 ipg=3 groups=3 inner=290 gpu_seconds=0.146420750 wall_seconds=0.146657708 seconds_per_dispatch=0.000504899138 gbps=245.322344
LEG shape=full_attn.qkv_proj_fused rep=0 position=7 arm=m9_ipg5 m=9 ipg=5 groups=2 inner=290 gpu_seconds=0.127600000 wall_seconds=0.127833167 seconds_per_dispatch=0.000440000000 gbps=187.671273
LEG shape=full_attn.qkv_proj_fused rep=0 position=8 arm=m9_ipg5 m=9 ipg=5 groups=2 inner=290 gpu_seconds=0.127448542 wall_seconds=0.127664250 seconds_per_dispatch=0.000439477730 gbps=187.894299
LEG shape=full_attn.qkv_proj_fused rep=0 position=9 arm=m9_ipg3 m=9 ipg=3 groups=3 inner=290 gpu_seconds=0.146726542 wall_seconds=0.146955083 seconds_per_dispatch=0.000505953592 gbps=244.811070
LEG shape=full_attn.qkv_proj_fused rep=0 position=10 arm=m6_ipg6 m=6 ipg=6 groups=1 inner=290 gpu_seconds=0.092640833 wall_seconds=0.092876083 seconds_per_dispatch=0.000319451149 gbps=129.245677
LEG shape=full_attn.qkv_proj_fused rep=0 position=11 arm=m6_ipg3 m=6 ipg=3 groups=2 inner=290 gpu_seconds=0.099489875 wall_seconds=0.099717667 seconds_per_dispatch=0.000343068535 gbps=240.696396
LEG shape=full_attn.qkv_proj_fused rep=0 position=12 arm=m5_ipg5 m=5 ipg=5 groups=1 inner=290 gpu_seconds=0.072506250 wall_seconds=0.072746750 seconds_per_dispatch=0.000250021552 gbps=165.136484
LEG shape=full_attn.qkv_proj_fused rep=0 position=13 arm=m5_ipg3 m=5 ipg=3 groups=2 inner=290 gpu_seconds=0.092311125 wall_seconds=0.092562625 seconds_per_dispatch=0.000318314224 gbps=259.414609
LEG shape=full_attn.qkv_proj_fused rep=0 position=14 arm=m4_ipg4 m=4 ipg=4 groups=1 inner=290 gpu_seconds=0.061252167 wall_seconds=0.061468542 seconds_per_dispatch=0.000211214367 gbps=195.477611
LEG shape=full_attn.qkv_proj_fused rep=0 position=15 arm=m4_ipg2 m=4 ipg=2 groups=2 inner=290 gpu_seconds=0.086582000 wall_seconds=0.086815125 seconds_per_dispatch=0.000298558621 gbps=276.580055
LEG shape=full_attn.qkv_proj_fused rep=1 position=0 arm=m4_ipg2 m=4 ipg=2 groups=2 inner=290 gpu_seconds=0.086567375 wall_seconds=0.086787333 seconds_per_dispatch=0.000298508190 gbps=276.626782
LEG shape=full_attn.qkv_proj_fused rep=1 position=1 arm=m4_ipg4 m=4 ipg=4 groups=1 inner=290 gpu_seconds=0.061213208 wall_seconds=0.061438958 seconds_per_dispatch=0.000211080029 gbps=195.602020
LEG shape=full_attn.qkv_proj_fused rep=1 position=2 arm=m5_ipg3 m=5 ipg=3 groups=2 inner=290 gpu_seconds=0.092323167 wall_seconds=0.092564542 seconds_per_dispatch=0.000318355748 gbps=259.380773
LEG shape=full_attn.qkv_proj_fused rep=1 position=3 arm=m5_ipg5 m=5 ipg=5 groups=1 inner=290 gpu_seconds=0.072360250 wall_seconds=0.072565125 seconds_per_dispatch=0.000249518103 gbps=165.469677
LEG shape=full_attn.qkv_proj_fused rep=1 position=4 arm=m6_ipg3 m=6 ipg=3 groups=2 inner=290 gpu_seconds=0.099451875 wall_seconds=0.099657333 seconds_per_dispatch=0.000342937500 gbps=240.788365
LEG shape=full_attn.qkv_proj_fused rep=1 position=5 arm=m6_ipg6 m=6 ipg=6 groups=1 inner=290 gpu_seconds=0.092627375 wall_seconds=0.092870167 seconds_per_dispatch=0.000319404741 gbps=129.264456
LEG shape=full_attn.qkv_proj_fused rep=1 position=6 arm=m9_ipg3 m=9 ipg=3 groups=3 inner=290 gpu_seconds=0.146785292 wall_seconds=0.146998500 seconds_per_dispatch=0.000506156178 gbps=244.713085
LEG shape=full_attn.qkv_proj_fused rep=1 position=7 arm=m9_ipg5 m=9 ipg=5 groups=2 inner=290 gpu_seconds=0.127564000 wall_seconds=0.127809333 seconds_per_dispatch=0.000439875862 gbps=187.724236
LEG shape=full_attn.qkv_proj_fused rep=1 position=8 arm=m9_ipg5 m=9 ipg=5 groups=2 inner=290 gpu_seconds=0.127574458 wall_seconds=0.127812917 seconds_per_dispatch=0.000439911926 gbps=187.708846
LEG shape=full_attn.qkv_proj_fused rep=1 position=9 arm=m9_ipg3 m=9 ipg=3 groups=3 inner=290 gpu_seconds=0.146698500 wall_seconds=0.146929917 seconds_per_dispatch=0.000505856897 gbps=244.857866
LEG shape=full_attn.qkv_proj_fused rep=1 position=10 arm=m6_ipg6 m=6 ipg=6 groups=1 inner=290 gpu_seconds=0.092683500 wall_seconds=0.092907458 seconds_per_dispatch=0.000319598276 gbps=129.186179
LEG shape=full_attn.qkv_proj_fused rep=1 position=11 arm=m6_ipg3 m=6 ipg=3 groups=2 inner=290 gpu_seconds=0.099559458 wall_seconds=0.099764500 seconds_per_dispatch=0.000343308477 gbps=240.528171
LEG shape=full_attn.qkv_proj_fused rep=1 position=12 arm=m5_ipg5 m=5 ipg=5 groups=1 inner=290 gpu_seconds=0.072366250 wall_seconds=0.072566667 seconds_per_dispatch=0.000249538793 gbps=165.455958
LEG shape=full_attn.qkv_proj_fused rep=1 position=13 arm=m5_ipg3 m=5 ipg=3 groups=2 inner=290 gpu_seconds=0.092309250 wall_seconds=0.092528000 seconds_per_dispatch=0.000318307759 gbps=259.419878
LEG shape=full_attn.qkv_proj_fused rep=1 position=14 arm=m4_ipg4 m=4 ipg=4 groups=1 inner=290 gpu_seconds=0.061199334 wall_seconds=0.061425833 seconds_per_dispatch=0.000211032185 gbps=195.646366
LEG shape=full_attn.qkv_proj_fused rep=1 position=15 arm=m4_ipg2 m=4 ipg=2 groups=2 inner=290 gpu_seconds=0.086518917 wall_seconds=0.086779833 seconds_per_dispatch=0.000298341092 gbps=276.781718
LEG shape=full_attn.qkv_proj_fused rep=2 position=0 arm=m4_ipg2 m=4 ipg=2 groups=2 inner=290 gpu_seconds=0.086611750 wall_seconds=0.086842750 seconds_per_dispatch=0.000298661207 gbps=276.485054
LEG shape=full_attn.qkv_proj_fused rep=2 position=1 arm=m4_ipg4 m=4 ipg=4 groups=1 inner=290 gpu_seconds=0.061166833 wall_seconds=0.061390208 seconds_per_dispatch=0.000210920115 gbps=195.750320
LEG shape=full_attn.qkv_proj_fused rep=2 position=2 arm=m5_ipg3 m=5 ipg=3 groups=2 inner=290 gpu_seconds=0.092245208 wall_seconds=0.092481708 seconds_per_dispatch=0.000318086925 gbps=259.599982
LEG shape=full_attn.qkv_proj_fused rep=2 position=3 arm=m5_ipg5 m=5 ipg=5 groups=1 inner=290 gpu_seconds=0.072481750 wall_seconds=0.072712333 seconds_per_dispatch=0.000249937069 gbps=165.192303
LEG shape=full_attn.qkv_proj_fused rep=2 position=4 arm=m6_ipg3 m=6 ipg=3 groups=2 inner=290 gpu_seconds=0.099530125 wall_seconds=0.099761542 seconds_per_dispatch=0.000343207328 gbps=240.599059
LEG shape=full_attn.qkv_proj_fused rep=2 position=5 arm=m6_ipg6 m=6 ipg=6 groups=1 inner=290 gpu_seconds=0.091959292 wall_seconds=0.092181833 seconds_per_dispatch=0.000317101006 gbps=130.203560
LEG shape=full_attn.qkv_proj_fused rep=2 position=6 arm=m9_ipg3 m=9 ipg=3 groups=3 inner=290 gpu_seconds=0.145858125 wall_seconds=0.146119083 seconds_per_dispatch=0.000502959052 gbps=246.268637
LEG shape=full_attn.qkv_proj_fused rep=2 position=7 arm=m9_ipg5 m=9 ipg=5 groups=2 inner=290 gpu_seconds=0.126896458 wall_seconds=0.127191250 seconds_per_dispatch=0.000437573994 gbps=188.711763
LEG shape=full_attn.qkv_proj_fused rep=2 position=8 arm=m9_ipg5 m=9 ipg=5 groups=2 inner=290 gpu_seconds=0.127309625 wall_seconds=0.127584000 seconds_per_dispatch=0.000438998707 gbps=188.099324
LEG shape=full_attn.qkv_proj_fused rep=2 position=9 arm=m9_ipg3 m=9 ipg=3 groups=3 inner=290 gpu_seconds=0.146731875 wall_seconds=0.147045625 seconds_per_dispatch=0.000505971982 gbps=244.802171
LEG shape=full_attn.qkv_proj_fused rep=2 position=10 arm=m6_ipg6 m=6 ipg=6 groups=1 inner=290 gpu_seconds=0.092807375 wall_seconds=0.093042417 seconds_per_dispatch=0.000320025431 gbps=129.013747
LEG shape=full_attn.qkv_proj_fused rep=2 position=11 arm=m6_ipg3 m=6 ipg=3 groups=2 inner=290 gpu_seconds=0.099520125 wall_seconds=0.099740792 seconds_per_dispatch=0.000343172845 gbps=240.623235
LEG shape=full_attn.qkv_proj_fused rep=2 position=12 arm=m5_ipg5 m=5 ipg=5 groups=1 inner=290 gpu_seconds=0.072434084 wall_seconds=0.072642250 seconds_per_dispatch=0.000249772702 gbps=165.301010
LEG shape=full_attn.qkv_proj_fused rep=2 position=13 arm=m5_ipg3 m=5 ipg=3 groups=2 inner=290 gpu_seconds=0.092278625 wall_seconds=0.092515417 seconds_per_dispatch=0.000318202155 gbps=259.505974
LEG shape=full_attn.qkv_proj_fused rep=2 position=14 arm=m4_ipg4 m=4 ipg=4 groups=1 inner=290 gpu_seconds=0.061276042 wall_seconds=0.061501708 seconds_per_dispatch=0.000211296695 gbps=195.401447
LEG shape=full_attn.qkv_proj_fused rep=2 position=15 arm=m4_ipg2 m=4 ipg=2 groups=2 inner=290 gpu_seconds=0.086592625 wall_seconds=0.086826167 seconds_per_dispatch=0.000298595258 gbps=276.546120
LEG shape=full_attn.qkv_proj_fused rep=3 position=0 arm=m4_ipg2 m=4 ipg=2 groups=2 inner=290 gpu_seconds=0.086532000 wall_seconds=0.086768458 seconds_per_dispatch=0.000298386207 gbps=276.739870
LEG shape=full_attn.qkv_proj_fused rep=3 position=1 arm=m4_ipg4 m=4 ipg=4 groups=1 inner=290 gpu_seconds=0.061269750 wall_seconds=0.061503000 seconds_per_dispatch=0.000211275000 gbps=195.421512
LEG shape=full_attn.qkv_proj_fused rep=3 position=2 arm=m5_ipg3 m=5 ipg=3 groups=2 inner=290 gpu_seconds=0.092322667 wall_seconds=0.092549833 seconds_per_dispatch=0.000318354023 gbps=259.382178
LEG shape=full_attn.qkv_proj_fused rep=3 position=3 arm=m5_ipg5 m=5 ipg=5 groups=1 inner=290 gpu_seconds=0.072476750 wall_seconds=0.072697958 seconds_per_dispatch=0.000249919828 gbps=165.203699
LEG shape=full_attn.qkv_proj_fused rep=3 position=4 arm=m6_ipg3 m=6 ipg=3 groups=2 inner=290 gpu_seconds=0.099508958 wall_seconds=0.099742292 seconds_per_dispatch=0.000343134339 gbps=240.650237
LEG shape=full_attn.qkv_proj_fused rep=3 position=5 arm=m6_ipg6 m=6 ipg=6 groups=1 inner=290 gpu_seconds=0.092665958 wall_seconds=0.092898833 seconds_per_dispatch=0.000319537788 gbps=129.210634
LEG shape=full_attn.qkv_proj_fused rep=3 position=6 arm=m9_ipg3 m=9 ipg=3 groups=3 inner=290 gpu_seconds=0.146693125 wall_seconds=0.146929542 seconds_per_dispatch=0.000505838362 gbps=244.866838
LEG shape=full_attn.qkv_proj_fused rep=3 position=7 arm=m9_ipg5 m=9 ipg=5 groups=2 inner=290 gpu_seconds=0.127202500 wall_seconds=0.127431833 seconds_per_dispatch=0.000438629310 gbps=188.257734
LEG shape=full_attn.qkv_proj_fused rep=3 position=8 arm=m9_ipg5 m=9 ipg=5 groups=2 inner=290 gpu_seconds=0.127393625 wall_seconds=0.127592125 seconds_per_dispatch=0.000439288362 gbps=187.975296
LEG shape=full_attn.qkv_proj_fused rep=3 position=9 arm=m9_ipg3 m=9 ipg=3 groups=3 inner=290 gpu_seconds=0.146701375 wall_seconds=0.146942292 seconds_per_dispatch=0.000505866810 gbps=244.853067
LEG shape=full_attn.qkv_proj_fused rep=3 position=10 arm=m6_ipg6 m=6 ipg=6 groups=1 inner=290 gpu_seconds=0.092706125 wall_seconds=0.092930917 seconds_per_dispatch=0.000319676293 gbps=129.154651
LEG shape=full_attn.qkv_proj_fused rep=3 position=11 arm=m6_ipg3 m=6 ipg=3 groups=2 inner=290 gpu_seconds=0.099576209 wall_seconds=0.099806458 seconds_per_dispatch=0.000343366236 gbps=240.487710
LEG shape=full_attn.qkv_proj_fused rep=3 position=12 arm=m5_ipg5 m=5 ipg=5 groups=1 inner=290 gpu_seconds=0.072435000 wall_seconds=0.072664292 seconds_per_dispatch=0.000249775862 gbps=165.298919
LEG shape=full_attn.qkv_proj_fused rep=3 position=13 arm=m5_ipg3 m=5 ipg=3 groups=2 inner=290 gpu_seconds=0.092280792 wall_seconds=0.092507000 seconds_per_dispatch=0.000318209626 gbps=259.499881
LEG shape=full_attn.qkv_proj_fused rep=3 position=14 arm=m4_ipg4 m=4 ipg=4 groups=1 inner=290 gpu_seconds=0.061338292 wall_seconds=0.061564083 seconds_per_dispatch=0.000211511351 gbps=195.203141
LEG shape=full_attn.qkv_proj_fused rep=3 position=15 arm=m4_ipg2 m=4 ipg=2 groups=2 inner=290 gpu_seconds=0.086714583 wall_seconds=0.086948292 seconds_per_dispatch=0.000299015804 gbps=276.157176
LEG shape=full_attn.qkv_proj_fused rep=4 position=0 arm=m4_ipg2 m=4 ipg=2 groups=2 inner=290 gpu_seconds=0.086607667 wall_seconds=0.086838083 seconds_per_dispatch=0.000298647127 gbps=276.498090
LEG shape=full_attn.qkv_proj_fused rep=4 position=1 arm=m4_ipg4 m=4 ipg=4 groups=1 inner=290 gpu_seconds=0.061170000 wall_seconds=0.061415417 seconds_per_dispatch=0.000210931035 gbps=195.740186
LEG shape=full_attn.qkv_proj_fused rep=4 position=2 arm=m5_ipg3 m=5 ipg=3 groups=2 inner=290 gpu_seconds=0.092397500 wall_seconds=0.092693458 seconds_per_dispatch=0.000318612069 gbps=259.172103
LEG shape=full_attn.qkv_proj_fused rep=4 position=3 arm=m5_ipg5 m=5 ipg=5 groups=1 inner=290 gpu_seconds=0.072466458 wall_seconds=0.072689250 seconds_per_dispatch=0.000249884339 gbps=165.227161
LEG shape=full_attn.qkv_proj_fused rep=4 position=4 arm=m6_ipg3 m=6 ipg=3 groups=2 inner=290 gpu_seconds=0.099459083 wall_seconds=0.099697292 seconds_per_dispatch=0.000342962356 gbps=240.770914
LEG shape=full_attn.qkv_proj_fused rep=4 position=5 arm=m6_ipg6 m=6 ipg=6 groups=1 inner=290 gpu_seconds=0.092740750 wall_seconds=0.092955875 seconds_per_dispatch=0.000319795690 gbps=129.106430
LEG shape=full_attn.qkv_proj_fused rep=4 position=6 arm=m9_ipg3 m=9 ipg=3 groups=3 inner=290 gpu_seconds=0.146767834 wall_seconds=0.147066333 seconds_per_dispatch=0.000506095978 gbps=244.742194
LEG shape=full_attn.qkv_proj_fused rep=4 position=7 arm=m9_ipg5 m=9 ipg=5 groups=2 inner=290 gpu_seconds=0.127437625 wall_seconds=0.127673667 seconds_per_dispatch=0.000439440086 gbps=187.910394
LEG shape=full_attn.qkv_proj_fused rep=4 position=8 arm=m9_ipg5 m=9 ipg=5 groups=2 inner=290 gpu_seconds=0.127501000 wall_seconds=0.127736292 seconds_per_dispatch=0.000439658621 gbps=187.816993
LEG shape=full_attn.qkv_proj_fused rep=4 position=9 arm=m9_ipg3 m=9 ipg=3 groups=3 inner=290 gpu_seconds=0.146724125 wall_seconds=0.146964458 seconds_per_dispatch=0.000505945259 gbps=244.815102
LEG shape=full_attn.qkv_proj_fused rep=4 position=10 arm=m6_ipg6 m=6 ipg=6 groups=1 inner=290 gpu_seconds=0.092751417 wall_seconds=0.092992833 seconds_per_dispatch=0.000319832471 gbps=129.091583
LEG shape=full_attn.qkv_proj_fused rep=4 position=11 arm=m6_ipg3 m=6 ipg=3 groups=2 inner=290 gpu_seconds=0.099576000 wall_seconds=0.099814667 seconds_per_dispatch=0.000343365518 gbps=240.488214
LEG shape=full_attn.qkv_proj_fused rep=4 position=12 arm=m5_ipg5 m=5 ipg=5 groups=1 inner=290 gpu_seconds=0.072387500 wall_seconds=0.072622625 seconds_per_dispatch=0.000249612070 gbps=165.407386
LEG shape=full_attn.qkv_proj_fused rep=4 position=13 arm=m5_ipg3 m=5 ipg=3 groups=2 inner=290 gpu_seconds=0.092337000 wall_seconds=0.092566292 seconds_per_dispatch=0.000318403448 gbps=259.341915
LEG shape=full_attn.qkv_proj_fused rep=4 position=14 arm=m4_ipg4 m=4 ipg=4 groups=1 inner=290 gpu_seconds=0.061192708 wall_seconds=0.061422292 seconds_per_dispatch=0.000211009339 gbps=195.667548
LEG shape=full_attn.qkv_proj_fused rep=4 position=15 arm=m4_ipg2 m=4 ipg=2 groups=2 inner=290 gpu_seconds=0.086457750 wall_seconds=0.086689250 seconds_per_dispatch=0.000298130172 gbps=276.977535
LEG shape=full_attn.qkv_proj_fused rep=5 position=0 arm=m4_ipg2 m=4 ipg=2 groups=2 inner=290 gpu_seconds=0.086610625 wall_seconds=0.086824208 seconds_per_dispatch=0.000298657328 gbps=276.488645
LEG shape=full_attn.qkv_proj_fused rep=5 position=1 arm=m4_ipg4 m=4 ipg=4 groups=1 inner=290 gpu_seconds=0.061312125 wall_seconds=0.061543833 seconds_per_dispatch=0.000211421121 gbps=195.286449
LEG shape=full_attn.qkv_proj_fused rep=5 position=2 arm=m5_ipg3 m=5 ipg=3 groups=2 inner=290 gpu_seconds=0.092333833 wall_seconds=0.092555208 seconds_per_dispatch=0.000318392528 gbps=259.350810
LEG shape=full_attn.qkv_proj_fused rep=5 position=3 arm=m5_ipg5 m=5 ipg=5 groups=1 inner=290 gpu_seconds=0.072410792 wall_seconds=0.072661292 seconds_per_dispatch=0.000249692385 gbps=165.354182
LEG shape=full_attn.qkv_proj_fused rep=5 position=4 arm=m6_ipg3 m=6 ipg=3 groups=2 inner=290 gpu_seconds=0.099536000 wall_seconds=0.099790750 seconds_per_dispatch=0.000343227586 gbps=240.584858
LEG shape=full_attn.qkv_proj_fused rep=5 position=5 arm=m6_ipg6 m=6 ipg=6 groups=1 inner=290 gpu_seconds=0.092610042 wall_seconds=0.092810292 seconds_per_dispatch=0.000319344971 gbps=129.288649
LEG shape=full_attn.qkv_proj_fused rep=5 position=6 arm=m9_ipg3 m=9 ipg=3 groups=3 inner=290 gpu_seconds=0.146698875 wall_seconds=0.146899042 seconds_per_dispatch=0.000505858189 gbps=244.857240
LEG shape=full_attn.qkv_proj_fused rep=5 position=7 arm=m9_ipg5 m=9 ipg=5 groups=2 inner=290 gpu_seconds=0.127582250 wall_seconds=0.127826458 seconds_per_dispatch=0.000439938793 gbps=187.697383
LEG shape=full_attn.qkv_proj_fused rep=5 position=8 arm=m9_ipg5 m=9 ipg=5 groups=2 inner=290 gpu_seconds=0.127651333 wall_seconds=0.127877583 seconds_per_dispatch=0.000440177012 gbps=187.595803
LEG shape=full_attn.qkv_proj_fused rep=5 position=9 arm=m9_ipg3 m=9 ipg=3 groups=3 inner=290 gpu_seconds=0.146708625 wall_seconds=0.146921458 seconds_per_dispatch=0.000505891810 gbps=244.840967
LEG shape=full_attn.qkv_proj_fused rep=5 position=10 arm=m6_ipg6 m=6 ipg=6 groups=1 inner=290 gpu_seconds=0.092680125 wall_seconds=0.092930417 seconds_per_dispatch=0.000319586638 gbps=129.190883
LEG shape=full_attn.qkv_proj_fused rep=5 position=11 arm=m6_ipg3 m=6 ipg=3 groups=2 inner=290 gpu_seconds=0.099510125 wall_seconds=0.099717625 seconds_per_dispatch=0.000343138362 gbps=240.647416
LEG shape=full_attn.qkv_proj_fused rep=5 position=12 arm=m5_ipg5 m=5 ipg=5 groups=1 inner=290 gpu_seconds=0.072509875 wall_seconds=0.072739208 seconds_per_dispatch=0.000250034051 gbps=165.128229
LEG shape=full_attn.qkv_proj_fused rep=5 position=13 arm=m5_ipg3 m=5 ipg=3 groups=2 inner=290 gpu_seconds=0.092299292 wall_seconds=0.092532083 seconds_per_dispatch=0.000318273419 gbps=259.447868
LEG shape=full_attn.qkv_proj_fused rep=5 position=14 arm=m4_ipg4 m=4 ipg=4 groups=1 inner=290 gpu_seconds=0.061265250 wall_seconds=0.061499708 seconds_per_dispatch=0.000211259483 gbps=195.435866
LEG shape=full_attn.qkv_proj_fused rep=5 position=15 arm=m4_ipg2 m=4 ipg=2 groups=2 inner=290 gpu_seconds=0.086538833 wall_seconds=0.086771250 seconds_per_dispatch=0.000298409770 gbps=276.718018
LEG shape=full_attn.qkv_proj_fused rep=6 position=0 arm=m4_ipg2 m=4 ipg=2 groups=2 inner=290 gpu_seconds=0.086570625 wall_seconds=0.086807625 seconds_per_dispatch=0.000298519396 gbps=276.616397
LEG shape=full_attn.qkv_proj_fused rep=6 position=1 arm=m4_ipg4 m=4 ipg=4 groups=1 inner=290 gpu_seconds=0.061253000 wall_seconds=0.061489083 seconds_per_dispatch=0.000211217241 gbps=195.474952
LEG shape=full_attn.qkv_proj_fused rep=6 position=2 arm=m5_ipg3 m=5 ipg=3 groups=2 inner=290 gpu_seconds=0.092248958 wall_seconds=0.092481708 seconds_per_dispatch=0.000318099856 gbps=259.589429
LEG shape=full_attn.qkv_proj_fused rep=6 position=3 arm=m5_ipg5 m=5 ipg=5 groups=1 inner=290 gpu_seconds=0.072179042 wall_seconds=0.072394125 seconds_per_dispatch=0.000248893247 gbps=165.885095
LEG shape=full_attn.qkv_proj_fused rep=6 position=4 arm=m6_ipg3 m=6 ipg=3 groups=2 inner=290 gpu_seconds=0.098866750 wall_seconds=0.099093000 seconds_per_dispatch=0.000340919828 gbps=242.213428
LEG shape=full_attn.qkv_proj_fused rep=6 position=5 arm=m6_ipg6 m=6 ipg=6 groups=1 inner=290 gpu_seconds=0.092578583 wall_seconds=0.092815750 seconds_per_dispatch=0.000319236494 gbps=129.332582
LEG shape=full_attn.qkv_proj_fused rep=6 position=6 arm=m9_ipg3 m=9 ipg=3 groups=3 inner=290 gpu_seconds=0.146794250 wall_seconds=0.147043000 seconds_per_dispatch=0.000506187069 gbps=244.698151
LEG shape=full_attn.qkv_proj_fused rep=6 position=7 arm=m9_ipg5 m=9 ipg=5 groups=2 inner=290 gpu_seconds=0.126678917 wall_seconds=0.126918917 seconds_per_dispatch=0.000436823850 gbps=189.035832
LEG shape=full_attn.qkv_proj_fused rep=6 position=8 arm=m9_ipg5 m=9 ipg=5 groups=2 inner=290 gpu_seconds=0.127415750 wall_seconds=0.127700292 seconds_per_dispatch=0.000439364655 gbps=187.942656
LEG shape=full_attn.qkv_proj_fused rep=6 position=9 arm=m9_ipg3 m=9 ipg=3 groups=3 inner=290 gpu_seconds=0.146650542 wall_seconds=0.146891958 seconds_per_dispatch=0.000505691523 gbps=244.937940
LEG shape=full_attn.qkv_proj_fused rep=6 position=10 arm=m6_ipg6 m=6 ipg=6 groups=1 inner=290 gpu_seconds=0.092732375 wall_seconds=0.092971917 seconds_per_dispatch=0.000319766810 gbps=129.118091
LEG shape=full_attn.qkv_proj_fused rep=6 position=11 arm=m6_ipg3 m=6 ipg=3 groups=2 inner=290 gpu_seconds=0.099494542 wall_seconds=0.099782833 seconds_per_dispatch=0.000343084626 gbps=240.685107
LEG shape=full_attn.qkv_proj_fused rep=6 position=12 arm=m5_ipg5 m=5 ipg=5 groups=1 inner=290 gpu_seconds=0.072521208 wall_seconds=0.072759750 seconds_per_dispatch=0.000250073132 gbps=165.102423
LEG shape=full_attn.qkv_proj_fused rep=6 position=13 arm=m5_ipg3 m=5 ipg=3 groups=2 inner=290 gpu_seconds=0.092489792 wall_seconds=0.092718542 seconds_per_dispatch=0.000318930316 gbps=258.913486
LEG shape=full_attn.qkv_proj_fused rep=6 position=14 arm=m4_ipg4 m=4 ipg=4 groups=1 inner=290 gpu_seconds=0.061211875 wall_seconds=0.061437583 seconds_per_dispatch=0.000211075432 gbps=195.606280
LEG shape=full_attn.qkv_proj_fused rep=6 position=15 arm=m4_ipg2 m=4 ipg=2 groups=2 inner=290 gpu_seconds=0.086377167 wall_seconds=0.086607375 seconds_per_dispatch=0.000297852299 gbps=277.235933
LEG shape=full_attn.qkv_proj_fused rep=7 position=0 arm=m4_ipg2 m=4 ipg=2 groups=2 inner=290 gpu_seconds=0.086602000 wall_seconds=0.086842083 seconds_per_dispatch=0.000298627586 gbps=276.516182
LEG shape=full_attn.qkv_proj_fused rep=7 position=1 arm=m4_ipg4 m=4 ipg=4 groups=1 inner=290 gpu_seconds=0.061192875 wall_seconds=0.061482708 seconds_per_dispatch=0.000211009914 gbps=195.667015
LEG shape=full_attn.qkv_proj_fused rep=7 position=2 arm=m5_ipg3 m=5 ipg=3 groups=2 inner=290 gpu_seconds=0.092371917 wall_seconds=0.092603333 seconds_per_dispatch=0.000318523850 gbps=259.243884
LEG shape=full_attn.qkv_proj_fused rep=7 position=3 arm=m5_ipg5 m=5 ipg=5 groups=1 inner=290 gpu_seconds=0.072537125 wall_seconds=0.072769000 seconds_per_dispatch=0.000250128018 gbps=165.066195
LEG shape=full_attn.qkv_proj_fused rep=7 position=4 arm=m6_ipg3 m=6 ipg=3 groups=2 inner=290 gpu_seconds=0.099469875 wall_seconds=0.099714458 seconds_per_dispatch=0.000342999569 gbps=240.744792
LEG shape=full_attn.qkv_proj_fused rep=7 position=5 arm=m6_ipg6 m=6 ipg=6 groups=1 inner=290 gpu_seconds=0.092812000 wall_seconds=0.093034125 seconds_per_dispatch=0.000320041379 gbps=129.007318
LEG shape=full_attn.qkv_proj_fused rep=7 position=6 arm=m9_ipg3 m=9 ipg=3 groups=3 inner=290 gpu_seconds=0.146652583 wall_seconds=0.146890833 seconds_per_dispatch=0.000505698563 gbps=244.934530
LEG shape=full_attn.qkv_proj_fused rep=7 position=7 arm=m9_ipg5 m=9 ipg=5 groups=2 inner=290 gpu_seconds=0.127545458 wall_seconds=0.127779958 seconds_per_dispatch=0.000439811925 gbps=187.751526
LEG shape=full_attn.qkv_proj_fused rep=7 position=8 arm=m9_ipg5 m=9 ipg=5 groups=2 inner=290 gpu_seconds=0.127673000 wall_seconds=0.127903750 seconds_per_dispatch=0.000440251724 gbps=187.563968
LEG shape=full_attn.qkv_proj_fused rep=7 position=9 arm=m9_ipg3 m=9 ipg=3 groups=3 inner=290 gpu_seconds=0.146777292 wall_seconds=0.147040250 seconds_per_dispatch=0.000506128592 gbps=244.726423
LEG shape=full_attn.qkv_proj_fused rep=7 position=10 arm=m6_ipg6 m=6 ipg=6 groups=1 inner=290 gpu_seconds=0.092746000 wall_seconds=0.092974292 seconds_per_dispatch=0.000319813792 gbps=129.099123
LEG shape=full_attn.qkv_proj_fused rep=7 position=11 arm=m6_ipg3 m=6 ipg=3 groups=2 inner=290 gpu_seconds=0.099647333 wall_seconds=0.099881500 seconds_per_dispatch=0.000343611494 gbps=240.316059
LEG shape=full_attn.qkv_proj_fused rep=7 position=12 arm=m5_ipg5 m=5 ipg=5 groups=1 inner=290 gpu_seconds=0.072296625 wall_seconds=0.072535917 seconds_per_dispatch=0.000249298707 gbps=165.615299
LEG shape=full_attn.qkv_proj_fused rep=7 position=13 arm=m5_ipg3 m=5 ipg=3 groups=2 inner=290 gpu_seconds=0.092373583 wall_seconds=0.092612708 seconds_per_dispatch=0.000318529598 gbps=259.239206
LEG shape=full_attn.qkv_proj_fused rep=7 position=14 arm=m4_ipg4 m=4 ipg=4 groups=1 inner=290 gpu_seconds=0.061207917 wall_seconds=0.061492083 seconds_per_dispatch=0.000211061782 gbps=195.618930
LEG shape=full_attn.qkv_proj_fused rep=7 position=15 arm=m4_ipg2 m=4 ipg=2 groups=2 inner=290 gpu_seconds=0.086477625 wall_seconds=0.086726208 seconds_per_dispatch=0.000298198707 gbps=276.913877
LEG shape=full_attn.qkv_proj_fused rep=8 position=0 arm=m4_ipg2 m=4 ipg=2 groups=2 inner=290 gpu_seconds=0.086616625 wall_seconds=0.086890375 seconds_per_dispatch=0.000298678017 gbps=276.469494
LEG shape=full_attn.qkv_proj_fused rep=8 position=1 arm=m4_ipg4 m=4 ipg=4 groups=1 inner=290 gpu_seconds=0.061180500 wall_seconds=0.061407958 seconds_per_dispatch=0.000210967242 gbps=195.706593
LEG shape=full_attn.qkv_proj_fused rep=8 position=2 arm=m5_ipg3 m=5 ipg=3 groups=2 inner=290 gpu_seconds=0.092436125 wall_seconds=0.092672125 seconds_per_dispatch=0.000318745259 gbps=259.063806
LEG shape=full_attn.qkv_proj_fused rep=8 position=3 arm=m5_ipg5 m=5 ipg=5 groups=1 inner=290 gpu_seconds=0.072378250 wall_seconds=0.072610625 seconds_per_dispatch=0.000249580173 gbps=165.428526
LEG shape=full_attn.qkv_proj_fused rep=8 position=4 arm=m6_ipg3 m=6 ipg=3 groups=2 inner=290 gpu_seconds=0.099547875 wall_seconds=0.099785583 seconds_per_dispatch=0.000343268535 gbps=240.556158
LEG shape=full_attn.qkv_proj_fused rep=8 position=5 arm=m6_ipg6 m=6 ipg=6 groups=1 inner=290 gpu_seconds=0.092794292 wall_seconds=0.093026458 seconds_per_dispatch=0.000319980316 gbps=129.031937
LEG shape=full_attn.qkv_proj_fused rep=8 position=6 arm=m9_ipg3 m=9 ipg=3 groups=3 inner=290 gpu_seconds=0.146759875 wall_seconds=0.146985000 seconds_per_dispatch=0.000506068534 gbps=244.755466
LEG shape=full_attn.qkv_proj_fused rep=8 position=7 arm=m9_ipg5 m=9 ipg=5 groups=2 inner=290 gpu_seconds=0.127545125 wall_seconds=0.127784333 seconds_per_dispatch=0.000439810776 gbps=187.752016
LEG shape=full_attn.qkv_proj_fused rep=8 position=8 arm=m9_ipg5 m=9 ipg=5 groups=2 inner=290 gpu_seconds=0.127584125 wall_seconds=0.127837375 seconds_per_dispatch=0.000439945259 gbps=187.694624
LEG shape=full_attn.qkv_proj_fused rep=8 position=9 arm=m9_ipg3 m=9 ipg=3 groups=3 inner=290 gpu_seconds=0.146733042 wall_seconds=0.146976333 seconds_per_dispatch=0.000505976006 gbps=244.800225
LEG shape=full_attn.qkv_proj_fused rep=8 position=10 arm=m6_ipg6 m=6 ipg=6 groups=1 inner=290 gpu_seconds=0.092627667 wall_seconds=0.092860250 seconds_per_dispatch=0.000319405747 gbps=129.264049
LEG shape=full_attn.qkv_proj_fused rep=8 position=11 arm=m6_ipg3 m=6 ipg=3 groups=2 inner=290 gpu_seconds=0.099470500 wall_seconds=0.099678708 seconds_per_dispatch=0.000343001725 gbps=240.743279
LEG shape=full_attn.qkv_proj_fused rep=8 position=12 arm=m5_ipg5 m=5 ipg=5 groups=1 inner=290 gpu_seconds=0.072548958 wall_seconds=0.072782000 seconds_per_dispatch=0.000250168822 gbps=165.039271
LEG shape=full_attn.qkv_proj_fused rep=8 position=13 arm=m5_ipg3 m=5 ipg=3 groups=2 inner=290 gpu_seconds=0.092301458 wall_seconds=0.092542542 seconds_per_dispatch=0.000318280891 gbps=259.441777
LEG shape=full_attn.qkv_proj_fused rep=8 position=14 arm=m4_ipg4 m=4 ipg=4 groups=1 inner=290 gpu_seconds=0.061221792 wall_seconds=0.061458917 seconds_per_dispatch=0.000211109626 gbps=195.574596
LEG shape=full_attn.qkv_proj_fused rep=8 position=15 arm=m4_ipg2 m=4 ipg=2 groups=2 inner=290 gpu_seconds=0.086529000 wall_seconds=0.086768000 seconds_per_dispatch=0.000298375863 gbps=276.749464
LEG shape=full_attn.qkv_proj_fused rep=9 position=0 arm=m4_ipg2 m=4 ipg=2 groups=2 inner=290 gpu_seconds=0.086602250 wall_seconds=0.086837125 seconds_per_dispatch=0.000298628449 gbps=276.515383
LEG shape=full_attn.qkv_proj_fused rep=9 position=1 arm=m4_ipg4 m=4 ipg=4 groups=1 inner=290 gpu_seconds=0.061239625 wall_seconds=0.061469333 seconds_per_dispatch=0.000211171120 gbps=195.517644
LEG shape=full_attn.qkv_proj_fused rep=9 position=2 arm=m5_ipg3 m=5 ipg=3 groups=2 inner=290 gpu_seconds=0.092203000 wall_seconds=0.092461625 seconds_per_dispatch=0.000317941380 gbps=259.718820
LEG shape=full_attn.qkv_proj_fused rep=9 position=3 arm=m5_ipg5 m=5 ipg=5 groups=1 inner=290 gpu_seconds=0.072505875 wall_seconds=0.072735542 seconds_per_dispatch=0.000250020259 gbps=165.137338
LEG shape=full_attn.qkv_proj_fused rep=9 position=4 arm=m6_ipg3 m=6 ipg=3 groups=2 inner=290 gpu_seconds=0.099464958 wall_seconds=0.099693500 seconds_per_dispatch=0.000342982615 gbps=240.756693
LEG shape=full_attn.qkv_proj_fused rep=9 position=5 arm=m6_ipg6 m=6 ipg=6 groups=1 inner=290 gpu_seconds=0.092789000 wall_seconds=0.093006958 seconds_per_dispatch=0.000319962069 gbps=129.039296
LEG shape=full_attn.qkv_proj_fused rep=9 position=6 arm=m9_ipg3 m=9 ipg=3 groups=3 inner=290 gpu_seconds=0.146625125 wall_seconds=0.146853333 seconds_per_dispatch=0.000505603880 gbps=244.980399
LEG shape=full_attn.qkv_proj_fused rep=9 position=7 arm=m9_ipg5 m=9 ipg=5 groups=2 inner=290 gpu_seconds=0.127581083 wall_seconds=0.127839000 seconds_per_dispatch=0.000439934771 gbps=187.699099
LEG shape=full_attn.qkv_proj_fused rep=9 position=8 arm=m9_ipg5 m=9 ipg=5 groups=2 inner=290 gpu_seconds=0.127516792 wall_seconds=0.127735375 seconds_per_dispatch=0.000439713075 gbps=187.793734
LEG shape=full_attn.qkv_proj_fused rep=9 position=9 arm=m9_ipg3 m=9 ipg=3 groups=3 inner=290 gpu_seconds=0.146742458 wall_seconds=0.146982625 seconds_per_dispatch=0.000506008477 gbps=244.784516
LEG shape=full_attn.qkv_proj_fused rep=9 position=10 arm=m6_ipg6 m=6 ipg=6 groups=1 inner=290 gpu_seconds=0.092717083 wall_seconds=0.092951667 seconds_per_dispatch=0.000319714081 gbps=129.139386
LEG shape=full_attn.qkv_proj_fused rep=9 position=11 arm=m6_ipg3 m=6 ipg=3 groups=2 inner=290 gpu_seconds=0.099480125 wall_seconds=0.099731417 seconds_per_dispatch=0.000343034914 gbps=240.719987
LEG shape=full_attn.qkv_proj_fused rep=9 position=12 arm=m5_ipg5 m=5 ipg=5 groups=1 inner=290 gpu_seconds=0.072402250 wall_seconds=0.072618833 seconds_per_dispatch=0.000249662931 gbps=165.373689
LEG shape=full_attn.qkv_proj_fused rep=9 position=13 arm=m5_ipg3 m=5 ipg=3 groups=2 inner=290 gpu_seconds=0.092334958 wall_seconds=0.092542708 seconds_per_dispatch=0.000318396409 gbps=259.347649
LEG shape=full_attn.qkv_proj_fused rep=9 position=14 arm=m4_ipg4 m=4 ipg=4 groups=1 inner=290 gpu_seconds=0.061283625 wall_seconds=0.061512250 seconds_per_dispatch=0.000211322845 gbps=195.377268
LEG shape=full_attn.qkv_proj_fused rep=9 position=15 arm=m4_ipg2 m=4 ipg=2 groups=2 inner=290 gpu_seconds=0.086618250 wall_seconds=0.086852792 seconds_per_dispatch=0.000298683621 gbps=276.464306
LEG shape=full_attn.qkv_proj_fused rep=10 position=0 arm=m4_ipg2 m=4 ipg=2 groups=2 inner=290 gpu_seconds=0.086569125 wall_seconds=0.086794833 seconds_per_dispatch=0.000298514224 gbps=276.621190
LEG shape=full_attn.qkv_proj_fused rep=10 position=1 arm=m4_ipg4 m=4 ipg=4 groups=1 inner=290 gpu_seconds=0.061292500 wall_seconds=0.061514667 seconds_per_dispatch=0.000211353448 gbps=195.348977
LEG shape=full_attn.qkv_proj_fused rep=10 position=2 arm=m5_ipg3 m=5 ipg=3 groups=2 inner=290 gpu_seconds=0.092317250 wall_seconds=0.092538083 seconds_per_dispatch=0.000318335345 gbps=259.397397
LEG shape=full_attn.qkv_proj_fused rep=10 position=3 arm=m5_ipg5 m=5 ipg=5 groups=1 inner=290 gpu_seconds=0.072460333 wall_seconds=0.072693833 seconds_per_dispatch=0.000249863218 gbps=165.241128
LEG shape=full_attn.qkv_proj_fused rep=10 position=4 arm=m6_ipg3 m=6 ipg=3 groups=2 inner=290 gpu_seconds=0.099525750 wall_seconds=0.099770917 seconds_per_dispatch=0.000343192242 gbps=240.609635
LEG shape=full_attn.qkv_proj_fused rep=10 position=5 arm=m6_ipg6 m=6 ipg=6 groups=1 inner=290 gpu_seconds=0.092596625 wall_seconds=0.092819708 seconds_per_dispatch=0.000319298707 gbps=129.307382
LEG shape=full_attn.qkv_proj_fused rep=10 position=6 arm=m9_ipg3 m=9 ipg=3 groups=3 inner=290 gpu_seconds=0.146788375 wall_seconds=0.147025833 seconds_per_dispatch=0.000506166810 gbps=244.707945
LEG shape=full_attn.qkv_proj_fused rep=10 position=7 arm=m9_ipg5 m=9 ipg=5 groups=2 inner=290 gpu_seconds=0.127453458 wall_seconds=0.127699792 seconds_per_dispatch=0.000439494684 gbps=187.887051
LEG shape=full_attn.qkv_proj_fused rep=10 position=8 arm=m9_ipg5 m=9 ipg=5 groups=2 inner=290 gpu_seconds=0.127499458 wall_seconds=0.127745667 seconds_per_dispatch=0.000439653305 gbps=187.819264
LEG shape=full_attn.qkv_proj_fused rep=10 position=9 arm=m9_ipg3 m=9 ipg=3 groups=3 inner=290 gpu_seconds=0.146752250 wall_seconds=0.146990500 seconds_per_dispatch=0.000506042241 gbps=244.768183
LEG shape=full_attn.qkv_proj_fused rep=10 position=10 arm=m6_ipg6 m=6 ipg=6 groups=1 inner=290 gpu_seconds=0.092688208 wall_seconds=0.092917375 seconds_per_dispatch=0.000319614511 gbps=129.179617
LEG shape=full_attn.qkv_proj_fused rep=10 position=11 arm=m6_ipg3 m=6 ipg=3 groups=2 inner=290 gpu_seconds=0.099659542 wall_seconds=0.099914208 seconds_per_dispatch=0.000343653592 gbps=240.286620
LEG shape=full_attn.qkv_proj_fused rep=10 position=12 arm=m5_ipg5 m=5 ipg=5 groups=1 inner=290 gpu_seconds=0.072482542 wall_seconds=0.072710625 seconds_per_dispatch=0.000249939799 gbps=165.190499
LEG shape=full_attn.qkv_proj_fused rep=10 position=13 arm=m5_ipg3 m=5 ipg=3 groups=2 inner=290 gpu_seconds=0.092389542 wall_seconds=0.092622917 seconds_per_dispatch=0.000318584626 gbps=259.194428
LEG shape=full_attn.qkv_proj_fused rep=10 position=14 arm=m4_ipg4 m=4 ipg=4 groups=1 inner=290 gpu_seconds=0.061166375 wall_seconds=0.061386042 seconds_per_dispatch=0.000210918534 gbps=195.751787
LEG shape=full_attn.qkv_proj_fused rep=10 position=15 arm=m4_ipg2 m=4 ipg=2 groups=2 inner=290 gpu_seconds=0.086588292 wall_seconds=0.086836417 seconds_per_dispatch=0.000298580316 gbps=276.559959
LEG shape=full_attn.qkv_proj_fused rep=11 position=0 arm=m4_ipg2 m=4 ipg=2 groups=2 inner=290 gpu_seconds=0.086633500 wall_seconds=0.086846958 seconds_per_dispatch=0.000298736208 gbps=276.415640
LEG shape=full_attn.qkv_proj_fused rep=11 position=1 arm=m4_ipg4 m=4 ipg=4 groups=1 inner=290 gpu_seconds=0.061280042 wall_seconds=0.061507750 seconds_per_dispatch=0.000211310489 gbps=195.388692
LEG shape=full_attn.qkv_proj_fused rep=11 position=2 arm=m5_ipg3 m=5 ipg=3 groups=2 inner=290 gpu_seconds=0.092375375 wall_seconds=0.092618625 seconds_per_dispatch=0.000318535775 gbps=259.234178
LEG shape=full_attn.qkv_proj_fused rep=11 position=3 arm=m5_ipg5 m=5 ipg=5 groups=1 inner=290 gpu_seconds=0.072482625 wall_seconds=0.072721542 seconds_per_dispatch=0.000249940086 gbps=165.190309
LEG shape=full_attn.qkv_proj_fused rep=11 position=4 arm=m6_ipg3 m=6 ipg=3 groups=2 inner=290 gpu_seconds=0.099645708 wall_seconds=0.099874708 seconds_per_dispatch=0.000343605890 gbps=240.319978
LEG shape=full_attn.qkv_proj_fused rep=11 position=5 arm=m6_ipg6 m=6 ipg=6 groups=1 inner=290 gpu_seconds=0.092687458 wall_seconds=0.092917292 seconds_per_dispatch=0.000319611925 gbps=129.180662
LEG shape=full_attn.qkv_proj_fused rep=11 position=6 arm=m9_ipg3 m=9 ipg=3 groups=3 inner=290 gpu_seconds=0.146807083 wall_seconds=0.147051750 seconds_per_dispatch=0.000506231322 gbps=244.676761
LEG shape=full_attn.qkv_proj_fused rep=11 position=7 arm=m9_ipg5 m=9 ipg=5 groups=2 inner=290 gpu_seconds=0.127628917 wall_seconds=0.127850042 seconds_per_dispatch=0.000440099713 gbps=187.628752
LEG shape=full_attn.qkv_proj_fused rep=11 position=8 arm=m9_ipg5 m=9 ipg=5 groups=2 inner=290 gpu_seconds=0.127394458 wall_seconds=0.127594458 seconds_per_dispatch=0.000439291235 gbps=187.974067
LEG shape=full_attn.qkv_proj_fused rep=11 position=9 arm=m9_ipg3 m=9 ipg=3 groups=3 inner=290 gpu_seconds=0.146737250 wall_seconds=0.146975000 seconds_per_dispatch=0.000505990517 gbps=244.793204
LEG shape=full_attn.qkv_proj_fused rep=11 position=10 arm=m6_ipg6 m=6 ipg=6 groups=1 inner=290 gpu_seconds=0.092740625 wall_seconds=0.092988375 seconds_per_dispatch=0.000319795258 gbps=129.106605
LEG shape=full_attn.qkv_proj_fused rep=11 position=11 arm=m6_ipg3 m=6 ipg=3 groups=2 inner=290 gpu_seconds=0.099541167 wall_seconds=0.099767375 seconds_per_dispatch=0.000343245402 gbps=240.572370
LEG shape=full_attn.qkv_proj_fused rep=11 position=12 arm=m5_ipg5 m=5 ipg=5 groups=1 inner=290 gpu_seconds=0.072445250 wall_seconds=0.072676875 seconds_per_dispatch=0.000249811207 gbps=165.275531
LEG shape=full_attn.qkv_proj_fused rep=11 position=13 arm=m5_ipg3 m=5 ipg=3 groups=2 inner=290 gpu_seconds=0.092350625 wall_seconds=0.092586625 seconds_per_dispatch=0.000318450431 gbps=259.303653
LEG shape=full_attn.qkv_proj_fused rep=11 position=14 arm=m4_ipg4 m=4 ipg=4 groups=1 inner=290 gpu_seconds=0.061181958 wall_seconds=0.061425708 seconds_per_dispatch=0.000210972270 gbps=195.701928
LEG shape=full_attn.qkv_proj_fused rep=11 position=15 arm=m4_ipg2 m=4 ipg=2 groups=2 inner=290 gpu_seconds=0.086559875 wall_seconds=0.086787917 seconds_per_dispatch=0.000298482327 gbps=276.650751
LEG shape=full_attn.qkv_proj_fused rep=12 position=0 arm=m4_ipg2 m=4 ipg=2 groups=2 inner=290 gpu_seconds=0.086599958 wall_seconds=0.086817458 seconds_per_dispatch=0.000298620546 gbps=276.522701
LEG shape=full_attn.qkv_proj_fused rep=12 position=1 arm=m4_ipg4 m=4 ipg=4 groups=1 inner=290 gpu_seconds=0.061318542 wall_seconds=0.061551042 seconds_per_dispatch=0.000211443247 gbps=195.266014
LEG shape=full_attn.qkv_proj_fused rep=12 position=2 arm=m5_ipg3 m=5 ipg=3 groups=2 inner=290 gpu_seconds=0.092276125 wall_seconds=0.092511583 seconds_per_dispatch=0.000318193534 gbps=259.513004
LEG shape=full_attn.qkv_proj_fused rep=12 position=3 arm=m5_ipg5 m=5 ipg=5 groups=1 inner=290 gpu_seconds=0.072419500 wall_seconds=0.072653500 seconds_per_dispatch=0.000249722414 gbps=165.334298
LEG shape=full_attn.qkv_proj_fused rep=12 position=4 arm=m6_ipg3 m=6 ipg=3 groups=2 inner=290 gpu_seconds=0.099522750 wall_seconds=0.099757708 seconds_per_dispatch=0.000343181896 gbps=240.616888
LEG shape=full_attn.qkv_proj_fused rep=12 position=5 arm=m6_ipg6 m=6 ipg=6 groups=1 inner=290 gpu_seconds=0.092755167 wall_seconds=0.092986000 seconds_per_dispatch=0.000319845402 gbps=129.086364
LEG shape=full_attn.qkv_proj_fused rep=12 position=6 arm=m9_ipg3 m=9 ipg=3 groups=3 inner=290 gpu_seconds=0.146744167 wall_seconds=0.146986292 seconds_per_dispatch=0.000506014367 gbps=244.781666
LEG shape=full_attn.qkv_proj_fused rep=12 position=7 arm=m9_ipg5 m=9 ipg=5 groups=2 inner=290 gpu_seconds=0.127470083 wall_seconds=0.127720250 seconds_per_dispatch=0.000439552011 gbps=187.862546
LEG shape=full_attn.qkv_proj_fused rep=12 position=8 arm=m9_ipg5 m=9 ipg=5 groups=2 inner=290 gpu_seconds=0.127477375 wall_seconds=0.127696208 seconds_per_dispatch=0.000439577155 gbps=187.851801
LEG shape=full_attn.qkv_proj_fused rep=12 position=9 arm=m9_ipg3 m=9 ipg=3 groups=3 inner=290 gpu_seconds=0.146758333 wall_seconds=0.146994042 seconds_per_dispatch=0.000506063218 gbps=244.758037
LEG shape=full_attn.qkv_proj_fused rep=12 position=10 arm=m6_ipg6 m=6 ipg=6 groups=1 inner=290 gpu_seconds=0.092837458 wall_seconds=0.093056042 seconds_per_dispatch=0.000320129167 gbps=128.971941
LEG shape=full_attn.qkv_proj_fused rep=12 position=11 arm=m6_ipg3 m=6 ipg=3 groups=2 inner=290 gpu_seconds=0.099485875 wall_seconds=0.099741125 seconds_per_dispatch=0.000343054741 gbps=240.706074
LEG shape=full_attn.qkv_proj_fused rep=12 position=12 arm=m5_ipg5 m=5 ipg=5 groups=1 inner=290 gpu_seconds=0.072493167 wall_seconds=0.072726417 seconds_per_dispatch=0.000249976437 gbps=165.166287
LEG shape=full_attn.qkv_proj_fused rep=12 position=13 arm=m5_ipg3 m=5 ipg=3 groups=2 inner=290 gpu_seconds=0.092233750 wall_seconds=0.092487417 seconds_per_dispatch=0.000318047413 gbps=259.632233
LEG shape=full_attn.qkv_proj_fused rep=12 position=14 arm=m4_ipg4 m=4 ipg=4 groups=1 inner=290 gpu_seconds=0.061184792 wall_seconds=0.061422625 seconds_per_dispatch=0.000210982040 gbps=195.692866
LEG shape=full_attn.qkv_proj_fused rep=12 position=15 arm=m4_ipg2 m=4 ipg=2 groups=2 inner=290 gpu_seconds=0.086209334 wall_seconds=0.086445292 seconds_per_dispatch=0.000297273564 gbps=277.775659
LEG shape=full_attn.qkv_proj_fused rep=13 position=0 arm=m4_ipg2 m=4 ipg=2 groups=2 inner=290 gpu_seconds=0.086425375 wall_seconds=0.086664875 seconds_per_dispatch=0.000298018534 gbps=277.081290
LEG shape=full_attn.qkv_proj_fused rep=13 position=1 arm=m4_ipg4 m=4 ipg=4 groups=1 inner=290 gpu_seconds=0.061191208 wall_seconds=0.061424875 seconds_per_dispatch=0.000211004167 gbps=195.672344
LEG shape=full_attn.qkv_proj_fused rep=13 position=2 arm=m5_ipg3 m=5 ipg=3 groups=2 inner=290 gpu_seconds=0.092276750 wall_seconds=0.092530458 seconds_per_dispatch=0.000318195689 gbps=259.511247
LEG shape=full_attn.qkv_proj_fused rep=13 position=3 arm=m5_ipg5 m=5 ipg=5 groups=1 inner=290 gpu_seconds=0.072502375 wall_seconds=0.072727458 seconds_per_dispatch=0.000250008189 gbps=165.145310
LEG shape=full_attn.qkv_proj_fused rep=13 position=4 arm=m6_ipg3 m=6 ipg=3 groups=2 inner=290 gpu_seconds=0.099501833 wall_seconds=0.099743000 seconds_per_dispatch=0.000343109770 gbps=240.667469
LEG shape=full_attn.qkv_proj_fused rep=13 position=5 arm=m6_ipg6 m=6 ipg=6 groups=1 inner=290 gpu_seconds=0.092635417 wall_seconds=0.092851458 seconds_per_dispatch=0.000319432471 gbps=129.253234
LEG shape=full_attn.qkv_proj_fused rep=13 position=6 arm=m9_ipg3 m=9 ipg=3 groups=3 inner=290 gpu_seconds=0.146764375 wall_seconds=0.146986292 seconds_per_dispatch=0.000506084052 gbps=244.747961
LEG shape=full_attn.qkv_proj_fused rep=13 position=7 arm=m9_ipg5 m=9 ipg=5 groups=2 inner=290 gpu_seconds=0.127518250 wall_seconds=0.127761875 seconds_per_dispatch=0.000439718104 gbps=187.791586
LEG shape=full_attn.qkv_proj_fused rep=13 position=8 arm=m9_ipg5 m=9 ipg=5 groups=2 inner=290 gpu_seconds=0.127540500 wall_seconds=0.127768333 seconds_per_dispatch=0.000439794827 gbps=187.758825
LEG shape=full_attn.qkv_proj_fused rep=13 position=9 arm=m9_ipg3 m=9 ipg=3 groups=3 inner=290 gpu_seconds=0.146643292 wall_seconds=0.146891292 seconds_per_dispatch=0.000505666523 gbps=244.950050
LEG shape=full_attn.qkv_proj_fused rep=13 position=10 arm=m6_ipg6 m=6 ipg=6 groups=1 inner=290 gpu_seconds=0.092634292 wall_seconds=0.092880250 seconds_per_dispatch=0.000319428592 gbps=129.254804
LEG shape=full_attn.qkv_proj_fused rep=13 position=11 arm=m6_ipg3 m=6 ipg=3 groups=2 inner=290 gpu_seconds=0.099411917 wall_seconds=0.099641583 seconds_per_dispatch=0.000342799713 gbps=240.885149
LEG shape=full_attn.qkv_proj_fused rep=13 position=12 arm=m5_ipg5 m=5 ipg=5 groups=1 inner=290 gpu_seconds=0.072373042 wall_seconds=0.072597708 seconds_per_dispatch=0.000249562213 gbps=165.440431
LEG shape=full_attn.qkv_proj_fused rep=13 position=13 arm=m5_ipg3 m=5 ipg=3 groups=2 inner=290 gpu_seconds=0.092317250 wall_seconds=0.092545000 seconds_per_dispatch=0.000318335344 gbps=259.397398
LEG shape=full_attn.qkv_proj_fused rep=13 position=14 arm=m4_ipg4 m=4 ipg=4 groups=1 inner=290 gpu_seconds=0.061234958 wall_seconds=0.061437042 seconds_per_dispatch=0.000211155029 gbps=195.532544
LEG shape=full_attn.qkv_proj_fused rep=13 position=15 arm=m4_ipg2 m=4 ipg=2 groups=2 inner=290 gpu_seconds=0.086476958 wall_seconds=0.086681667 seconds_per_dispatch=0.000298196408 gbps=276.916012
LEG shape=full_attn.qkv_proj_fused rep=14 position=0 arm=m4_ipg2 m=4 ipg=2 groups=2 inner=290 gpu_seconds=0.086547167 wall_seconds=0.086776708 seconds_per_dispatch=0.000298438505 gbps=276.691374
LEG shape=full_attn.qkv_proj_fused rep=14 position=1 arm=m4_ipg4 m=4 ipg=4 groups=1 inner=290 gpu_seconds=0.061218667 wall_seconds=0.061448333 seconds_per_dispatch=0.000211098850 gbps=195.584580
LEG shape=full_attn.qkv_proj_fused rep=14 position=2 arm=m5_ipg3 m=5 ipg=3 groups=2 inner=290 gpu_seconds=0.092362750 wall_seconds=0.092592417 seconds_per_dispatch=0.000318492242 gbps=259.269612
LEG shape=full_attn.qkv_proj_fused rep=14 position=3 arm=m5_ipg5 m=5 ipg=5 groups=1 inner=290 gpu_seconds=0.072401542 wall_seconds=0.072608042 seconds_per_dispatch=0.000249660488 gbps=165.375308
LEG shape=full_attn.qkv_proj_fused rep=14 position=4 arm=m6_ipg3 m=6 ipg=3 groups=2 inner=290 gpu_seconds=0.099463250 wall_seconds=0.099649000 seconds_per_dispatch=0.000342976724 gbps=240.760828
LEG shape=full_attn.qkv_proj_fused rep=14 position=5 arm=m6_ipg6 m=6 ipg=6 groups=1 inner=290 gpu_seconds=0.092581708 wall_seconds=0.092804875 seconds_per_dispatch=0.000319247270 gbps=129.328216
LEG shape=full_attn.qkv_proj_fused rep=14 position=6 arm=m9_ipg3 m=9 ipg=3 groups=3 inner=290 gpu_seconds=0.146742833 wall_seconds=0.146983500 seconds_per_dispatch=0.000506009770 gbps=244.783890
LEG shape=full_attn.qkv_proj_fused rep=14 position=7 arm=m9_ipg5 m=9 ipg=5 groups=2 inner=290 gpu_seconds=0.127515875 wall_seconds=0.127755292 seconds_per_dispatch=0.000439709914 gbps=187.795084
LEG shape=full_attn.qkv_proj_fused rep=14 position=8 arm=m9_ipg5 m=9 ipg=5 groups=2 inner=290 gpu_seconds=0.127559375 wall_seconds=0.127789208 seconds_per_dispatch=0.000439859914 gbps=187.731042
LEG shape=full_attn.qkv_proj_fused rep=14 position=9 arm=m9_ipg3 m=9 ipg=3 groups=3 inner=290 gpu_seconds=0.146778250 wall_seconds=0.147023042 seconds_per_dispatch=0.000506131896 gbps=244.724826
LEG shape=full_attn.qkv_proj_fused rep=14 position=10 arm=m6_ipg6 m=6 ipg=6 groups=1 inner=290 gpu_seconds=0.092779542 wall_seconds=0.093019042 seconds_per_dispatch=0.000319929454 gbps=129.052450
LEG shape=full_attn.qkv_proj_fused rep=14 position=11 arm=m6_ipg3 m=6 ipg=3 groups=2 inner=290 gpu_seconds=0.099450333 wall_seconds=0.099663708 seconds_per_dispatch=0.000342932184 gbps=240.792098
LEG shape=full_attn.qkv_proj_fused rep=14 position=12 arm=m5_ipg5 m=5 ipg=5 groups=1 inner=290 gpu_seconds=0.072415000 wall_seconds=0.072639667 seconds_per_dispatch=0.000249706896 gbps=165.344573
LEG shape=full_attn.qkv_proj_fused rep=14 position=13 arm=m5_ipg3 m=5 ipg=3 groups=2 inner=290 gpu_seconds=0.092361917 wall_seconds=0.092572958 seconds_per_dispatch=0.000318489367 gbps=259.271952
LEG shape=full_attn.qkv_proj_fused rep=14 position=14 arm=m4_ipg4 m=4 ipg=4 groups=1 inner=290 gpu_seconds=0.061247042 wall_seconds=0.061414500 seconds_per_dispatch=0.000211196695 gbps=195.493968
LEG shape=full_attn.qkv_proj_fused rep=14 position=15 arm=m4_ipg2 m=4 ipg=2 groups=2 inner=290 gpu_seconds=0.086584750 wall_seconds=0.086792208 seconds_per_dispatch=0.000298568103 gbps=276.571272
LEG shape=full_attn.qkv_proj_fused rep=15 position=0 arm=m4_ipg2 m=4 ipg=2 groups=2 inner=290 gpu_seconds=0.086683625 wall_seconds=0.086928167 seconds_per_dispatch=0.000298909051 gbps=276.255803
LEG shape=full_attn.qkv_proj_fused rep=15 position=1 arm=m4_ipg4 m=4 ipg=4 groups=1 inner=290 gpu_seconds=0.061225125 wall_seconds=0.061452875 seconds_per_dispatch=0.000211121120 gbps=195.563949
LEG shape=full_attn.qkv_proj_fused rep=15 position=2 arm=m5_ipg3 m=5 ipg=3 groups=2 inner=290 gpu_seconds=0.092408667 wall_seconds=0.092637500 seconds_per_dispatch=0.000318650575 gbps=259.140785
LEG shape=full_attn.qkv_proj_fused rep=15 position=3 arm=m5_ipg5 m=5 ipg=5 groups=1 inner=290 gpu_seconds=0.072454417 wall_seconds=0.072676875 seconds_per_dispatch=0.000249842816 gbps=165.254621
LEG shape=full_attn.qkv_proj_fused rep=15 position=4 arm=m6_ipg3 m=6 ipg=3 groups=2 inner=290 gpu_seconds=0.099616708 wall_seconds=0.099866917 seconds_per_dispatch=0.000343505891 gbps=240.389938
LEG shape=full_attn.qkv_proj_fused rep=15 position=5 arm=m6_ipg6 m=6 ipg=6 groups=1 inner=290 gpu_seconds=0.092581792 wall_seconds=0.092812708 seconds_per_dispatch=0.000319247558 gbps=129.328100
LEG shape=full_attn.qkv_proj_fused rep=15 position=6 arm=m9_ipg3 m=9 ipg=3 groups=3 inner=290 gpu_seconds=0.146577958 wall_seconds=0.146818375 seconds_per_dispatch=0.000505441235 gbps=245.059230
LEG shape=full_attn.qkv_proj_fused rep=15 position=7 arm=m9_ipg5 m=9 ipg=5 groups=2 inner=290 gpu_seconds=0.127424791 wall_seconds=0.127689958 seconds_per_dispatch=0.000439395833 gbps=187.929320
LEG shape=full_attn.qkv_proj_fused rep=15 position=8 arm=m9_ipg5 m=9 ipg=5 groups=2 inner=290 gpu_seconds=0.127179000 wall_seconds=0.127416000 seconds_per_dispatch=0.000438548275 gbps=188.292520
LEG shape=full_attn.qkv_proj_fused rep=15 position=9 arm=m9_ipg3 m=9 ipg=3 groups=3 inner=290 gpu_seconds=0.146696875 wall_seconds=0.146918667 seconds_per_dispatch=0.000505851293 gbps=244.860578
LEG shape=full_attn.qkv_proj_fused rep=15 position=10 arm=m6_ipg6 m=6 ipg=6 groups=1 inner=290 gpu_seconds=0.092744542 wall_seconds=0.092949167 seconds_per_dispatch=0.000319808765 gbps=129.101152
LEG shape=full_attn.qkv_proj_fused rep=15 position=11 arm=m6_ipg3 m=6 ipg=3 groups=2 inner=290 gpu_seconds=0.099535000 wall_seconds=0.099760542 seconds_per_dispatch=0.000343224138 gbps=240.587275
LEG shape=full_attn.qkv_proj_fused rep=15 position=12 arm=m5_ipg5 m=5 ipg=5 groups=1 inner=290 gpu_seconds=0.072478958 wall_seconds=0.072702042 seconds_per_dispatch=0.000249927443 gbps=165.198665
LEG shape=full_attn.qkv_proj_fused rep=15 position=13 arm=m5_ipg3 m=5 ipg=3 groups=2 inner=290 gpu_seconds=0.092311750 wall_seconds=0.092539042 seconds_per_dispatch=0.000318316380 gbps=259.412852
LEG shape=full_attn.qkv_proj_fused rep=15 position=14 arm=m4_ipg4 m=4 ipg=4 groups=1 inner=290 gpu_seconds=0.061192458 wall_seconds=0.061425125 seconds_per_dispatch=0.000211008477 gbps=195.668348
LEG shape=full_attn.qkv_proj_fused rep=15 position=15 arm=m4_ipg2 m=4 ipg=2 groups=2 inner=290 gpu_seconds=0.086619417 wall_seconds=0.086856125 seconds_per_dispatch=0.000298687644 gbps=276.460582
LEG shape=full_attn.qkv_proj_fused rep=16 position=0 arm=m4_ipg2 m=4 ipg=2 groups=2 inner=290 gpu_seconds=0.086239750 wall_seconds=0.086468667 seconds_per_dispatch=0.000297378448 gbps=277.677688
LEG shape=full_attn.qkv_proj_fused rep=16 position=1 arm=m4_ipg4 m=4 ipg=4 groups=1 inner=290 gpu_seconds=0.061259000 wall_seconds=0.061498875 seconds_per_dispatch=0.000211237931 gbps=195.455805
LEG shape=full_attn.qkv_proj_fused rep=16 position=2 arm=m5_ipg3 m=5 ipg=3 groups=2 inner=290 gpu_seconds=0.092331417 wall_seconds=0.092554083 seconds_per_dispatch=0.000318384195 gbps=259.357597
LEG shape=full_attn.qkv_proj_fused rep=16 position=3 arm=m5_ipg5 m=5 ipg=5 groups=1 inner=290 gpu_seconds=0.072350500 wall_seconds=0.072585042 seconds_per_dispatch=0.000249484482 gbps=165.491976
LEG shape=full_attn.qkv_proj_fused rep=16 position=4 arm=m6_ipg3 m=6 ipg=3 groups=2 inner=290 gpu_seconds=0.099552875 wall_seconds=0.099784542 seconds_per_dispatch=0.000343285776 gbps=240.544076
LEG shape=full_attn.qkv_proj_fused rep=16 position=5 arm=m6_ipg6 m=6 ipg=6 groups=1 inner=290 gpu_seconds=0.093167083 wall_seconds=0.093389375 seconds_per_dispatch=0.000321265805 gbps=128.515638
LEG shape=full_attn.qkv_proj_fused rep=16 position=6 arm=m9_ipg3 m=9 ipg=3 groups=3 inner=290 gpu_seconds=0.147175500 wall_seconds=0.147442792 seconds_per_dispatch=0.000507501724 gbps=244.064274
LEG shape=full_attn.qkv_proj_fused rep=16 position=7 arm=m9_ipg5 m=9 ipg=5 groups=2 inner=290 gpu_seconds=0.128187250 wall_seconds=0.128428875 seconds_per_dispatch=0.000442025000 gbps=186.811515
LEG shape=full_attn.qkv_proj_fused rep=16 position=8 arm=m9_ipg5 m=9 ipg=5 groups=2 inner=290 gpu_seconds=0.127879625 wall_seconds=0.128124250 seconds_per_dispatch=0.000440964224 gbps=187.260906
LEG shape=full_attn.qkv_proj_fused rep=16 position=9 arm=m9_ipg3 m=9 ipg=3 groups=3 inner=290 gpu_seconds=0.147241083 wall_seconds=0.147484833 seconds_per_dispatch=0.000507727873 gbps=243.955565
LEG shape=full_attn.qkv_proj_fused rep=16 position=10 arm=m6_ipg6 m=6 ipg=6 groups=1 inner=290 gpu_seconds=0.092892500 wall_seconds=0.093132875 seconds_per_dispatch=0.000320318966 gbps=128.895521
LEG shape=full_attn.qkv_proj_fused rep=16 position=11 arm=m6_ipg3 m=6 ipg=3 groups=2 inner=290 gpu_seconds=0.100056208 wall_seconds=0.100292875 seconds_per_dispatch=0.000345021408 gbps=239.334018
LEG shape=full_attn.qkv_proj_fused rep=16 position=12 arm=m5_ipg5 m=5 ipg=5 groups=1 inner=290 gpu_seconds=0.072472583 wall_seconds=0.072708708 seconds_per_dispatch=0.000249905460 gbps=165.213197
LEG shape=full_attn.qkv_proj_fused rep=16 position=13 arm=m5_ipg3 m=5 ipg=3 groups=2 inner=290 gpu_seconds=0.092299000 wall_seconds=0.092539667 seconds_per_dispatch=0.000318272414 gbps=259.448687
LEG shape=full_attn.qkv_proj_fused rep=16 position=14 arm=m4_ipg4 m=4 ipg=4 groups=1 inner=290 gpu_seconds=0.061545458 wall_seconds=0.061783583 seconds_per_dispatch=0.000212225719 gbps=194.546072
LEG shape=full_attn.qkv_proj_fused rep=16 position=15 arm=m4_ipg2 m=4 ipg=2 groups=2 inner=290 gpu_seconds=0.086776417 wall_seconds=0.087019000 seconds_per_dispatch=0.000299229023 gbps=275.960397
LEG shape=full_attn.qkv_proj_fused rep=17 position=0 arm=m4_ipg2 m=4 ipg=2 groups=2 inner=290 gpu_seconds=0.086877667 wall_seconds=0.087101250 seconds_per_dispatch=0.000299578161 gbps=275.638784
LEG shape=full_attn.qkv_proj_fused rep=17 position=1 arm=m4_ipg4 m=4 ipg=4 groups=1 inner=290 gpu_seconds=0.061535917 wall_seconds=0.061768417 seconds_per_dispatch=0.000212192816 gbps=194.576239
LEG shape=full_attn.qkv_proj_fused rep=17 position=2 arm=m5_ipg3 m=5 ipg=3 groups=2 inner=290 gpu_seconds=0.092568583 wall_seconds=0.092798042 seconds_per_dispatch=0.000319202011 gbps=258.693107
LEG shape=full_attn.qkv_proj_fused rep=17 position=3 arm=m5_ipg5 m=5 ipg=5 groups=1 inner=290 gpu_seconds=0.072573875 wall_seconds=0.072808958 seconds_per_dispatch=0.000250254741 gbps=164.982609
LEG shape=full_attn.qkv_proj_fused rep=17 position=4 arm=m6_ipg3 m=6 ipg=3 groups=2 inner=290 gpu_seconds=0.099897958 wall_seconds=0.100130333 seconds_per_dispatch=0.000344475718 gbps=239.713151
LEG shape=full_attn.qkv_proj_fused rep=17 position=5 arm=m6_ipg6 m=6 ipg=6 groups=1 inner=290 gpu_seconds=0.092983917 wall_seconds=0.093215792 seconds_per_dispatch=0.000320634195 gbps=128.768798
LEG shape=full_attn.qkv_proj_fused rep=17 position=6 arm=m9_ipg3 m=9 ipg=3 groups=3 inner=290 gpu_seconds=0.147096333 wall_seconds=0.147316583 seconds_per_dispatch=0.000507228736 gbps=244.195629
LEG shape=full_attn.qkv_proj_fused rep=17 position=7 arm=m9_ipg5 m=9 ipg=5 groups=2 inner=290 gpu_seconds=0.127678333 wall_seconds=0.127938250 seconds_per_dispatch=0.000440270115 gbps=187.556132
LEG shape=full_attn.qkv_proj_fused rep=17 position=8 arm=m9_ipg5 m=9 ipg=5 groups=2 inner=290 gpu_seconds=0.127534042 wall_seconds=0.127771792 seconds_per_dispatch=0.000439772557 gbps=187.768333
LEG shape=full_attn.qkv_proj_fused rep=17 position=9 arm=m9_ipg3 m=9 ipg=3 groups=3 inner=290 gpu_seconds=0.146656625 wall_seconds=0.146894167 seconds_per_dispatch=0.000505712500 gbps=244.927780
LEG shape=full_attn.qkv_proj_fused rep=17 position=10 arm=m6_ipg6 m=6 ipg=6 groups=1 inner=290 gpu_seconds=0.092828500 wall_seconds=0.093086500 seconds_per_dispatch=0.000320098275 gbps=128.984388
LEG shape=full_attn.qkv_proj_fused rep=17 position=11 arm=m6_ipg3 m=6 ipg=3 groups=2 inner=290 gpu_seconds=0.099558542 wall_seconds=0.099775250 seconds_per_dispatch=0.000343305316 gbps=240.530386
LEG shape=full_attn.qkv_proj_fused rep=17 position=12 arm=m5_ipg5 m=5 ipg=5 groups=1 inner=290 gpu_seconds=0.072466500 wall_seconds=0.072704792 seconds_per_dispatch=0.000249884483 gbps=165.227066
LEG shape=full_attn.qkv_proj_fused rep=17 position=13 arm=m5_ipg3 m=5 ipg=3 groups=2 inner=290 gpu_seconds=0.092320000 wall_seconds=0.092560792 seconds_per_dispatch=0.000318344828 gbps=259.389671
LEG shape=full_attn.qkv_proj_fused rep=17 position=14 arm=m4_ipg4 m=4 ipg=4 groups=1 inner=290 gpu_seconds=0.061236500 wall_seconds=0.061521750 seconds_per_dispatch=0.000211160345 gbps=195.527621
LEG shape=full_attn.qkv_proj_fused rep=17 position=15 arm=m4_ipg2 m=4 ipg=2 groups=2 inner=290 gpu_seconds=0.086589500 wall_seconds=0.086823000 seconds_per_dispatch=0.000298584482 gbps=276.556100
LEG shape=full_attn.qkv_proj_fused rep=18 position=0 arm=m4_ipg2 m=4 ipg=2 groups=2 inner=290 gpu_seconds=0.086707000 wall_seconds=0.086952375 seconds_per_dispatch=0.000298989655 gbps=276.181328
LEG shape=full_attn.qkv_proj_fused rep=18 position=1 arm=m4_ipg4 m=4 ipg=4 groups=1 inner=290 gpu_seconds=0.061278542 wall_seconds=0.061510375 seconds_per_dispatch=0.000211305317 gbps=195.393475
LEG shape=full_attn.qkv_proj_fused rep=18 position=2 arm=m5_ipg3 m=5 ipg=3 groups=2 inner=290 gpu_seconds=0.092249125 wall_seconds=0.092485042 seconds_per_dispatch=0.000318100431 gbps=259.588960
LEG shape=full_attn.qkv_proj_fused rep=18 position=3 arm=m5_ipg5 m=5 ipg=5 groups=1 inner=290 gpu_seconds=0.072459500 wall_seconds=0.072707792 seconds_per_dispatch=0.000249860344 gbps=165.243029
LEG shape=full_attn.qkv_proj_fused rep=18 position=4 arm=m6_ipg3 m=6 ipg=3 groups=2 inner=290 gpu_seconds=0.099551125 wall_seconds=0.099783667 seconds_per_dispatch=0.000343279741 gbps=240.548305
LEG shape=full_attn.qkv_proj_fused rep=18 position=5 arm=m6_ipg6 m=6 ipg=6 groups=1 inner=290 gpu_seconds=0.092667875 wall_seconds=0.092887667 seconds_per_dispatch=0.000319544396 gbps=129.207961
LEG shape=full_attn.qkv_proj_fused rep=18 position=6 arm=m9_ipg3 m=9 ipg=3 groups=3 inner=290 gpu_seconds=0.146710000 wall_seconds=0.146947000 seconds_per_dispatch=0.000505896552 gbps=244.838672
LEG shape=full_attn.qkv_proj_fused rep=18 position=7 arm=m9_ipg5 m=9 ipg=5 groups=2 inner=290 gpu_seconds=0.127522250 wall_seconds=0.127767667 seconds_per_dispatch=0.000439731897 gbps=187.785695
LEG shape=full_attn.qkv_proj_fused rep=18 position=8 arm=m9_ipg5 m=9 ipg=5 groups=2 inner=290 gpu_seconds=0.127454958 wall_seconds=0.127665125 seconds_per_dispatch=0.000439499857 gbps=187.884839
LEG shape=full_attn.qkv_proj_fused rep=18 position=9 arm=m9_ipg3 m=9 ipg=3 groups=3 inner=290 gpu_seconds=0.146781000 wall_seconds=0.147013583 seconds_per_dispatch=0.000506141380 gbps=244.720240
LEG shape=full_attn.qkv_proj_fused rep=18 position=10 arm=m6_ipg6 m=6 ipg=6 groups=1 inner=290 gpu_seconds=0.092662334 wall_seconds=0.092895042 seconds_per_dispatch=0.000319525288 gbps=129.215688
LEG shape=full_attn.qkv_proj_fused rep=18 position=11 arm=m6_ipg3 m=6 ipg=3 groups=2 inner=290 gpu_seconds=0.099592000 wall_seconds=0.099836042 seconds_per_dispatch=0.000343420690 gbps=240.449578
LEG shape=full_attn.qkv_proj_fused rep=18 position=12 arm=m5_ipg5 m=5 ipg=5 groups=1 inner=290 gpu_seconds=0.072389917 wall_seconds=0.072641708 seconds_per_dispatch=0.000249620402 gbps=165.401865
LEG shape=full_attn.qkv_proj_fused rep=18 position=13 arm=m5_ipg3 m=5 ipg=3 groups=2 inner=290 gpu_seconds=0.092370167 wall_seconds=0.092582083 seconds_per_dispatch=0.000318517816 gbps=259.248795
LEG shape=full_attn.qkv_proj_fused rep=18 position=14 arm=m4_ipg4 m=4 ipg=4 groups=1 inner=290 gpu_seconds=0.061295500 wall_seconds=0.061484708 seconds_per_dispatch=0.000211363793 gbps=195.339416
LEG shape=full_attn.qkv_proj_fused rep=18 position=15 arm=m4_ipg2 m=4 ipg=2 groups=2 inner=290 gpu_seconds=0.086603875 wall_seconds=0.086832917 seconds_per_dispatch=0.000298634051 gbps=276.510196
LEG shape=full_attn.qkv_proj_fused rep=19 position=0 arm=m4_ipg2 m=4 ipg=2 groups=2 inner=290 gpu_seconds=0.086586792 wall_seconds=0.086817042 seconds_per_dispatch=0.000298575144 gbps=276.564750
LEG shape=full_attn.qkv_proj_fused rep=19 position=1 arm=m4_ipg4 m=4 ipg=4 groups=1 inner=290 gpu_seconds=0.061243000 wall_seconds=0.061474417 seconds_per_dispatch=0.000211182759 gbps=195.506869
LEG shape=full_attn.qkv_proj_fused rep=19 position=2 arm=m5_ipg3 m=5 ipg=3 groups=2 inner=290 gpu_seconds=0.092310083 wall_seconds=0.092546917 seconds_per_dispatch=0.000318310632 gbps=259.417536
LEG shape=full_attn.qkv_proj_fused rep=19 position=3 arm=m5_ipg5 m=5 ipg=5 groups=1 inner=290 gpu_seconds=0.072526500 wall_seconds=0.072754917 seconds_per_dispatch=0.000250091380 gbps=165.090376
LEG shape=full_attn.qkv_proj_fused rep=19 position=4 arm=m6_ipg3 m=6 ipg=3 groups=2 inner=290 gpu_seconds=0.099565375 wall_seconds=0.099807583 seconds_per_dispatch=0.000343328880 gbps=240.513877
LEG shape=full_attn.qkv_proj_fused rep=19 position=5 arm=m6_ipg6 m=6 ipg=6 groups=1 inner=290 gpu_seconds=0.092811625 wall_seconds=0.093089208 seconds_per_dispatch=0.000320040086 gbps=129.007839
LEG shape=full_attn.qkv_proj_fused rep=19 position=6 arm=m9_ipg3 m=9 ipg=3 groups=3 inner=290 gpu_seconds=0.146691708 wall_seconds=0.146922083 seconds_per_dispatch=0.000505833477 gbps=244.869202
LEG shape=full_attn.qkv_proj_fused rep=19 position=7 arm=m9_ipg5 m=9 ipg=5 groups=2 inner=290 gpu_seconds=0.127459625 wall_seconds=0.127708250 seconds_per_dispatch=0.000439515948 gbps=187.877961
LEG shape=full_attn.qkv_proj_fused rep=19 position=8 arm=m9_ipg5 m=9 ipg=5 groups=2 inner=290 gpu_seconds=0.127395250 wall_seconds=0.127671375 seconds_per_dispatch=0.000439293965 gbps=187.972899
LEG shape=full_attn.qkv_proj_fused rep=19 position=9 arm=m9_ipg3 m=9 ipg=3 groups=3 inner=290 gpu_seconds=0.146556708 wall_seconds=0.146794917 seconds_per_dispatch=0.000505367960 gbps=245.094762
LEG shape=full_attn.qkv_proj_fused rep=19 position=10 arm=m6_ipg6 m=6 ipg=6 groups=1 inner=290 gpu_seconds=0.092619167 wall_seconds=0.092851333 seconds_per_dispatch=0.000319376437 gbps=129.275912
LEG shape=full_attn.qkv_proj_fused rep=19 position=11 arm=m6_ipg3 m=6 ipg=3 groups=2 inner=290 gpu_seconds=0.099490250 wall_seconds=0.099722000 seconds_per_dispatch=0.000343069828 gbps=240.695489
LEG shape=full_attn.qkv_proj_fused rep=19 position=12 arm=m5_ipg5 m=5 ipg=5 groups=1 inner=290 gpu_seconds=0.072405750 wall_seconds=0.072655083 seconds_per_dispatch=0.000249675000 gbps=165.365696
LEG shape=full_attn.qkv_proj_fused rep=19 position=13 arm=m5_ipg3 m=5 ipg=3 groups=2 inner=290 gpu_seconds=0.092269958 wall_seconds=0.092503792 seconds_per_dispatch=0.000318172271 gbps=259.530348
LEG shape=full_attn.qkv_proj_fused rep=19 position=14 arm=m4_ipg4 m=4 ipg=4 groups=1 inner=290 gpu_seconds=0.061096000 wall_seconds=0.061331375 seconds_per_dispatch=0.000210675862 gbps=195.977268
LEG shape=full_attn.qkv_proj_fused rep=19 position=15 arm=m4_ipg2 m=4 ipg=2 groups=2 inner=290 gpu_seconds=0.086534292 wall_seconds=0.086762083 seconds_per_dispatch=0.000298394109 gbps=276.732541
LEG shape=full_attn.qkv_proj_fused rep=20 position=0 arm=m4_ipg2 m=4 ipg=2 groups=2 inner=290 gpu_seconds=0.086567208 wall_seconds=0.086784208 seconds_per_dispatch=0.000298507614 gbps=276.627315
LEG shape=full_attn.qkv_proj_fused rep=20 position=1 arm=m4_ipg4 m=4 ipg=4 groups=1 inner=290 gpu_seconds=0.061310750 wall_seconds=0.061543167 seconds_per_dispatch=0.000211416379 gbps=195.290829
LEG shape=full_attn.qkv_proj_fused rep=20 position=2 arm=m5_ipg3 m=5 ipg=3 groups=2 inner=290 gpu_seconds=0.092386792 wall_seconds=0.092680792 seconds_per_dispatch=0.000318575144 gbps=259.202143
LEG shape=full_attn.qkv_proj_fused rep=20 position=3 arm=m5_ipg5 m=5 ipg=5 groups=1 inner=290 gpu_seconds=0.072589667 wall_seconds=0.072826417 seconds_per_dispatch=0.000250309195 gbps=164.946717
LEG shape=full_attn.qkv_proj_fused rep=20 position=4 arm=m6_ipg3 m=6 ipg=3 groups=2 inner=290 gpu_seconds=0.099608209 wall_seconds=0.099831458 seconds_per_dispatch=0.000343476581 gbps=240.410452
LEG shape=full_attn.qkv_proj_fused rep=20 position=5 arm=m6_ipg6 m=6 ipg=6 groups=1 inner=290 gpu_seconds=0.092880042 wall_seconds=0.093109167 seconds_per_dispatch=0.000320276005 gbps=128.912811
LEG shape=full_attn.qkv_proj_fused rep=20 position=6 arm=m9_ipg3 m=9 ipg=3 groups=3 inner=290 gpu_seconds=0.146763250 wall_seconds=0.146997333 seconds_per_dispatch=0.000506080172 gbps=244.749838
LEG shape=full_attn.qkv_proj_fused rep=20 position=7 arm=m9_ipg5 m=9 ipg=5 groups=2 inner=290 gpu_seconds=0.127558500 wall_seconds=0.127793042 seconds_per_dispatch=0.000439856896 gbps=187.732330
LEG shape=full_attn.qkv_proj_fused rep=20 position=8 arm=m9_ipg5 m=9 ipg=5 groups=2 inner=290 gpu_seconds=0.127624583 wall_seconds=0.127852458 seconds_per_dispatch=0.000440084770 gbps=187.635123
LEG shape=full_attn.qkv_proj_fused rep=20 position=9 arm=m9_ipg3 m=9 ipg=3 groups=3 inner=290 gpu_seconds=0.146710542 wall_seconds=0.146944542 seconds_per_dispatch=0.000505898420 gbps=244.837768
LEG shape=full_attn.qkv_proj_fused rep=20 position=10 arm=m6_ipg6 m=6 ipg=6 groups=1 inner=290 gpu_seconds=0.092612833 wall_seconds=0.092864083 seconds_per_dispatch=0.000319354597 gbps=129.284752
LEG shape=full_attn.qkv_proj_fused rep=20 position=11 arm=m6_ipg3 m=6 ipg=3 groups=2 inner=290 gpu_seconds=0.099549667 wall_seconds=0.099768875 seconds_per_dispatch=0.000343274713 gbps=240.551829
LEG shape=full_attn.qkv_proj_fused rep=20 position=12 arm=m5_ipg5 m=5 ipg=5 groups=1 inner=290 gpu_seconds=0.072500250 wall_seconds=0.072710375 seconds_per_dispatch=0.000250000862 gbps=165.150151
LEG shape=full_attn.qkv_proj_fused rep=20 position=13 arm=m5_ipg3 m=5 ipg=3 groups=2 inner=290 gpu_seconds=0.092303583 wall_seconds=0.092507625 seconds_per_dispatch=0.000318288219 gbps=259.435804
LEG shape=full_attn.qkv_proj_fused rep=20 position=14 arm=m4_ipg4 m=4 ipg=4 groups=1 inner=290 gpu_seconds=0.061283833 wall_seconds=0.061520875 seconds_per_dispatch=0.000211323563 gbps=195.376603
LEG shape=full_attn.qkv_proj_fused rep=20 position=15 arm=m4_ipg2 m=4 ipg=2 groups=2 inner=290 gpu_seconds=0.086579583 wall_seconds=0.086817708 seconds_per_dispatch=0.000298550287 gbps=276.587776
LEG shape=full_attn.qkv_proj_fused rep=21 position=0 arm=m4_ipg2 m=4 ipg=2 groups=2 inner=290 gpu_seconds=0.086692667 wall_seconds=0.086920208 seconds_per_dispatch=0.000298940231 gbps=276.226990
LEG shape=full_attn.qkv_proj_fused rep=21 position=1 arm=m4_ipg4 m=4 ipg=4 groups=1 inner=290 gpu_seconds=0.061303333 wall_seconds=0.061545417 seconds_per_dispatch=0.000211390805 gbps=195.314456
LEG shape=full_attn.qkv_proj_fused rep=21 position=2 arm=m5_ipg3 m=5 ipg=3 groups=2 inner=290 gpu_seconds=0.092284250 wall_seconds=0.092503708 seconds_per_dispatch=0.000318221552 gbps=259.490155
LEG shape=full_attn.qkv_proj_fused rep=21 position=3 arm=m5_ipg5 m=5 ipg=5 groups=1 inner=290 gpu_seconds=0.072438875 wall_seconds=0.072684458 seconds_per_dispatch=0.000249789224 gbps=165.290077
LEG shape=full_attn.qkv_proj_fused rep=21 position=4 arm=m6_ipg3 m=6 ipg=3 groups=2 inner=290 gpu_seconds=0.099545583 wall_seconds=0.099782792 seconds_per_dispatch=0.000343260632 gbps=240.561696
LEG shape=full_attn.qkv_proj_fused rep=21 position=5 arm=m6_ipg6 m=6 ipg=6 groups=1 inner=290 gpu_seconds=0.092655375 wall_seconds=0.092880958 seconds_per_dispatch=0.000319501294 gbps=129.225392
LEG shape=full_attn.qkv_proj_fused rep=21 position=6 arm=m9_ipg3 m=9 ipg=3 groups=3 inner=290 gpu_seconds=0.146806584 wall_seconds=0.147054208 seconds_per_dispatch=0.000506229598 gbps=244.677594
LEG shape=full_attn.qkv_proj_fused rep=21 position=7 arm=m9_ipg5 m=9 ipg=5 groups=2 inner=290 gpu_seconds=0.127523125 wall_seconds=0.127771000 seconds_per_dispatch=0.000439734914 gbps=187.784407
LEG shape=full_attn.qkv_proj_fused rep=21 position=8 arm=m9_ipg5 m=9 ipg=5 groups=2 inner=290 gpu_seconds=0.127527958 wall_seconds=0.127747042 seconds_per_dispatch=0.000439751581 gbps=187.777290
LEG shape=full_attn.qkv_proj_fused rep=21 position=9 arm=m9_ipg3 m=9 ipg=3 groups=3 inner=290 gpu_seconds=0.146673500 wall_seconds=0.146913792 seconds_per_dispatch=0.000505770690 gbps=244.899601
LEG shape=full_attn.qkv_proj_fused rep=21 position=10 arm=m6_ipg6 m=6 ipg=6 groups=1 inner=290 gpu_seconds=0.092793708 wall_seconds=0.093029125 seconds_per_dispatch=0.000319978304 gbps=129.032748
LEG shape=full_attn.qkv_proj_fused rep=21 position=11 arm=m6_ipg3 m=6 ipg=3 groups=2 inner=290 gpu_seconds=0.099476875 wall_seconds=0.099711750 seconds_per_dispatch=0.000343023707 gbps=240.727851
LEG shape=full_attn.qkv_proj_fused rep=21 position=12 arm=m5_ipg5 m=5 ipg=5 groups=1 inner=290 gpu_seconds=0.072381625 wall_seconds=0.072612375 seconds_per_dispatch=0.000249591811 gbps=165.420812
LEG shape=full_attn.qkv_proj_fused rep=21 position=13 arm=m5_ipg3 m=5 ipg=3 groups=2 inner=290 gpu_seconds=0.092336708 wall_seconds=0.092572833 seconds_per_dispatch=0.000318402443 gbps=259.342734
LEG shape=full_attn.qkv_proj_fused rep=21 position=14 arm=m4_ipg4 m=4 ipg=4 groups=1 inner=290 gpu_seconds=0.061233875 wall_seconds=0.061438833 seconds_per_dispatch=0.000211151293 gbps=195.536004
LEG shape=full_attn.qkv_proj_fused rep=21 position=15 arm=m4_ipg2 m=4 ipg=2 groups=2 inner=290 gpu_seconds=0.086553750 wall_seconds=0.086766792 seconds_per_dispatch=0.000298461207 gbps=276.670328
LEG shape=full_attn.qkv_proj_fused rep=22 position=0 arm=m4_ipg2 m=4 ipg=2 groups=2 inner=290 gpu_seconds=0.086555875 wall_seconds=0.086795208 seconds_per_dispatch=0.000298468534 gbps=276.663536
LEG shape=full_attn.qkv_proj_fused rep=22 position=1 arm=m4_ipg4 m=4 ipg=4 groups=1 inner=290 gpu_seconds=0.061262000 wall_seconds=0.061498333 seconds_per_dispatch=0.000211248275 gbps=195.446235
LEG shape=full_attn.qkv_proj_fused rep=22 position=2 arm=m5_ipg3 m=5 ipg=3 groups=2 inner=290 gpu_seconds=0.092350875 wall_seconds=0.092580792 seconds_per_dispatch=0.000318451293 gbps=259.302951
LEG shape=full_attn.qkv_proj_fused rep=22 position=3 arm=m5_ipg5 m=5 ipg=5 groups=1 inner=290 gpu_seconds=0.072502958 wall_seconds=0.072738375 seconds_per_dispatch=0.000250010201 gbps=165.143981
LEG shape=full_attn.qkv_proj_fused rep=22 position=4 arm=m6_ipg3 m=6 ipg=3 groups=2 inner=290 gpu_seconds=0.099550208 wall_seconds=0.099770042 seconds_per_dispatch=0.000343276580 gbps=240.550520
LEG shape=full_attn.qkv_proj_fused rep=22 position=5 arm=m6_ipg6 m=6 ipg=6 groups=1 inner=290 gpu_seconds=0.092666750 wall_seconds=0.092862458 seconds_per_dispatch=0.000319540517 gbps=129.209530
LEG shape=full_attn.qkv_proj_fused rep=22 position=6 arm=m9_ipg3 m=9 ipg=3 groups=3 inner=290 gpu_seconds=0.146714042 wall_seconds=0.146946250 seconds_per_dispatch=0.000505910489 gbps=244.831927
LEG shape=full_attn.qkv_proj_fused rep=22 position=7 arm=m9_ipg5 m=9 ipg=5 groups=2 inner=290 gpu_seconds=0.127397625 wall_seconds=0.127630208 seconds_per_dispatch=0.000439302154 gbps=187.969395
LEG shape=full_attn.qkv_proj_fused rep=22 position=8 arm=m9_ipg5 m=9 ipg=5 groups=2 inner=290 gpu_seconds=0.127396250 wall_seconds=0.127630208 seconds_per_dispatch=0.000439297414 gbps=187.971423
LEG shape=full_attn.qkv_proj_fused rep=22 position=9 arm=m9_ipg3 m=9 ipg=3 groups=3 inner=290 gpu_seconds=0.146698417 wall_seconds=0.146940542 seconds_per_dispatch=0.000505856609 gbps=244.858005
LEG shape=full_attn.qkv_proj_fused rep=22 position=10 arm=m6_ipg6 m=6 ipg=6 groups=1 inner=290 gpu_seconds=0.092704458 wall_seconds=0.092937958 seconds_per_dispatch=0.000319670546 gbps=129.156973
LEG shape=full_attn.qkv_proj_fused rep=22 position=11 arm=m6_ipg3 m=6 ipg=3 groups=2 inner=290 gpu_seconds=0.099515917 wall_seconds=0.099749500 seconds_per_dispatch=0.000343158334 gbps=240.633410
LEG shape=full_attn.qkv_proj_fused rep=22 position=12 arm=m5_ipg5 m=5 ipg=5 groups=1 inner=290 gpu_seconds=0.072471500 wall_seconds=0.072700292 seconds_per_dispatch=0.000249901724 gbps=165.215667
LEG shape=full_attn.qkv_proj_fused rep=22 position=13 arm=m5_ipg3 m=5 ipg=3 groups=2 inner=290 gpu_seconds=0.092443000 wall_seconds=0.092676000 seconds_per_dispatch=0.000318768966 gbps=259.044540
LEG shape=full_attn.qkv_proj_fused rep=22 position=14 arm=m4_ipg4 m=4 ipg=4 groups=1 inner=290 gpu_seconds=0.061282667 wall_seconds=0.061515000 seconds_per_dispatch=0.000211319540 gbps=195.380323
LEG shape=full_attn.qkv_proj_fused rep=22 position=15 arm=m4_ipg2 m=4 ipg=2 groups=2 inner=290 gpu_seconds=0.086562750 wall_seconds=0.086802792 seconds_per_dispatch=0.000298492241 gbps=276.641563
LEG shape=full_attn.qkv_proj_fused rep=23 position=0 arm=m4_ipg2 m=4 ipg=2 groups=2 inner=290 gpu_seconds=0.086489542 wall_seconds=0.086706792 seconds_per_dispatch=0.000298239799 gbps=276.875723
LEG shape=full_attn.qkv_proj_fused rep=23 position=1 arm=m4_ipg4 m=4 ipg=4 groups=1 inner=290 gpu_seconds=0.061234209 wall_seconds=0.061464042 seconds_per_dispatch=0.000211152443 gbps=195.534939
LEG shape=full_attn.qkv_proj_fused rep=23 position=2 arm=m5_ipg3 m=5 ipg=3 groups=2 inner=290 gpu_seconds=0.092325125 wall_seconds=0.092555000 seconds_per_dispatch=0.000318362500 gbps=259.375272
LEG shape=full_attn.qkv_proj_fused rep=23 position=3 arm=m5_ipg5 m=5 ipg=5 groups=1 inner=290 gpu_seconds=0.072491000 wall_seconds=0.072723958 seconds_per_dispatch=0.000249968965 gbps=165.171224
LEG shape=full_attn.qkv_proj_fused rep=23 position=4 arm=m6_ipg3 m=6 ipg=3 groups=2 inner=290 gpu_seconds=0.099568000 wall_seconds=0.099798750 seconds_per_dispatch=0.000343337931 gbps=240.507536
LEG shape=full_attn.qkv_proj_fused rep=23 position=5 arm=m6_ipg6 m=6 ipg=6 groups=1 inner=290 gpu_seconds=0.092607375 wall_seconds=0.092843958 seconds_per_dispatch=0.000319335776 gbps=129.292372
LEG shape=full_attn.qkv_proj_fused rep=23 position=6 arm=m9_ipg3 m=9 ipg=3 groups=3 inner=290 gpu_seconds=0.146757625 wall_seconds=0.146987125 seconds_per_dispatch=0.000506060776 gbps=244.759218
LEG shape=full_attn.qkv_proj_fused rep=23 position=7 arm=m9_ipg5 m=9 ipg=5 groups=2 inner=290 gpu_seconds=0.127397542 wall_seconds=0.127624042 seconds_per_dispatch=0.000439301868 gbps=187.969517
LEG shape=full_attn.qkv_proj_fused rep=23 position=8 arm=m9_ipg5 m=9 ipg=5 groups=2 inner=290 gpu_seconds=0.127443333 wall_seconds=0.127677417 seconds_per_dispatch=0.000439459770 gbps=187.901978
LEG shape=full_attn.qkv_proj_fused rep=23 position=9 arm=m9_ipg3 m=9 ipg=3 groups=3 inner=290 gpu_seconds=0.146664375 wall_seconds=0.146903458 seconds_per_dispatch=0.000505739224 gbps=244.914838
LEG shape=full_attn.qkv_proj_fused rep=23 position=10 arm=m6_ipg6 m=6 ipg=6 groups=1 inner=290 gpu_seconds=0.092734000 wall_seconds=0.092962292 seconds_per_dispatch=0.000319772414 gbps=129.115828
LEG shape=full_attn.qkv_proj_fused rep=23 position=11 arm=m6_ipg3 m=6 ipg=3 groups=2 inner=290 gpu_seconds=0.099564000 wall_seconds=0.099781000 seconds_per_dispatch=0.000343324137 gbps=240.517199
LEG shape=full_attn.qkv_proj_fused rep=23 position=12 arm=m5_ipg5 m=5 ipg=5 groups=1 inner=290 gpu_seconds=0.072430375 wall_seconds=0.072654958 seconds_per_dispatch=0.000249759914 gbps=165.309474
LEG shape=full_attn.qkv_proj_fused rep=23 position=13 arm=m5_ipg3 m=5 ipg=3 groups=2 inner=290 gpu_seconds=0.092401000 wall_seconds=0.092684333 seconds_per_dispatch=0.000318624138 gbps=259.162286
LEG shape=full_attn.qkv_proj_fused rep=23 position=14 arm=m4_ipg4 m=4 ipg=4 groups=1 inner=290 gpu_seconds=0.061267375 wall_seconds=0.061511833 seconds_per_dispatch=0.000211266810 gbps=195.429088
LEG shape=full_attn.qkv_proj_fused rep=23 position=15 arm=m4_ipg2 m=4 ipg=2 groups=2 inner=290 gpu_seconds=0.086656625 wall_seconds=0.086884875 seconds_per_dispatch=0.000298815949 gbps=276.341876
LEG shape=full_attn.qkv_proj_fused rep=24 position=0 arm=m4_ipg2 m=4 ipg=2 groups=2 inner=290 gpu_seconds=0.086579750 wall_seconds=0.086816125 seconds_per_dispatch=0.000298550862 gbps=276.587243
LEG shape=full_attn.qkv_proj_fused rep=24 position=1 arm=m4_ipg4 m=4 ipg=4 groups=1 inner=290 gpu_seconds=0.061279667 wall_seconds=0.061518792 seconds_per_dispatch=0.000211309195 gbps=195.389888
LEG shape=full_attn.qkv_proj_fused rep=24 position=2 arm=m5_ipg3 m=5 ipg=3 groups=2 inner=290 gpu_seconds=0.092350000 wall_seconds=0.092584292 seconds_per_dispatch=0.000318448275 gbps=259.305408
LEG shape=full_attn.qkv_proj_fused rep=24 position=3 arm=m5_ipg5 m=5 ipg=5 groups=1 inner=290 gpu_seconds=0.072425333 wall_seconds=0.072656292 seconds_per_dispatch=0.000249742529 gbps=165.320982
LEG shape=full_attn.qkv_proj_fused rep=24 position=4 arm=m6_ipg3 m=6 ipg=3 groups=2 inner=290 gpu_seconds=0.099606375 wall_seconds=0.099842000 seconds_per_dispatch=0.000343470259 gbps=240.414877
LEG shape=full_attn.qkv_proj_fused rep=24 position=5 arm=m6_ipg6 m=6 ipg=6 groups=1 inner=290 gpu_seconds=0.092606375 wall_seconds=0.092835083 seconds_per_dispatch=0.000319332328 gbps=129.293768
LEG shape=full_attn.qkv_proj_fused rep=24 position=6 arm=m9_ipg3 m=9 ipg=3 groups=3 inner=290 gpu_seconds=0.146220667 wall_seconds=0.146463333 seconds_per_dispatch=0.000504209195 gbps=245.658035
LEG shape=full_attn.qkv_proj_fused rep=24 position=7 arm=m9_ipg5 m=9 ipg=5 groups=2 inner=290 gpu_seconds=0.127401000 wall_seconds=0.127675167 seconds_per_dispatch=0.000439313794 gbps=187.964415
LEG shape=full_attn.qkv_proj_fused rep=24 position=8 arm=m9_ipg5 m=9 ipg=5 groups=2 inner=290 gpu_seconds=0.127098000 wall_seconds=0.127349750 seconds_per_dispatch=0.000438268966 gbps=188.412519
LEG shape=full_attn.qkv_proj_fused rep=24 position=9 arm=m9_ipg3 m=9 ipg=3 groups=3 inner=290 gpu_seconds=0.146679000 wall_seconds=0.146925208 seconds_per_dispatch=0.000505789655 gbps=244.890418
LEG shape=full_attn.qkv_proj_fused rep=24 position=10 arm=m6_ipg6 m=6 ipg=6 groups=1 inner=290 gpu_seconds=0.092743125 wall_seconds=0.092965417 seconds_per_dispatch=0.000319803879 gbps=129.103124
LEG shape=full_attn.qkv_proj_fused rep=24 position=11 arm=m6_ipg3 m=6 ipg=3 groups=2 inner=290 gpu_seconds=0.099398875 wall_seconds=0.099634667 seconds_per_dispatch=0.000342754741 gbps=240.916755
LEG shape=full_attn.qkv_proj_fused rep=24 position=12 arm=m5_ipg5 m=5 ipg=5 groups=1 inner=290 gpu_seconds=0.072412125 wall_seconds=0.072643333 seconds_per_dispatch=0.000249696983 gbps=165.351137
LEG shape=full_attn.qkv_proj_fused rep=24 position=13 arm=m5_ipg3 m=5 ipg=3 groups=2 inner=290 gpu_seconds=0.092220125 wall_seconds=0.092451542 seconds_per_dispatch=0.000318000431 gbps=259.670591
LEG shape=full_attn.qkv_proj_fused rep=24 position=14 arm=m4_ipg4 m=4 ipg=4 groups=1 inner=290 gpu_seconds=0.061341000 wall_seconds=0.061574958 seconds_per_dispatch=0.000211520690 gbps=195.194522
LEG shape=full_attn.qkv_proj_fused rep=24 position=15 arm=m4_ipg2 m=4 ipg=2 groups=2 inner=290 gpu_seconds=0.086613000 wall_seconds=0.086856250 seconds_per_dispatch=0.000298665518 gbps=276.481064
LEG shape=full_attn.qkv_proj_fused rep=25 position=0 arm=m4_ipg2 m=4 ipg=2 groups=2 inner=290 gpu_seconds=0.086600583 wall_seconds=0.086822708 seconds_per_dispatch=0.000298622701 gbps=276.520706
LEG shape=full_attn.qkv_proj_fused rep=25 position=1 arm=m4_ipg4 m=4 ipg=4 groups=1 inner=290 gpu_seconds=0.061270792 wall_seconds=0.061492625 seconds_per_dispatch=0.000211278592 gbps=195.418189
LEG shape=full_attn.qkv_proj_fused rep=25 position=2 arm=m5_ipg3 m=5 ipg=3 groups=2 inner=290 gpu_seconds=0.092360833 wall_seconds=0.092574917 seconds_per_dispatch=0.000318485632 gbps=259.274993
LEG shape=full_attn.qkv_proj_fused rep=25 position=3 arm=m5_ipg5 m=5 ipg=5 groups=1 inner=290 gpu_seconds=0.072598750 wall_seconds=0.072856083 seconds_per_dispatch=0.000250340517 gbps=164.926079
LEG shape=full_attn.qkv_proj_fused rep=25 position=4 arm=m6_ipg3 m=6 ipg=3 groups=2 inner=290 gpu_seconds=0.099502875 wall_seconds=0.099726125 seconds_per_dispatch=0.000343113362 gbps=240.664950
LEG shape=full_attn.qkv_proj_fused rep=25 position=5 arm=m6_ipg6 m=6 ipg=6 groups=1 inner=290 gpu_seconds=0.092822875 wall_seconds=0.093059583 seconds_per_dispatch=0.000320078880 gbps=128.992204
LEG shape=full_attn.qkv_proj_fused rep=25 position=6 arm=m9_ipg3 m=9 ipg=3 groups=3 inner=290 gpu_seconds=0.146771125 wall_seconds=0.147001000 seconds_per_dispatch=0.000506107328 gbps=244.736705
LEG shape=full_attn.qkv_proj_fused rep=25 position=7 arm=m9_ipg5 m=9 ipg=5 groups=2 inner=290 gpu_seconds=0.127469167 wall_seconds=0.127718083 seconds_per_dispatch=0.000439548851 gbps=187.863897
LEG shape=full_attn.qkv_proj_fused rep=25 position=8 arm=m9_ipg5 m=9 ipg=5 groups=2 inner=290 gpu_seconds=0.127408292 wall_seconds=0.127641250 seconds_per_dispatch=0.000439338937 gbps=187.953657
LEG shape=full_attn.qkv_proj_fused rep=25 position=9 arm=m9_ipg3 m=9 ipg=3 groups=3 inner=290 gpu_seconds=0.146417708 wall_seconds=0.146648917 seconds_per_dispatch=0.000504888650 gbps=245.327440
LEG shape=full_attn.qkv_proj_fused rep=25 position=10 arm=m6_ipg6 m=6 ipg=6 groups=1 inner=290 gpu_seconds=0.092745875 wall_seconds=0.092960417 seconds_per_dispatch=0.000319813362 gbps=129.099296
LEG shape=full_attn.qkv_proj_fused rep=25 position=11 arm=m6_ipg3 m=6 ipg=3 groups=2 inner=290 gpu_seconds=0.099459583 wall_seconds=0.099687583 seconds_per_dispatch=0.000342964081 gbps=240.769703
LEG shape=full_attn.qkv_proj_fused rep=25 position=12 arm=m5_ipg5 m=5 ipg=5 groups=1 inner=290 gpu_seconds=0.072351708 wall_seconds=0.072579625 seconds_per_dispatch=0.000249488649 gbps=165.489212
LEG shape=full_attn.qkv_proj_fused rep=25 position=13 arm=m5_ipg3 m=5 ipg=3 groups=2 inner=290 gpu_seconds=0.092304667 wall_seconds=0.092539583 seconds_per_dispatch=0.000318291954 gbps=259.432759
LEG shape=full_attn.qkv_proj_fused rep=25 position=14 arm=m4_ipg4 m=4 ipg=4 groups=1 inner=290 gpu_seconds=0.061288542 wall_seconds=0.061508417 seconds_per_dispatch=0.000211339799 gbps=195.361594
LEG shape=full_attn.qkv_proj_fused rep=25 position=15 arm=m4_ipg2 m=4 ipg=2 groups=2 inner=290 gpu_seconds=0.086588667 wall_seconds=0.086787875 seconds_per_dispatch=0.000298581610 gbps=276.558761
LEG shape=full_attn.qkv_proj_fused rep=26 position=0 arm=m4_ipg2 m=4 ipg=2 groups=2 inner=290 gpu_seconds=0.086585500 wall_seconds=0.086782833 seconds_per_dispatch=0.000298570689 gbps=276.568876
LEG shape=full_attn.qkv_proj_fused rep=26 position=1 arm=m4_ipg4 m=4 ipg=4 groups=1 inner=290 gpu_seconds=0.061208917 wall_seconds=0.061443917 seconds_per_dispatch=0.000211065230 gbps=195.615735
LEG shape=full_attn.qkv_proj_fused rep=26 position=2 arm=m5_ipg3 m=5 ipg=3 groups=2 inner=290 gpu_seconds=0.092311500 wall_seconds=0.092551167 seconds_per_dispatch=0.000318315518 gbps=259.413555
LEG shape=full_attn.qkv_proj_fused rep=26 position=3 arm=m5_ipg5 m=5 ipg=5 groups=1 inner=290 gpu_seconds=0.072460375 wall_seconds=0.072688417 seconds_per_dispatch=0.000249863362 gbps=165.241033
LEG shape=full_attn.qkv_proj_fused rep=26 position=4 arm=m6_ipg3 m=6 ipg=3 groups=2 inner=290 gpu_seconds=0.099413250 wall_seconds=0.099664625 seconds_per_dispatch=0.000342804311 gbps=240.881918
LEG shape=full_attn.qkv_proj_fused rep=26 position=5 arm=m6_ipg6 m=6 ipg=6 groups=1 inner=290 gpu_seconds=0.092594625 wall_seconds=0.092831833 seconds_per_dispatch=0.000319291810 gbps=129.310175
LEG shape=full_attn.qkv_proj_fused rep=26 position=6 arm=m9_ipg3 m=9 ipg=3 groups=3 inner=290 gpu_seconds=0.146508500 wall_seconds=0.146743833 seconds_per_dispatch=0.000505201725 gbps=245.175410
LEG shape=full_attn.qkv_proj_fused rep=26 position=7 arm=m9_ipg5 m=9 ipg=5 groups=2 inner=290 gpu_seconds=0.127487500 wall_seconds=0.127704667 seconds_per_dispatch=0.000439612069 gbps=187.836881
LEG shape=full_attn.qkv_proj_fused rep=26 position=8 arm=m9_ipg5 m=9 ipg=5 groups=2 inner=290 gpu_seconds=0.127573000 wall_seconds=0.127775833 seconds_per_dispatch=0.000439906897 gbps=187.710992
LEG shape=full_attn.qkv_proj_fused rep=26 position=9 arm=m9_ipg3 m=9 ipg=3 groups=3 inner=290 gpu_seconds=0.146738750 wall_seconds=0.146970458 seconds_per_dispatch=0.000505995689 gbps=244.790702
LEG shape=full_attn.qkv_proj_fused rep=26 position=10 arm=m6_ipg6 m=6 ipg=6 groups=1 inner=290 gpu_seconds=0.092441500 wall_seconds=0.092652583 seconds_per_dispatch=0.000318763794 gbps=129.524371
LEG shape=full_attn.qkv_proj_fused rep=26 position=11 arm=m6_ipg3 m=6 ipg=3 groups=2 inner=290 gpu_seconds=0.099667000 wall_seconds=0.099890417 seconds_per_dispatch=0.000343679311 gbps=240.268638
LEG shape=full_attn.qkv_proj_fused rep=26 position=12 arm=m5_ipg5 m=5 ipg=5 groups=1 inner=290 gpu_seconds=0.072478458 wall_seconds=0.072693750 seconds_per_dispatch=0.000249925718 gbps=165.199805
LEG shape=full_attn.qkv_proj_fused rep=26 position=13 arm=m5_ipg3 m=5 ipg=3 groups=2 inner=290 gpu_seconds=0.092359000 wall_seconds=0.092593292 seconds_per_dispatch=0.000318479310 gbps=259.280140
LEG shape=full_attn.qkv_proj_fused rep=26 position=14 arm=m4_ipg4 m=4 ipg=4 groups=1 inner=290 gpu_seconds=0.061277750 wall_seconds=0.061486917 seconds_per_dispatch=0.000211302586 gbps=195.396000
LEG shape=full_attn.qkv_proj_fused rep=26 position=15 arm=m4_ipg2 m=4 ipg=2 groups=2 inner=290 gpu_seconds=0.086589125 wall_seconds=0.086802750 seconds_per_dispatch=0.000298583190 gbps=276.557298
LEG shape=full_attn.qkv_proj_fused rep=27 position=0 arm=m4_ipg2 m=4 ipg=2 groups=2 inner=290 gpu_seconds=0.086567792 wall_seconds=0.086783833 seconds_per_dispatch=0.000298509626 gbps=276.625451
LEG shape=full_attn.qkv_proj_fused rep=27 position=1 arm=m4_ipg4 m=4 ipg=4 groups=1 inner=290 gpu_seconds=0.061212000 wall_seconds=0.061431000 seconds_per_dispatch=0.000211075862 gbps=195.605881
LEG shape=full_attn.qkv_proj_fused rep=27 position=2 arm=m5_ipg3 m=5 ipg=3 groups=2 inner=290 gpu_seconds=0.092348958 wall_seconds=0.092595292 seconds_per_dispatch=0.000318444684 gbps=259.308332
LEG shape=full_attn.qkv_proj_fused rep=27 position=3 arm=m5_ipg5 m=5 ipg=5 groups=1 inner=290 gpu_seconds=0.072427917 wall_seconds=0.072657250 seconds_per_dispatch=0.000249751437 gbps=165.315085
LEG shape=full_attn.qkv_proj_fused rep=27 position=4 arm=m6_ipg3 m=6 ipg=3 groups=2 inner=290 gpu_seconds=0.099524292 wall_seconds=0.099756625 seconds_per_dispatch=0.000343187213 gbps=240.613161
LEG shape=full_attn.qkv_proj_fused rep=27 position=5 arm=m6_ipg6 m=6 ipg=6 groups=1 inner=290 gpu_seconds=0.092796500 wall_seconds=0.092993458 seconds_per_dispatch=0.000319987931 gbps=129.028866
LEG shape=full_attn.qkv_proj_fused rep=27 position=6 arm=m9_ipg3 m=9 ipg=3 groups=3 inner=290 gpu_seconds=0.146755083 wall_seconds=0.146960458 seconds_per_dispatch=0.000506052012 gbps=244.763457
LEG shape=full_attn.qkv_proj_fused rep=27 position=7 arm=m9_ipg5 m=9 ipg=5 groups=2 inner=290 gpu_seconds=0.127429792 wall_seconds=0.127660500 seconds_per_dispatch=0.000439413075 gbps=187.921946
LEG shape=full_attn.qkv_proj_fused rep=27 position=8 arm=m9_ipg5 m=9 ipg=5 groups=2 inner=290 gpu_seconds=0.127676125 wall_seconds=0.127899292 seconds_per_dispatch=0.000440262501 gbps=187.559376
LEG shape=full_attn.qkv_proj_fused rep=27 position=9 arm=m9_ipg3 m=9 ipg=3 groups=3 inner=290 gpu_seconds=0.146638417 wall_seconds=0.146862083 seconds_per_dispatch=0.000505649713 gbps=244.958193
LEG shape=full_attn.qkv_proj_fused rep=27 position=10 arm=m6_ipg6 m=6 ipg=6 groups=1 inner=290 gpu_seconds=0.092754375 wall_seconds=0.092959500 seconds_per_dispatch=0.000319842672 gbps=129.087466
LEG shape=full_attn.qkv_proj_fused rep=27 position=11 arm=m6_ipg3 m=6 ipg=3 groups=2 inner=290 gpu_seconds=0.099531625 wall_seconds=0.099761083 seconds_per_dispatch=0.000343212500 gbps=240.595433
LEG shape=full_attn.qkv_proj_fused rep=27 position=12 arm=m5_ipg5 m=5 ipg=5 groups=1 inner=290 gpu_seconds=0.072410000 wall_seconds=0.072635750 seconds_per_dispatch=0.000249689655 gbps=165.355989
LEG shape=full_attn.qkv_proj_fused rep=27 position=13 arm=m5_ipg3 m=5 ipg=3 groups=2 inner=290 gpu_seconds=0.092387500 wall_seconds=0.092603333 seconds_per_dispatch=0.000318577586 gbps=259.200156
LEG shape=full_attn.qkv_proj_fused rep=27 position=14 arm=m4_ipg4 m=4 ipg=4 groups=1 inner=290 gpu_seconds=0.061144875 wall_seconds=0.061354667 seconds_per_dispatch=0.000210844396 gbps=195.820618
LEG shape=full_attn.qkv_proj_fused rep=27 position=15 arm=m4_ipg2 m=4 ipg=2 groups=2 inner=290 gpu_seconds=0.086602000 wall_seconds=0.086828542 seconds_per_dispatch=0.000298627586 gbps=276.516182
LEG shape=full_attn.qkv_proj_fused rep=28 position=0 arm=m4_ipg2 m=4 ipg=2 groups=2 inner=290 gpu_seconds=0.086614000 wall_seconds=0.086817458 seconds_per_dispatch=0.000298668966 gbps=276.477871
LEG shape=full_attn.qkv_proj_fused rep=28 position=1 arm=m4_ipg4 m=4 ipg=4 groups=1 inner=290 gpu_seconds=0.061287917 wall_seconds=0.061509750 seconds_per_dispatch=0.000211337644 gbps=195.363586
LEG shape=full_attn.qkv_proj_fused rep=28 position=2 arm=m5_ipg3 m=5 ipg=3 groups=2 inner=290 gpu_seconds=0.092322375 wall_seconds=0.092553000 seconds_per_dispatch=0.000318353017 gbps=259.382998
LEG shape=full_attn.qkv_proj_fused rep=28 position=3 arm=m5_ipg5 m=5 ipg=5 groups=1 inner=290 gpu_seconds=0.072418500 wall_seconds=0.072610083 seconds_per_dispatch=0.000249718965 gbps=165.336581
LEG shape=full_attn.qkv_proj_fused rep=28 position=4 arm=m6_ipg3 m=6 ipg=3 groups=2 inner=290 gpu_seconds=0.099509875 wall_seconds=0.099698583 seconds_per_dispatch=0.000343137500 gbps=240.648020
LEG shape=full_attn.qkv_proj_fused rep=28 position=5 arm=m6_ipg6 m=6 ipg=6 groups=1 inner=290 gpu_seconds=0.092734958 wall_seconds=0.092976625 seconds_per_dispatch=0.000319775718 gbps=129.114494
LEG shape=full_attn.qkv_proj_fused rep=28 position=6 arm=m9_ipg3 m=9 ipg=3 groups=3 inner=290 gpu_seconds=0.146771958 wall_seconds=0.146999792 seconds_per_dispatch=0.000506110201 gbps=244.735316
LEG shape=full_attn.qkv_proj_fused rep=28 position=7 arm=m9_ipg5 m=9 ipg=5 groups=2 inner=290 gpu_seconds=0.127217000 wall_seconds=0.127464167 seconds_per_dispatch=0.000438679310 gbps=188.236277
LEG shape=full_attn.qkv_proj_fused rep=28 position=8 arm=m9_ipg5 m=9 ipg=5 groups=2 inner=290 gpu_seconds=0.127267250 wall_seconds=0.127502708 seconds_per_dispatch=0.000438852586 gbps=188.161954
LEG shape=full_attn.qkv_proj_fused rep=28 position=9 arm=m9_ipg3 m=9 ipg=3 groups=3 inner=290 gpu_seconds=0.146641375 wall_seconds=0.146872250 seconds_per_dispatch=0.000505659914 gbps=244.953251
LEG shape=full_attn.qkv_proj_fused rep=28 position=10 arm=m6_ipg6 m=6 ipg=6 groups=1 inner=290 gpu_seconds=0.092695083 wall_seconds=0.092890917 seconds_per_dispatch=0.000319638219 gbps=129.170035
LEG shape=full_attn.qkv_proj_fused rep=28 position=11 arm=m6_ipg3 m=6 ipg=3 groups=2 inner=290 gpu_seconds=0.099533750 wall_seconds=0.099773125 seconds_per_dispatch=0.000343219828 gbps=240.590296
LEG shape=full_attn.qkv_proj_fused rep=28 position=12 arm=m5_ipg5 m=5 ipg=5 groups=1 inner=290 gpu_seconds=0.072494500 wall_seconds=0.072710125 seconds_per_dispatch=0.000249981034 gbps=165.163250
LEG shape=full_attn.qkv_proj_fused rep=28 position=13 arm=m5_ipg3 m=5 ipg=3 groups=2 inner=290 gpu_seconds=0.092307208 wall_seconds=0.092534708 seconds_per_dispatch=0.000318300718 gbps=259.425616
LEG shape=full_attn.qkv_proj_fused rep=28 position=14 arm=m4_ipg4 m=4 ipg=4 groups=1 inner=290 gpu_seconds=0.061130375 wall_seconds=0.061336667 seconds_per_dispatch=0.000210794397 gbps=195.867066
LEG shape=full_attn.qkv_proj_fused rep=28 position=15 arm=m4_ipg2 m=4 ipg=2 groups=2 inner=290 gpu_seconds=0.086606833 wall_seconds=0.086809333 seconds_per_dispatch=0.000298644252 gbps=276.500751
LEG shape=full_attn.qkv_proj_fused rep=29 position=0 arm=m4_ipg2 m=4 ipg=2 groups=2 inner=290 gpu_seconds=0.086581375 wall_seconds=0.086784917 seconds_per_dispatch=0.000298556466 gbps=276.582052
LEG shape=full_attn.qkv_proj_fused rep=29 position=1 arm=m4_ipg4 m=4 ipg=4 groups=1 inner=290 gpu_seconds=0.061294000 wall_seconds=0.061515500 seconds_per_dispatch=0.000211358620 gbps=195.344197
LEG shape=full_attn.qkv_proj_fused rep=29 position=2 arm=m5_ipg3 m=5 ipg=3 groups=2 inner=290 gpu_seconds=0.092432000 wall_seconds=0.092654833 seconds_per_dispatch=0.000318731034 gbps=259.075368
LEG shape=full_attn.qkv_proj_fused rep=29 position=3 arm=m5_ipg5 m=5 ipg=5 groups=1 inner=290 gpu_seconds=0.072355375 wall_seconds=0.072576792 seconds_per_dispatch=0.000249501293 gbps=165.480826
LEG shape=full_attn.qkv_proj_fused rep=29 position=4 arm=m6_ipg3 m=6 ipg=3 groups=2 inner=290 gpu_seconds=0.099632125 wall_seconds=0.099821667 seconds_per_dispatch=0.000343559051 gbps=240.352742
LEG shape=full_attn.qkv_proj_fused rep=29 position=5 arm=m6_ipg6 m=6 ipg=6 groups=1 inner=290 gpu_seconds=0.092733000 wall_seconds=0.092961917 seconds_per_dispatch=0.000319768965 gbps=129.117220
LEG shape=full_attn.qkv_proj_fused rep=29 position=6 arm=m9_ipg3 m=9 ipg=3 groups=3 inner=290 gpu_seconds=0.146629750 wall_seconds=0.146861667 seconds_per_dispatch=0.000505619828 gbps=244.972672
LEG shape=full_attn.qkv_proj_fused rep=29 position=7 arm=m9_ipg5 m=9 ipg=5 groups=2 inner=290 gpu_seconds=0.127523250 wall_seconds=0.127752417 seconds_per_dispatch=0.000439735345 gbps=187.784223
LEG shape=full_attn.qkv_proj_fused rep=29 position=8 arm=m9_ipg5 m=9 ipg=5 groups=2 inner=290 gpu_seconds=0.127441208 wall_seconds=0.127656667 seconds_per_dispatch=0.000439452443 gbps=187.905111
LEG shape=full_attn.qkv_proj_fused rep=29 position=9 arm=m9_ipg3 m=9 ipg=3 groups=3 inner=290 gpu_seconds=0.146734250 wall_seconds=0.146973208 seconds_per_dispatch=0.000505980172 gbps=244.798209
LEG shape=full_attn.qkv_proj_fused rep=29 position=10 arm=m6_ipg6 m=6 ipg=6 groups=1 inner=290 gpu_seconds=0.092622875 wall_seconds=0.092828958 seconds_per_dispatch=0.000319389224 gbps=129.270736
LEG shape=full_attn.qkv_proj_fused rep=29 position=11 arm=m6_ipg3 m=6 ipg=3 groups=2 inner=290 gpu_seconds=0.099498000 wall_seconds=0.099722083 seconds_per_dispatch=0.000343096552 gbps=240.676741
LEG shape=full_attn.qkv_proj_fused rep=29 position=12 arm=m5_ipg5 m=5 ipg=5 groups=1 inner=290 gpu_seconds=0.072520750 wall_seconds=0.072755625 seconds_per_dispatch=0.000250071551 gbps=165.103467
LEG shape=full_attn.qkv_proj_fused rep=29 position=13 arm=m5_ipg3 m=5 ipg=3 groups=2 inner=290 gpu_seconds=0.092285750 wall_seconds=0.092490042 seconds_per_dispatch=0.000318226724 gbps=259.485938
LEG shape=full_attn.qkv_proj_fused rep=29 position=14 arm=m4_ipg4 m=4 ipg=4 groups=1 inner=290 gpu_seconds=0.061211667 wall_seconds=0.061414417 seconds_per_dispatch=0.000211074713 gbps=195.606946
LEG shape=full_attn.qkv_proj_fused rep=29 position=15 arm=m4_ipg2 m=4 ipg=2 groups=2 inner=290 gpu_seconds=0.086617125 wall_seconds=0.086837375 seconds_per_dispatch=0.000298679741 gbps=276.467897
LEG shape=full_attn.qkv_proj_fused rep=30 position=0 arm=m4_ipg2 m=4 ipg=2 groups=2 inner=290 gpu_seconds=0.086630000 wall_seconds=0.086844542 seconds_per_dispatch=0.000298724138 gbps=276.426808
LEG shape=full_attn.qkv_proj_fused rep=30 position=1 arm=m4_ipg4 m=4 ipg=4 groups=1 inner=290 gpu_seconds=0.061315875 wall_seconds=0.061527792 seconds_per_dispatch=0.000211434052 gbps=195.274506
LEG shape=full_attn.qkv_proj_fused rep=30 position=2 arm=m5_ipg3 m=5 ipg=3 groups=2 inner=290 gpu_seconds=0.092362250 wall_seconds=0.092575542 seconds_per_dispatch=0.000318490517 gbps=259.271016
LEG shape=full_attn.qkv_proj_fused rep=30 position=3 arm=m5_ipg5 m=5 ipg=5 groups=1 inner=290 gpu_seconds=0.072395833 wall_seconds=0.072608125 seconds_per_dispatch=0.000249640805 gbps=165.388347
LEG shape=full_attn.qkv_proj_fused rep=30 position=4 arm=m6_ipg3 m=6 ipg=3 groups=2 inner=290 gpu_seconds=0.099338500 wall_seconds=0.099551625 seconds_per_dispatch=0.000342546552 gbps=241.063177
LEG shape=full_attn.qkv_proj_fused rep=30 position=5 arm=m6_ipg6 m=6 ipg=6 groups=1 inner=290 gpu_seconds=0.092727125 wall_seconds=0.092953375 seconds_per_dispatch=0.000319748707 gbps=129.125401
LEG shape=full_attn.qkv_proj_fused rep=30 position=6 arm=m9_ipg3 m=9 ipg=3 groups=3 inner=290 gpu_seconds=0.146764125 wall_seconds=0.146997542 seconds_per_dispatch=0.000506083190 gbps=244.748378
LEG shape=full_attn.qkv_proj_fused rep=30 position=7 arm=m9_ipg5 m=9 ipg=5 groups=2 inner=290 gpu_seconds=0.127294000 wall_seconds=0.127518167 seconds_per_dispatch=0.000438944828 gbps=188.122413
LEG shape=full_attn.qkv_proj_fused rep=30 position=8 arm=m9_ipg5 m=9 ipg=5 groups=2 inner=290 gpu_seconds=0.127479042 wall_seconds=0.127700125 seconds_per_dispatch=0.000439582902 gbps=187.849344
LEG shape=full_attn.qkv_proj_fused rep=30 position=9 arm=m9_ipg3 m=9 ipg=3 groups=3 inner=290 gpu_seconds=0.146729667 wall_seconds=0.146955167 seconds_per_dispatch=0.000505964368 gbps=244.805856
LEG shape=full_attn.qkv_proj_fused rep=30 position=10 arm=m6_ipg6 m=6 ipg=6 groups=1 inner=290 gpu_seconds=0.092737625 wall_seconds=0.092949583 seconds_per_dispatch=0.000319784914 gbps=129.110781
LEG shape=full_attn.qkv_proj_fused rep=30 position=11 arm=m6_ipg3 m=6 ipg=3 groups=2 inner=290 gpu_seconds=0.099476625 wall_seconds=0.099688000 seconds_per_dispatch=0.000343022845 gbps=240.728457
LEG shape=full_attn.qkv_proj_fused rep=30 position=12 arm=m5_ipg5 m=5 ipg=5 groups=1 inner=290 gpu_seconds=0.072362000 wall_seconds=0.072581958 seconds_per_dispatch=0.000249524138 gbps=165.465675
LEG shape=full_attn.qkv_proj_fused rep=30 position=13 arm=m5_ipg3 m=5 ipg=3 groups=2 inner=290 gpu_seconds=0.092389750 wall_seconds=0.092598542 seconds_per_dispatch=0.000318585344 gbps=259.193844
LEG shape=full_attn.qkv_proj_fused rep=30 position=14 arm=m4_ipg4 m=4 ipg=4 groups=1 inner=290 gpu_seconds=0.061150750 wall_seconds=0.061374792 seconds_per_dispatch=0.000210864655 gbps=195.801805
LEG shape=full_attn.qkv_proj_fused rep=30 position=15 arm=m4_ipg2 m=4 ipg=2 groups=2 inner=290 gpu_seconds=0.086630583 wall_seconds=0.086836333 seconds_per_dispatch=0.000298726149 gbps=276.424947
e73_cell_ab: full_attn.qkv_proj_fused inner=290 legs=496 entry=62.91C exit=70.95C
SHAPE shape=full_attn.qkv_proj_fused k=5120 n=14336 inner=290 legs=496 bytes_per_stream=41287680 entry_gpu_temp_c=62.91 exit_gpu_temp_c=70.95
PARITY shape=mlp.gate_up_fused arm=m4_ipg2 m=4 ipg=2 differing=0 zero_rows=0 compared_rows=4
PARITY shape=mlp.gate_up_fused arm=m4_ipg4 m=4 ipg=4 differing=0 zero_rows=0 compared_rows=4
PARITY shape=mlp.gate_up_fused arm=m5_ipg3 m=5 ipg=3 differing=0 zero_rows=0 compared_rows=5
PARITY shape=mlp.gate_up_fused arm=m5_ipg5 m=5 ipg=5 differing=0 zero_rows=0 compared_rows=5
PARITY shape=mlp.gate_up_fused arm=m6_ipg3 m=6 ipg=3 differing=0 zero_rows=0 compared_rows=6
PARITY shape=mlp.gate_up_fused arm=m6_ipg6 m=6 ipg=6 differing=0 zero_rows=0 compared_rows=6
PARITY shape=mlp.gate_up_fused arm=m9_ipg3 m=9 ipg=3 differing=0 zero_rows=0 compared_rows=9
PARITY shape=mlp.gate_up_fused arm=m9_ipg5 m=9 ipg=5 differing=0 zero_rows=0 compared_rows=9
LEG shape=mlp.gate_up_fused rep=0 position=0 arm=m4_ipg2 m=4 ipg=2 groups=2 inner=119 gpu_seconds=0.083650625 wall_seconds=0.083848792 seconds_per_dispatch=0.000702946429 gbps=285.285125
LEG shape=mlp.gate_up_fused rep=0 position=1 arm=m4_ipg4 m=4 ipg=4 groups=1 inner=119 gpu_seconds=0.057865708 wall_seconds=0.058043708 seconds_per_dispatch=0.000486266457 gbps=206.203983
LEG shape=mlp.gate_up_fused rep=0 position=2 arm=m5_ipg3 m=5 ipg=3 groups=2 inner=119 gpu_seconds=0.089186083 wall_seconds=0.089395792 seconds_per_dispatch=0.000749462885 gbps=267.578507
LEG shape=mlp.gate_up_fused rep=0 position=3 arm=m5_ipg5 m=5 ipg=5 groups=1 inner=119 gpu_seconds=0.068835584 wall_seconds=0.069032708 seconds_per_dispatch=0.000578450282 gbps=173.342607
LEG shape=mlp.gate_up_fused rep=0 position=4 arm=m6_ipg3 m=6 ipg=3 groups=2 inner=119 gpu_seconds=0.096170292 wall_seconds=0.096383208 seconds_per_dispatch=0.000808153710 gbps=248.146061
LEG shape=mlp.gate_up_fused rep=0 position=5 arm=m6_ipg6 m=6 ipg=6 groups=1 inner=119 gpu_seconds=0.088440750 wall_seconds=0.088644958 seconds_per_dispatch=0.000743199580 gbps=134.916761
LEG shape=mlp.gate_up_fused rep=0 position=6 arm=m9_ipg3 m=9 ipg=3 groups=3 inner=119 gpu_seconds=0.143093917 wall_seconds=0.143299125 seconds_per_dispatch=0.001202469887 gbps=250.160310
LEG shape=mlp.gate_up_fused rep=0 position=7 arm=m9_ipg5 m=9 ipg=5 groups=2 inner=119 gpu_seconds=0.123688333 wall_seconds=0.123897958 seconds_per_dispatch=0.001039397760 gbps=192.938803
LEG shape=mlp.gate_up_fused rep=0 position=8 arm=m9_ipg5 m=9 ipg=5 groups=2 inner=119 gpu_seconds=0.123768625 wall_seconds=0.123972417 seconds_per_dispatch=0.001040072480 gbps=192.813639
LEG shape=mlp.gate_up_fused rep=0 position=9 arm=m9_ipg3 m=9 ipg=3 groups=3 inner=119 gpu_seconds=0.143206917 wall_seconds=0.143404292 seconds_per_dispatch=0.001203419467 gbps=249.962917
LEG shape=mlp.gate_up_fused rep=0 position=10 arm=m6_ipg6 m=6 ipg=6 groups=1 inner=119 gpu_seconds=0.088472375 wall_seconds=0.088663583 seconds_per_dispatch=0.000743465336 gbps=134.868534
LEG shape=mlp.gate_up_fused rep=0 position=11 arm=m6_ipg3 m=6 ipg=3 groups=2 inner=119 gpu_seconds=0.096101500 wall_seconds=0.096296292 seconds_per_dispatch=0.000807575631 gbps=248.323689
LEG shape=mlp.gate_up_fused rep=0 position=12 arm=m5_ipg5 m=5 ipg=5 groups=1 inner=119 gpu_seconds=0.068737250 wall_seconds=0.068941583 seconds_per_dispatch=0.000577623950 gbps=173.590586
LEG shape=mlp.gate_up_fused rep=0 position=13 arm=m5_ipg3 m=5 ipg=3 groups=2 inner=119 gpu_seconds=0.089040083 wall_seconds=0.089255792 seconds_per_dispatch=0.000748235994 gbps=268.017259
LEG shape=mlp.gate_up_fused rep=0 position=14 arm=m4_ipg4 m=4 ipg=4 groups=1 inner=119 gpu_seconds=0.057871333 wall_seconds=0.058086333 seconds_per_dispatch=0.000486313725 gbps=206.183940
LEG shape=mlp.gate_up_fused rep=0 position=15 arm=m4_ipg2 m=4 ipg=2 groups=2 inner=119 gpu_seconds=0.083645000 wall_seconds=0.083851792 seconds_per_dispatch=0.000702899159 gbps=285.304311
LEG shape=mlp.gate_up_fused rep=1 position=0 arm=m4_ipg2 m=4 ipg=2 groups=2 inner=119 gpu_seconds=0.083589375 wall_seconds=0.083790208 seconds_per_dispatch=0.000702431723 gbps=285.494168
LEG shape=mlp.gate_up_fused rep=1 position=1 arm=m4_ipg4 m=4 ipg=4 groups=1 inner=119 gpu_seconds=0.057810958 wall_seconds=0.058010500 seconds_per_dispatch=0.000485806372 gbps=206.399269
LEG shape=mlp.gate_up_fused rep=1 position=2 arm=m5_ipg3 m=5 ipg=3 groups=2 inner=119 gpu_seconds=0.089173250 wall_seconds=0.089381292 seconds_per_dispatch=0.000749355041 gbps=267.617016
LEG shape=mlp.gate_up_fused rep=1 position=3 arm=m5_ipg5 m=5 ipg=5 groups=1 inner=119 gpu_seconds=0.068737958 wall_seconds=0.068945167 seconds_per_dispatch=0.000577629902 gbps=173.588797
LEG shape=mlp.gate_up_fused rep=1 position=4 arm=m6_ipg3 m=6 ipg=3 groups=2 inner=119 gpu_seconds=0.096159750 wall_seconds=0.096362875 seconds_per_dispatch=0.000808065125 gbps=248.173264
LEG shape=mlp.gate_up_fused rep=1 position=5 arm=m6_ipg6 m=6 ipg=6 groups=1 inner=119 gpu_seconds=0.088439792 wall_seconds=0.088637000 seconds_per_dispatch=0.000743191527 gbps=134.918223
LEG shape=mlp.gate_up_fused rep=1 position=6 arm=m9_ipg3 m=9 ipg=3 groups=3 inner=119 gpu_seconds=0.142937500 wall_seconds=0.143139333 seconds_per_dispatch=0.001201155460 gbps=250.434061
LEG shape=mlp.gate_up_fused rep=1 position=7 arm=m9_ipg5 m=9 ipg=5 groups=2 inner=119 gpu_seconds=0.123680250 wall_seconds=0.123905125 seconds_per_dispatch=0.001039329832 gbps=192.951413
LEG shape=mlp.gate_up_fused rep=1 position=8 arm=m9_ipg5 m=9 ipg=5 groups=2 inner=119 gpu_seconds=0.123739375 wall_seconds=0.123942792 seconds_per_dispatch=0.001039826681 gbps=192.859217
LEG shape=mlp.gate_up_fused rep=1 position=9 arm=m9_ipg3 m=9 ipg=3 groups=3 inner=119 gpu_seconds=0.143168417 wall_seconds=0.143442792 seconds_per_dispatch=0.001203095940 gbps=250.030135
LEG shape=mlp.gate_up_fused rep=1 position=10 arm=m6_ipg6 m=6 ipg=6 groups=1 inner=119 gpu_seconds=0.088351458 wall_seconds=0.088550667 seconds_per_dispatch=0.000742449230 gbps=135.053113
LEG shape=mlp.gate_up_fused rep=1 position=11 arm=m6_ipg3 m=6 ipg=3 groups=2 inner=119 gpu_seconds=0.096138625 wall_seconds=0.096308833 seconds_per_dispatch=0.000807887605 gbps=248.227797
LEG shape=mlp.gate_up_fused rep=1 position=12 arm=m5_ipg5 m=5 ipg=5 groups=1 inner=119 gpu_seconds=0.068426042 wall_seconds=0.068618667 seconds_per_dispatch=0.000575008753 gbps=174.380093
LEG shape=mlp.gate_up_fused rep=1 position=13 arm=m5_ipg3 m=5 ipg=3 groups=2 inner=119 gpu_seconds=0.088844125 wall_seconds=0.089060917 seconds_per_dispatch=0.000746589287 gbps=268.608408
LEG shape=mlp.gate_up_fused rep=1 position=14 arm=m4_ipg4 m=4 ipg=4 groups=1 inner=119 gpu_seconds=0.057855625 wall_seconds=0.058055750 seconds_per_dispatch=0.000486181722 gbps=206.239921
LEG shape=mlp.gate_up_fused rep=1 position=15 arm=m4_ipg2 m=4 ipg=2 groups=2 inner=119 gpu_seconds=0.083640292 wall_seconds=0.083860583 seconds_per_dispatch=0.000702859593 gbps=285.320371
LEG shape=mlp.gate_up_fused rep=2 position=0 arm=m4_ipg2 m=4 ipg=2 groups=2 inner=119 gpu_seconds=0.083535625 wall_seconds=0.083761083 seconds_per_dispatch=0.000701980041 gbps=285.677866
LEG shape=mlp.gate_up_fused rep=2 position=1 arm=m4_ipg4 m=4 ipg=4 groups=1 inner=119 gpu_seconds=0.057843583 wall_seconds=0.058035958 seconds_per_dispatch=0.000486080533 gbps=206.282855
LEG shape=mlp.gate_up_fused rep=2 position=2 arm=m5_ipg3 m=5 ipg=3 groups=2 inner=119 gpu_seconds=0.089135167 wall_seconds=0.089337833 seconds_per_dispatch=0.000749035014 gbps=267.731356
LEG shape=mlp.gate_up_fused rep=2 position=3 arm=m5_ipg5 m=5 ipg=5 groups=1 inner=119 gpu_seconds=0.068676792 wall_seconds=0.068876250 seconds_per_dispatch=0.000577115898 gbps=173.743403
LEG shape=mlp.gate_up_fused rep=2 position=4 arm=m6_ipg3 m=6 ipg=3 groups=2 inner=119 gpu_seconds=0.095921250 wall_seconds=0.096138458 seconds_per_dispatch=0.000806060923 gbps=248.790326
LEG shape=mlp.gate_up_fused rep=2 position=5 arm=m6_ipg6 m=6 ipg=6 groups=1 inner=119 gpu_seconds=0.088261958 wall_seconds=0.088459583 seconds_per_dispatch=0.000741697130 gbps=135.190061
LEG shape=mlp.gate_up_fused rep=2 position=6 arm=m9_ipg3 m=9 ipg=3 groups=3 inner=119 gpu_seconds=0.142817417 wall_seconds=0.143037958 seconds_per_dispatch=0.001200146359 gbps=250.644630
LEG shape=mlp.gate_up_fused rep=2 position=7 arm=m9_ipg5 m=9 ipg=5 groups=2 inner=119 gpu_seconds=0.123411500 wall_seconds=0.123733583 seconds_per_dispatch=0.001037071428 gbps=193.371599
LEG shape=mlp.gate_up_fused rep=2 position=8 arm=m9_ipg5 m=9 ipg=5 groups=2 inner=119 gpu_seconds=0.123631958 wall_seconds=0.123875292 seconds_per_dispatch=0.001038924020 gbps=193.026782
LEG shape=mlp.gate_up_fused rep=2 position=9 arm=m9_ipg3 m=9 ipg=3 groups=3 inner=119 gpu_seconds=0.143080833 wall_seconds=0.143285792 seconds_per_dispatch=0.001202359942 gbps=250.183185
LEG shape=mlp.gate_up_fused rep=2 position=10 arm=m6_ipg6 m=6 ipg=6 groups=1 inner=119 gpu_seconds=0.088407417 wall_seconds=0.088620917 seconds_per_dispatch=0.000742919469 gbps=134.967630
LEG shape=mlp.gate_up_fused rep=2 position=11 arm=m6_ipg3 m=6 ipg=3 groups=2 inner=119 gpu_seconds=0.096207000 wall_seconds=0.096391583 seconds_per_dispatch=0.000808462186 gbps=248.051379
LEG shape=mlp.gate_up_fused rep=2 position=12 arm=m5_ipg5 m=5 ipg=5 groups=1 inner=119 gpu_seconds=0.068686000 wall_seconds=0.068882083 seconds_per_dispatch=0.000577193278 gbps=173.720110
LEG shape=mlp.gate_up_fused rep=2 position=13 arm=m5_ipg3 m=5 ipg=3 groups=2 inner=119 gpu_seconds=0.089052625 wall_seconds=0.089272042 seconds_per_dispatch=0.000748341387 gbps=267.979513
LEG shape=mlp.gate_up_fused rep=2 position=14 arm=m4_ipg4 m=4 ipg=4 groups=1 inner=119 gpu_seconds=0.057809625 wall_seconds=0.058023000 seconds_per_dispatch=0.000485795167 gbps=206.404030
LEG shape=mlp.gate_up_fused rep=2 position=15 arm=m4_ipg2 m=4 ipg=2 groups=2 inner=119 gpu_seconds=0.083652500 wall_seconds=0.083866958 seconds_per_dispatch=0.000702962185 gbps=285.278731
LEG shape=mlp.gate_up_fused rep=3 position=0 arm=m4_ipg2 m=4 ipg=2 groups=2 inner=119 gpu_seconds=0.083607500 wall_seconds=0.083823750 seconds_per_dispatch=0.000702584033 gbps=285.432276
LEG shape=mlp.gate_up_fused rep=3 position=1 arm=m4_ipg4 m=4 ipg=4 groups=1 inner=119 gpu_seconds=0.057810000 wall_seconds=0.058008667 seconds_per_dispatch=0.000485798321 gbps=206.402690
LEG shape=mlp.gate_up_fused rep=3 position=2 arm=m5_ipg3 m=5 ipg=3 groups=2 inner=119 gpu_seconds=0.089142667 wall_seconds=0.089344417 seconds_per_dispatch=0.000749098039 gbps=267.708830
LEG shape=mlp.gate_up_fused rep=3 position=3 arm=m5_ipg5 m=5 ipg=5 groups=1 inner=119 gpu_seconds=0.068728333 wall_seconds=0.068933125 seconds_per_dispatch=0.000577549020 gbps=173.613107
LEG shape=mlp.gate_up_fused rep=3 position=4 arm=m6_ipg3 m=6 ipg=3 groups=2 inner=119 gpu_seconds=0.096132250 wall_seconds=0.096328250 seconds_per_dispatch=0.000807834034 gbps=248.244258
LEG shape=mlp.gate_up_fused rep=3 position=5 arm=m6_ipg6 m=6 ipg=6 groups=1 inner=119 gpu_seconds=0.088412917 wall_seconds=0.088605042 seconds_per_dispatch=0.000742965687 gbps=134.959234
LEG shape=mlp.gate_up_fused rep=3 position=6 arm=m9_ipg3 m=9 ipg=3 groups=3 inner=119 gpu_seconds=0.143106375 wall_seconds=0.143311667 seconds_per_dispatch=0.001202574581 gbps=250.138532
LEG shape=mlp.gate_up_fused rep=3 position=7 arm=m9_ipg5 m=9 ipg=5 groups=2 inner=119 gpu_seconds=0.123646375 wall_seconds=0.123859875 seconds_per_dispatch=0.001039045168 gbps=193.004276
LEG shape=mlp.gate_up_fused rep=3 position=8 arm=m9_ipg5 m=9 ipg=5 groups=2 inner=119 gpu_seconds=0.123694375 wall_seconds=0.123926917 seconds_per_dispatch=0.001039448529 gbps=192.929380
LEG shape=mlp.gate_up_fused rep=3 position=9 arm=m9_ipg3 m=9 ipg=3 groups=3 inner=119 gpu_seconds=0.143103375 wall_seconds=0.143402583 seconds_per_dispatch=0.001202549369 gbps=250.143776
LEG shape=mlp.gate_up_fused rep=3 position=10 arm=m6_ipg6 m=6 ipg=6 groups=1 inner=119 gpu_seconds=0.088406125 wall_seconds=0.088603333 seconds_per_dispatch=0.000742908612 gbps=134.969602
LEG shape=mlp.gate_up_fused rep=3 position=11 arm=m6_ipg3 m=6 ipg=3 groups=2 inner=119 gpu_seconds=0.096142500 wall_seconds=0.096345333 seconds_per_dispatch=0.000807920168 gbps=248.217792
LEG shape=mlp.gate_up_fused rep=3 position=12 arm=m5_ipg5 m=5 ipg=5 groups=1 inner=119 gpu_seconds=0.068749708 wall_seconds=0.068961000 seconds_per_dispatch=0.000577728642 gbps=173.559129
LEG shape=mlp.gate_up_fused rep=3 position=13 arm=m5_ipg3 m=5 ipg=3 groups=2 inner=119 gpu_seconds=0.089058292 wall_seconds=0.089245083 seconds_per_dispatch=0.000748389005 gbps=267.962461
LEG shape=mlp.gate_up_fused rep=3 position=14 arm=m4_ipg4 m=4 ipg=4 groups=1 inner=119 gpu_seconds=0.057832708 wall_seconds=0.058036875 seconds_per_dispatch=0.000485989146 gbps=206.321645
LEG shape=mlp.gate_up_fused rep=3 position=15 arm=m4_ipg2 m=4 ipg=2 groups=2 inner=119 gpu_seconds=0.083598667 wall_seconds=0.083802958 seconds_per_dispatch=0.000702509803 gbps=285.462436
LEG shape=mlp.gate_up_fused rep=4 position=0 arm=m4_ipg2 m=4 ipg=2 groups=2 inner=119 gpu_seconds=0.083693625 wall_seconds=0.083895000 seconds_per_dispatch=0.000703307773 gbps=285.138552
LEG shape=mlp.gate_up_fused rep=4 position=1 arm=m4_ipg4 m=4 ipg=4 groups=1 inner=119 gpu_seconds=0.057857042 wall_seconds=0.058050917 seconds_per_dispatch=0.000486193628 gbps=206.234871
LEG shape=mlp.gate_up_fused rep=4 position=2 arm=m5_ipg3 m=5 ipg=3 groups=2 inner=119 gpu_seconds=0.089075166 wall_seconds=0.089257833 seconds_per_dispatch=0.000748530811 gbps=267.911697
LEG shape=mlp.gate_up_fused rep=4 position=3 arm=m5_ipg5 m=5 ipg=5 groups=1 inner=119 gpu_seconds=0.068779750 wall_seconds=0.068956167 seconds_per_dispatch=0.000577981093 gbps=173.483322
LEG shape=mlp.gate_up_fused rep=4 position=4 arm=m6_ipg3 m=6 ipg=3 groups=2 inner=119 gpu_seconds=0.096204250 wall_seconds=0.096409333 seconds_per_dispatch=0.000808439075 gbps=248.058470
LEG shape=mlp.gate_up_fused rep=4 position=5 arm=m6_ipg6 m=6 ipg=6 groups=1 inner=119 gpu_seconds=0.088451125 wall_seconds=0.088666875 seconds_per_dispatch=0.000743286764 gbps=134.900936
LEG shape=mlp.gate_up_fused rep=4 position=6 arm=m9_ipg3 m=9 ipg=3 groups=3 inner=119 gpu_seconds=0.143148125 wall_seconds=0.143312542 seconds_per_dispatch=0.001202925421 gbps=250.065577
LEG shape=mlp.gate_up_fused rep=4 position=7 arm=m9_ipg5 m=9 ipg=5 groups=2 inner=119 gpu_seconds=0.123711250 wall_seconds=0.123895417 seconds_per_dispatch=0.001039590336 gbps=192.903063
LEG shape=mlp.gate_up_fused rep=4 position=8 arm=m9_ipg5 m=9 ipg=5 groups=2 inner=119 gpu_seconds=0.123708125 wall_seconds=0.123916958 seconds_per_dispatch=0.001039564075 gbps=192.907936
LEG shape=mlp.gate_up_fused rep=4 position=9 arm=m9_ipg3 m=9 ipg=3 groups=3 inner=119 gpu_seconds=0.143084125 wall_seconds=0.143291083 seconds_per_dispatch=0.001202387604 gbps=250.177429
LEG shape=mlp.gate_up_fused rep=4 position=10 arm=m6_ipg6 m=6 ipg=6 groups=1 inner=119 gpu_seconds=0.088455875 wall_seconds=0.088668500 seconds_per_dispatch=0.000743326680 gbps=134.893692
LEG shape=mlp.gate_up_fused rep=4 position=11 arm=m6_ipg3 m=6 ipg=3 groups=2 inner=119 gpu_seconds=0.096154292 wall_seconds=0.096344667 seconds_per_dispatch=0.000808019258 gbps=248.187352
LEG shape=mlp.gate_up_fused rep=4 position=12 arm=m5_ipg5 m=5 ipg=5 groups=1 inner=119 gpu_seconds=0.068782500 wall_seconds=0.068989958 seconds_per_dispatch=0.000578004202 gbps=173.476386
LEG shape=mlp.gate_up_fused rep=4 position=13 arm=m5_ipg3 m=5 ipg=3 groups=2 inner=119 gpu_seconds=0.089099000 wall_seconds=0.089318042 seconds_per_dispatch=0.000748731092 gbps=267.840032
LEG shape=mlp.gate_up_fused rep=4 position=14 arm=m4_ipg4 m=4 ipg=4 groups=1 inner=119 gpu_seconds=0.057848250 wall_seconds=0.058051333 seconds_per_dispatch=0.000486119748 gbps=206.266214
LEG shape=mlp.gate_up_fused rep=4 position=15 arm=m4_ipg2 m=4 ipg=2 groups=2 inner=119 gpu_seconds=0.083654000 wall_seconds=0.083858208 seconds_per_dispatch=0.000702974790 gbps=285.273616
LEG shape=mlp.gate_up_fused rep=5 position=0 arm=m4_ipg2 m=4 ipg=2 groups=2 inner=119 gpu_seconds=0.083629292 wall_seconds=0.083839750 seconds_per_dispatch=0.000702767157 gbps=285.357900
LEG shape=mlp.gate_up_fused rep=5 position=1 arm=m4_ipg4 m=4 ipg=4 groups=1 inner=119 gpu_seconds=0.057884583 wall_seconds=0.058065750 seconds_per_dispatch=0.000486425069 gbps=206.136744
LEG shape=mlp.gate_up_fused rep=5 position=2 arm=m5_ipg3 m=5 ipg=3 groups=2 inner=119 gpu_seconds=0.089135750 wall_seconds=0.089337333 seconds_per_dispatch=0.000749039916 gbps=267.729604
LEG shape=mlp.gate_up_fused rep=5 position=3 arm=m5_ipg5 m=5 ipg=5 groups=1 inner=119 gpu_seconds=0.068734875 wall_seconds=0.068923625 seconds_per_dispatch=0.000577603991 gbps=173.596584
LEG shape=mlp.gate_up_fused rep=5 position=4 arm=m6_ipg3 m=6 ipg=3 groups=2 inner=119 gpu_seconds=0.096296250 wall_seconds=0.096503667 seconds_per_dispatch=0.000809212184 gbps=247.821479
LEG shape=mlp.gate_up_fused rep=5 position=5 arm=m6_ipg6 m=6 ipg=6 groups=1 inner=119 gpu_seconds=0.088446500 wall_seconds=0.088635375 seconds_per_dispatch=0.000743247899 gbps=134.907990
LEG shape=mlp.gate_up_fused rep=5 position=6 arm=m9_ipg3 m=9 ipg=3 groups=3 inner=119 gpu_seconds=0.143182625 wall_seconds=0.143389917 seconds_per_dispatch=0.001203215335 gbps=250.005324
LEG shape=mlp.gate_up_fused rep=5 position=7 arm=m9_ipg5 m=9 ipg=5 groups=2 inner=119 gpu_seconds=0.123707000 wall_seconds=0.123909792 seconds_per_dispatch=0.001039554621 gbps=192.909690
LEG shape=mlp.gate_up_fused rep=5 position=8 arm=m9_ipg5 m=9 ipg=5 groups=2 inner=119 gpu_seconds=0.123603250 wall_seconds=0.123819375 seconds_per_dispatch=0.001038682772 gbps=193.071615
LEG shape=mlp.gate_up_fused rep=5 position=9 arm=m9_ipg3 m=9 ipg=3 groups=3 inner=119 gpu_seconds=0.143043833 wall_seconds=0.143237917 seconds_per_dispatch=0.001202049019 gbps=250.247898
LEG shape=mlp.gate_up_fused rep=5 position=10 arm=m6_ipg6 m=6 ipg=6 groups=1 inner=119 gpu_seconds=0.088439500 wall_seconds=0.088633333 seconds_per_dispatch=0.000743189075 gbps=134.918668
LEG shape=mlp.gate_up_fused rep=5 position=11 arm=m6_ipg3 m=6 ipg=3 groups=2 inner=119 gpu_seconds=0.096140375 wall_seconds=0.096358792 seconds_per_dispatch=0.000807902312 gbps=248.223278
LEG shape=mlp.gate_up_fused rep=5 position=12 arm=m5_ipg5 m=5 ipg=5 groups=1 inner=119 gpu_seconds=0.068708292 wall_seconds=0.068894375 seconds_per_dispatch=0.000577380601 gbps=173.663749
LEG shape=mlp.gate_up_fused rep=5 position=13 arm=m5_ipg3 m=5 ipg=3 groups=2 inner=119 gpu_seconds=0.089118375 wall_seconds=0.089298042 seconds_per_dispatch=0.000748893907 gbps=267.781802
LEG shape=mlp.gate_up_fused rep=5 position=14 arm=m4_ipg4 m=4 ipg=4 groups=1 inner=119 gpu_seconds=0.057897125 wall_seconds=0.058084708 seconds_per_dispatch=0.000486530461 gbps=206.092091
LEG shape=mlp.gate_up_fused rep=5 position=15 arm=m4_ipg2 m=4 ipg=2 groups=2 inner=119 gpu_seconds=0.083574875 wall_seconds=0.083776333 seconds_per_dispatch=0.000702309874 gbps=285.543700
LEG shape=mlp.gate_up_fused rep=6 position=0 arm=m4_ipg2 m=4 ipg=2 groups=2 inner=119 gpu_seconds=0.083692542 wall_seconds=0.083889333 seconds_per_dispatch=0.000703298671 gbps=285.142242
LEG shape=mlp.gate_up_fused rep=6 position=1 arm=m4_ipg4 m=4 ipg=4 groups=1 inner=119 gpu_seconds=0.057811625 wall_seconds=0.057996250 seconds_per_dispatch=0.000485811975 gbps=206.396888
LEG shape=mlp.gate_up_fused rep=6 position=2 arm=m5_ipg3 m=5 ipg=3 groups=2 inner=119 gpu_seconds=0.089137875 wall_seconds=0.089325583 seconds_per_dispatch=0.000749057773 gbps=267.723221
LEG shape=mlp.gate_up_fused rep=6 position=3 arm=m5_ipg5 m=5 ipg=5 groups=1 inner=119 gpu_seconds=0.068695792 wall_seconds=0.068918083 seconds_per_dispatch=0.000577275561 gbps=173.695349
LEG shape=mlp.gate_up_fused rep=6 position=4 arm=m6_ipg3 m=6 ipg=3 groups=2 inner=119 gpu_seconds=0.096150500 wall_seconds=0.096363542 seconds_per_dispatch=0.000807987395 gbps=248.197139
LEG shape=mlp.gate_up_fused rep=6 position=5 arm=m6_ipg6 m=6 ipg=6 groups=1 inner=119 gpu_seconds=0.088455875 wall_seconds=0.088670208 seconds_per_dispatch=0.000743326682 gbps=134.893691
LEG shape=mlp.gate_up_fused rep=6 position=6 arm=m9_ipg3 m=9 ipg=3 groups=3 inner=119 gpu_seconds=0.143099292 wall_seconds=0.143284208 seconds_per_dispatch=0.001202515056 gbps=250.150914
LEG shape=mlp.gate_up_fused rep=6 position=7 arm=m9_ipg5 m=9 ipg=5 groups=2 inner=119 gpu_seconds=0.123678042 wall_seconds=0.123879167 seconds_per_dispatch=0.001039311274 gbps=192.954859
LEG shape=mlp.gate_up_fused rep=6 position=8 arm=m9_ipg5 m=9 ipg=5 groups=2 inner=119 gpu_seconds=0.123736958 wall_seconds=0.123939417 seconds_per_dispatch=0.001039806374 gbps=192.862984
LEG shape=mlp.gate_up_fused rep=6 position=9 arm=m9_ipg3 m=9 ipg=3 groups=3 inner=119 gpu_seconds=0.143120625 wall_seconds=0.143291542 seconds_per_dispatch=0.001202694328 gbps=250.113627
LEG shape=mlp.gate_up_fused rep=6 position=10 arm=m6_ipg6 m=6 ipg=6 groups=1 inner=119 gpu_seconds=0.088481208 wall_seconds=0.088647542 seconds_per_dispatch=0.000743539566 gbps=134.855070
LEG shape=mlp.gate_up_fused rep=6 position=11 arm=m6_ipg3 m=6 ipg=3 groups=2 inner=119 gpu_seconds=0.096178500 wall_seconds=0.096374333 seconds_per_dispatch=0.000808222689 gbps=248.124883
LEG shape=mlp.gate_up_fused rep=6 position=12 arm=m5_ipg5 m=5 ipg=5 groups=1 inner=119 gpu_seconds=0.068738833 wall_seconds=0.068933125 seconds_per_dispatch=0.000577637255 gbps=173.586588
LEG shape=mlp.gate_up_fused rep=6 position=13 arm=m5_ipg3 m=5 ipg=3 groups=2 inner=119 gpu_seconds=0.089142500 wall_seconds=0.089346500 seconds_per_dispatch=0.000749096638 gbps=267.709331
LEG shape=mlp.gate_up_fused rep=6 position=14 arm=m4_ipg4 m=4 ipg=4 groups=1 inner=119 gpu_seconds=0.057885125 wall_seconds=0.058130333 seconds_per_dispatch=0.000486429622 gbps=206.134815
LEG shape=mlp.gate_up_fused rep=6 position=15 arm=m4_ipg2 m=4 ipg=2 groups=2 inner=119 gpu_seconds=0.083639625 wall_seconds=0.083837000 seconds_per_dispatch=0.000702853992 gbps=285.322645
LEG shape=mlp.gate_up_fused rep=7 position=0 arm=m4_ipg2 m=4 ipg=2 groups=2 inner=119 gpu_seconds=0.083614750 wall_seconds=0.083797333 seconds_per_dispatch=0.000702644957 gbps=285.407528
LEG shape=mlp.gate_up_fused rep=7 position=1 arm=m4_ipg4 m=4 ipg=4 groups=1 inner=119 gpu_seconds=0.057867250 wall_seconds=0.058051125 seconds_per_dispatch=0.000486279411 gbps=206.198489
LEG shape=mlp.gate_up_fused rep=7 position=2 arm=m5_ipg3 m=5 ipg=3 groups=2 inner=119 gpu_seconds=0.089122250 wall_seconds=0.089321750 seconds_per_dispatch=0.000748926470 gbps=267.770159
LEG shape=mlp.gate_up_fused rep=7 position=3 arm=m5_ipg5 m=5 ipg=5 groups=1 inner=119 gpu_seconds=0.068792250 wall_seconds=0.068985333 seconds_per_dispatch=0.000578086135 gbps=173.451799
LEG shape=mlp.gate_up_fused rep=7 position=4 arm=m6_ipg3 m=6 ipg=3 groups=2 inner=119 gpu_seconds=0.096217083 wall_seconds=0.096410833 seconds_per_dispatch=0.000808546918 gbps=248.025384
LEG shape=mlp.gate_up_fused rep=7 position=5 arm=m6_ipg6 m=6 ipg=6 groups=1 inner=119 gpu_seconds=0.088416958 wall_seconds=0.088627792 seconds_per_dispatch=0.000742999651 gbps=134.953065
LEG shape=mlp.gate_up_fused rep=7 position=6 arm=m9_ipg3 m=9 ipg=3 groups=3 inner=119 gpu_seconds=0.143079208 wall_seconds=0.143269500 seconds_per_dispatch=0.001202346289 gbps=250.186026
LEG shape=mlp.gate_up_fused rep=7 position=7 arm=m9_ipg5 m=9 ipg=5 groups=2 inner=119 gpu_seconds=0.123773208 wall_seconds=0.123984417 seconds_per_dispatch=0.001040110995 gbps=192.806500
LEG shape=mlp.gate_up_fused rep=7 position=8 arm=m9_ipg5 m=9 ipg=5 groups=2 inner=119 gpu_seconds=0.123681750 wall_seconds=0.123892792 seconds_per_dispatch=0.001039342438 gbps=192.949073
LEG shape=mlp.gate_up_fused rep=7 position=9 arm=m9_ipg3 m=9 ipg=3 groups=3 inner=119 gpu_seconds=0.143156250 wall_seconds=0.143356083 seconds_per_dispatch=0.001202993698 gbps=250.051385
LEG shape=mlp.gate_up_fused rep=7 position=10 arm=m6_ipg6 m=6 ipg=6 groups=1 inner=119 gpu_seconds=0.088483750 wall_seconds=0.088658625 seconds_per_dispatch=0.000743560923 gbps=134.851196
LEG shape=mlp.gate_up_fused rep=7 position=11 arm=m6_ipg3 m=6 ipg=3 groups=2 inner=119 gpu_seconds=0.096235250 wall_seconds=0.096431208 seconds_per_dispatch=0.000808699579 gbps=247.978564
LEG shape=mlp.gate_up_fused rep=7 position=12 arm=m5_ipg5 m=5 ipg=5 groups=1 inner=119 gpu_seconds=0.068710500 wall_seconds=0.068899542 seconds_per_dispatch=0.000577399159 gbps=173.658168
LEG shape=mlp.gate_up_fused rep=7 position=13 arm=m5_ipg3 m=5 ipg=3 groups=2 inner=119 gpu_seconds=0.089066375 wall_seconds=0.089265958 seconds_per_dispatch=0.000748456931 gbps=267.938143
LEG shape=mlp.gate_up_fused rep=7 position=14 arm=m4_ipg4 m=4 ipg=4 groups=1 inner=119 gpu_seconds=0.057851042 wall_seconds=0.058049208 seconds_per_dispatch=0.000486143207 gbps=206.256260
LEG shape=mlp.gate_up_fused rep=7 position=15 arm=m4_ipg2 m=4 ipg=2 groups=2 inner=119 gpu_seconds=0.083694000 wall_seconds=0.083895875 seconds_per_dispatch=0.000703310925 gbps=285.137274
LEG shape=mlp.gate_up_fused rep=8 position=0 arm=m4_ipg2 m=4 ipg=2 groups=2 inner=119 gpu_seconds=0.083611292 wall_seconds=0.083817708 seconds_per_dispatch=0.000702615898 gbps=285.419332
LEG shape=mlp.gate_up_fused rep=8 position=1 arm=m4_ipg4 m=4 ipg=4 groups=1 inner=119 gpu_seconds=0.057819333 wall_seconds=0.057997167 seconds_per_dispatch=0.000485876751 gbps=206.369372
LEG shape=mlp.gate_up_fused rep=8 position=2 arm=m5_ipg3 m=5 ipg=3 groups=2 inner=119 gpu_seconds=0.089061875 wall_seconds=0.089253458 seconds_per_dispatch=0.000748419119 gbps=267.951680
LEG shape=mlp.gate_up_fused rep=8 position=3 arm=m5_ipg5 m=5 ipg=5 groups=1 inner=119 gpu_seconds=0.068772958 wall_seconds=0.068975667 seconds_per_dispatch=0.000577924020 gbps=173.500454
LEG shape=mlp.gate_up_fused rep=8 position=4 arm=m6_ipg3 m=6 ipg=3 groups=2 inner=119 gpu_seconds=0.096146583 wall_seconds=0.096345458 seconds_per_dispatch=0.000807954482 gbps=248.207250
LEG shape=mlp.gate_up_fused rep=8 position=5 arm=m6_ipg6 m=6 ipg=6 groups=1 inner=119 gpu_seconds=0.088420875 wall_seconds=0.088622958 seconds_per_dispatch=0.000743032564 gbps=134.947087
LEG shape=mlp.gate_up_fused rep=8 position=6 arm=m9_ipg3 m=9 ipg=3 groups=3 inner=119 gpu_seconds=0.143129250 wall_seconds=0.143326250 seconds_per_dispatch=0.001202766805 gbps=250.098555
LEG shape=mlp.gate_up_fused rep=8 position=7 arm=m9_ipg5 m=9 ipg=5 groups=2 inner=119 gpu_seconds=0.123687375 wall_seconds=0.123888292 seconds_per_dispatch=0.001039389707 gbps=192.940298
LEG shape=mlp.gate_up_fused rep=8 position=8 arm=m9_ipg5 m=9 ipg=5 groups=2 inner=119 gpu_seconds=0.123726125 wall_seconds=0.123922458 seconds_per_dispatch=0.001039715335 gbps=192.879871
LEG shape=mlp.gate_up_fused rep=8 position=9 arm=m9_ipg3 m=9 ipg=3 groups=3 inner=119 gpu_seconds=0.143115292 wall_seconds=0.143297917 seconds_per_dispatch=0.001202649511 gbps=250.122947
LEG shape=mlp.gate_up_fused rep=8 position=10 arm=m6_ipg6 m=6 ipg=6 groups=1 inner=119 gpu_seconds=0.088479625 wall_seconds=0.088674042 seconds_per_dispatch=0.000743526261 gbps=134.857483
LEG shape=mlp.gate_up_fused rep=8 position=11 arm=m6_ipg3 m=6 ipg=3 groups=2 inner=119 gpu_seconds=0.096152250 wall_seconds=0.096326417 seconds_per_dispatch=0.000808002100 gbps=248.192622
LEG shape=mlp.gate_up_fused rep=8 position=12 arm=m5_ipg5 m=5 ipg=5 groups=1 inner=119 gpu_seconds=0.068715625 wall_seconds=0.068885958 seconds_per_dispatch=0.000577442227 gbps=173.645216
LEG shape=mlp.gate_up_fused rep=8 position=13 arm=m5_ipg3 m=5 ipg=3 groups=2 inner=119 gpu_seconds=0.089102375 wall_seconds=0.089310208 seconds_per_dispatch=0.000748759455 gbps=267.829887
LEG shape=mlp.gate_up_fused rep=8 position=14 arm=m4_ipg4 m=4 ipg=4 groups=1 inner=119 gpu_seconds=0.057821875 wall_seconds=0.058015292 seconds_per_dispatch=0.000485898109 gbps=206.360301
LEG shape=mlp.gate_up_fused rep=8 position=15 arm=m4_ipg2 m=4 ipg=2 groups=2 inner=119 gpu_seconds=0.083653500 wall_seconds=0.083846042 seconds_per_dispatch=0.000702970589 gbps=285.275320
LEG shape=mlp.gate_up_fused rep=9 position=0 arm=m4_ipg2 m=4 ipg=2 groups=2 inner=119 gpu_seconds=0.083563875 wall_seconds=0.083748667 seconds_per_dispatch=0.000702217436 gbps=285.581288
LEG shape=mlp.gate_up_fused rep=9 position=1 arm=m4_ipg4 m=4 ipg=4 groups=1 inner=119 gpu_seconds=0.057846917 wall_seconds=0.058040917 seconds_per_dispatch=0.000486108543 gbps=206.270969
LEG shape=mlp.gate_up_fused rep=9 position=2 arm=m5_ipg3 m=5 ipg=3 groups=2 inner=119 gpu_seconds=0.089164292 wall_seconds=0.089362042 seconds_per_dispatch=0.000749279763 gbps=267.643903
LEG shape=mlp.gate_up_fused rep=9 position=3 arm=m5_ipg5 m=5 ipg=5 groups=1 inner=119 gpu_seconds=0.068768250 wall_seconds=0.068938708 seconds_per_dispatch=0.000577884452 gbps=173.512334
LEG shape=mlp.gate_up_fused rep=9 position=4 arm=m6_ipg3 m=6 ipg=3 groups=2 inner=119 gpu_seconds=0.096148500 wall_seconds=0.096346208 seconds_per_dispatch=0.000807970588 gbps=248.202302
LEG shape=mlp.gate_up_fused rep=9 position=5 arm=m6_ipg6 m=6 ipg=6 groups=1 inner=119 gpu_seconds=0.088492042 wall_seconds=0.088679125 seconds_per_dispatch=0.000743630602 gbps=134.838561
LEG shape=mlp.gate_up_fused rep=9 position=6 arm=m9_ipg3 m=9 ipg=3 groups=3 inner=119 gpu_seconds=0.143052708 wall_seconds=0.143252000 seconds_per_dispatch=0.001202123600 gbps=250.232372
LEG shape=mlp.gate_up_fused rep=9 position=7 arm=m9_ipg5 m=9 ipg=5 groups=2 inner=119 gpu_seconds=0.123656125 wall_seconds=0.123853167 seconds_per_dispatch=0.001039127101 gbps=192.989058
LEG shape=mlp.gate_up_fused rep=9 position=8 arm=m9_ipg5 m=9 ipg=5 groups=2 inner=119 gpu_seconds=0.123681625 wall_seconds=0.123901333 seconds_per_dispatch=0.001039341386 gbps=192.949268
LEG shape=mlp.gate_up_fused rep=9 position=9 arm=m9_ipg3 m=9 ipg=3 groups=3 inner=119 gpu_seconds=0.143070917 wall_seconds=0.143253083 seconds_per_dispatch=0.001202276610 gbps=250.200526
LEG shape=mlp.gate_up_fused rep=9 position=10 arm=m6_ipg6 m=6 ipg=6 groups=1 inner=119 gpu_seconds=0.088411083 wall_seconds=0.088602958 seconds_per_dispatch=0.000742950279 gbps=134.962033
LEG shape=mlp.gate_up_fused rep=9 position=11 arm=m6_ipg3 m=6 ipg=3 groups=2 inner=119 gpu_seconds=0.096132750 wall_seconds=0.096325500 seconds_per_dispatch=0.000807838235 gbps=248.242967
LEG shape=mlp.gate_up_fused rep=9 position=12 arm=m5_ipg5 m=5 ipg=5 groups=1 inner=119 gpu_seconds=0.068748167 wall_seconds=0.068934375 seconds_per_dispatch=0.000577715685 gbps=173.563022
LEG shape=mlp.gate_up_fused rep=9 position=13 arm=m5_ipg3 m=5 ipg=3 groups=2 inner=119 gpu_seconds=0.089068875 wall_seconds=0.089278333 seconds_per_dispatch=0.000748477943 gbps=267.930621
LEG shape=mlp.gate_up_fused rep=9 position=14 arm=m4_ipg4 m=4 ipg=4 groups=1 inner=119 gpu_seconds=0.057839250 wall_seconds=0.058022292 seconds_per_dispatch=0.000486044117 gbps=206.298310
LEG shape=mlp.gate_up_fused rep=9 position=15 arm=m4_ipg2 m=4 ipg=2 groups=2 inner=119 gpu_seconds=0.083616917 wall_seconds=0.083807708 seconds_per_dispatch=0.000702663166 gbps=285.400131
LEG shape=mlp.gate_up_fused rep=10 position=0 arm=m4_ipg2 m=4 ipg=2 groups=2 inner=119 gpu_seconds=0.083664750 wall_seconds=0.083859250 seconds_per_dispatch=0.000703065126 gbps=285.236961
LEG shape=mlp.gate_up_fused rep=10 position=1 arm=m4_ipg4 m=4 ipg=4 groups=1 inner=119 gpu_seconds=0.057831958 wall_seconds=0.058023917 seconds_per_dispatch=0.000485982844 gbps=206.324320
LEG shape=mlp.gate_up_fused rep=10 position=2 arm=m5_ipg3 m=5 ipg=3 groups=2 inner=119 gpu_seconds=0.089141125 wall_seconds=0.089330792 seconds_per_dispatch=0.000749085085 gbps=267.713460
LEG shape=mlp.gate_up_fused rep=10 position=3 arm=m5_ipg5 m=5 ipg=5 groups=1 inner=119 gpu_seconds=0.068810375 wall_seconds=0.069014167 seconds_per_dispatch=0.000578238447 gbps=173.406110
LEG shape=mlp.gate_up_fused rep=10 position=4 arm=m6_ipg3 m=6 ipg=3 groups=2 inner=119 gpu_seconds=0.096154917 wall_seconds=0.096357792 seconds_per_dispatch=0.000808024509 gbps=248.185739
LEG shape=mlp.gate_up_fused rep=10 position=5 arm=m6_ipg6 m=6 ipg=6 groups=1 inner=119 gpu_seconds=0.088538667 wall_seconds=0.088747708 seconds_per_dispatch=0.000744022409 gbps=134.767554
LEG shape=mlp.gate_up_fused rep=10 position=6 arm=m9_ipg3 m=9 ipg=3 groups=3 inner=119 gpu_seconds=0.143138500 wall_seconds=0.143318750 seconds_per_dispatch=0.001202844537 gbps=250.082393
LEG shape=mlp.gate_up_fused rep=10 position=7 arm=m9_ipg5 m=9 ipg=5 groups=2 inner=119 gpu_seconds=0.123699125 wall_seconds=0.123894542 seconds_per_dispatch=0.001039488445 gbps=192.921971
LEG shape=mlp.gate_up_fused rep=10 position=8 arm=m9_ipg5 m=9 ipg=5 groups=2 inner=119 gpu_seconds=0.123671250 wall_seconds=0.123873500 seconds_per_dispatch=0.001039254201 gbps=192.965455
LEG shape=mlp.gate_up_fused rep=10 position=9 arm=m9_ipg3 m=9 ipg=3 groups=3 inner=119 gpu_seconds=0.143076542 wall_seconds=0.143271583 seconds_per_dispatch=0.001202323879 gbps=250.190689
LEG shape=mlp.gate_up_fused rep=10 position=10 arm=m6_ipg6 m=6 ipg=6 groups=1 inner=119 gpu_seconds=0.088495375 wall_seconds=0.088676708 seconds_per_dispatch=0.000743658614 gbps=134.833481
LEG shape=mlp.gate_up_fused rep=10 position=11 arm=m6_ipg3 m=6 ipg=3 groups=2 inner=119 gpu_seconds=0.096175167 wall_seconds=0.096406708 seconds_per_dispatch=0.000808194679 gbps=248.133482
LEG shape=mlp.gate_up_fused rep=10 position=12 arm=m5_ipg5 m=5 ipg=5 groups=1 inner=119 gpu_seconds=0.068737375 wall_seconds=0.068938417 seconds_per_dispatch=0.000577625001 gbps=173.590270
LEG shape=mlp.gate_up_fused rep=10 position=13 arm=m5_ipg3 m=5 ipg=3 groups=2 inner=119 gpu_seconds=0.089109500 wall_seconds=0.089313000 seconds_per_dispatch=0.000748819327 gbps=267.808472
LEG shape=mlp.gate_up_fused rep=10 position=14 arm=m4_ipg4 m=4 ipg=4 groups=1 inner=119 gpu_seconds=0.057858875 wall_seconds=0.058057750 seconds_per_dispatch=0.000486209034 gbps=206.228336
LEG shape=mlp.gate_up_fused rep=10 position=15 arm=m4_ipg2 m=4 ipg=2 groups=2 inner=119 gpu_seconds=0.083649875 wall_seconds=0.083846625 seconds_per_dispatch=0.000702940125 gbps=285.287684
LEG shape=mlp.gate_up_fused rep=11 position=0 arm=m4_ipg2 m=4 ipg=2 groups=2 inner=119 gpu_seconds=0.083544208 wall_seconds=0.083748333 seconds_per_dispatch=0.000702052172 gbps=285.648515
LEG shape=mlp.gate_up_fused rep=11 position=1 arm=m4_ipg4 m=4 ipg=4 groups=1 inner=119 gpu_seconds=0.057800625 wall_seconds=0.057981500 seconds_per_dispatch=0.000485719538 gbps=206.436168
LEG shape=mlp.gate_up_fused rep=11 position=2 arm=m5_ipg3 m=5 ipg=3 groups=2 inner=119 gpu_seconds=0.089131500 wall_seconds=0.089310000 seconds_per_dispatch=0.000749004203 gbps=267.742370
LEG shape=mlp.gate_up_fused rep=11 position=3 arm=m5_ipg5 m=5 ipg=5 groups=1 inner=119 gpu_seconds=0.068743500 wall_seconds=0.068909958 seconds_per_dispatch=0.000577676472 gbps=173.574803
LEG shape=mlp.gate_up_fused rep=11 position=4 arm=m6_ipg3 m=6 ipg=3 groups=2 inner=119 gpu_seconds=0.096293125 wall_seconds=0.096486667 seconds_per_dispatch=0.000809185925 gbps=247.829521
LEG shape=mlp.gate_up_fused rep=11 position=5 arm=m6_ipg6 m=6 ipg=6 groups=1 inner=119 gpu_seconds=0.088335833 wall_seconds=0.088541292 seconds_per_dispatch=0.000742317927 gbps=135.077002
LEG shape=mlp.gate_up_fused rep=11 position=6 arm=m9_ipg3 m=9 ipg=3 groups=3 inner=119 gpu_seconds=0.143121250 wall_seconds=0.143330208 seconds_per_dispatch=0.001202699580 gbps=250.112534
LEG shape=mlp.gate_up_fused rep=11 position=7 arm=m9_ipg5 m=9 ipg=5 groups=2 inner=119 gpu_seconds=0.123724500 wall_seconds=0.123931708 seconds_per_dispatch=0.001039701680 gbps=192.882404
LEG shape=mlp.gate_up_fused rep=11 position=8 arm=m9_ipg5 m=9 ipg=5 groups=2 inner=119 gpu_seconds=0.123550000 wall_seconds=0.123777792 seconds_per_dispatch=0.001038235293 gbps=193.154828
LEG shape=mlp.gate_up_fused rep=11 position=9 arm=m9_ipg3 m=9 ipg=3 groups=3 inner=119 gpu_seconds=0.143180917 wall_seconds=0.143381167 seconds_per_dispatch=0.001203200979 gbps=250.008307
LEG shape=mlp.gate_up_fused rep=11 position=10 arm=m6_ipg6 m=6 ipg=6 groups=1 inner=119 gpu_seconds=0.088456167 wall_seconds=0.088643708 seconds_per_dispatch=0.000743329132 gbps=134.893247
LEG shape=mlp.gate_up_fused rep=11 position=11 arm=m6_ipg3 m=6 ipg=3 groups=2 inner=119 gpu_seconds=0.096151750 wall_seconds=0.096362833 seconds_per_dispatch=0.000807997900 gbps=248.193912
LEG shape=mlp.gate_up_fused rep=11 position=12 arm=m5_ipg5 m=5 ipg=5 groups=1 inner=119 gpu_seconds=0.068720875 wall_seconds=0.068894750 seconds_per_dispatch=0.000577486345 gbps=173.631950
LEG shape=mlp.gate_up_fused rep=11 position=13 arm=m5_ipg3 m=5 ipg=3 groups=2 inner=119 gpu_seconds=0.089116667 wall_seconds=0.089320583 seconds_per_dispatch=0.000748879552 gbps=267.786935
LEG shape=mlp.gate_up_fused rep=11 position=14 arm=m4_ipg4 m=4 ipg=4 groups=1 inner=119 gpu_seconds=0.057848625 wall_seconds=0.058020958 seconds_per_dispatch=0.000486122900 gbps=206.264877
LEG shape=mlp.gate_up_fused rep=11 position=15 arm=m4_ipg2 m=4 ipg=2 groups=2 inner=119 gpu_seconds=0.083646083 wall_seconds=0.083837042 seconds_per_dispatch=0.000702908263 gbps=285.300616
LEG shape=mlp.gate_up_fused rep=12 position=0 arm=m4_ipg2 m=4 ipg=2 groups=2 inner=119 gpu_seconds=0.083591000 wall_seconds=0.083764708 seconds_per_dispatch=0.000702445378 gbps=285.488618
LEG shape=mlp.gate_up_fused rep=12 position=1 arm=m4_ipg4 m=4 ipg=4 groups=1 inner=119 gpu_seconds=0.057825542 wall_seconds=0.058016250 seconds_per_dispatch=0.000485928923 gbps=206.347215
LEG shape=mlp.gate_up_fused rep=12 position=2 arm=m5_ipg3 m=5 ipg=3 groups=2 inner=119 gpu_seconds=0.089077875 wall_seconds=0.089266458 seconds_per_dispatch=0.000748553572 gbps=267.903551
LEG shape=mlp.gate_up_fused rep=12 position=3 arm=m5_ipg5 m=5 ipg=5 groups=1 inner=119 gpu_seconds=0.068800333 wall_seconds=0.068978917 seconds_per_dispatch=0.000578154062 gbps=173.431420
LEG shape=mlp.gate_up_fused rep=12 position=4 arm=m6_ipg3 m=6 ipg=3 groups=2 inner=119 gpu_seconds=0.096165500 wall_seconds=0.096366625 seconds_per_dispatch=0.000808113446 gbps=248.158425
LEG shape=mlp.gate_up_fused rep=12 position=5 arm=m6_ipg6 m=6 ipg=6 groups=1 inner=119 gpu_seconds=0.088433500 wall_seconds=0.088624208 seconds_per_dispatch=0.000743138657 gbps=134.927821
LEG shape=mlp.gate_up_fused rep=12 position=6 arm=m9_ipg3 m=9 ipg=3 groups=3 inner=119 gpu_seconds=0.143124000 wall_seconds=0.143318333 seconds_per_dispatch=0.001202722689 gbps=250.107729
LEG shape=mlp.gate_up_fused rep=12 position=7 arm=m9_ipg5 m=9 ipg=5 groups=2 inner=119 gpu_seconds=0.123722875 wall_seconds=0.123926042 seconds_per_dispatch=0.001039688023 gbps=192.884938
LEG shape=mlp.gate_up_fused rep=12 position=8 arm=m9_ipg5 m=9 ipg=5 groups=2 inner=119 gpu_seconds=0.123743083 wall_seconds=0.123943125 seconds_per_dispatch=0.001039857843 gbps=192.853438
LEG shape=mlp.gate_up_fused rep=12 position=9 arm=m9_ipg3 m=9 ipg=3 groups=3 inner=119 gpu_seconds=0.143173000 wall_seconds=0.143364667 seconds_per_dispatch=0.001203134452 gbps=250.022131
LEG shape=mlp.gate_up_fused rep=12 position=10 arm=m6_ipg6 m=6 ipg=6 groups=1 inner=119 gpu_seconds=0.088439500 wall_seconds=0.088620333 seconds_per_dispatch=0.000743189075 gbps=134.918668
LEG shape=mlp.gate_up_fused rep=12 position=11 arm=m6_ipg3 m=6 ipg=3 groups=2 inner=119 gpu_seconds=0.096132792 wall_seconds=0.096341917 seconds_per_dispatch=0.000807838585 gbps=248.242859
LEG shape=mlp.gate_up_fused rep=12 position=12 arm=m5_ipg5 m=5 ipg=5 groups=1 inner=119 gpu_seconds=0.068791125 wall_seconds=0.068992667 seconds_per_dispatch=0.000578076680 gbps=173.454636
LEG shape=mlp.gate_up_fused rep=12 position=13 arm=m5_ipg3 m=5 ipg=3 groups=2 inner=119 gpu_seconds=0.089023875 wall_seconds=0.089221083 seconds_per_dispatch=0.000748099791 gbps=268.066056
LEG shape=mlp.gate_up_fused rep=12 position=14 arm=m4_ipg4 m=4 ipg=4 groups=1 inner=119 gpu_seconds=0.057790708 wall_seconds=0.057983292 seconds_per_dispatch=0.000485636204 gbps=206.471592
LEG shape=mlp.gate_up_fused rep=12 position=15 arm=m4_ipg2 m=4 ipg=2 groups=2 inner=119 gpu_seconds=0.083665958 wall_seconds=0.083854792 seconds_per_dispatch=0.000703075280 gbps=285.232841
LEG shape=mlp.gate_up_fused rep=13 position=0 arm=m4_ipg2 m=4 ipg=2 groups=2 inner=119 gpu_seconds=0.083624792 wall_seconds=0.083795042 seconds_per_dispatch=0.000702729341 gbps=285.373256
LEG shape=mlp.gate_up_fused rep=13 position=1 arm=m4_ipg4 m=4 ipg=4 groups=1 inner=119 gpu_seconds=0.057888000 wall_seconds=0.058049125 seconds_per_dispatch=0.000486453780 gbps=206.124578
LEG shape=mlp.gate_up_fused rep=13 position=2 arm=m5_ipg3 m=5 ipg=3 groups=2 inner=119 gpu_seconds=0.089144625 wall_seconds=0.089329917 seconds_per_dispatch=0.000749114496 gbps=267.702949
LEG shape=mlp.gate_up_fused rep=13 position=3 arm=m5_ipg5 m=5 ipg=5 groups=1 inner=119 gpu_seconds=0.068771458 wall_seconds=0.068961583 seconds_per_dispatch=0.000577911416 gbps=173.504238
LEG shape=mlp.gate_up_fused rep=13 position=4 arm=m6_ipg3 m=6 ipg=3 groups=2 inner=119 gpu_seconds=0.096123208 wall_seconds=0.096313042 seconds_per_dispatch=0.000807758053 gbps=248.267608
LEG shape=mlp.gate_up_fused rep=13 position=5 arm=m6_ipg6 m=6 ipg=6 groups=1 inner=119 gpu_seconds=0.088432750 wall_seconds=0.088611958 seconds_per_dispatch=0.000743132355 gbps=134.928966
LEG shape=mlp.gate_up_fused rep=13 position=6 arm=m9_ipg3 m=9 ipg=3 groups=3 inner=119 gpu_seconds=0.143055833 wall_seconds=0.143227000 seconds_per_dispatch=0.001202149861 gbps=250.226906
LEG shape=mlp.gate_up_fused rep=13 position=7 arm=m9_ipg5 m=9 ipg=5 groups=2 inner=119 gpu_seconds=0.123775167 wall_seconds=0.123990458 seconds_per_dispatch=0.001040127451 gbps=192.803449
LEG shape=mlp.gate_up_fused rep=13 position=8 arm=m9_ipg5 m=9 ipg=5 groups=2 inner=119 gpu_seconds=0.123694458 wall_seconds=0.123903292 seconds_per_dispatch=0.001039449229 gbps=192.929250
LEG shape=mlp.gate_up_fused rep=13 position=9 arm=m9_ipg3 m=9 ipg=3 groups=3 inner=119 gpu_seconds=0.143088000 wall_seconds=0.143286750 seconds_per_dispatch=0.001202420167 gbps=250.170654
LEG shape=mlp.gate_up_fused rep=13 position=10 arm=m6_ipg6 m=6 ipg=6 groups=1 inner=119 gpu_seconds=0.088434875 wall_seconds=0.088622333 seconds_per_dispatch=0.000743150210 gbps=134.925724
LEG shape=mlp.gate_up_fused rep=13 position=11 arm=m6_ipg3 m=6 ipg=3 groups=2 inner=119 gpu_seconds=0.096130583 wall_seconds=0.096319042 seconds_per_dispatch=0.000807820027 gbps=248.248562
LEG shape=mlp.gate_up_fused rep=13 position=12 arm=m5_ipg5 m=5 ipg=5 groups=1 inner=119 gpu_seconds=0.068755125 wall_seconds=0.068952750 seconds_per_dispatch=0.000577774161 gbps=173.545456
LEG shape=mlp.gate_up_fused rep=13 position=13 arm=m5_ipg3 m=5 ipg=3 groups=2 inner=119 gpu_seconds=0.089113708 wall_seconds=0.089297458 seconds_per_dispatch=0.000748854692 gbps=267.795825
LEG shape=mlp.gate_up_fused rep=13 position=14 arm=m4_ipg4 m=4 ipg=4 groups=1 inner=119 gpu_seconds=0.057813750 wall_seconds=0.058003042 seconds_per_dispatch=0.000485829833 gbps=206.389302
LEG shape=mlp.gate_up_fused rep=13 position=15 arm=m4_ipg2 m=4 ipg=2 groups=2 inner=119 gpu_seconds=0.083607875 wall_seconds=0.083799958 seconds_per_dispatch=0.000702587185 gbps=285.430996
LEG shape=mlp.gate_up_fused rep=14 position=0 arm=m4_ipg2 m=4 ipg=2 groups=2 inner=119 gpu_seconds=0.083617375 wall_seconds=0.083868708 seconds_per_dispatch=0.000702667017 gbps=285.398567
LEG shape=mlp.gate_up_fused rep=14 position=1 arm=m4_ipg4 m=4 ipg=4 groups=1 inner=119 gpu_seconds=0.057806000 wall_seconds=0.057998667 seconds_per_dispatch=0.000485764707 gbps=206.416972
LEG shape=mlp.gate_up_fused rep=14 position=2 arm=m5_ipg3 m=5 ipg=3 groups=2 inner=119 gpu_seconds=0.089076625 wall_seconds=0.089242292 seconds_per_dispatch=0.000748543067 gbps=267.907311
LEG shape=mlp.gate_up_fused rep=14 position=3 arm=m5_ipg5 m=5 ipg=5 groups=1 inner=119 gpu_seconds=0.068750542 wall_seconds=0.068932250 seconds_per_dispatch=0.000577735644 gbps=173.557026
LEG shape=mlp.gate_up_fused rep=14 position=4 arm=m6_ipg3 m=6 ipg=3 groups=2 inner=119 gpu_seconds=0.096129500 wall_seconds=0.096332500 seconds_per_dispatch=0.000807810925 gbps=248.251359
LEG shape=mlp.gate_up_fused rep=14 position=5 arm=m6_ipg6 m=6 ipg=6 groups=1 inner=119 gpu_seconds=0.088465625 wall_seconds=0.088651875 seconds_per_dispatch=0.000743408613 gbps=134.878825
LEG shape=mlp.gate_up_fused rep=14 position=6 arm=m9_ipg3 m=9 ipg=3 groups=3 inner=119 gpu_seconds=0.143101542 wall_seconds=0.143304625 seconds_per_dispatch=0.001202533965 gbps=250.146980
LEG shape=mlp.gate_up_fused rep=14 position=7 arm=m9_ipg5 m=9 ipg=5 groups=2 inner=119 gpu_seconds=0.123729042 wall_seconds=0.123925625 seconds_per_dispatch=0.001039739845 gbps=192.875325
LEG shape=mlp.gate_up_fused rep=14 position=8 arm=m9_ipg5 m=9 ipg=5 groups=2 inner=119 gpu_seconds=0.123784833 wall_seconds=0.123973917 seconds_per_dispatch=0.001040208684 gbps=192.788393
LEG shape=mlp.gate_up_fused rep=14 position=9 arm=m9_ipg3 m=9 ipg=3 groups=3 inner=119 gpu_seconds=0.143123375 wall_seconds=0.143315875 seconds_per_dispatch=0.001202717437 gbps=250.108821
LEG shape=mlp.gate_up_fused rep=14 position=10 arm=m6_ipg6 m=6 ipg=6 groups=1 inner=119 gpu_seconds=0.088536333 wall_seconds=0.088720208 seconds_per_dispatch=0.000744002801 gbps=134.771106
LEG shape=mlp.gate_up_fused rep=14 position=11 arm=m6_ipg3 m=6 ipg=3 groups=2 inner=119 gpu_seconds=0.096165500 wall_seconds=0.096376333 seconds_per_dispatch=0.000808113446 gbps=248.158425
LEG shape=mlp.gate_up_fused rep=14 position=12 arm=m5_ipg5 m=5 ipg=5 groups=1 inner=119 gpu_seconds=0.068731917 wall_seconds=0.068939750 seconds_per_dispatch=0.000577579131 gbps=173.604056
LEG shape=mlp.gate_up_fused rep=14 position=13 arm=m5_ipg3 m=5 ipg=3 groups=2 inner=119 gpu_seconds=0.089086375 wall_seconds=0.089292875 seconds_per_dispatch=0.000748625000 gbps=267.877990
LEG shape=mlp.gate_up_fused rep=14 position=14 arm=m4_ipg4 m=4 ipg=4 groups=1 inner=119 gpu_seconds=0.057821667 wall_seconds=0.058021542 seconds_per_dispatch=0.000485896360 gbps=206.361044
LEG shape=mlp.gate_up_fused rep=14 position=15 arm=m4_ipg2 m=4 ipg=2 groups=2 inner=119 gpu_seconds=0.083633083 wall_seconds=0.083835583 seconds_per_dispatch=0.000702799020 gbps=285.344962
LEG shape=mlp.gate_up_fused rep=15 position=0 arm=m4_ipg2 m=4 ipg=2 groups=2 inner=119 gpu_seconds=0.083650750 wall_seconds=0.083838083 seconds_per_dispatch=0.000702947480 gbps=285.284699
LEG shape=mlp.gate_up_fused rep=15 position=1 arm=m4_ipg4 m=4 ipg=4 groups=1 inner=119 gpu_seconds=0.057854125 wall_seconds=0.058042708 seconds_per_dispatch=0.000486169118 gbps=206.245268
LEG shape=mlp.gate_up_fused rep=15 position=2 arm=m5_ipg3 m=5 ipg=3 groups=2 inner=119 gpu_seconds=0.089086583 wall_seconds=0.089287125 seconds_per_dispatch=0.000748626751 gbps=267.877363
LEG shape=mlp.gate_up_fused rep=15 position=3 arm=m5_ipg5 m=5 ipg=5 groups=1 inner=119 gpu_seconds=0.068713125 wall_seconds=0.068906458 seconds_per_dispatch=0.000577421217 gbps=173.651534
LEG shape=mlp.gate_up_fused rep=15 position=4 arm=m6_ipg3 m=6 ipg=3 groups=2 inner=119 gpu_seconds=0.096111583 wall_seconds=0.096304750 seconds_per_dispatch=0.000807660364 gbps=248.297637
LEG shape=mlp.gate_up_fused rep=15 position=5 arm=m6_ipg6 m=6 ipg=6 groups=1 inner=119 gpu_seconds=0.088383625 wall_seconds=0.088568458 seconds_per_dispatch=0.000742719538 gbps=135.003962
LEG shape=mlp.gate_up_fused rep=15 position=6 arm=m9_ipg3 m=9 ipg=3 groups=3 inner=119 gpu_seconds=0.143176083 wall_seconds=0.143371417 seconds_per_dispatch=0.001203160363 gbps=250.016747
LEG shape=mlp.gate_up_fused rep=15 position=7 arm=m9_ipg5 m=9 ipg=5 groups=2 inner=119 gpu_seconds=0.123575167 wall_seconds=0.123772875 seconds_per_dispatch=0.001038446780 gbps=193.115491
LEG shape=mlp.gate_up_fused rep=15 position=8 arm=m9_ipg5 m=9 ipg=5 groups=2 inner=119 gpu_seconds=0.123420083 wall_seconds=0.123627583 seconds_per_dispatch=0.001037143558 gbps=193.358150
LEG shape=mlp.gate_up_fused rep=15 position=9 arm=m9_ipg3 m=9 ipg=3 groups=3 inner=119 gpu_seconds=0.142871667 wall_seconds=0.143115083 seconds_per_dispatch=0.001200602241 gbps=250.549457
LEG shape=mlp.gate_up_fused rep=15 position=10 arm=m6_ipg6 m=6 ipg=6 groups=1 inner=119 gpu_seconds=0.088323458 wall_seconds=0.088559542 seconds_per_dispatch=0.000742213936 gbps=135.095927
LEG shape=mlp.gate_up_fused rep=15 position=11 arm=m6_ipg3 m=6 ipg=3 groups=2 inner=119 gpu_seconds=0.096144250 wall_seconds=0.096346833 seconds_per_dispatch=0.000807934873 gbps=248.213274
LEG shape=mlp.gate_up_fused rep=15 position=12 arm=m5_ipg5 m=5 ipg=5 groups=1 inner=119 gpu_seconds=0.068728042 wall_seconds=0.068932625 seconds_per_dispatch=0.000577546568 gbps=173.613844
LEG shape=mlp.gate_up_fused rep=15 position=13 arm=m5_ipg3 m=5 ipg=3 groups=2 inner=119 gpu_seconds=0.089009000 wall_seconds=0.089183625 seconds_per_dispatch=0.000747974790 gbps=268.110854
LEG shape=mlp.gate_up_fused rep=15 position=14 arm=m4_ipg4 m=4 ipg=4 groups=1 inner=119 gpu_seconds=0.057557708 wall_seconds=0.057759250 seconds_per_dispatch=0.000483678221 gbps=207.307411
LEG shape=mlp.gate_up_fused rep=15 position=15 arm=m4_ipg2 m=4 ipg=2 groups=2 inner=119 gpu_seconds=0.083448708 wall_seconds=0.083631417 seconds_per_dispatch=0.000701249649 gbps=285.975416
LEG shape=mlp.gate_up_fused rep=16 position=0 arm=m4_ipg2 m=4 ipg=2 groups=2 inner=119 gpu_seconds=0.083308750 wall_seconds=0.083514417 seconds_per_dispatch=0.000700073530 gbps=286.455853
LEG shape=mlp.gate_up_fused rep=16 position=1 arm=m4_ipg4 m=4 ipg=4 groups=1 inner=119 gpu_seconds=0.057877750 wall_seconds=0.058133000 seconds_per_dispatch=0.000486367648 gbps=206.161081
LEG shape=mlp.gate_up_fused rep=16 position=2 arm=m5_ipg3 m=5 ipg=3 groups=2 inner=119 gpu_seconds=0.088740500 wall_seconds=0.089067250 seconds_per_dispatch=0.000745718489 gbps=268.922071
LEG shape=mlp.gate_up_fused rep=16 position=3 arm=m5_ipg5 m=5 ipg=5 groups=1 inner=119 gpu_seconds=0.068775500 wall_seconds=0.068990583 seconds_per_dispatch=0.000577945378 gbps=173.494043
LEG shape=mlp.gate_up_fused rep=16 position=4 arm=m6_ipg3 m=6 ipg=3 groups=2 inner=119 gpu_seconds=0.096150708 wall_seconds=0.096359625 seconds_per_dispatch=0.000807989146 gbps=248.196601
LEG shape=mlp.gate_up_fused rep=16 position=5 arm=m6_ipg6 m=6 ipg=6 groups=1 inner=119 gpu_seconds=0.088389375 wall_seconds=0.088575792 seconds_per_dispatch=0.000742767857 gbps=134.995179
LEG shape=mlp.gate_up_fused rep=16 position=6 arm=m9_ipg3 m=9 ipg=3 groups=3 inner=119 gpu_seconds=0.143037333 wall_seconds=0.143233667 seconds_per_dispatch=0.001201994398 gbps=250.259269
LEG shape=mlp.gate_up_fused rep=16 position=7 arm=m9_ipg5 m=9 ipg=5 groups=2 inner=119 gpu_seconds=0.123691000 wall_seconds=0.123903667 seconds_per_dispatch=0.001039420168 gbps=192.934644
LEG shape=mlp.gate_up_fused rep=16 position=8 arm=m9_ipg5 m=9 ipg=5 groups=2 inner=119 gpu_seconds=0.123706625 wall_seconds=0.123904917 seconds_per_dispatch=0.001039551471 gbps=192.910275
LEG shape=mlp.gate_up_fused rep=16 position=9 arm=m9_ipg3 m=9 ipg=3 groups=3 inner=119 gpu_seconds=0.143156083 wall_seconds=0.143350292 seconds_per_dispatch=0.001202992297 gbps=250.051676
LEG shape=mlp.gate_up_fused rep=16 position=10 arm=m6_ipg6 m=6 ipg=6 groups=1 inner=119 gpu_seconds=0.088337375 wall_seconds=0.088531667 seconds_per_dispatch=0.000742330883 gbps=135.074644
LEG shape=mlp.gate_up_fused rep=16 position=11 arm=m6_ipg3 m=6 ipg=3 groups=2 inner=119 gpu_seconds=0.095964250 wall_seconds=0.096167875 seconds_per_dispatch=0.000806422268 gbps=248.678847
LEG shape=mlp.gate_up_fused rep=16 position=12 arm=m5_ipg5 m=5 ipg=5 groups=1 inner=119 gpu_seconds=0.068715708 wall_seconds=0.068895917 seconds_per_dispatch=0.000577442927 gbps=173.645005
LEG shape=mlp.gate_up_fused rep=16 position=13 arm=m5_ipg3 m=5 ipg=3 groups=2 inner=119 gpu_seconds=0.089080625 wall_seconds=0.089258333 seconds_per_dispatch=0.000748576681 gbps=267.895281
LEG shape=mlp.gate_up_fused rep=16 position=14 arm=m4_ipg4 m=4 ipg=4 groups=1 inner=119 gpu_seconds=0.057844750 wall_seconds=0.058051583 seconds_per_dispatch=0.000486090335 gbps=206.278695
LEG shape=mlp.gate_up_fused rep=16 position=15 arm=m4_ipg2 m=4 ipg=2 groups=2 inner=119 gpu_seconds=0.083575125 wall_seconds=0.083778167 seconds_per_dispatch=0.000702311974 gbps=285.542846
LEG shape=mlp.gate_up_fused rep=17 position=0 arm=m4_ipg2 m=4 ipg=2 groups=2 inner=119 gpu_seconds=0.083635708 wall_seconds=0.083839458 seconds_per_dispatch=0.000702821078 gbps=285.336007
LEG shape=mlp.gate_up_fused rep=17 position=1 arm=m4_ipg4 m=4 ipg=4 groups=1 inner=119 gpu_seconds=0.057830042 wall_seconds=0.058011125 seconds_per_dispatch=0.000485966737 gbps=206.331159
LEG shape=mlp.gate_up_fused rep=17 position=2 arm=m5_ipg3 m=5 ipg=3 groups=2 inner=119 gpu_seconds=0.089090208 wall_seconds=0.089291250 seconds_per_dispatch=0.000748657213 gbps=267.866464
LEG shape=mlp.gate_up_fused rep=17 position=3 arm=m5_ipg5 m=5 ipg=5 groups=1 inner=119 gpu_seconds=0.068769125 wall_seconds=0.068961583 seconds_per_dispatch=0.000577891807 gbps=173.510126
LEG shape=mlp.gate_up_fused rep=17 position=4 arm=m6_ipg3 m=6 ipg=3 groups=2 inner=119 gpu_seconds=0.096046458 wall_seconds=0.096242625 seconds_per_dispatch=0.000807113094 gbps=248.465997
LEG shape=mlp.gate_up_fused rep=17 position=5 arm=m6_ipg6 m=6 ipg=6 groups=1 inner=119 gpu_seconds=0.088491250 wall_seconds=0.088684833 seconds_per_dispatch=0.000743623950 gbps=134.839767
LEG shape=mlp.gate_up_fused rep=17 position=6 arm=m9_ipg3 m=9 ipg=3 groups=3 inner=119 gpu_seconds=0.143172875 wall_seconds=0.143366833 seconds_per_dispatch=0.001203133404 gbps=250.022349
LEG shape=mlp.gate_up_fused rep=17 position=7 arm=m9_ipg5 m=9 ipg=5 groups=2 inner=119 gpu_seconds=0.123662500 wall_seconds=0.123877083 seconds_per_dispatch=0.001039180672 gbps=192.979109
LEG shape=mlp.gate_up_fused rep=17 position=8 arm=m9_ipg5 m=9 ipg=5 groups=2 inner=119 gpu_seconds=0.123665250 wall_seconds=0.123870042 seconds_per_dispatch=0.001039203781 gbps=192.974818
LEG shape=mlp.gate_up_fused rep=17 position=9 arm=m9_ipg3 m=9 ipg=3 groups=3 inner=119 gpu_seconds=0.143109875 wall_seconds=0.143312625 seconds_per_dispatch=0.001202603992 gbps=250.132414
LEG shape=mlp.gate_up_fused rep=17 position=10 arm=m6_ipg6 m=6 ipg=6 groups=1 inner=119 gpu_seconds=0.088460333 wall_seconds=0.088666000 seconds_per_dispatch=0.000743364146 gbps=134.886893
LEG shape=mlp.gate_up_fused rep=17 position=11 arm=m6_ipg3 m=6 ipg=3 groups=2 inner=119 gpu_seconds=0.096151875 wall_seconds=0.096359292 seconds_per_dispatch=0.000807998950 gbps=248.193590
LEG shape=mlp.gate_up_fused rep=17 position=12 arm=m5_ipg5 m=5 ipg=5 groups=1 inner=119 gpu_seconds=0.068751750 wall_seconds=0.068937000 seconds_per_dispatch=0.000577745799 gbps=173.553975
LEG shape=mlp.gate_up_fused rep=17 position=13 arm=m5_ipg3 m=5 ipg=3 groups=2 inner=119 gpu_seconds=0.089046375 wall_seconds=0.089240167 seconds_per_dispatch=0.000748288865 gbps=267.998322
LEG shape=mlp.gate_up_fused rep=17 position=14 arm=m4_ipg4 m=4 ipg=4 groups=1 inner=119 gpu_seconds=0.057899000 wall_seconds=0.058094208 seconds_per_dispatch=0.000486546218 gbps=206.085417
LEG shape=mlp.gate_up_fused rep=17 position=15 arm=m4_ipg2 m=4 ipg=2 groups=2 inner=119 gpu_seconds=0.083610375 wall_seconds=0.083804500 seconds_per_dispatch=0.000702608193 gbps=285.422462
LEG shape=mlp.gate_up_fused rep=18 position=0 arm=m4_ipg2 m=4 ipg=2 groups=2 inner=119 gpu_seconds=0.083684042 wall_seconds=0.083884083 seconds_per_dispatch=0.000703227241 gbps=285.171206
LEG shape=mlp.gate_up_fused rep=18 position=1 arm=m4_ipg4 m=4 ipg=4 groups=1 inner=119 gpu_seconds=0.057813750 wall_seconds=0.057998542 seconds_per_dispatch=0.000485829831 gbps=206.389303
LEG shape=mlp.gate_up_fused rep=18 position=2 arm=m5_ipg3 m=5 ipg=3 groups=2 inner=119 gpu_seconds=0.089080958 wall_seconds=0.089253625 seconds_per_dispatch=0.000748579482 gbps=267.894278
LEG shape=mlp.gate_up_fused rep=18 position=3 arm=m5_ipg5 m=5 ipg=5 groups=1 inner=119 gpu_seconds=0.068776208 wall_seconds=0.068959958 seconds_per_dispatch=0.000577951331 gbps=173.492255
LEG shape=mlp.gate_up_fused rep=18 position=4 arm=m6_ipg3 m=6 ipg=3 groups=2 inner=119 gpu_seconds=0.096142250 wall_seconds=0.096355625 seconds_per_dispatch=0.000807918066 gbps=248.218437
LEG shape=mlp.gate_up_fused rep=18 position=5 arm=m6_ipg6 m=6 ipg=6 groups=1 inner=119 gpu_seconds=0.088425625 wall_seconds=0.088615375 seconds_per_dispatch=0.000743072480 gbps=134.939838
LEG shape=mlp.gate_up_fused rep=18 position=6 arm=m9_ipg3 m=9 ipg=3 groups=3 inner=119 gpu_seconds=0.143250542 wall_seconds=0.143443208 seconds_per_dispatch=0.001203786063 gbps=249.886794
LEG shape=mlp.gate_up_fused rep=18 position=7 arm=m9_ipg5 m=9 ipg=5 groups=2 inner=119 gpu_seconds=0.123692000 wall_seconds=0.123899042 seconds_per_dispatch=0.001039428570 gbps=192.933084
LEG shape=mlp.gate_up_fused rep=18 position=8 arm=m9_ipg5 m=9 ipg=5 groups=2 inner=119 gpu_seconds=0.123741125 wall_seconds=0.123948458 seconds_per_dispatch=0.001039841386 gbps=192.856490
LEG shape=mlp.gate_up_fused rep=18 position=9 arm=m9_ipg3 m=9 ipg=3 groups=3 inner=119 gpu_seconds=0.143081250 wall_seconds=0.143272167 seconds_per_dispatch=0.001202363445 gbps=250.182456
LEG shape=mlp.gate_up_fused rep=18 position=10 arm=m6_ipg6 m=6 ipg=6 groups=1 inner=119 gpu_seconds=0.088421125 wall_seconds=0.088610292 seconds_per_dispatch=0.000743034664 gbps=134.946706
LEG shape=mlp.gate_up_fused rep=18 position=11 arm=m6_ipg3 m=6 ipg=3 groups=2 inner=119 gpu_seconds=0.096115375 wall_seconds=0.096309083 seconds_per_dispatch=0.000807692228 gbps=248.287842
LEG shape=mlp.gate_up_fused rep=18 position=12 arm=m5_ipg5 m=5 ipg=5 groups=1 inner=119 gpu_seconds=0.068751666 wall_seconds=0.068962833 seconds_per_dispatch=0.000577745096 gbps=173.554186
LEG shape=mlp.gate_up_fused rep=18 position=13 arm=m5_ipg3 m=5 ipg=3 groups=2 inner=119 gpu_seconds=0.089099583 wall_seconds=0.089301833 seconds_per_dispatch=0.000748735993 gbps=267.838279
LEG shape=mlp.gate_up_fused rep=18 position=14 arm=m4_ipg4 m=4 ipg=4 groups=1 inner=119 gpu_seconds=0.057818458 wall_seconds=0.058020250 seconds_per_dispatch=0.000485869396 gbps=206.372496
LEG shape=mlp.gate_up_fused rep=18 position=15 arm=m4_ipg2 m=4 ipg=2 groups=2 inner=119 gpu_seconds=0.083685458 wall_seconds=0.083883458 seconds_per_dispatch=0.000703239146 gbps=285.166378
LEG shape=mlp.gate_up_fused rep=19 position=0 arm=m4_ipg2 m=4 ipg=2 groups=2 inner=119 gpu_seconds=0.083649875 wall_seconds=0.083915417 seconds_per_dispatch=0.000702940125 gbps=285.287684
LEG shape=mlp.gate_up_fused rep=19 position=1 arm=m4_ipg4 m=4 ipg=4 groups=1 inner=119 gpu_seconds=0.057856458 wall_seconds=0.058048792 seconds_per_dispatch=0.000486188727 gbps=206.236950
LEG shape=mlp.gate_up_fused rep=19 position=2 arm=m5_ipg3 m=5 ipg=3 groups=2 inner=119 gpu_seconds=0.089087125 wall_seconds=0.089287500 seconds_per_dispatch=0.000748631302 gbps=267.875735
LEG shape=mlp.gate_up_fused rep=19 position=3 arm=m5_ipg5 m=5 ipg=5 groups=1 inner=119 gpu_seconds=0.068766417 wall_seconds=0.068965042 seconds_per_dispatch=0.000577869048 gbps=173.516959
LEG shape=mlp.gate_up_fused rep=19 position=4 arm=m6_ipg3 m=6 ipg=3 groups=2 inner=119 gpu_seconds=0.096130958 wall_seconds=0.096331792 seconds_per_dispatch=0.000807823179 gbps=248.247593
LEG shape=mlp.gate_up_fused rep=19 position=5 arm=m6_ipg6 m=6 ipg=6 groups=1 inner=119 gpu_seconds=0.088357625 wall_seconds=0.088550458 seconds_per_dispatch=0.000742501051 gbps=135.043688
LEG shape=mlp.gate_up_fused rep=19 position=6 arm=m9_ipg3 m=9 ipg=3 groups=3 inner=119 gpu_seconds=0.143092958 wall_seconds=0.143280125 seconds_per_dispatch=0.001202461836 gbps=250.161985
LEG shape=mlp.gate_up_fused rep=19 position=7 arm=m9_ipg5 m=9 ipg=5 groups=2 inner=119 gpu_seconds=0.123668125 wall_seconds=0.123892958 seconds_per_dispatch=0.001039227942 gbps=192.970331
LEG shape=mlp.gate_up_fused rep=19 position=8 arm=m9_ipg5 m=9 ipg=5 groups=2 inner=119 gpu_seconds=0.123691500 wall_seconds=0.123897000 seconds_per_dispatch=0.001039424369 gbps=192.933864
LEG shape=mlp.gate_up_fused rep=19 position=9 arm=m9_ipg3 m=9 ipg=3 groups=3 inner=119 gpu_seconds=0.143111625 wall_seconds=0.143301792 seconds_per_dispatch=0.001202618697 gbps=250.129356
LEG shape=mlp.gate_up_fused rep=19 position=10 arm=m6_ipg6 m=6 ipg=6 groups=1 inner=119 gpu_seconds=0.088339750 wall_seconds=0.088538750 seconds_per_dispatch=0.000742350840 gbps=135.071013
LEG shape=mlp.gate_up_fused rep=19 position=11 arm=m6_ipg3 m=6 ipg=3 groups=2 inner=119 gpu_seconds=0.096121000 wall_seconds=0.096316667 seconds_per_dispatch=0.000807739497 gbps=248.273312
LEG shape=mlp.gate_up_fused rep=19 position=12 arm=m5_ipg5 m=5 ipg=5 groups=1 inner=119 gpu_seconds=0.068787875 wall_seconds=0.068992667 seconds_per_dispatch=0.000578049371 gbps=173.462830
LEG shape=mlp.gate_up_fused rep=19 position=13 arm=m5_ipg3 m=5 ipg=3 groups=2 inner=119 gpu_seconds=0.089041417 wall_seconds=0.089242792 seconds_per_dispatch=0.000748247198 gbps=268.013246
LEG shape=mlp.gate_up_fused rep=19 position=14 arm=m4_ipg4 m=4 ipg=4 groups=1 inner=119 gpu_seconds=0.057779875 wall_seconds=0.057970542 seconds_per_dispatch=0.000485545167 gbps=206.510304
LEG shape=mlp.gate_up_fused rep=19 position=15 arm=m4_ipg2 m=4 ipg=2 groups=2 inner=119 gpu_seconds=0.083615292 wall_seconds=0.083800833 seconds_per_dispatch=0.000702649510 gbps=285.405678
LEG shape=mlp.gate_up_fused rep=20 position=0 arm=m4_ipg2 m=4 ipg=2 groups=2 inner=119 gpu_seconds=0.083570583 wall_seconds=0.083772375 seconds_per_dispatch=0.000702273809 gbps=285.558364
LEG shape=mlp.gate_up_fused rep=20 position=1 arm=m4_ipg4 m=4 ipg=4 groups=1 inner=119 gpu_seconds=0.057815291 wall_seconds=0.057986875 seconds_per_dispatch=0.000485842785 gbps=206.383800
LEG shape=mlp.gate_up_fused rep=20 position=2 arm=m5_ipg3 m=5 ipg=3 groups=2 inner=119 gpu_seconds=0.089085042 wall_seconds=0.089295917 seconds_per_dispatch=0.000748613794 gbps=267.881999
LEG shape=mlp.gate_up_fused rep=20 position=3 arm=m5_ipg5 m=5 ipg=5 groups=1 inner=119 gpu_seconds=0.068756833 wall_seconds=0.068955125 seconds_per_dispatch=0.000577788514 gbps=173.541144
LEG shape=mlp.gate_up_fused rep=20 position=4 arm=m6_ipg3 m=6 ipg=3 groups=2 inner=119 gpu_seconds=0.096138750 wall_seconds=0.096337667 seconds_per_dispatch=0.000807888655 gbps=248.227474
LEG shape=mlp.gate_up_fused rep=20 position=5 arm=m6_ipg6 m=6 ipg=6 groups=1 inner=119 gpu_seconds=0.088403208 wall_seconds=0.088596833 seconds_per_dispatch=0.000742884102 gbps=134.974055
LEG shape=mlp.gate_up_fused rep=20 position=6 arm=m9_ipg3 m=9 ipg=3 groups=3 inner=119 gpu_seconds=0.143099417 wall_seconds=0.143299583 seconds_per_dispatch=0.001202516107 gbps=250.150695
LEG shape=mlp.gate_up_fused rep=20 position=7 arm=m9_ipg5 m=9 ipg=5 groups=2 inner=119 gpu_seconds=0.123776166 wall_seconds=0.123975875 seconds_per_dispatch=0.001040135853 gbps=192.801892
LEG shape=mlp.gate_up_fused rep=20 position=8 arm=m9_ipg5 m=9 ipg=5 groups=2 inner=119 gpu_seconds=0.123723000 wall_seconds=0.123914667 seconds_per_dispatch=0.001039689076 gbps=192.884743
LEG shape=mlp.gate_up_fused rep=20 position=9 arm=m9_ipg3 m=9 ipg=3 groups=3 inner=119 gpu_seconds=0.143059042 wall_seconds=0.143258000 seconds_per_dispatch=0.001202176820 gbps=250.221294
LEG shape=mlp.gate_up_fused rep=20 position=10 arm=m6_ipg6 m=6 ipg=6 groups=1 inner=119 gpu_seconds=0.088442250 wall_seconds=0.088638125 seconds_per_dispatch=0.000743212184 gbps=134.914473
LEG shape=mlp.gate_up_fused rep=20 position=11 arm=m6_ipg3 m=6 ipg=3 groups=2 inner=119 gpu_seconds=0.096102250 wall_seconds=0.096304250 seconds_per_dispatch=0.000807581933 gbps=248.321751
LEG shape=mlp.gate_up_fused rep=20 position=12 arm=m5_ipg5 m=5 ipg=5 groups=1 inner=119 gpu_seconds=0.068763042 wall_seconds=0.068963958 seconds_per_dispatch=0.000577840686 gbps=173.525476
LEG shape=mlp.gate_up_fused rep=20 position=13 arm=m5_ipg3 m=5 ipg=3 groups=2 inner=119 gpu_seconds=0.089078417 wall_seconds=0.089264500 seconds_per_dispatch=0.000748558123 gbps=267.901922
LEG shape=mlp.gate_up_fused rep=20 position=14 arm=m4_ipg4 m=4 ipg=4 groups=1 inner=119 gpu_seconds=0.057829625 wall_seconds=0.058030542 seconds_per_dispatch=0.000485963235 gbps=206.332646
LEG shape=mlp.gate_up_fused rep=20 position=15 arm=m4_ipg2 m=4 ipg=2 groups=2 inner=119 gpu_seconds=0.083598417 wall_seconds=0.083790875 seconds_per_dispatch=0.000702507702 gbps=285.463290
LEG shape=mlp.gate_up_fused rep=21 position=0 arm=m4_ipg2 m=4 ipg=2 groups=2 inner=119 gpu_seconds=0.083606500 wall_seconds=0.083800292 seconds_per_dispatch=0.000702575630 gbps=285.435690
LEG shape=mlp.gate_up_fused rep=21 position=1 arm=m4_ipg4 m=4 ipg=4 groups=1 inner=119 gpu_seconds=0.057814750 wall_seconds=0.058014292 seconds_per_dispatch=0.000485838236 gbps=206.385732
LEG shape=mlp.gate_up_fused rep=21 position=2 arm=m5_ipg3 m=5 ipg=3 groups=2 inner=119 gpu_seconds=0.089172750 wall_seconds=0.089371000 seconds_per_dispatch=0.000749350838 gbps=267.618517
LEG shape=mlp.gate_up_fused rep=21 position=3 arm=m5_ipg5 m=5 ipg=5 groups=1 inner=119 gpu_seconds=0.068778125 wall_seconds=0.069015833 seconds_per_dispatch=0.000577967436 gbps=173.487421
LEG shape=mlp.gate_up_fused rep=21 position=4 arm=m6_ipg3 m=6 ipg=3 groups=2 inner=119 gpu_seconds=0.096173333 wall_seconds=0.096369958 seconds_per_dispatch=0.000808179273 gbps=248.138212
LEG shape=mlp.gate_up_fused rep=21 position=5 arm=m6_ipg6 m=6 ipg=6 groups=1 inner=119 gpu_seconds=0.088053500 wall_seconds=0.088259708 seconds_per_dispatch=0.000739945379 gbps=135.510110
LEG shape=mlp.gate_up_fused rep=21 position=6 arm=m9_ipg3 m=9 ipg=3 groups=3 inner=119 gpu_seconds=0.143062500 wall_seconds=0.143258000 seconds_per_dispatch=0.001202205883 gbps=250.215245
LEG shape=mlp.gate_up_fused rep=21 position=7 arm=m9_ipg5 m=9 ipg=5 groups=2 inner=119 gpu_seconds=0.124012792 wall_seconds=0.124225500 seconds_per_dispatch=0.001042124301 gbps=192.434012
LEG shape=mlp.gate_up_fused rep=21 position=8 arm=m9_ipg5 m=9 ipg=5 groups=2 inner=119 gpu_seconds=0.124604208 wall_seconds=0.124837917 seconds_per_dispatch=0.001047094188 gbps=191.520650
LEG shape=mlp.gate_up_fused rep=21 position=9 arm=m9_ipg3 m=9 ipg=3 groups=3 inner=119 gpu_seconds=0.144097292 wall_seconds=0.144297375 seconds_per_dispatch=0.001210901610 gbps=248.418400
LEG shape=mlp.gate_up_fused rep=21 position=10 arm=m6_ipg6 m=6 ipg=6 groups=1 inner=119 gpu_seconds=0.088940625 wall_seconds=0.089117667 seconds_per_dispatch=0.000747400211 gbps=134.158485
LEG shape=mlp.gate_up_fused rep=21 position=11 arm=m6_ipg3 m=6 ipg=3 groups=2 inner=119 gpu_seconds=0.096611208 wall_seconds=0.096815792 seconds_per_dispatch=0.000811858893 gbps=247.013566
LEG shape=mlp.gate_up_fused rep=21 position=12 arm=m5_ipg5 m=5 ipg=5 groups=1 inner=119 gpu_seconds=0.069082958 wall_seconds=0.069296583 seconds_per_dispatch=0.000580529062 gbps=172.721895
LEG shape=mlp.gate_up_fused rep=21 position=13 arm=m5_ipg3 m=5 ipg=3 groups=2 inner=119 gpu_seconds=0.089600875 wall_seconds=0.089793458 seconds_per_dispatch=0.000752948530 gbps=266.339799
LEG shape=mlp.gate_up_fused rep=21 position=14 arm=m4_ipg4 m=4 ipg=4 groups=1 inner=119 gpu_seconds=0.058034500 wall_seconds=0.058229250 seconds_per_dispatch=0.000487684873 gbps=205.604245
LEG shape=mlp.gate_up_fused rep=21 position=15 arm=m4_ipg2 m=4 ipg=2 groups=2 inner=119 gpu_seconds=0.084029083 wall_seconds=0.084217958 seconds_per_dispatch=0.000706126751 gbps=284.000230
LEG shape=mlp.gate_up_fused rep=22 position=0 arm=m4_ipg2 m=4 ipg=2 groups=2 inner=119 gpu_seconds=0.084025125 wall_seconds=0.084212208 seconds_per_dispatch=0.000706093488 gbps=284.013609
LEG shape=mlp.gate_up_fused rep=22 position=1 arm=m4_ipg4 m=4 ipg=4 groups=1 inner=119 gpu_seconds=0.058120208 wall_seconds=0.058347375 seconds_per_dispatch=0.000488405112 gbps=205.301045
LEG shape=mlp.gate_up_fused rep=22 position=2 arm=m5_ipg3 m=5 ipg=3 groups=2 inner=119 gpu_seconds=0.089571042 wall_seconds=0.089763042 seconds_per_dispatch=0.000752697830 gbps=266.428508
LEG shape=mlp.gate_up_fused rep=22 position=3 arm=m5_ipg5 m=5 ipg=5 groups=1 inner=119 gpu_seconds=0.069249708 wall_seconds=0.069456625 seconds_per_dispatch=0.000581930323 gbps=172.305989
LEG shape=mlp.gate_up_fused rep=22 position=4 arm=m6_ipg3 m=6 ipg=3 groups=2 inner=119 gpu_seconds=0.096504917 wall_seconds=0.096713000 seconds_per_dispatch=0.000810965686 gbps=247.285629
LEG shape=mlp.gate_up_fused rep=22 position=5 arm=m6_ipg6 m=6 ipg=6 groups=1 inner=119 gpu_seconds=0.089027000 wall_seconds=0.089232750 seconds_per_dispatch=0.000748126050 gbps=134.028323
LEG shape=mlp.gate_up_fused rep=22 position=6 arm=m9_ipg3 m=9 ipg=3 groups=3 inner=119 gpu_seconds=0.143681083 wall_seconds=0.143867125 seconds_per_dispatch=0.001207404062 gbps=249.138006
LEG shape=mlp.gate_up_fused rep=22 position=7 arm=m9_ipg5 m=9 ipg=5 groups=2 inner=119 gpu_seconds=0.124584375 wall_seconds=0.124790875 seconds_per_dispatch=0.001046927521 gbps=191.551140
LEG shape=mlp.gate_up_fused rep=22 position=8 arm=m9_ipg5 m=9 ipg=5 groups=2 inner=119 gpu_seconds=0.124245375 wall_seconds=0.124433958 seconds_per_dispatch=0.001044078781 gbps=192.073782
LEG shape=mlp.gate_up_fused rep=22 position=9 arm=m9_ipg3 m=9 ipg=3 groups=3 inner=119 gpu_seconds=0.143778708 wall_seconds=0.144021833 seconds_per_dispatch=0.001208224439 gbps=248.968842
LEG shape=mlp.gate_up_fused rep=22 position=10 arm=m6_ipg6 m=6 ipg=6 groups=1 inner=119 gpu_seconds=0.088653458 wall_seconds=0.088859583 seconds_per_dispatch=0.000744987044 gbps=134.593052
LEG shape=mlp.gate_up_fused rep=22 position=11 arm=m6_ipg3 m=6 ipg=3 groups=2 inner=119 gpu_seconds=0.096454125 wall_seconds=0.096663708 seconds_per_dispatch=0.000810538865 gbps=247.415847
LEG shape=mlp.gate_up_fused rep=22 position=12 arm=m5_ipg5 m=5 ipg=5 groups=1 inner=119 gpu_seconds=0.068763542 wall_seconds=0.068971250 seconds_per_dispatch=0.000577844889 gbps=173.524214
LEG shape=mlp.gate_up_fused rep=22 position=13 arm=m5_ipg3 m=5 ipg=3 groups=2 inner=119 gpu_seconds=0.089037875 wall_seconds=0.089243208 seconds_per_dispatch=0.000748217437 gbps=268.023906
LEG shape=mlp.gate_up_fused rep=22 position=14 arm=m4_ipg4 m=4 ipg=4 groups=1 inner=119 gpu_seconds=0.057815750 wall_seconds=0.058020583 seconds_per_dispatch=0.000485846638 gbps=206.382163
LEG shape=mlp.gate_up_fused rep=22 position=15 arm=m4_ipg2 m=4 ipg=2 groups=2 inner=119 gpu_seconds=0.083705833 wall_seconds=0.083898458 seconds_per_dispatch=0.000703410365 gbps=285.096965
LEG shape=mlp.gate_up_fused rep=23 position=0 arm=m4_ipg2 m=4 ipg=2 groups=2 inner=119 gpu_seconds=0.083597500 wall_seconds=0.083810333 seconds_per_dispatch=0.000702499999 gbps=285.466420
LEG shape=mlp.gate_up_fused rep=23 position=1 arm=m4_ipg4 m=4 ipg=4 groups=1 inner=119 gpu_seconds=0.057853792 wall_seconds=0.058030208 seconds_per_dispatch=0.000486166316 gbps=206.246457
LEG shape=mlp.gate_up_fused rep=23 position=2 arm=m5_ipg3 m=5 ipg=3 groups=2 inner=119 gpu_seconds=0.089089042 wall_seconds=0.089261875 seconds_per_dispatch=0.000748647408 gbps=267.869972
LEG shape=mlp.gate_up_fused rep=23 position=3 arm=m5_ipg5 m=5 ipg=5 groups=1 inner=119 gpu_seconds=0.068715542 wall_seconds=0.068879125 seconds_per_dispatch=0.000577441528 gbps=173.645426
LEG shape=mlp.gate_up_fused rep=23 position=4 arm=m6_ipg3 m=6 ipg=3 groups=2 inner=119 gpu_seconds=0.096187667 wall_seconds=0.096375042 seconds_per_dispatch=0.000808299721 gbps=248.101236
LEG shape=mlp.gate_up_fused rep=23 position=5 arm=m6_ipg6 m=6 ipg=6 groups=1 inner=119 gpu_seconds=0.088467083 wall_seconds=0.088673125 seconds_per_dispatch=0.000743420869 gbps=134.876601
LEG shape=mlp.gate_up_fused rep=23 position=6 arm=m9_ipg3 m=9 ipg=3 groups=3 inner=119 gpu_seconds=0.143162208 wall_seconds=0.143364292 seconds_per_dispatch=0.001203043768 gbps=250.040978
LEG shape=mlp.gate_up_fused rep=23 position=7 arm=m9_ipg5 m=9 ipg=5 groups=2 inner=119 gpu_seconds=0.123670833 wall_seconds=0.123883583 seconds_per_dispatch=0.001039250699 gbps=192.966105
LEG shape=mlp.gate_up_fused rep=23 position=8 arm=m9_ipg5 m=9 ipg=5 groups=2 inner=119 gpu_seconds=0.123657625 wall_seconds=0.123870625 seconds_per_dispatch=0.001039139705 gbps=192.986717
LEG shape=mlp.gate_up_fused rep=23 position=9 arm=m9_ipg3 m=9 ipg=3 groups=3 inner=119 gpu_seconds=0.143115833 wall_seconds=0.143317792 seconds_per_dispatch=0.001202654062 gbps=250.122001
LEG shape=mlp.gate_up_fused rep=23 position=10 arm=m6_ipg6 m=6 ipg=6 groups=1 inner=119 gpu_seconds=0.088510333 wall_seconds=0.088697208 seconds_per_dispatch=0.000743784314 gbps=134.810695
LEG shape=mlp.gate_up_fused rep=23 position=11 arm=m6_ipg3 m=6 ipg=3 groups=2 inner=119 gpu_seconds=0.096104542 wall_seconds=0.096297167 seconds_per_dispatch=0.000807601192 gbps=248.315830
LEG shape=mlp.gate_up_fused rep=23 position=12 arm=m5_ipg5 m=5 ipg=5 groups=1 inner=119 gpu_seconds=0.068721208 wall_seconds=0.068899167 seconds_per_dispatch=0.000577489145 gbps=173.631108
LEG shape=mlp.gate_up_fused rep=23 position=13 arm=m5_ipg3 m=5 ipg=3 groups=2 inner=119 gpu_seconds=0.089065917 wall_seconds=0.089263458 seconds_per_dispatch=0.000748453081 gbps=267.939521
LEG shape=mlp.gate_up_fused rep=23 position=14 arm=m4_ipg4 m=4 ipg=4 groups=1 inner=119 gpu_seconds=0.057822750 wall_seconds=0.058026750 seconds_per_dispatch=0.000485905462 gbps=206.357178
LEG shape=mlp.gate_up_fused rep=23 position=15 arm=m4_ipg2 m=4 ipg=2 groups=2 inner=119 gpu_seconds=0.083608625 wall_seconds=0.083819417 seconds_per_dispatch=0.000702593487 gbps=285.428436
LEG shape=mlp.gate_up_fused rep=24 position=0 arm=m4_ipg2 m=4 ipg=2 groups=2 inner=119 gpu_seconds=0.083626042 wall_seconds=0.083820083 seconds_per_dispatch=0.000702739846 gbps=285.368990
LEG shape=mlp.gate_up_fused rep=24 position=1 arm=m4_ipg4 m=4 ipg=4 groups=1 inner=119 gpu_seconds=0.057772500 wall_seconds=0.057966667 seconds_per_dispatch=0.000485483193 gbps=206.536666
LEG shape=mlp.gate_up_fused rep=24 position=2 arm=m5_ipg3 m=5 ipg=3 groups=2 inner=119 gpu_seconds=0.089094250 wall_seconds=0.089295333 seconds_per_dispatch=0.000748691176 gbps=267.854312
LEG shape=mlp.gate_up_fused rep=24 position=3 arm=m5_ipg5 m=5 ipg=5 groups=1 inner=119 gpu_seconds=0.068771166 wall_seconds=0.068971417 seconds_per_dispatch=0.000577908962 gbps=173.504975
LEG shape=mlp.gate_up_fused rep=24 position=4 arm=m6_ipg3 m=6 ipg=3 groups=2 inner=119 gpu_seconds=0.096137125 wall_seconds=0.096339125 seconds_per_dispatch=0.000807875000 gbps=248.231669
LEG shape=mlp.gate_up_fused rep=24 position=5 arm=m6_ipg6 m=6 ipg=6 groups=1 inner=119 gpu_seconds=0.088462625 wall_seconds=0.088653208 seconds_per_dispatch=0.000743383403 gbps=134.883399
LEG shape=mlp.gate_up_fused rep=24 position=6 arm=m9_ipg3 m=9 ipg=3 groups=3 inner=119 gpu_seconds=0.143127083 wall_seconds=0.143335000 seconds_per_dispatch=0.001202748599 gbps=250.102341
LEG shape=mlp.gate_up_fused rep=24 position=7 arm=m9_ipg5 m=9 ipg=5 groups=2 inner=119 gpu_seconds=0.123687417 wall_seconds=0.123880625 seconds_per_dispatch=0.001039390055 gbps=192.940234
LEG shape=mlp.gate_up_fused rep=24 position=8 arm=m9_ipg5 m=9 ipg=5 groups=2 inner=119 gpu_seconds=0.123744250 wall_seconds=0.123943708 seconds_per_dispatch=0.001039867647 gbps=192.851620
LEG shape=mlp.gate_up_fused rep=24 position=9 arm=m9_ipg3 m=9 ipg=3 groups=3 inner=119 gpu_seconds=0.143058667 wall_seconds=0.143243792 seconds_per_dispatch=0.001202173670 gbps=250.221950
LEG shape=mlp.gate_up_fused rep=24 position=10 arm=m6_ipg6 m=6 ipg=6 groups=1 inner=119 gpu_seconds=0.088422458 wall_seconds=0.088615375 seconds_per_dispatch=0.000743045869 gbps=134.944671
LEG shape=mlp.gate_up_fused rep=24 position=11 arm=m6_ipg3 m=6 ipg=3 groups=2 inner=119 gpu_seconds=0.096248000 wall_seconds=0.096456375 seconds_per_dispatch=0.000808806724 gbps=247.945713
LEG shape=mlp.gate_up_fused rep=24 position=12 arm=m5_ipg5 m=5 ipg=5 groups=1 inner=119 gpu_seconds=0.068743000 wall_seconds=0.068942750 seconds_per_dispatch=0.000577672269 gbps=173.576066
LEG shape=mlp.gate_up_fused rep=24 position=13 arm=m5_ipg3 m=5 ipg=3 groups=2 inner=119 gpu_seconds=0.089123667 wall_seconds=0.089321542 seconds_per_dispatch=0.000748938376 gbps=267.765902
LEG shape=mlp.gate_up_fused rep=24 position=14 arm=m4_ipg4 m=4 ipg=4 groups=1 inner=119 gpu_seconds=0.057808625 wall_seconds=0.057998708 seconds_per_dispatch=0.000485786765 gbps=206.407599
LEG shape=mlp.gate_up_fused rep=24 position=15 arm=m4_ipg2 m=4 ipg=2 groups=2 inner=119 gpu_seconds=0.083636667 wall_seconds=0.083832958 seconds_per_dispatch=0.000702829131 gbps=285.332737
LEG shape=mlp.gate_up_fused rep=25 position=0 arm=m4_ipg2 m=4 ipg=2 groups=2 inner=119 gpu_seconds=0.083624500 wall_seconds=0.083816625 seconds_per_dispatch=0.000702726889 gbps=285.374251
LEG shape=mlp.gate_up_fused rep=25 position=1 arm=m4_ipg4 m=4 ipg=4 groups=1 inner=119 gpu_seconds=0.057865167 wall_seconds=0.058062125 seconds_per_dispatch=0.000486261906 gbps=206.205912
LEG shape=mlp.gate_up_fused rep=25 position=2 arm=m5_ipg3 m=5 ipg=3 groups=2 inner=119 gpu_seconds=0.089116208 wall_seconds=0.089310208 seconds_per_dispatch=0.000748875702 gbps=267.788312
LEG shape=mlp.gate_up_fused rep=25 position=3 arm=m5_ipg5 m=5 ipg=5 groups=1 inner=119 gpu_seconds=0.068713458 wall_seconds=0.068911250 seconds_per_dispatch=0.000577424019 gbps=173.650691
LEG shape=mlp.gate_up_fused rep=25 position=4 arm=m6_ipg3 m=6 ipg=3 groups=2 inner=119 gpu_seconds=0.096169917 wall_seconds=0.096358500 seconds_per_dispatch=0.000808150560 gbps=248.147028
LEG shape=mlp.gate_up_fused rep=25 position=5 arm=m6_ipg6 m=6 ipg=6 groups=1 inner=119 gpu_seconds=0.088308875 wall_seconds=0.088508917 seconds_per_dispatch=0.000742091386 gbps=135.118237
LEG shape=mlp.gate_up_fused rep=25 position=6 arm=m9_ipg3 m=9 ipg=3 groups=3 inner=119 gpu_seconds=0.143143875 wall_seconds=0.143340625 seconds_per_dispatch=0.001202889706 gbps=250.073002
LEG shape=mlp.gate_up_fused rep=25 position=7 arm=m9_ipg5 m=9 ipg=5 groups=2 inner=119 gpu_seconds=0.123694708 wall_seconds=0.123900083 seconds_per_dispatch=0.001039451331 gbps=192.928860
LEG shape=mlp.gate_up_fused rep=25 position=8 arm=m9_ipg5 m=9 ipg=5 groups=2 inner=119 gpu_seconds=0.123657750 wall_seconds=0.123863583 seconds_per_dispatch=0.001039140756 gbps=192.986522
LEG shape=mlp.gate_up_fused rep=25 position=9 arm=m9_ipg3 m=9 ipg=3 groups=3 inner=119 gpu_seconds=0.143081125 wall_seconds=0.143273417 seconds_per_dispatch=0.001202362394 gbps=250.182675
LEG shape=mlp.gate_up_fused rep=25 position=10 arm=m6_ipg6 m=6 ipg=6 groups=1 inner=119 gpu_seconds=0.088468458 wall_seconds=0.088665333 seconds_per_dispatch=0.000743432422 gbps=134.874505
LEG shape=mlp.gate_up_fused rep=25 position=11 arm=m6_ipg3 m=6 ipg=3 groups=2 inner=119 gpu_seconds=0.096137375 wall_seconds=0.096340583 seconds_per_dispatch=0.000807877100 gbps=248.231024
LEG shape=mlp.gate_up_fused rep=25 position=12 arm=m5_ipg5 m=5 ipg=5 groups=1 inner=119 gpu_seconds=0.068740625 wall_seconds=0.068939375 seconds_per_dispatch=0.000577652312 gbps=173.582063
LEG shape=mlp.gate_up_fused rep=25 position=13 arm=m5_ipg3 m=5 ipg=3 groups=2 inner=119 gpu_seconds=0.089046750 wall_seconds=0.089248958 seconds_per_dispatch=0.000748292017 gbps=267.997193
LEG shape=mlp.gate_up_fused rep=25 position=14 arm=m4_ipg4 m=4 ipg=4 groups=1 inner=119 gpu_seconds=0.057842167 wall_seconds=0.058039125 seconds_per_dispatch=0.000486068627 gbps=206.287908
LEG shape=mlp.gate_up_fused rep=25 position=15 arm=m4_ipg2 m=4 ipg=2 groups=2 inner=119 gpu_seconds=0.083354083 wall_seconds=0.083541083 seconds_per_dispatch=0.000700454482 gbps=286.300060
LEG shape=mlp.gate_up_fused rep=26 position=0 arm=m4_ipg2 m=4 ipg=2 groups=2 inner=119 gpu_seconds=0.083288417 wall_seconds=0.083486750 seconds_per_dispatch=0.000699902662 gbps=286.525786
LEG shape=mlp.gate_up_fused rep=26 position=1 arm=m4_ipg4 m=4 ipg=4 groups=1 inner=119 gpu_seconds=0.057563833 wall_seconds=0.057770833 seconds_per_dispatch=0.000483729691 gbps=207.285354
LEG shape=mlp.gate_up_fused rep=26 position=2 arm=m5_ipg3 m=5 ipg=3 groups=2 inner=119 gpu_seconds=0.088932458 wall_seconds=0.089158583 seconds_per_dispatch=0.000747331582 gbps=268.341610
LEG shape=mlp.gate_up_fused rep=26 position=3 arm=m5_ipg5 m=5 ipg=5 groups=1 inner=119 gpu_seconds=0.068500417 wall_seconds=0.068825833 seconds_per_dispatch=0.000575633753 gbps=174.190758
LEG shape=mlp.gate_up_fused rep=26 position=4 arm=m6_ipg3 m=6 ipg=3 groups=2 inner=119 gpu_seconds=0.096112875 wall_seconds=0.096404583 seconds_per_dispatch=0.000807671219 gbps=248.294300
LEG shape=mlp.gate_up_fused rep=26 position=5 arm=m6_ipg6 m=6 ipg=6 groups=1 inner=119 gpu_seconds=0.088440125 wall_seconds=0.088633833 seconds_per_dispatch=0.000743194329 gbps=134.917714
LEG shape=mlp.gate_up_fused rep=26 position=6 arm=m9_ipg3 m=9 ipg=3 groups=3 inner=119 gpu_seconds=0.143221000 wall_seconds=0.143413958 seconds_per_dispatch=0.001203537815 gbps=249.938337
LEG shape=mlp.gate_up_fused rep=26 position=7 arm=m9_ipg5 m=9 ipg=5 groups=2 inner=119 gpu_seconds=0.123685625 wall_seconds=0.123904583 seconds_per_dispatch=0.001039374999 gbps=192.943028
LEG shape=mlp.gate_up_fused rep=26 position=8 arm=m9_ipg5 m=9 ipg=5 groups=2 inner=119 gpu_seconds=0.123685917 wall_seconds=0.123886125 seconds_per_dispatch=0.001039377451 gbps=192.942573
LEG shape=mlp.gate_up_fused rep=26 position=9 arm=m9_ipg3 m=9 ipg=3 groups=3 inner=119 gpu_seconds=0.143120625 wall_seconds=0.143356750 seconds_per_dispatch=0.001202694326 gbps=250.113627
LEG shape=mlp.gate_up_fused rep=26 position=10 arm=m6_ipg6 m=6 ipg=6 groups=1 inner=119 gpu_seconds=0.088536958 wall_seconds=0.088714375 seconds_per_dispatch=0.000744008052 gbps=134.770154
LEG shape=mlp.gate_up_fused rep=26 position=11 arm=m6_ipg3 m=6 ipg=3 groups=2 inner=119 gpu_seconds=0.096112375 wall_seconds=0.096323875 seconds_per_dispatch=0.000807667016 gbps=248.295592
LEG shape=mlp.gate_up_fused rep=26 position=12 arm=m5_ipg5 m=5 ipg=5 groups=1 inner=119 gpu_seconds=0.068767958 wall_seconds=0.068971208 seconds_per_dispatch=0.000577882003 gbps=173.513069
LEG shape=mlp.gate_up_fused rep=26 position=13 arm=m5_ipg3 m=5 ipg=3 groups=2 inner=119 gpu_seconds=0.089058750 wall_seconds=0.089262625 seconds_per_dispatch=0.000748392856 gbps=267.961083
LEG shape=mlp.gate_up_fused rep=26 position=14 arm=m4_ipg4 m=4 ipg=4 groups=1 inner=119 gpu_seconds=0.057823125 wall_seconds=0.058021750 seconds_per_dispatch=0.000485908614 gbps=206.355840
LEG shape=mlp.gate_up_fused rep=26 position=15 arm=m4_ipg2 m=4 ipg=2 groups=2 inner=119 gpu_seconds=0.083676000 wall_seconds=0.083869375 seconds_per_dispatch=0.000703159665 gbps=285.198611
LEG shape=mlp.gate_up_fused rep=27 position=0 arm=m4_ipg2 m=4 ipg=2 groups=2 inner=119 gpu_seconds=0.083653750 wall_seconds=0.083846750 seconds_per_dispatch=0.000702972690 gbps=285.274468
LEG shape=mlp.gate_up_fused rep=27 position=1 arm=m4_ipg4 m=4 ipg=4 groups=1 inner=119 gpu_seconds=0.057854375 wall_seconds=0.058056208 seconds_per_dispatch=0.000486171217 gbps=206.244377
LEG shape=mlp.gate_up_fused rep=27 position=2 arm=m5_ipg3 m=5 ipg=3 groups=2 inner=119 gpu_seconds=0.089051750 wall_seconds=0.089253542 seconds_per_dispatch=0.000748334034 gbps=267.982146
LEG shape=mlp.gate_up_fused rep=27 position=3 arm=m5_ipg5 m=5 ipg=5 groups=1 inner=119 gpu_seconds=0.068669125 wall_seconds=0.068857125 seconds_per_dispatch=0.000577051470 gbps=173.762801
LEG shape=mlp.gate_up_fused rep=27 position=4 arm=m6_ipg3 m=6 ipg=3 groups=2 inner=119 gpu_seconds=0.096149000 wall_seconds=0.096350917 seconds_per_dispatch=0.000807974789 gbps=248.201012
LEG shape=mlp.gate_up_fused rep=27 position=5 arm=m6_ipg6 m=6 ipg=6 groups=1 inner=119 gpu_seconds=0.088415750 wall_seconds=0.088629208 seconds_per_dispatch=0.000742989496 gbps=134.954909
LEG shape=mlp.gate_up_fused rep=27 position=6 arm=m9_ipg3 m=9 ipg=3 groups=3 inner=119 gpu_seconds=0.143169333 wall_seconds=0.143352417 seconds_per_dispatch=0.001203103643 gbps=250.028534
LEG shape=mlp.gate_up_fused rep=27 position=7 arm=m9_ipg5 m=9 ipg=5 groups=2 inner=119 gpu_seconds=0.123707500 wall_seconds=0.123930958 seconds_per_dispatch=0.001039558824 gbps=192.908910
LEG shape=mlp.gate_up_fused rep=27 position=8 arm=m9_ipg5 m=9 ipg=5 groups=2 inner=119 gpu_seconds=0.123632250 wall_seconds=0.123904875 seconds_per_dispatch=0.001038926470 gbps=193.026327
LEG shape=mlp.gate_up_fused rep=27 position=9 arm=m9_ipg3 m=9 ipg=3 groups=3 inner=119 gpu_seconds=0.143188333 wall_seconds=0.143374542 seconds_per_dispatch=0.001203263304 gbps=249.995358
LEG shape=mlp.gate_up_fused rep=27 position=10 arm=m6_ipg6 m=6 ipg=6 groups=1 inner=119 gpu_seconds=0.088505083 wall_seconds=0.088695000 seconds_per_dispatch=0.000743740197 gbps=134.818691
LEG shape=mlp.gate_up_fused rep=27 position=11 arm=m6_ipg3 m=6 ipg=3 groups=2 inner=119 gpu_seconds=0.096182083 wall_seconds=0.096352042 seconds_per_dispatch=0.000808252800 gbps=248.115639
LEG shape=mlp.gate_up_fused rep=27 position=12 arm=m5_ipg5 m=5 ipg=5 groups=1 inner=119 gpu_seconds=0.068723000 wall_seconds=0.068886208 seconds_per_dispatch=0.000577504203 gbps=173.626581
LEG shape=mlp.gate_up_fused rep=27 position=13 arm=m5_ipg3 m=5 ipg=3 groups=2 inner=119 gpu_seconds=0.089082083 wall_seconds=0.089277750 seconds_per_dispatch=0.000748588936 gbps=267.890895
LEG shape=mlp.gate_up_fused rep=27 position=14 arm=m4_ipg4 m=4 ipg=4 groups=1 inner=119 gpu_seconds=0.057857750 wall_seconds=0.058045542 seconds_per_dispatch=0.000486199580 gbps=206.232346
LEG shape=mlp.gate_up_fused rep=27 position=15 arm=m4_ipg2 m=4 ipg=2 groups=2 inner=119 gpu_seconds=0.083583625 wall_seconds=0.083771875 seconds_per_dispatch=0.000702383404 gbps=285.513808
LEG shape=mlp.gate_up_fused rep=28 position=0 arm=m4_ipg2 m=4 ipg=2 groups=2 inner=119 gpu_seconds=0.083630208 wall_seconds=0.083819750 seconds_per_dispatch=0.000702774860 gbps=285.354772
LEG shape=mlp.gate_up_fused rep=28 position=1 arm=m4_ipg4 m=4 ipg=4 groups=1 inner=119 gpu_seconds=0.057847083 wall_seconds=0.058041000 seconds_per_dispatch=0.000486109944 gbps=206.270374
LEG shape=mlp.gate_up_fused rep=28 position=2 arm=m5_ipg3 m=5 ipg=3 groups=2 inner=119 gpu_seconds=0.089095750 wall_seconds=0.089299583 seconds_per_dispatch=0.000748703781 gbps=267.849803
LEG shape=mlp.gate_up_fused rep=28 position=3 arm=m5_ipg5 m=5 ipg=5 groups=1 inner=119 gpu_seconds=0.068844000 wall_seconds=0.069050250 seconds_per_dispatch=0.000578521009 gbps=173.321415
LEG shape=mlp.gate_up_fused rep=28 position=4 arm=m6_ipg3 m=6 ipg=3 groups=2 inner=119 gpu_seconds=0.096168667 wall_seconds=0.096372958 seconds_per_dispatch=0.000808140058 gbps=248.150253
LEG shape=mlp.gate_up_fused rep=28 position=5 arm=m6_ipg6 m=6 ipg=6 groups=1 inner=119 gpu_seconds=0.088465417 wall_seconds=0.088661125 seconds_per_dispatch=0.000743406862 gbps=134.879142
LEG shape=mlp.gate_up_fused rep=28 position=6 arm=m9_ipg3 m=9 ipg=3 groups=3 inner=119 gpu_seconds=0.143146833 wall_seconds=0.143337667 seconds_per_dispatch=0.001202914564 gbps=250.067834
LEG shape=mlp.gate_up_fused rep=28 position=7 arm=m9_ipg5 m=9 ipg=5 groups=2 inner=119 gpu_seconds=0.123825000 wall_seconds=0.124021417 seconds_per_dispatch=0.001040546220 gbps=192.725855
LEG shape=mlp.gate_up_fused rep=28 position=8 arm=m9_ipg5 m=9 ipg=5 groups=2 inner=119 gpu_seconds=0.123789042 wall_seconds=0.124000292 seconds_per_dispatch=0.001040244047 gbps=192.781839
LEG shape=mlp.gate_up_fused rep=28 position=9 arm=m9_ipg3 m=9 ipg=3 groups=3 inner=119 gpu_seconds=0.143257500 wall_seconds=0.143453167 seconds_per_dispatch=0.001203844537 gbps=249.874656
LEG shape=mlp.gate_up_fused rep=28 position=10 arm=m6_ipg6 m=6 ipg=6 groups=1 inner=119 gpu_seconds=0.088526250 wall_seconds=0.088703583 seconds_per_dispatch=0.000743918068 gbps=134.786456
LEG shape=mlp.gate_up_fused rep=28 position=11 arm=m6_ipg3 m=6 ipg=3 groups=2 inner=119 gpu_seconds=0.096157375 wall_seconds=0.096331625 seconds_per_dispatch=0.000808045168 gbps=248.179394
LEG shape=mlp.gate_up_fused rep=28 position=12 arm=m5_ipg5 m=5 ipg=5 groups=1 inner=119 gpu_seconds=0.068738875 wall_seconds=0.068943750 seconds_per_dispatch=0.000577637605 gbps=173.586483
LEG shape=mlp.gate_up_fused rep=28 position=13 arm=m5_ipg3 m=5 ipg=3 groups=2 inner=119 gpu_seconds=0.089047250 wall_seconds=0.089244917 seconds_per_dispatch=0.000748296219 gbps=267.995688
LEG shape=mlp.gate_up_fused rep=28 position=14 arm=m4_ipg4 m=4 ipg=4 groups=1 inner=119 gpu_seconds=0.057857958 wall_seconds=0.058048375 seconds_per_dispatch=0.000486201331 gbps=206.231603
LEG shape=mlp.gate_up_fused rep=28 position=15 arm=m4_ipg2 m=4 ipg=2 groups=2 inner=119 gpu_seconds=0.083667750 wall_seconds=0.083853958 seconds_per_dispatch=0.000703090336 gbps=285.226734
LEG shape=mlp.gate_up_fused rep=29 position=0 arm=m4_ipg2 m=4 ipg=2 groups=2 inner=119 gpu_seconds=0.083598917 wall_seconds=0.083790708 seconds_per_dispatch=0.000702511905 gbps=285.461582
LEG shape=mlp.gate_up_fused rep=29 position=1 arm=m4_ipg4 m=4 ipg=4 groups=1 inner=119 gpu_seconds=0.057862417 wall_seconds=0.058054083 seconds_per_dispatch=0.000486238795 gbps=206.215713
LEG shape=mlp.gate_up_fused rep=29 position=2 arm=m5_ipg3 m=5 ipg=3 groups=2 inner=119 gpu_seconds=0.089114000 wall_seconds=0.089313125 seconds_per_dispatch=0.000748857144 gbps=267.794948
LEG shape=mlp.gate_up_fused rep=29 position=3 arm=m5_ipg5 m=5 ipg=5 groups=1 inner=119 gpu_seconds=0.068761958 wall_seconds=0.068944792 seconds_per_dispatch=0.000577831582 gbps=173.528210
LEG shape=mlp.gate_up_fused rep=29 position=4 arm=m6_ipg3 m=6 ipg=3 groups=2 inner=119 gpu_seconds=0.096142292 wall_seconds=0.096339125 seconds_per_dispatch=0.000807918416 gbps=248.218330
LEG shape=mlp.gate_up_fused rep=29 position=5 arm=m6_ipg6 m=6 ipg=6 groups=1 inner=119 gpu_seconds=0.088472875 wall_seconds=0.088664625 seconds_per_dispatch=0.000743469538 gbps=134.867772
LEG shape=mlp.gate_up_fused rep=29 position=6 arm=m9_ipg3 m=9 ipg=3 groups=3 inner=119 gpu_seconds=0.143110750 wall_seconds=0.143302208 seconds_per_dispatch=0.001202611345 gbps=250.130885
LEG shape=mlp.gate_up_fused rep=29 position=7 arm=m9_ipg5 m=9 ipg=5 groups=2 inner=119 gpu_seconds=0.123635500 wall_seconds=0.123846958 seconds_per_dispatch=0.001038953781 gbps=193.021252
LEG shape=mlp.gate_up_fused rep=29 position=8 arm=m9_ipg5 m=9 ipg=5 groups=2 inner=119 gpu_seconds=0.123649500 wall_seconds=0.123860458 seconds_per_dispatch=0.001039071429 gbps=192.999398
LEG shape=mlp.gate_up_fused rep=29 position=9 arm=m9_ipg3 m=9 ipg=3 groups=3 inner=119 gpu_seconds=0.143118333 wall_seconds=0.143295708 seconds_per_dispatch=0.001202675070 gbps=250.117632
LEG shape=mlp.gate_up_fused rep=29 position=10 arm=m6_ipg6 m=6 ipg=6 groups=1 inner=119 gpu_seconds=0.088396542 wall_seconds=0.088564500 seconds_per_dispatch=0.000742828080 gbps=134.984235
LEG shape=mlp.gate_up_fused rep=29 position=11 arm=m6_ipg3 m=6 ipg=3 groups=2 inner=119 gpu_seconds=0.096157541 wall_seconds=0.096360917 seconds_per_dispatch=0.000808046567 gbps=248.178964
LEG shape=mlp.gate_up_fused rep=29 position=12 arm=m5_ipg5 m=5 ipg=5 groups=1 inner=119 gpu_seconds=0.068704708 wall_seconds=0.068885958 seconds_per_dispatch=0.000577350489 gbps=173.672807
LEG shape=mlp.gate_up_fused rep=29 position=13 arm=m5_ipg3 m=5 ipg=3 groups=2 inner=119 gpu_seconds=0.089132125 wall_seconds=0.089302250 seconds_per_dispatch=0.000749009454 gbps=267.740492
LEG shape=mlp.gate_up_fused rep=29 position=14 arm=m4_ipg4 m=4 ipg=4 groups=1 inner=119 gpu_seconds=0.057941667 wall_seconds=0.058106958 seconds_per_dispatch=0.000486904761 gbps=205.933661
LEG shape=mlp.gate_up_fused rep=29 position=15 arm=m4_ipg2 m=4 ipg=2 groups=2 inner=119 gpu_seconds=0.083646000 wall_seconds=0.083839375 seconds_per_dispatch=0.000702907562 gbps=285.300900
LEG shape=mlp.gate_up_fused rep=30 position=0 arm=m4_ipg2 m=4 ipg=2 groups=2 inner=119 gpu_seconds=0.083638250 wall_seconds=0.083830833 seconds_per_dispatch=0.000702842436 gbps=285.327336
LEG shape=mlp.gate_up_fused rep=30 position=1 arm=m4_ipg4 m=4 ipg=4 groups=1 inner=119 gpu_seconds=0.057832500 wall_seconds=0.058021333 seconds_per_dispatch=0.000485987395 gbps=206.322388
LEG shape=mlp.gate_up_fused rep=30 position=2 arm=m5_ipg3 m=5 ipg=3 groups=2 inner=119 gpu_seconds=0.089112500 wall_seconds=0.089316542 seconds_per_dispatch=0.000748844537 gbps=267.799456
LEG shape=mlp.gate_up_fused rep=30 position=3 arm=m5_ipg5 m=5 ipg=5 groups=1 inner=119 gpu_seconds=0.068735750 wall_seconds=0.068933417 seconds_per_dispatch=0.000577611344 gbps=173.594375
LEG shape=mlp.gate_up_fused rep=30 position=4 arm=m6_ipg3 m=6 ipg=3 groups=2 inner=119 gpu_seconds=0.096141500 wall_seconds=0.096322917 seconds_per_dispatch=0.000807911766 gbps=248.220373
LEG shape=mlp.gate_up_fused rep=30 position=5 arm=m6_ipg6 m=6 ipg=6 groups=1 inner=119 gpu_seconds=0.088458750 wall_seconds=0.088620375 seconds_per_dispatch=0.000743350842 gbps=134.889307
LEG shape=mlp.gate_up_fused rep=30 position=6 arm=m9_ipg3 m=9 ipg=3 groups=3 inner=119 gpu_seconds=0.143117000 wall_seconds=0.143314208 seconds_per_dispatch=0.001202663867 gbps=250.119962
LEG shape=mlp.gate_up_fused rep=30 position=7 arm=m9_ipg5 m=9 ipg=5 groups=2 inner=119 gpu_seconds=0.123519000 wall_seconds=0.123712625 seconds_per_dispatch=0.001037974789 gbps=193.203305
LEG shape=mlp.gate_up_fused rep=30 position=8 arm=m9_ipg5 m=9 ipg=5 groups=2 inner=119 gpu_seconds=0.123395958 wall_seconds=0.123641125 seconds_per_dispatch=0.001036940827 gbps=193.395953
LEG shape=mlp.gate_up_fused rep=30 position=9 arm=m9_ipg3 m=9 ipg=3 groups=3 inner=119 gpu_seconds=0.143129542 wall_seconds=0.143354750 seconds_per_dispatch=0.001202769259 gbps=250.098045
LEG shape=mlp.gate_up_fused rep=30 position=10 arm=m6_ipg6 m=6 ipg=6 groups=1 inner=119 gpu_seconds=0.088478708 wall_seconds=0.088714917 seconds_per_dispatch=0.000743518558 gbps=134.858880
LEG shape=mlp.gate_up_fused rep=30 position=11 arm=m6_ipg3 m=6 ipg=3 groups=2 inner=119 gpu_seconds=0.095980625 wall_seconds=0.096180833 seconds_per_dispatch=0.000806559873 gbps=248.636421
LEG shape=mlp.gate_up_fused rep=30 position=12 arm=m5_ipg5 m=5 ipg=5 groups=1 inner=119 gpu_seconds=0.068774750 wall_seconds=0.068979208 seconds_per_dispatch=0.000577939076 gbps=173.495935
LEG shape=mlp.gate_up_fused rep=30 position=13 arm=m5_ipg3 m=5 ipg=3 groups=2 inner=119 gpu_seconds=0.088982333 wall_seconds=0.089181750 seconds_per_dispatch=0.000747750701 gbps=268.191203
LEG shape=mlp.gate_up_fused rep=30 position=14 arm=m4_ipg4 m=4 ipg=4 groups=1 inner=119 gpu_seconds=0.057906750 wall_seconds=0.058123500 seconds_per_dispatch=0.000486611346 gbps=206.057834
LEG shape=mlp.gate_up_fused rep=30 position=15 arm=m4_ipg2 m=4 ipg=2 groups=2 inner=119 gpu_seconds=0.083532417 wall_seconds=0.083728792 seconds_per_dispatch=0.000701953082 gbps=285.688838
e73_cell_ab: mlp.gate_up_fused inner=119 legs=496 entry=67.73C exit=87.74C
SHAPE shape=mlp.gate_up_fused k=5120 n=34816 inner=119 legs=496 bytes_per_stream=100270080 entry_gpu_temp_c=67.73 exit_gpu_temp_c=87.74
PARITY shape=head.lm_head arm=m4_ipg2 m=4 ipg=2 differing=0 zero_rows=0 compared_rows=4
PARITY shape=head.lm_head arm=m4_ipg4 m=4 ipg=4 differing=0 zero_rows=0 compared_rows=4
PARITY shape=head.lm_head arm=m5_ipg3 m=5 ipg=3 differing=0 zero_rows=0 compared_rows=5
PARITY shape=head.lm_head arm=m5_ipg5 m=5 ipg=5 differing=0 zero_rows=0 compared_rows=5
PARITY shape=head.lm_head arm=m6_ipg3 m=6 ipg=3 differing=0 zero_rows=0 compared_rows=6
PARITY shape=head.lm_head arm=m6_ipg6 m=6 ipg=6 differing=0 zero_rows=0 compared_rows=6
PARITY shape=head.lm_head arm=m9_ipg3 m=9 ipg=3 differing=0 zero_rows=0 compared_rows=9
PARITY shape=head.lm_head arm=m9_ipg5 m=9 ipg=5 differing=0 zero_rows=0 compared_rows=9
LEG shape=head.lm_head rep=0 position=0 arm=m4_ipg2 m=4 ipg=2 groups=2 inner=16 gpu_seconds=0.078599750 wall_seconds=0.078786042 seconds_per_dispatch=0.004912484379 gbps=291.160865
LEG shape=head.lm_head rep=0 position=1 arm=m4_ipg4 m=4 ipg=4 groups=1 inner=16 gpu_seconds=0.053725875 wall_seconds=0.053893833 seconds_per_dispatch=0.003357867186 gbps=212.980907
LEG shape=head.lm_head rep=0 position=2 arm=m5_ipg3 m=5 ipg=3 groups=2 inner=16 gpu_seconds=0.083716333 wall_seconds=0.083891125 seconds_per_dispatch=0.005232270836 gbps=273.365666
LEG shape=head.lm_head rep=0 position=3 arm=m5_ipg5 m=5 ipg=5 groups=1 inner=16 gpu_seconds=0.064000875 wall_seconds=0.064180375 seconds_per_dispatch=0.004000054687 gbps=178.787956
LEG shape=head.lm_head rep=0 position=4 arm=m6_ipg3 m=6 ipg=3 groups=2 inner=16 gpu_seconds=0.090492167 wall_seconds=0.090672458 seconds_per_dispatch=0.005655760426 gbps=252.896709
LEG shape=head.lm_head rep=0 position=5 arm=m6_ipg6 m=6 ipg=6 groups=1 inner=16 gpu_seconds=0.082615667 wall_seconds=0.082794208 seconds_per_dispatch=0.005163479174 gbps=138.503822
LEG shape=head.lm_head rep=0 position=6 arm=m9_ipg3 m=9 ipg=3 groups=3 inner=16 gpu_seconds=0.136400000 wall_seconds=0.136583667 seconds_per_dispatch=0.008524999997 gbps=251.669771
LEG shape=head.lm_head rep=0 position=7 arm=m9_ipg5 m=9 ipg=5 groups=2 inner=16 gpu_seconds=0.117671708 wall_seconds=0.117843375 seconds_per_dispatch=0.007354481771 gbps=194.483207
LEG shape=head.lm_head rep=0 position=8 arm=m9_ipg5 m=9 ipg=5 groups=2 inner=16 gpu_seconds=0.117647125 wall_seconds=0.117838833 seconds_per_dispatch=0.007352945322 gbps=194.523846
LEG shape=head.lm_head rep=0 position=9 arm=m9_ipg3 m=9 ipg=3 groups=3 inner=16 gpu_seconds=0.136374250 wall_seconds=0.136580833 seconds_per_dispatch=0.008523390628 gbps=251.717291
LEG shape=head.lm_head rep=0 position=10 arm=m6_ipg6 m=6 ipg=6 groups=1 inner=16 gpu_seconds=0.082615917 wall_seconds=0.082822583 seconds_per_dispatch=0.005163494789 gbps=138.503403
LEG shape=head.lm_head rep=0 position=11 arm=m6_ipg3 m=6 ipg=3 groups=2 inner=16 gpu_seconds=0.090410750 wall_seconds=0.090584875 seconds_per_dispatch=0.005650671883 gbps=253.124448
LEG shape=head.lm_head rep=0 position=12 arm=m5_ipg5 m=5 ipg=5 groups=1 inner=16 gpu_seconds=0.064021292 wall_seconds=0.064233208 seconds_per_dispatch=0.004001330730 gbps=178.730939
LEG shape=head.lm_head rep=0 position=13 arm=m5_ipg3 m=5 ipg=3 groups=2 inner=16 gpu_seconds=0.083715125 wall_seconds=0.083894792 seconds_per_dispatch=0.005232195312 gbps=273.369612
LEG shape=head.lm_head rep=0 position=14 arm=m4_ipg4 m=4 ipg=4 groups=1 inner=16 gpu_seconds=0.053655042 wall_seconds=0.053831958 seconds_per_dispatch=0.003353440115 gbps=213.262076
LEG shape=head.lm_head rep=0 position=15 arm=m4_ipg2 m=4 ipg=2 groups=2 inner=16 gpu_seconds=0.078596958 wall_seconds=0.078775542 seconds_per_dispatch=0.004912309887 gbps=291.171207
LEG shape=head.lm_head rep=1 position=0 arm=m4_ipg2 m=4 ipg=2 groups=2 inner=16 gpu_seconds=0.078582292 wall_seconds=0.078764792 seconds_per_dispatch=0.004911393233 gbps=291.225551
LEG shape=head.lm_head rep=1 position=1 arm=m4_ipg4 m=4 ipg=4 groups=1 inner=16 gpu_seconds=0.053652250 wall_seconds=0.053793292 seconds_per_dispatch=0.003353265623 gbps=213.273173
LEG shape=head.lm_head rep=1 position=2 arm=m5_ipg3 m=5 ipg=3 groups=2 inner=16 gpu_seconds=0.083730875 wall_seconds=0.083882250 seconds_per_dispatch=0.005233179691 gbps=273.318190
LEG shape=head.lm_head rep=1 position=3 arm=m5_ipg5 m=5 ipg=5 groups=1 inner=16 gpu_seconds=0.064043083 wall_seconds=0.064228375 seconds_per_dispatch=0.004002692716 gbps=178.670123
LEG shape=head.lm_head rep=1 position=4 arm=m6_ipg3 m=6 ipg=3 groups=2 inner=16 gpu_seconds=0.090418250 wall_seconds=0.090611250 seconds_per_dispatch=0.005651140629 gbps=253.103452
LEG shape=head.lm_head rep=1 position=5 arm=m6_ipg6 m=6 ipg=6 groups=1 inner=16 gpu_seconds=0.082608583 wall_seconds=0.082827583 seconds_per_dispatch=0.005163036461 gbps=138.515698
LEG shape=head.lm_head rep=1 position=6 arm=m9_ipg3 m=9 ipg=3 groups=3 inner=16 gpu_seconds=0.136444125 wall_seconds=0.136638000 seconds_per_dispatch=0.008527757804 gbps=251.588383
LEG shape=head.lm_head rep=1 position=7 arm=m9_ipg5 m=9 ipg=5 groups=2 inner=16 gpu_seconds=0.117688583 wall_seconds=0.117887083 seconds_per_dispatch=0.007355536465 gbps=194.455320
LEG shape=head.lm_head rep=1 position=8 arm=m9_ipg5 m=9 ipg=5 groups=2 inner=16 gpu_seconds=0.117649042 wall_seconds=0.117824792 seconds_per_dispatch=0.007353065099 gbps=194.520677
LEG shape=head.lm_head rep=1 position=9 arm=m9_ipg3 m=9 ipg=3 groups=3 inner=16 gpu_seconds=0.136385500 wall_seconds=0.136569417 seconds_per_dispatch=0.008524093748 gbps=251.696528
LEG shape=head.lm_head rep=1 position=10 arm=m6_ipg6 m=6 ipg=6 groups=1 inner=16 gpu_seconds=0.082625875 wall_seconds=0.082813792 seconds_per_dispatch=0.005164117174 gbps=138.486710
LEG shape=head.lm_head rep=1 position=11 arm=m6_ipg3 m=6 ipg=3 groups=2 inner=16 gpu_seconds=0.090412292 wall_seconds=0.090595208 seconds_per_dispatch=0.005650768231 gbps=253.120132
LEG shape=head.lm_head rep=1 position=12 arm=m5_ipg5 m=5 ipg=5 groups=1 inner=16 gpu_seconds=0.064024250 wall_seconds=0.064194750 seconds_per_dispatch=0.004001515626 gbps=178.722681
LEG shape=head.lm_head rep=1 position=13 arm=m5_ipg3 m=5 ipg=3 groups=2 inner=16 gpu_seconds=0.083803000 wall_seconds=0.083984083 seconds_per_dispatch=0.005237687510 gbps=273.082958
LEG shape=head.lm_head rep=1 position=14 arm=m4_ipg4 m=4 ipg=4 groups=1 inner=16 gpu_seconds=0.053698875 wall_seconds=0.053874167 seconds_per_dispatch=0.003356179688 gbps=213.087995
LEG shape=head.lm_head rep=1 position=15 arm=m4_ipg2 m=4 ipg=2 groups=2 inner=16 gpu_seconds=0.078611625 wall_seconds=0.078820292 seconds_per_dispatch=0.004913226556 gbps=291.116883
LEG shape=head.lm_head rep=2 position=0 arm=m4_ipg2 m=4 ipg=2 groups=2 inner=16 gpu_seconds=0.078609375 wall_seconds=0.078780667 seconds_per_dispatch=0.004913085926 gbps=291.125216
LEG shape=head.lm_head rep=2 position=1 arm=m4_ipg4 m=4 ipg=4 groups=1 inner=16 gpu_seconds=0.053659042 wall_seconds=0.053840417 seconds_per_dispatch=0.003353690103 gbps=213.246179
LEG shape=head.lm_head rep=2 position=2 arm=m5_ipg3 m=5 ipg=3 groups=2 inner=16 gpu_seconds=0.083733458 wall_seconds=0.083899375 seconds_per_dispatch=0.005233341144 gbps=273.309758
LEG shape=head.lm_head rep=2 position=3 arm=m5_ipg5 m=5 ipg=5 groups=1 inner=16 gpu_seconds=0.064000125 wall_seconds=0.064179375 seconds_per_dispatch=0.004000007801 gbps=178.790051
LEG shape=head.lm_head rep=2 position=4 arm=m6_ipg3 m=6 ipg=3 groups=2 inner=16 gpu_seconds=0.090414125 wall_seconds=0.090592042 seconds_per_dispatch=0.005650882813 gbps=253.114999
LEG shape=head.lm_head rep=2 position=5 arm=m6_ipg6 m=6 ipg=6 groups=1 inner=16 gpu_seconds=0.082678667 wall_seconds=0.082877708 seconds_per_dispatch=0.005167416675 gbps=138.398284
LEG shape=head.lm_head rep=2 position=6 arm=m9_ipg3 m=9 ipg=3 groups=3 inner=16 gpu_seconds=0.136502250 wall_seconds=0.136682458 seconds_per_dispatch=0.008531390631 gbps=251.481252
LEG shape=head.lm_head rep=2 position=7 arm=m9_ipg5 m=9 ipg=5 groups=2 inner=16 gpu_seconds=0.117691250 wall_seconds=0.117865458 seconds_per_dispatch=0.007355703128 gbps=194.450914
LEG shape=head.lm_head rep=2 position=8 arm=m9_ipg5 m=9 ipg=5 groups=2 inner=16 gpu_seconds=0.117646583 wall_seconds=0.117821792 seconds_per_dispatch=0.007352911460 gbps=194.524741
LEG shape=head.lm_head rep=2 position=9 arm=m9_ipg3 m=9 ipg=3 groups=3 inner=16 gpu_seconds=0.136368000 wall_seconds=0.136596667 seconds_per_dispatch=0.008522999997 gbps=251.728828
LEG shape=head.lm_head rep=2 position=10 arm=m6_ipg6 m=6 ipg=6 groups=1 inner=16 gpu_seconds=0.082582042 wall_seconds=0.082763917 seconds_per_dispatch=0.005161377601 gbps=138.560217
LEG shape=head.lm_head rep=2 position=11 arm=m6_ipg3 m=6 ipg=3 groups=2 inner=16 gpu_seconds=0.090422000 wall_seconds=0.090607250 seconds_per_dispatch=0.005651375002 gbps=253.092955
LEG shape=head.lm_head rep=2 position=12 arm=m5_ipg5 m=5 ipg=5 groups=1 inner=16 gpu_seconds=0.064116000 wall_seconds=0.064283292 seconds_per_dispatch=0.004007249998 gbps=178.466929
LEG shape=head.lm_head rep=2 position=13 arm=m5_ipg3 m=5 ipg=3 groups=2 inner=16 gpu_seconds=0.083772417 wall_seconds=0.083951292 seconds_per_dispatch=0.005235776043 gbps=273.182655
LEG shape=head.lm_head rep=2 position=14 arm=m4_ipg4 m=4 ipg=4 groups=1 inner=16 gpu_seconds=0.053640500 wall_seconds=0.053815875 seconds_per_dispatch=0.003352531261 gbps=213.319890
LEG shape=head.lm_head rep=2 position=15 arm=m4_ipg2 m=4 ipg=2 groups=2 inner=16 gpu_seconds=0.078604875 wall_seconds=0.078797083 seconds_per_dispatch=0.004912804681 gbps=291.141882
LEG shape=head.lm_head rep=3 position=0 arm=m4_ipg2 m=4 ipg=2 groups=2 inner=16 gpu_seconds=0.078626958 wall_seconds=0.078796750 seconds_per_dispatch=0.004914184901 gbps=291.060110
LEG shape=head.lm_head rep=3 position=1 arm=m4_ipg4 m=4 ipg=4 groups=1 inner=16 gpu_seconds=0.053656500 wall_seconds=0.053881167 seconds_per_dispatch=0.003353531254 gbps=213.256280
LEG shape=head.lm_head rep=3 position=2 arm=m5_ipg3 m=5 ipg=3 groups=2 inner=16 gpu_seconds=0.083730917 wall_seconds=0.083900250 seconds_per_dispatch=0.005233182295 gbps=273.318054
LEG shape=head.lm_head rep=3 position=3 arm=m5_ipg5 m=5 ipg=5 groups=1 inner=16 gpu_seconds=0.064018542 wall_seconds=0.064183542 seconds_per_dispatch=0.004001158857 gbps=178.738617
LEG shape=head.lm_head rep=3 position=4 arm=m6_ipg3 m=6 ipg=3 groups=2 inner=16 gpu_seconds=0.090410958 wall_seconds=0.090585125 seconds_per_dispatch=0.005650684892 gbps=253.123865
LEG shape=head.lm_head rep=3 position=5 arm=m6_ipg6 m=6 ipg=6 groups=1 inner=16 gpu_seconds=0.082577750 wall_seconds=0.082758083 seconds_per_dispatch=0.005161109366 gbps=138.567418
LEG shape=head.lm_head rep=3 position=6 arm=m9_ipg3 m=9 ipg=3 groups=3 inner=16 gpu_seconds=0.136397875 wall_seconds=0.136589292 seconds_per_dispatch=0.008524867197 gbps=251.673692
LEG shape=head.lm_head rep=3 position=7 arm=m9_ipg5 m=9 ipg=5 groups=2 inner=16 gpu_seconds=0.117636625 wall_seconds=0.117832542 seconds_per_dispatch=0.007352289060 gbps=194.541209
LEG shape=head.lm_head rep=3 position=8 arm=m9_ipg5 m=9 ipg=5 groups=2 inner=16 gpu_seconds=0.117703875 wall_seconds=0.117892083 seconds_per_dispatch=0.007356492191 gbps=194.430058
LEG shape=head.lm_head rep=3 position=9 arm=m9_ipg3 m=9 ipg=3 groups=3 inner=16 gpu_seconds=0.136389042 wall_seconds=0.136571625 seconds_per_dispatch=0.008524315097 gbps=251.689992
LEG shape=head.lm_head rep=3 position=10 arm=m6_ipg6 m=6 ipg=6 groups=1 inner=16 gpu_seconds=0.082611875 wall_seconds=0.082789917 seconds_per_dispatch=0.005163242182 gbps=138.510179
LEG shape=head.lm_head rep=3 position=11 arm=m6_ipg3 m=6 ipg=3 groups=2 inner=16 gpu_seconds=0.090429375 wall_seconds=0.090599875 seconds_per_dispatch=0.005651835934 gbps=253.072314
LEG shape=head.lm_head rep=3 position=12 arm=m5_ipg5 m=5 ipg=5 groups=1 inner=16 gpu_seconds=0.064028291 wall_seconds=0.064207000 seconds_per_dispatch=0.004001768219 gbps=178.711400
LEG shape=head.lm_head rep=3 position=13 arm=m5_ipg3 m=5 ipg=3 groups=2 inner=16 gpu_seconds=0.083717375 wall_seconds=0.083904250 seconds_per_dispatch=0.005232335941 gbps=273.362264
LEG shape=head.lm_head rep=3 position=14 arm=m4_ipg4 m=4 ipg=4 groups=1 inner=16 gpu_seconds=0.053678292 wall_seconds=0.053844583 seconds_per_dispatch=0.003354893226 gbps=213.169705
LEG shape=head.lm_head rep=3 position=15 arm=m4_ipg2 m=4 ipg=2 groups=2 inner=16 gpu_seconds=0.078529917 wall_seconds=0.078706708 seconds_per_dispatch=0.004908119794 gbps=291.419782
LEG shape=head.lm_head rep=4 position=0 arm=m4_ipg2 m=4 ipg=2 groups=2 inner=16 gpu_seconds=0.078547000 wall_seconds=0.078763500 seconds_per_dispatch=0.004909187497 gbps=291.356401
LEG shape=head.lm_head rep=4 position=1 arm=m4_ipg4 m=4 ipg=4 groups=1 inner=16 gpu_seconds=0.053657000 wall_seconds=0.053875208 seconds_per_dispatch=0.003353562497 gbps=213.254293
LEG shape=head.lm_head rep=4 position=2 arm=m5_ipg3 m=5 ipg=3 groups=2 inner=16 gpu_seconds=0.083718625 wall_seconds=0.083934958 seconds_per_dispatch=0.005232414056 gbps=273.358183
LEG shape=head.lm_head rep=4 position=3 arm=m5_ipg5 m=5 ipg=5 groups=1 inner=16 gpu_seconds=0.064015708 wall_seconds=0.064203417 seconds_per_dispatch=0.004000981775 gbps=178.746528
LEG shape=head.lm_head rep=4 position=4 arm=m6_ipg3 m=6 ipg=3 groups=2 inner=16 gpu_seconds=0.090430833 wall_seconds=0.090620917 seconds_per_dispatch=0.005651927073 gbps=253.068233
LEG shape=head.lm_head rep=4 position=5 arm=m6_ipg6 m=6 ipg=6 groups=1 inner=16 gpu_seconds=0.082598708 wall_seconds=0.082775375 seconds_per_dispatch=0.005162419271 gbps=138.532258
LEG shape=head.lm_head rep=4 position=6 arm=m9_ipg3 m=9 ipg=3 groups=3 inner=16 gpu_seconds=0.136388125 wall_seconds=0.136580625 seconds_per_dispatch=0.008524257821 gbps=251.691683
LEG shape=head.lm_head rep=4 position=7 arm=m9_ipg5 m=9 ipg=5 groups=2 inner=16 gpu_seconds=0.117642667 wall_seconds=0.117854292 seconds_per_dispatch=0.007352666667 gbps=194.531218
LEG shape=head.lm_head rep=4 position=8 arm=m9_ipg5 m=9 ipg=5 groups=2 inner=16 gpu_seconds=0.117631625 wall_seconds=0.117860708 seconds_per_dispatch=0.007351976557 gbps=194.549478
LEG shape=head.lm_head rep=4 position=9 arm=m9_ipg3 m=9 ipg=3 groups=3 inner=16 gpu_seconds=0.136455917 wall_seconds=0.136709792 seconds_per_dispatch=0.008528494785 gbps=251.566643
LEG shape=head.lm_head rep=4 position=10 arm=m6_ipg6 m=6 ipg=6 groups=1 inner=16 gpu_seconds=0.082579000 wall_seconds=0.082778083 seconds_per_dispatch=0.005161187495 gbps=138.565321
LEG shape=head.lm_head rep=4 position=11 arm=m6_ipg3 m=6 ipg=3 groups=2 inner=16 gpu_seconds=0.090432250 wall_seconds=0.090620458 seconds_per_dispatch=0.005652015636 gbps=253.064268
LEG shape=head.lm_head rep=4 position=12 arm=m5_ipg5 m=5 ipg=5 groups=1 inner=16 gpu_seconds=0.064024125 wall_seconds=0.064206958 seconds_per_dispatch=0.004001507812 gbps=178.723030
LEG shape=head.lm_head rep=4 position=13 arm=m5_ipg3 m=5 ipg=3 groups=2 inner=16 gpu_seconds=0.083724250 wall_seconds=0.083924042 seconds_per_dispatch=0.005232765616 gbps=273.339818
LEG shape=head.lm_head rep=4 position=14 arm=m4_ipg4 m=4 ipg=4 groups=1 inner=16 gpu_seconds=0.053642500 wall_seconds=0.053825042 seconds_per_dispatch=0.003352656247 gbps=213.311938
LEG shape=head.lm_head rep=4 position=15 arm=m4_ipg2 m=4 ipg=2 groups=2 inner=16 gpu_seconds=0.078577417 wall_seconds=0.078759625 seconds_per_dispatch=0.004911088545 gbps=291.243619
LEG shape=head.lm_head rep=5 position=0 arm=m4_ipg2 m=4 ipg=2 groups=2 inner=16 gpu_seconds=0.078583375 wall_seconds=0.078764792 seconds_per_dispatch=0.004911460928 gbps=291.221537
LEG shape=head.lm_head rep=5 position=1 arm=m4_ipg4 m=4 ipg=4 groups=1 inner=16 gpu_seconds=0.053667250 wall_seconds=0.053833667 seconds_per_dispatch=0.003354203131 gbps=213.213563
LEG shape=head.lm_head rep=5 position=2 arm=m5_ipg3 m=5 ipg=3 groups=2 inner=16 gpu_seconds=0.083725958 wall_seconds=0.083900750 seconds_per_dispatch=0.005232872398 gbps=273.334240
LEG shape=head.lm_head rep=5 position=3 arm=m5_ipg5 m=5 ipg=5 groups=1 inner=16 gpu_seconds=0.064020375 wall_seconds=0.064195625 seconds_per_dispatch=0.004001273439 gbps=178.733498
LEG shape=head.lm_head rep=5 position=4 arm=m6_ipg3 m=6 ipg=3 groups=2 inner=16 gpu_seconds=0.090441417 wall_seconds=0.090631333 seconds_per_dispatch=0.005652588545 gbps=253.038619
LEG shape=head.lm_head rep=5 position=5 arm=m6_ipg6 m=6 ipg=6 groups=1 inner=16 gpu_seconds=0.082654000 wall_seconds=0.082874458 seconds_per_dispatch=0.005165875002 gbps=138.439587
LEG shape=head.lm_head rep=5 position=6 arm=m9_ipg3 m=9 ipg=3 groups=3 inner=16 gpu_seconds=0.136447792 wall_seconds=0.136641083 seconds_per_dispatch=0.008527986982 gbps=251.581622
LEG shape=head.lm_head rep=5 position=7 arm=m9_ipg5 m=9 ipg=5 groups=2 inner=16 gpu_seconds=0.117633500 wall_seconds=0.117819792 seconds_per_dispatch=0.007352093744 gbps=194.546377
LEG shape=head.lm_head rep=5 position=8 arm=m9_ipg5 m=9 ipg=5 groups=2 inner=16 gpu_seconds=0.117652750 wall_seconds=0.117852833 seconds_per_dispatch=0.007353296882 gbps=194.514545
LEG shape=head.lm_head rep=5 position=9 arm=m9_ipg3 m=9 ipg=3 groups=3 inner=16 gpu_seconds=0.136452792 wall_seconds=0.136615000 seconds_per_dispatch=0.008528299484 gbps=251.572404
LEG shape=head.lm_head rep=5 position=10 arm=m6_ipg6 m=6 ipg=6 groups=1 inner=16 gpu_seconds=0.082572333 wall_seconds=0.082736500 seconds_per_dispatch=0.005160770830 gbps=138.576508
LEG shape=head.lm_head rep=5 position=11 arm=m6_ipg3 m=6 ipg=3 groups=2 inner=16 gpu_seconds=0.090428167 wall_seconds=0.090606042 seconds_per_dispatch=0.005651760410 gbps=253.075696
LEG shape=head.lm_head rep=5 position=12 arm=m5_ipg5 m=5 ipg=5 groups=1 inner=16 gpu_seconds=0.064055167 wall_seconds=0.064231250 seconds_per_dispatch=0.004003447917 gbps=178.636419
LEG shape=head.lm_head rep=5 position=13 arm=m5_ipg3 m=5 ipg=3 groups=2 inner=16 gpu_seconds=0.083712708 wall_seconds=0.083900500 seconds_per_dispatch=0.005232044277 gbps=273.377503
LEG shape=head.lm_head rep=5 position=14 arm=m4_ipg4 m=4 ipg=4 groups=1 inner=16 gpu_seconds=0.053653208 wall_seconds=0.053831500 seconds_per_dispatch=0.003353325519 gbps=213.269364
LEG shape=head.lm_head rep=5 position=15 arm=m4_ipg2 m=4 ipg=2 groups=2 inner=16 gpu_seconds=0.078634917 wall_seconds=0.078812625 seconds_per_dispatch=0.004914682286 gbps=291.030654
LEG shape=head.lm_head rep=6 position=0 arm=m4_ipg2 m=4 ipg=2 groups=2 inner=16 gpu_seconds=0.078589792 wall_seconds=0.078767792 seconds_per_dispatch=0.004911861979 gbps=291.197759
LEG shape=head.lm_head rep=6 position=1 arm=m4_ipg4 m=4 ipg=4 groups=1 inner=16 gpu_seconds=0.053671125 wall_seconds=0.053854458 seconds_per_dispatch=0.003354445318 gbps=213.198169
LEG shape=head.lm_head rep=6 position=2 arm=m5_ipg3 m=5 ipg=3 groups=2 inner=16 gpu_seconds=0.083724500 wall_seconds=0.083886542 seconds_per_dispatch=0.005232781245 gbps=273.339001
LEG shape=head.lm_head rep=6 position=3 arm=m5_ipg5 m=5 ipg=5 groups=1 inner=16 gpu_seconds=0.064003625 wall_seconds=0.064167375 seconds_per_dispatch=0.004000226560 gbps=178.780274
LEG shape=head.lm_head rep=6 position=4 arm=m6_ipg3 m=6 ipg=3 groups=2 inner=16 gpu_seconds=0.090421500 wall_seconds=0.090610750 seconds_per_dispatch=0.005651343745 gbps=253.094355
LEG shape=head.lm_head rep=6 position=5 arm=m6_ipg6 m=6 ipg=6 groups=1 inner=16 gpu_seconds=0.082576792 wall_seconds=0.082746083 seconds_per_dispatch=0.005161049470 gbps=138.569026
LEG shape=head.lm_head rep=6 position=6 arm=m9_ipg3 m=9 ipg=3 groups=3 inner=16 gpu_seconds=0.136386000 wall_seconds=0.136570917 seconds_per_dispatch=0.008524125005 gbps=251.695605
LEG shape=head.lm_head rep=6 position=7 arm=m9_ipg5 m=9 ipg=5 groups=2 inner=16 gpu_seconds=0.117667292 wall_seconds=0.117859000 seconds_per_dispatch=0.007354205736 gbps=194.490507
LEG shape=head.lm_head rep=6 position=8 arm=m9_ipg5 m=9 ipg=5 groups=2 inner=16 gpu_seconds=0.117654000 wall_seconds=0.117886542 seconds_per_dispatch=0.007353374996 gbps=194.512479
LEG shape=head.lm_head rep=6 position=9 arm=m9_ipg3 m=9 ipg=3 groups=3 inner=16 gpu_seconds=0.136476875 wall_seconds=0.136656125 seconds_per_dispatch=0.008529804676 gbps=251.528010
LEG shape=head.lm_head rep=6 position=10 arm=m6_ipg6 m=6 ipg=6 groups=1 inner=16 gpu_seconds=0.082614208 wall_seconds=0.082803083 seconds_per_dispatch=0.005163388021 gbps=138.506267
LEG shape=head.lm_head rep=6 position=11 arm=m6_ipg3 m=6 ipg=3 groups=2 inner=16 gpu_seconds=0.090432417 wall_seconds=0.090621583 seconds_per_dispatch=0.005652026040 gbps=253.063802
LEG shape=head.lm_head rep=6 position=12 arm=m5_ipg5 m=5 ipg=5 groups=1 inner=16 gpu_seconds=0.064028208 wall_seconds=0.064203875 seconds_per_dispatch=0.004001763024 gbps=178.711632
LEG shape=head.lm_head rep=6 position=13 arm=m5_ipg3 m=5 ipg=3 groups=2 inner=16 gpu_seconds=0.083726250 wall_seconds=0.083901583 seconds_per_dispatch=0.005232890617 gbps=273.333288
LEG shape=head.lm_head rep=6 position=14 arm=m4_ipg4 m=4 ipg=4 groups=1 inner=16 gpu_seconds=0.053648625 wall_seconds=0.053826792 seconds_per_dispatch=0.003353039065 gbps=213.287584
LEG shape=head.lm_head rep=6 position=15 arm=m4_ipg2 m=4 ipg=2 groups=2 inner=16 gpu_seconds=0.078571750 wall_seconds=0.078773125 seconds_per_dispatch=0.004910734380 gbps=291.264623
LEG shape=head.lm_head rep=7 position=0 arm=m4_ipg2 m=4 ipg=2 groups=2 inner=16 gpu_seconds=0.078652625 wall_seconds=0.078828375 seconds_per_dispatch=0.004915789061 gbps=290.965129
LEG shape=head.lm_head rep=7 position=1 arm=m4_ipg4 m=4 ipg=4 groups=1 inner=16 gpu_seconds=0.053662750 wall_seconds=0.053823792 seconds_per_dispatch=0.003353921871 gbps=213.231443
LEG shape=head.lm_head rep=7 position=2 arm=m5_ipg3 m=5 ipg=3 groups=2 inner=16 gpu_seconds=0.083731083 wall_seconds=0.083881583 seconds_per_dispatch=0.005233192715 gbps=273.317510
LEG shape=head.lm_head rep=7 position=3 arm=m5_ipg5 m=5 ipg=5 groups=1 inner=16 gpu_seconds=0.064018708 wall_seconds=0.064206500 seconds_per_dispatch=0.004001169276 gbps=178.738151
LEG shape=head.lm_head rep=7 position=4 arm=m6_ipg3 m=6 ipg=3 groups=2 inner=16 gpu_seconds=0.090427916 wall_seconds=0.090647500 seconds_per_dispatch=0.005651744781 gbps=253.076396
LEG shape=head.lm_head rep=7 position=5 arm=m6_ipg6 m=6 ipg=6 groups=1 inner=16 gpu_seconds=0.082680875 wall_seconds=0.082871292 seconds_per_dispatch=0.005167554686 gbps=138.394588
LEG shape=head.lm_head rep=7 position=6 arm=m9_ipg3 m=9 ipg=3 groups=3 inner=16 gpu_seconds=0.136367917 wall_seconds=0.136547042 seconds_per_dispatch=0.008522994787 gbps=251.728982
LEG shape=head.lm_head rep=7 position=7 arm=m9_ipg5 m=9 ipg=5 groups=2 inner=16 gpu_seconds=0.117666250 wall_seconds=0.117853417 seconds_per_dispatch=0.007354140631 gbps=194.492228
LEG shape=head.lm_head rep=7 position=8 arm=m9_ipg5 m=9 ipg=5 groups=2 inner=16 gpu_seconds=0.117665750 wall_seconds=0.117902583 seconds_per_dispatch=0.007354109388 gbps=194.493055
LEG shape=head.lm_head rep=7 position=9 arm=m9_ipg3 m=9 ipg=3 groups=3 inner=16 gpu_seconds=0.136408000 wall_seconds=0.136596250 seconds_per_dispatch=0.008525500001 gbps=251.655011
LEG shape=head.lm_head rep=7 position=10 arm=m6_ipg6 m=6 ipg=6 groups=1 inner=16 gpu_seconds=0.082561333 wall_seconds=0.082743292 seconds_per_dispatch=0.005160083339 gbps=138.594971
LEG shape=head.lm_head rep=7 position=11 arm=m6_ipg3 m=6 ipg=3 groups=2 inner=16 gpu_seconds=0.090466750 wall_seconds=0.090640458 seconds_per_dispatch=0.005654171880 gbps=252.967761
LEG shape=head.lm_head rep=7 position=12 arm=m5_ipg5 m=5 ipg=5 groups=1 inner=16 gpu_seconds=0.063999625 wall_seconds=0.064186167 seconds_per_dispatch=0.003999976558 gbps=178.791448
LEG shape=head.lm_head rep=7 position=13 arm=m5_ipg3 m=5 ipg=3 groups=2 inner=16 gpu_seconds=0.083735292 wall_seconds=0.083916125 seconds_per_dispatch=0.005233455740 gbps=273.303773
LEG shape=head.lm_head rep=7 position=14 arm=m4_ipg4 m=4 ipg=4 groups=1 inner=16 gpu_seconds=0.053675375 wall_seconds=0.053852833 seconds_per_dispatch=0.003354710949 gbps=213.181288
LEG shape=head.lm_head rep=7 position=15 arm=m4_ipg2 m=4 ipg=2 groups=2 inner=16 gpu_seconds=0.078608458 wall_seconds=0.078798208 seconds_per_dispatch=0.004913028650 gbps=291.128610
LEG shape=head.lm_head rep=8 position=0 arm=m4_ipg2 m=4 ipg=2 groups=2 inner=16 gpu_seconds=0.078554417 wall_seconds=0.078732750 seconds_per_dispatch=0.004909651048 gbps=291.328892
LEG shape=head.lm_head rep=8 position=1 arm=m4_ipg4 m=4 ipg=4 groups=1 inner=16 gpu_seconds=0.053683833 wall_seconds=0.053863583 seconds_per_dispatch=0.003355239576 gbps=213.147700
LEG shape=head.lm_head rep=8 position=2 arm=m5_ipg3 m=5 ipg=3 groups=2 inner=16 gpu_seconds=0.083739292 wall_seconds=0.083921917 seconds_per_dispatch=0.005233705728 gbps=273.290719
LEG shape=head.lm_head rep=8 position=3 arm=m5_ipg5 m=5 ipg=5 groups=1 inner=16 gpu_seconds=0.064054375 wall_seconds=0.064231625 seconds_per_dispatch=0.004003398426 gbps=178.638627
LEG shape=head.lm_head rep=8 position=4 arm=m6_ipg3 m=6 ipg=3 groups=2 inner=16 gpu_seconds=0.090429875 wall_seconds=0.090616042 seconds_per_dispatch=0.005651867192 gbps=253.070915
LEG shape=head.lm_head rep=8 position=5 arm=m6_ipg6 m=6 ipg=6 groups=1 inner=16 gpu_seconds=0.082588542 wall_seconds=0.082777208 seconds_per_dispatch=0.005161783847 gbps=138.549312
LEG shape=head.lm_head rep=8 position=6 arm=m9_ipg3 m=9 ipg=3 groups=3 inner=16 gpu_seconds=0.136399167 wall_seconds=0.136590833 seconds_per_dispatch=0.008524947916 gbps=251.671309
LEG shape=head.lm_head rep=8 position=7 arm=m9_ipg5 m=9 ipg=5 groups=2 inner=16 gpu_seconds=0.117699583 wall_seconds=0.117888125 seconds_per_dispatch=0.007356223956 gbps=194.437147
LEG shape=head.lm_head rep=8 position=8 arm=m9_ipg5 m=9 ipg=5 groups=2 inner=16 gpu_seconds=0.117645375 wall_seconds=0.117803625 seconds_per_dispatch=0.007352835935 gbps=194.526739
LEG shape=head.lm_head rep=8 position=9 arm=m9_ipg3 m=9 ipg=3 groups=3 inner=16 gpu_seconds=0.136399417 wall_seconds=0.136586083 seconds_per_dispatch=0.008524963545 gbps=251.670847
LEG shape=head.lm_head rep=8 position=10 arm=m6_ipg6 m=6 ipg=6 groups=1 inner=16 gpu_seconds=0.082578250 wall_seconds=0.082753375 seconds_per_dispatch=0.005161140623 gbps=138.566579
LEG shape=head.lm_head rep=8 position=11 arm=m6_ipg3 m=6 ipg=3 groups=2 inner=16 gpu_seconds=0.090419750 wall_seconds=0.090610417 seconds_per_dispatch=0.005651234373 gbps=253.099253
LEG shape=head.lm_head rep=8 position=12 arm=m5_ipg5 m=5 ipg=5 groups=1 inner=16 gpu_seconds=0.064042542 wall_seconds=0.064216375 seconds_per_dispatch=0.004002658854 gbps=178.671635
LEG shape=head.lm_head rep=8 position=13 arm=m5_ipg3 m=5 ipg=3 groups=2 inner=16 gpu_seconds=0.083773750 wall_seconds=0.083948375 seconds_per_dispatch=0.005235859368 gbps=273.178307
LEG shape=head.lm_head rep=8 position=14 arm=m4_ipg4 m=4 ipg=4 groups=1 inner=16 gpu_seconds=0.053672708 wall_seconds=0.053857625 seconds_per_dispatch=0.003354544271 gbps=213.191880
LEG shape=head.lm_head rep=8 position=15 arm=m4_ipg2 m=4 ipg=2 groups=2 inner=16 gpu_seconds=0.078599792 wall_seconds=0.078777708 seconds_per_dispatch=0.004912486984 gbps=291.160710
LEG shape=head.lm_head rep=9 position=0 arm=m4_ipg2 m=4 ipg=2 groups=2 inner=16 gpu_seconds=0.078614375 wall_seconds=0.078813875 seconds_per_dispatch=0.004913398443 gbps=291.106699
LEG shape=head.lm_head rep=9 position=1 arm=m4_ipg4 m=4 ipg=4 groups=1 inner=16 gpu_seconds=0.053643208 wall_seconds=0.053826292 seconds_per_dispatch=0.003352700514 gbps=213.309121
LEG shape=head.lm_head rep=9 position=2 arm=m5_ipg3 m=5 ipg=3 groups=2 inner=16 gpu_seconds=0.083713250 wall_seconds=0.083901875 seconds_per_dispatch=0.005232078125 gbps=273.375734
LEG shape=head.lm_head rep=9 position=3 arm=m5_ipg5 m=5 ipg=5 groups=1 inner=16 gpu_seconds=0.064039125 wall_seconds=0.064219250 seconds_per_dispatch=0.004002445319 gbps=178.681167
LEG shape=head.lm_head rep=9 position=4 arm=m6_ipg3 m=6 ipg=3 groups=2 inner=16 gpu_seconds=0.090426000 wall_seconds=0.090608292 seconds_per_dispatch=0.005651625004 gbps=253.081759
LEG shape=head.lm_head rep=9 position=5 arm=m6_ipg6 m=6 ipg=6 groups=1 inner=16 gpu_seconds=0.082591208 wall_seconds=0.082771875 seconds_per_dispatch=0.005161950525 gbps=138.544838
LEG shape=head.lm_head rep=9 position=6 arm=m9_ipg3 m=9 ipg=3 groups=3 inner=16 gpu_seconds=0.136393250 wall_seconds=0.136575333 seconds_per_dispatch=0.008524578123 gbps=251.682226
LEG shape=head.lm_head rep=9 position=7 arm=m9_ipg5 m=9 ipg=5 groups=2 inner=16 gpu_seconds=0.117667500 wall_seconds=0.117843083 seconds_per_dispatch=0.007354218746 gbps=194.490163
LEG shape=head.lm_head rep=9 position=8 arm=m9_ipg5 m=9 ipg=5 groups=2 inner=16 gpu_seconds=0.117697125 wall_seconds=0.117882917 seconds_per_dispatch=0.007356070317 gbps=194.441208
LEG shape=head.lm_head rep=9 position=9 arm=m9_ipg3 m=9 ipg=3 groups=3 inner=16 gpu_seconds=0.136452625 wall_seconds=0.136600250 seconds_per_dispatch=0.008528289065 gbps=251.572711
LEG shape=head.lm_head rep=9 position=10 arm=m6_ipg6 m=6 ipg=6 groups=1 inner=16 gpu_seconds=0.082607125 wall_seconds=0.082763458 seconds_per_dispatch=0.005162945308 gbps=138.518144
LEG shape=head.lm_head rep=9 position=11 arm=m6_ipg3 m=6 ipg=3 groups=2 inner=16 gpu_seconds=0.090432000 wall_seconds=0.090655625 seconds_per_dispatch=0.005652000007 gbps=253.064968
LEG shape=head.lm_head rep=9 position=12 arm=m5_ipg5 m=5 ipg=5 groups=1 inner=16 gpu_seconds=0.064017583 wall_seconds=0.064200375 seconds_per_dispatch=0.004001098961 gbps=178.741293
LEG shape=head.lm_head rep=9 position=13 arm=m5_ipg3 m=5 ipg=3 groups=2 inner=16 gpu_seconds=0.083746250 wall_seconds=0.083916333 seconds_per_dispatch=0.005234140626 gbps=273.268011
LEG shape=head.lm_head rep=9 position=14 arm=m4_ipg4 m=4 ipg=4 groups=1 inner=16 gpu_seconds=0.053697875 wall_seconds=0.053887875 seconds_per_dispatch=0.003356117188 gbps=213.091963
LEG shape=head.lm_head rep=9 position=15 arm=m4_ipg2 m=4 ipg=2 groups=2 inner=16 gpu_seconds=0.078562833 wall_seconds=0.078748708 seconds_per_dispatch=0.004910177071 gbps=291.297682
LEG shape=head.lm_head rep=10 position=0 arm=m4_ipg2 m=4 ipg=2 groups=2 inner=16 gpu_seconds=0.078589000 wall_seconds=0.078750875 seconds_per_dispatch=0.004911812503 gbps=291.200692
LEG shape=head.lm_head rep=10 position=1 arm=m4_ipg4 m=4 ipg=4 groups=1 inner=16 gpu_seconds=0.053709458 wall_seconds=0.053856417 seconds_per_dispatch=0.003356841145 gbps=213.046006
LEG shape=head.lm_head rep=10 position=2 arm=m5_ipg3 m=5 ipg=3 groups=2 inner=16 gpu_seconds=0.083750667 wall_seconds=0.083931917 seconds_per_dispatch=0.005234416676 gbps=273.253600
LEG shape=head.lm_head rep=10 position=3 arm=m5_ipg5 m=5 ipg=5 groups=1 inner=16 gpu_seconds=0.064031417 wall_seconds=0.064215417 seconds_per_dispatch=0.004001963549 gbps=178.702677
LEG shape=head.lm_head rep=10 position=4 arm=m6_ipg3 m=6 ipg=3 groups=2 inner=16 gpu_seconds=0.090412375 wall_seconds=0.090590042 seconds_per_dispatch=0.005650773426 gbps=253.119899
LEG shape=head.lm_head rep=10 position=5 arm=m6_ipg6 m=6 ipg=6 groups=1 inner=16 gpu_seconds=0.082605250 wall_seconds=0.082783583 seconds_per_dispatch=0.005162828136 gbps=138.521287
LEG shape=head.lm_head rep=10 position=6 arm=m9_ipg3 m=9 ipg=3 groups=3 inner=16 gpu_seconds=0.136440375 wall_seconds=0.136629792 seconds_per_dispatch=0.008527523445 gbps=251.595298
LEG shape=head.lm_head rep=10 position=7 arm=m9_ipg5 m=9 ipg=5 groups=2 inner=16 gpu_seconds=0.117642875 wall_seconds=0.117831292 seconds_per_dispatch=0.007352679691 gbps=194.530873
LEG shape=head.lm_head rep=10 position=8 arm=m9_ipg5 m=9 ipg=5 groups=2 inner=16 gpu_seconds=0.117614167 wall_seconds=0.117773625 seconds_per_dispatch=0.007350885411 gbps=194.578356
