e78_rung2b: legs_per_group=2 cool_gate=0 base=8d938c911df52b6a324f259a55dbaa75e508c822
e66_whole_leg_session: === 2026-08-20T14:19:02Z arm warm (a_ship, 1 leg(s)) ===
{
  "arm": "a_ship",
  "base_sha": "8d938c911df52b6a324f259a55dbaa75e508c822",
  "cells": {
    "5": 5,
    "6": 6,
    "9": 5
  },
  "checkout": null,
  "cutoff": null,
  "doc": "the base table, unmodified: <T,5,5>, <T,6,6>, <T,9,5>",
  "dry_run": false,
  "narrow_cells": null,
  "never_submit": false,
  "never_time": false,
  "sha256": {
    "Vendor/mlx-swift/Source/Cmlx/mlx-generated/quantized.cpp": "c43a11f71495cec36589012a4ba950cb4d5f82d11cb6b9f525a977bbc34b8276",
    "Vendor/mlx-swift/Source/Cmlx/mlx/mlx/backend/metal/kernels/quantized.h": "71ab9a72965e727830fc35feaeefc628082ba22b9b4dd4b3cfc9a4ab066857f5"
  },
  "source_bytes": {
    "Vendor/mlx-swift/Source/Cmlx/mlx-generated/quantized.cpp": 99360,
    "Vendor/mlx-swift/Source/Cmlx/mlx/mlx/backend/metal/kernels/quantized.h": 99565
  }
}
e78-run: MLXFAST_LOCAL_COOL_GATE=0 DARKBLOOM_STARTUP_MEMORY_PROFILE=full MLX_MAX_MB_PER_BUFFER=512 MLX_MAX_OPS_PER_BUFFER=50
E55 twin gate: quantized
    quantized/mlx/backend/metal/kernels/quantized.h: PINNED comment-only divergence (3 vs 13 comment line(s), 3005 non-comment line(s) identical)
E55 TWIN GATE OK: 1 runtime-effective twin(s)
[0/2] Write swift-version--58304C5D6DBC2206.txt
[0/1] Planning build
Building for production...
[0/2] Write swift-version--58304C5D6DBC2206.txt
Build of product 'mlxfast-swift' complete! (10.91s)
[0/2] Write swift-version--58304C5D6DBC2206.txt
[0/1] Planning build
Building for production...
[0/2] Write swift-version--58304C5D6DBC2206.txt
[1/3] Compiling quantized.cpp
[3/5] Compiling MLX ArrayAt.swift
[4/6] Compiling MLXFast MLXFast.swift
[5/7] Compiling MLXLMCommon DoRA+Layers.swift
/Users/ec2-user/.senpai/native/qwen38-mlx-senpai-r2/roles/student-qwen-askeladd/workspace/target/Vendor/mlx-swift-lm/Libraries/MLXLMCommon/ContinuousBatchingV2/EngineLoopV2.swift:1178:52: warning: capture of 'detokenizer' with non-Sendable type '(any CBv2IncrementalDetokenizer)?' in a '@Sendable' closure [#SendableClosureCaptures]
 128 | /// Incremental per-request detokenizer with UTF-8 + stop-string holdback.
 129 | /// See CONTRACT-ISSUES-B-scheduler.md §3.
 130 | public protocol CBv2IncrementalDetokenizer: AnyObject {
     |                 `- note: protocol 'CBv2IncrementalDetokenizer' does not conform to the 'Sendable' protocol
 131 |     /// Append confirmed tokens; returns text now safe to emit.
 132 |     func push(_ tokens: [Int]) -> String
     :
1176 |                 stream?.reserveEmission()
1177 |                 detokQueue.async {
1178 |                     let text = isStopToken ? "" : (detokenizer?.push([token]) ?? "")
     |                                                    `- warning: capture of 'detokenizer' with non-Sendable type '(any CBv2IncrementalDetokenizer)?' in a '@Sendable' closure [#SendableClosureCaptures]
1179 |                     stream?.emit(
1180 |                         .delta(text: text, tokens: [token], logprobs: logprobs),

/Users/ec2-user/.senpai/native/qwen38-mlx-senpai-r2/roles/student-qwen-askeladd/workspace/target/Vendor/mlx-swift-lm/Libraries/MLXLMCommon/ContinuousBatchingV2/EngineLoopV2.swift:1279:32: warning: capture of 'detokenizer' with non-Sendable type '(any CBv2IncrementalDetokenizer)?' in a '@Sendable' closure [#SendableClosureCaptures]
 128 | /// Incremental per-request detokenizer with UTF-8 + stop-string holdback.
 129 | /// See CONTRACT-ISSUES-B-scheduler.md §3.
 130 | public protocol CBv2IncrementalDetokenizer: AnyObject {
     |                 `- note: protocol 'CBv2IncrementalDetokenizer' does not conform to the 'Sendable' protocol
 131 |     /// Append confirmed tokens; returns text now safe to emit.
 132 |     func push(_ tokens: [Int]) -> String
     :
1277 |         if rec.request.stopStrings.isEmpty {
1278 |             detokQueue.async {
1279 |                 let trailing = detokenizer?.flush() ?? ""
     |                                `- warning: capture of 'detokenizer' with non-Sendable type '(any CBv2IncrementalDetokenizer)?' in a '@Sendable' closure [#SendableClosureCaptures]
1280 |                 if !trailing.isEmpty {
1281 |                     stream?.emit(.delta(text: trailing, tokens: [], logprobs: nil))

[#SendableClosureCaptures]: <https://docs.swift.org/compiler/documentation/diagnostics/sendable-closure-captures>
[5/7] Write Objects.LinkFileList
[6/7] Linking mlxfast-runtime-worker
Build of product 'mlxfast-runtime-worker' complete! (45.30s)
e78_binary_assert_m3_ipgs=3
e78_binary_assert_m4_ipgs=4
e78_binary_assert_m5_ipgs=5
e78_binary_assert_m6_ipgs=6
e78_binary_assert_m7_ipgs=4
e78_binary_assert_m8_ipgs=4
e78_binary_assert_m9_ipgs=5
e78_binary_assert_wide_bound=6
e78_binary_assert_cutoff=none
e78_binary_assert_lane_perturb_copies=0
e78-binary-assert OK: .build-worker/release/mlxfast-runtime-worker embeds m3=[3] m4=[4] m5=[5] m6=[6] m7=[4] m8=[4] m9=[5], wide-helper bound [2, 6], cutoff=none, lane_perturb=0
e78_binary_assert_worker_text_sha256=ef5171917447d347ebe34ab127b5e45fedbbc2120f00b4c4ed26cddf23f68fec
e78_binary_assert_worker_cstring_sha256=d52a9ba63b9b2a2e1443d91263eabee8eb456db3298ea0cebfca74929f13f01e
=== e42-run: warm leg pair 1/1 (512 tokens) ===
worker      .build-worker/release/mlxfast-runtime-worker
worker_mtime 2026-08-20T14:20:25Z
worker_sha256 eab3cae5848ddb4bed6a9fb462621a4d2c39309afa8a4615c7e7d4cc24d37250
ok   require '<T, 5, 5, true>': 1
ok   require '<T, 6, 6, true>': 1
ok   require '<T, 9, 5, true>': 1
ok   forbid  '<T, 5, 3, true>': 0
ok   forbid  '<T, 5, 4, true>': 0
ok   forbid  '<T, 5, 6, true>': 0
ok   forbid  '<T, 6, 3, true>': 0
ok   forbid  '<T, 6, 4, true>': 0
ok   forbid  '<T, 6, 5, true>': 0
ok   forbid  '<T, 9, 3, true>': 0
ok   forbid  '<T, 9, 4, true>': 0
ok   forbid  '<T, 9, 6, true>': 0
ok   extraction: 80356 strings
rebuild-and-assert-worker: PASS
leg1_before_arm_m5_ipgs=5
leg1_before_arm_m6_ipgs=6
leg1_before_arm_m9_ipgs=5
leg1_before_worker_mtime=2026-08-20T14:20:25Z
leg1_before_worker_sha256=eab3cae5848ddb4bed6a9fb462621a4d2c39309afa8a4615c7e7d4cc24d37250
leg1_before_rebuild_assert_exit=0
leg1_before_metallib_source_fingerprint=f09821bdbd820b77502867cbf660c1157407243ca9639de681c5b46fedfbd9fe
benchmark-qwen-mtp.sh: mlx.metallib is stale (vendored kernel sources changed after it was built); rebuilding with tools/build-mlx-metallib.sh
-- Building MLX for arm64 processor on Darwin
-- Metal found /Applications/Xcode.app/Contents/Developer/Platforms/MacOSX.platform/Developer/SDKs/MacOSX.sdk/System/Library/Frameworks/Metal.framework
-- Building on macOS 26.5.2
-- Building with macOS 26.5 SDK
-- Metal version: 400
-- Accelerate found /Applications/Xcode.app/Contents/Developer/Platforms/MacOSX.platform/Developer/SDKs/MacOSX.sdk/System/Library/Frameworks/Accelerate.framework
-- Downloading json
-- Using the multi-header code from /Users/ec2-user/.senpai/native/qwen38-mlx-senpai-r2/roles/student-qwen-askeladd/workspace/target/Vendor/mlx-swift/Source/Cmlx/json/include/
-- Downloading json for JACCL
-- {fmt} version: 12.1.0
-- Build type: Release
-- Configuring done (0.2s)
-- Generating done (0.2s)
-- Build files have been written to: /Users/ec2-user/.senpai/native/qwen38-mlx-senpai-r2/roles/student-qwen-askeladd/workspace/target/.build-worker/mlx-metal
[  0%] Building quantized.air
In file included from /Users/ec2-user/.senpai/native/qwen38-mlx-senpai-r2/roles/student-qwen-askeladd/workspace/target/Vendor/mlx-swift/Source/Cmlx/mlx/mlx/backend/metal/kernels/quantized.metal:7:
/Users/ec2-user/.senpai/native/qwen38-mlx-senpai-r2/roles/student-qwen-askeladd/workspace/target/Vendor/mlx-swift/Source/Cmlx/mlx/mlx/backend/metal/kernels/quantized.h:1091:25: warning: unused parameter 'out_vec_size' [-Wunused-parameter]
    const constant int& out_vec_size,
                        ^
1 warning generated.
[  0%] Building mlx.metallib
[100%] Built target mlx-metallib
build-mlx-metallib.sh: wrote /Users/ec2-user/.senpai/native/qwen38-mlx-senpai-r2/roles/student-qwen-askeladd/workspace/target/.build-worker/release/mlx.metallib
build-mlx-metallib.sh: wrote .build/arm64-apple-macosx/release/mlxfast-challenge-devPackageTests.xctest/Contents/MacOS/mlx.metallib
build-mlx-metallib.sh: wrote .build/arm64-apple-macosx/debug/mlxfast-challenge-devPackageTests.xctest/Contents/MacOS/mlx.metallib
build-mlx-metallib.sh: wrote .build/debug/mlx.metallib
build-mlx-metallib.sh: wrote .build/release/mlx.metallib
build-mlx-metallib.sh: wrote .build-worker/release/mlx.metallib
benchmark-qwen-mtp.sh: public drift tripwire (correctness against correctness_prompts/public_longcopy_gate_english_512_256.json)
benchmark-qwen-mtp.sh: GPU cool gate before the MTP reference pass (./benchmark.sh --local-cool-gate-only)
benchmark.sh: warning: local GPU cool-down gate disabled (MLXFAST_LOCAL_COOL_GATE=0); hot-start timings are not comparable to gated runs
benchmark-qwen-mtp.sh: generating the MTP reference rows (512 rows, depth=8)
mtp-verify: generate 32/513 (context 545)
mtp-verify: generate 64/513 (context 577)
mtp-verify: generate 96/513 (context 609)
mtp-verify: generate 128/513 (context 641)
mtp-verify: generate 160/513 (context 673)
mtp-verify: generate 192/513 (context 705)
mtp-verify: generate 224/513 (context 737)
mtp-verify: generate 256/513 (context 769)
mtp-verify: generate 288/513 (context 801)
mtp-verify: generate 320/513 (context 833)
mtp-verify: generate 352/513 (context 865)
mtp-verify: generate 384/513 (context 897)
mtp-verify: generate 416/513 (context 929)
mtp-verify: generate 448/513 (context 961)
mtp-verify: generate 480/513 (context 993)
mtp-verify: generate 512/513 (context 1025)
mtp-verify: generate 513/513 (context 1026)
mtp-verify: rows=513 seed_tokens=512 reference_seed_token=271 self_consistent=true (replayed 1 row bit-identically) chain_contradictions=0
benchmark-qwen-mtp.sh: GPU cool gate before the true serial control (./benchmark.sh --local-cool-gate-only)
benchmark.sh: warning: local GPU cool-down gate disabled (MLXFAST_LOCAL_COOL_GATE=0); hot-start timings are not comparable to gated runs
benchmark-qwen-mtp.sh: measuring the TRUE serial control, MTP off (512 tokens)
mtp-timed: weights=weights mtp_head=/Users/ec2-user/.senpai/native/qwen38-mlx-senpai-r2/roles/student-qwen-askeladd/home/.cache/mlxfast/qwen3.8-27b-mtp-v1/mtp-head-declared-run pinned_reference=<unset>
mtp-timed: tokens=512 depth=0 rounds=512 accepted_draft_rate=0.0000 all_tokens_matched=true reference_checked_rows=512/512 seconds_per_token=0.073176
benchmark-qwen-mtp.sh: GPU cool gate before the native-MTP decode (./benchmark.sh --local-cool-gate-only)
benchmark.sh: warning: local GPU cool-down gate disabled (MLXFAST_LOCAL_COOL_GATE=0); hot-start timings are not comparable to gated runs
benchmark-qwen-mtp.sh: measuring native-MTP decode (512 tokens, depth=8)
mtp-timed: weights=weights mtp_head=/Users/ec2-user/.senpai/native/qwen38-mlx-senpai-r2/roles/student-qwen-askeladd/home/.cache/mlxfast/qwen3.8-27b-mtp-v1/mtp-head-declared-run pinned_reference=<unset>
mtp-timed: tokens=512 depth=8 rounds=78 accepted_draft_rate=0.8875 all_tokens_matched=true reference_checked_rows=567/567 seconds_per_token=0.031440
benchmark-qwen-mtp.sh: local estimated decode speedup 2.327493576313934 (serial K=1 0.073175802594050765s/token / MTP 0.031439744168892503s/token)
benchmark-qwen-mtp.sh: the RANKED decode floor enforced on the ranked box is 0.90 (.github/workflows/qwen-mtp-ranked-benchmark.yml)
benchmark-qwen-mtp.sh: this local number is shown against that floor for DIRECTION ONLY; it is not a verdict
benchmark-qwen-mtp.sh: NOT RANKABLE: official_scoring_enabled=true, hidden timed prompt pool holds 8 entries,
benchmark-qwen-mtp.sh: and these reference rows came from the candidate build, not the pinned baseline. Only the
benchmark-qwen-mtp.sh: ranked .github/workflows/qwen-mtp-ranked-benchmark.yml run can produce a score that ranks.
{
  "score": 2.327493576313934,
  "passed": true,
  "track_id": "qwen3.8-27b-mtp-v1",
  "metrics": {
    "mode": "qwen-mtp-local-iterate",
    "oracle": "candidate-local-mtp-golden-rows",
    "official_score": false,
    "rankable": false,
    "not_rankable_reason": "candidate-generated reference rows; official scoring disabled; ranked run is the only authority",
    "ranked_decode_speedup_floor": 0.90,
    "public_drift_tripwire_passed": true,
    "decode_tokens": 512,
    "mtp_depth": 8,
    "all_tokens_matched": true,
    "uses_pinned_mtp_head": true,
    "head_provenance_sha256": "dadbfb806d80eca258395e5360534c5969acd5ad312b45102ad2caf65566f7e9",
    "effective_mean_draft_len": 6.2692307692307692,
    "serial_seconds_per_token": 0.073175802594050765,
    "mtp_seconds_per_token": 0.031439744168892503,
    "mtp_decode_speedup": 2.327493576313934,
    "accepted_draft_rate": 0.88752556237218816,
    "residual_divergence_count": 0
  }
}
worker      .build-worker/release/mlxfast-runtime-worker
worker_mtime 2026-08-20T14:20:25Z
worker_sha256 eab3cae5848ddb4bed6a9fb462621a4d2c39309afa8a4615c7e7d4cc24d37250
ok   require '<T, 5, 5, true>': 1
ok   require '<T, 6, 6, true>': 1
ok   require '<T, 9, 5, true>': 1
ok   forbid  '<T, 5, 3, true>': 0
ok   forbid  '<T, 5, 4, true>': 0
ok   forbid  '<T, 5, 6, true>': 0
ok   forbid  '<T, 6, 3, true>': 0
ok   forbid  '<T, 6, 4, true>': 0
ok   forbid  '<T, 6, 5, true>': 0
ok   forbid  '<T, 9, 3, true>': 0
ok   forbid  '<T, 9, 4, true>': 0
ok   forbid  '<T, 9, 6, true>': 0
ok   extraction: 80356 strings
rebuild-and-assert-worker: PASS
leg1_after_arm_m5_ipgs=5
leg1_after_arm_m6_ipgs=6
leg1_after_arm_m9_ipgs=5
leg1_after_worker_mtime=2026-08-20T14:20:25Z
leg1_after_worker_sha256=eab3cae5848ddb4bed6a9fb462621a4d2c39309afa8a4615c7e7d4cc24d37250
leg1_after_rebuild_assert_exit=0
leg1_after_metallib_source_fingerprint=f09821bdbd820b77502867cbf660c1157407243ca9639de681c5b46fedfbd9fe
leg1_worker_unchanged_across_leg=true
e66_whole_leg_session: warm (a_ship) exited 0
wandb: [wandb.login()] Loaded credentials for https://api.wandb.ai from WANDB_API_KEY.
wandb: W&B API key is configured. Use `wandb login --relogin` to force relogin
wandb: Tracking run with wandb version 0.28.1
wandb: Run data is saved locally in /Users/ec2-user/.senpai/native/qwen38-mlx-senpai-r2/roles/student-qwen-askeladd/workspace/target/wandb/run-20260820_142554-ut1fgyaj
wandb: Run `wandb offline` to turn off syncing.
wandb: Syncing run e78-warm
wandb: ⭐️ View project at https://wandb.ai/wandb-applied-ai-team/qwen38-mlx-challenge-senpai
wandb: 🚀 View run at https://wandb.ai/wandb-applied-ai-team/qwen38-mlx-challenge-senpai/runs/ut1fgyaj
e78_wandb_leg: warm -> https://wandb.ai/wandb-applied-ai-team/qwen38-mlx-challenge-senpai/runs/ut1fgyaj
wandb: updating run metadata; uploading summary
wandb: updating run metadata
wandb: 
wandb: Run history:
wandb:       leg/accepted_draft_rate ▁
wandb:             leg/decode_tokens ▁
wandb:  leg/effective_mean_draft_len ▁
wandb:                     leg/index ▁
wandb:        leg/mtp_decode_speedup ▁
wandb:                 leg/mtp_depth ▁
wandb:     leg/mtp_seconds_per_token ▁
wandb: leg/residual_divergence_count ▁
wandb:  leg/serial_seconds_per_token ▁
wandb:           leg/width_rounds_m2 ▁
wandb:                            +6 ...
wandb: 
wandb: Run summary:
wandb:          accepted_draft_rate 0.88753
wandb: all_tokens_matched_every_leg True
wandb:                decode_tokens 512
wandb:     effective_mean_draft_len 6.26923
wandb:      leg/accepted_draft_rate 0.88753
wandb:       leg/all_tokens_matched True
wandb:            leg/decode_tokens 512
wandb: leg/effective_mean_draft_len 6.26923
wandb:                    leg/index 1
wandb:       leg/mtp_decode_speedup 2.32749
wandb:                          +20 ...
wandb: 
wandb: 🚀 View run e78-warm at: https://wandb.ai/wandb-applied-ai-team/qwen38-mlx-challenge-senpai/runs/ut1fgyaj
wandb: ⭐️ View project at: https://wandb.ai/wandb-applied-ai-team/qwen38-mlx-challenge-senpai
wandb: Synced 6 W&B file(s), 0 media file(s), 0 artifact file(s) and 0 other file(s)
wandb: Find logs at: ./wandb/run-20260820_142554-ut1fgyaj/logs
e66_whole_leg_session: === 2026-08-20T14:26:01Z arm a1 (a_ship, 2 leg(s)) ===
{
  "arm": "a_ship",
  "base_sha": "8d938c911df52b6a324f259a55dbaa75e508c822",
  "cells": {
    "5": 5,
    "6": 6,
    "9": 5
  },
  "checkout": null,
  "cutoff": null,
  "doc": "the base table, unmodified: <T,5,5>, <T,6,6>, <T,9,5>",
  "dry_run": false,
  "narrow_cells": null,
  "never_submit": false,
  "never_time": false,
  "sha256": {
    "Vendor/mlx-swift/Source/Cmlx/mlx-generated/quantized.cpp": "c43a11f71495cec36589012a4ba950cb4d5f82d11cb6b9f525a977bbc34b8276",
    "Vendor/mlx-swift/Source/Cmlx/mlx/mlx/backend/metal/kernels/quantized.h": "71ab9a72965e727830fc35feaeefc628082ba22b9b4dd4b3cfc9a4ab066857f5"
  },
  "source_bytes": {
    "Vendor/mlx-swift/Source/Cmlx/mlx-generated/quantized.cpp": 99360,
    "Vendor/mlx-swift/Source/Cmlx/mlx/mlx/backend/metal/kernels/quantized.h": 99565
  }
}
e78-run: MLXFAST_LOCAL_COOL_GATE=0 DARKBLOOM_STARTUP_MEMORY_PROFILE=full MLX_MAX_MB_PER_BUFFER=512 MLX_MAX_OPS_PER_BUFFER=50
E55 twin gate: quantized
    quantized/mlx/backend/metal/kernels/quantized.h: PINNED comment-only divergence (3 vs 13 comment line(s), 3005 non-comment line(s) identical)
E55 TWIN GATE OK: 1 runtime-effective twin(s)
Building for production...
[0/2] Write swift-version--58304C5D6DBC2206.txt
Build of product 'mlxfast-swift' complete! (1.54s)
Building for production...
[0/2] Write swift-version--58304C5D6DBC2206.txt
[1/3] Compiling quantized.cpp
[3/5] Compiling MLX ArrayAt.swift
[4/6] Compiling MLXFast MLXFast.swift
[5/7] Compiling MLXLMCommon DoRA+Layers.swift
/Users/ec2-user/.senpai/native/qwen38-mlx-senpai-r2/roles/student-qwen-askeladd/workspace/target/Vendor/mlx-swift-lm/Libraries/MLXLMCommon/ContinuousBatchingV2/EngineLoopV2.swift:1178:52: warning: capture of 'detokenizer' with non-Sendable type '(any CBv2IncrementalDetokenizer)?' in a '@Sendable' closure [#SendableClosureCaptures]
 128 | /// Incremental per-request detokenizer with UTF-8 + stop-string holdback.
 129 | /// See CONTRACT-ISSUES-B-scheduler.md §3.
 130 | public protocol CBv2IncrementalDetokenizer: AnyObject {
     |                 `- note: protocol 'CBv2IncrementalDetokenizer' does not conform to the 'Sendable' protocol
 131 |     /// Append confirmed tokens; returns text now safe to emit.
 132 |     func push(_ tokens: [Int]) -> String
     :
1176 |                 stream?.reserveEmission()
1177 |                 detokQueue.async {
1178 |                     let text = isStopToken ? "" : (detokenizer?.push([token]) ?? "")
     |                                                    `- warning: capture of 'detokenizer' with non-Sendable type '(any CBv2IncrementalDetokenizer)?' in a '@Sendable' closure [#SendableClosureCaptures]
1179 |                     stream?.emit(
1180 |                         .delta(text: text, tokens: [token], logprobs: logprobs),

/Users/ec2-user/.senpai/native/qwen38-mlx-senpai-r2/roles/student-qwen-askeladd/workspace/target/Vendor/mlx-swift-lm/Libraries/MLXLMCommon/ContinuousBatchingV2/EngineLoopV2.swift:1279:32: warning: capture of 'detokenizer' with non-Sendable type '(any CBv2IncrementalDetokenizer)?' in a '@Sendable' closure [#SendableClosureCaptures]
 128 | /// Incremental per-request detokenizer with UTF-8 + stop-string holdback.
 129 | /// See CONTRACT-ISSUES-B-scheduler.md §3.
 130 | public protocol CBv2IncrementalDetokenizer: AnyObject {
     |                 `- note: protocol 'CBv2IncrementalDetokenizer' does not conform to the 'Sendable' protocol
 131 |     /// Append confirmed tokens; returns text now safe to emit.
 132 |     func push(_ tokens: [Int]) -> String
     :
1277 |         if rec.request.stopStrings.isEmpty {
1278 |             detokQueue.async {
1279 |                 let trailing = detokenizer?.flush() ?? ""
     |                                `- warning: capture of 'detokenizer' with non-Sendable type '(any CBv2IncrementalDetokenizer)?' in a '@Sendable' closure [#SendableClosureCaptures]
1280 |                 if !trailing.isEmpty {
1281 |                     stream?.emit(.delta(text: trailing, tokens: [], logprobs: nil))

[#SendableClosureCaptures]: <https://docs.swift.org/compiler/documentation/diagnostics/sendable-closure-captures>
[5/7] Write Objects.LinkFileList
[6/7] Linking mlxfast-runtime-worker
Build of product 'mlxfast-runtime-worker' complete! (39.08s)
e78_binary_assert_m3_ipgs=3
e78_binary_assert_m4_ipgs=4
e78_binary_assert_m5_ipgs=5
e78_binary_assert_m6_ipgs=6
e78_binary_assert_m7_ipgs=4
e78_binary_assert_m8_ipgs=4
e78_binary_assert_m9_ipgs=5
e78_binary_assert_wide_bound=6
e78_binary_assert_cutoff=none
e78_binary_assert_lane_perturb_copies=0
e78-binary-assert OK: .build-worker/release/mlxfast-runtime-worker embeds m3=[3] m4=[4] m5=[5] m6=[6] m7=[4] m8=[4] m9=[5], wide-helper bound [2, 6], cutoff=none, lane_perturb=0
e78_binary_assert_worker_text_sha256=ef5171917447d347ebe34ab127b5e45fedbbc2120f00b4c4ed26cddf23f68fec
e78_binary_assert_worker_cstring_sha256=d52a9ba63b9b2a2e1443d91263eabee8eb456db3298ea0cebfca74929f13f01e
=== e42-run: a1 leg pair 1/2 (512 tokens) ===
worker      .build-worker/release/mlxfast-runtime-worker
worker_mtime 2026-08-20T14:27:08Z
worker_sha256 1a3c73ed77cc2617ffd78bdda967bb5067f4e80ef19d1ba3839a1f881af39676
ok   require '<T, 5, 5, true>': 1
ok   require '<T, 6, 6, true>': 1
ok   require '<T, 9, 5, true>': 1
ok   forbid  '<T, 5, 3, true>': 0
ok   forbid  '<T, 5, 4, true>': 0
ok   forbid  '<T, 5, 6, true>': 0
ok   forbid  '<T, 6, 3, true>': 0
ok   forbid  '<T, 6, 4, true>': 0
ok   forbid  '<T, 6, 5, true>': 0
ok   forbid  '<T, 9, 3, true>': 0
ok   forbid  '<T, 9, 4, true>': 0
ok   forbid  '<T, 9, 6, true>': 0
ok   extraction: 80356 strings
rebuild-and-assert-worker: PASS
leg1_before_arm_m5_ipgs=5
leg1_before_arm_m6_ipgs=6
leg1_before_arm_m9_ipgs=5
leg1_before_worker_mtime=2026-08-20T14:27:08Z
leg1_before_worker_sha256=1a3c73ed77cc2617ffd78bdda967bb5067f4e80ef19d1ba3839a1f881af39676
leg1_before_rebuild_assert_exit=0
leg1_before_metallib_source_fingerprint=f09821bdbd820b77502867cbf660c1157407243ca9639de681c5b46fedfbd9fe
benchmark-qwen-mtp.sh: mlx.metallib is stale (vendored kernel sources changed after it was built); rebuilding with tools/build-mlx-metallib.sh
-- Building MLX for arm64 processor on Darwin
-- Metal found /Applications/Xcode.app/Contents/Developer/Platforms/MacOSX.platform/Developer/SDKs/MacOSX.sdk/System/Library/Frameworks/Metal.framework
-- Building on macOS 26.5.2
-- Building with macOS 26.5 SDK
-- Metal version: 400
-- Accelerate found /Applications/Xcode.app/Contents/Developer/Platforms/MacOSX.platform/Developer/SDKs/MacOSX.sdk/System/Library/Frameworks/Accelerate.framework
-- Downloading json
-- Using the multi-header code from /Users/ec2-user/.senpai/native/qwen38-mlx-senpai-r2/roles/student-qwen-askeladd/workspace/target/Vendor/mlx-swift/Source/Cmlx/json/include/
-- Downloading json for JACCL
-- {fmt} version: 12.1.0
-- Build type: Release
-- Configuring done (0.2s)
-- Generating done (0.2s)
-- Build files have been written to: /Users/ec2-user/.senpai/native/qwen38-mlx-senpai-r2/roles/student-qwen-askeladd/workspace/target/.build-worker/mlx-metal
[  0%] Building quantized.air
In file included from /Users/ec2-user/.senpai/native/qwen38-mlx-senpai-r2/roles/student-qwen-askeladd/workspace/target/Vendor/mlx-swift/Source/Cmlx/mlx/mlx/backend/metal/kernels/quantized.metal:7:
/Users/ec2-user/.senpai/native/qwen38-mlx-senpai-r2/roles/student-qwen-askeladd/workspace/target/Vendor/mlx-swift/Source/Cmlx/mlx/mlx/backend/metal/kernels/quantized.h:1091:25: warning: unused parameter 'out_vec_size' [-Wunused-parameter]
    const constant int& out_vec_size,
                        ^
1 warning generated.
[  0%] Building mlx.metallib
[100%] Built target mlx-metallib
build-mlx-metallib.sh: wrote /Users/ec2-user/.senpai/native/qwen38-mlx-senpai-r2/roles/student-qwen-askeladd/workspace/target/.build-worker/release/mlx.metallib
build-mlx-metallib.sh: wrote .build/arm64-apple-macosx/release/mlxfast-challenge-devPackageTests.xctest/Contents/MacOS/mlx.metallib
build-mlx-metallib.sh: wrote .build/arm64-apple-macosx/debug/mlxfast-challenge-devPackageTests.xctest/Contents/MacOS/mlx.metallib
build-mlx-metallib.sh: wrote .build/debug/mlx.metallib
build-mlx-metallib.sh: wrote .build/release/mlx.metallib
build-mlx-metallib.sh: wrote .build-worker/release/mlx.metallib
benchmark-qwen-mtp.sh: public drift tripwire (correctness against correctness_prompts/public_longcopy_gate_english_512_256.json)
benchmark-qwen-mtp.sh: GPU cool gate before the MTP reference pass (./benchmark.sh --local-cool-gate-only)
benchmark.sh: warning: local GPU cool-down gate disabled (MLXFAST_LOCAL_COOL_GATE=0); hot-start timings are not comparable to gated runs
benchmark-qwen-mtp.sh: generating the MTP reference rows (512 rows, depth=8)
mtp-verify: generate 32/513 (context 545)
mtp-verify: generate 64/513 (context 577)
mtp-verify: generate 96/513 (context 609)
mtp-verify: generate 128/513 (context 641)
mtp-verify: generate 160/513 (context 673)
mtp-verify: generate 192/513 (context 705)
mtp-verify: generate 224/513 (context 737)
mtp-verify: generate 256/513 (context 769)
mtp-verify: generate 288/513 (context 801)
mtp-verify: generate 320/513 (context 833)
mtp-verify: generate 352/513 (context 865)
mtp-verify: generate 384/513 (context 897)
mtp-verify: generate 416/513 (context 929)
mtp-verify: generate 448/513 (context 961)
mtp-verify: generate 480/513 (context 993)
mtp-verify: generate 512/513 (context 1025)
mtp-verify: generate 513/513 (context 1026)
mtp-verify: rows=513 seed_tokens=512 reference_seed_token=271 self_consistent=true (replayed 1 row bit-identically) chain_contradictions=0
benchmark-qwen-mtp.sh: GPU cool gate before the true serial control (./benchmark.sh --local-cool-gate-only)
benchmark.sh: warning: local GPU cool-down gate disabled (MLXFAST_LOCAL_COOL_GATE=0); hot-start timings are not comparable to gated runs
benchmark-qwen-mtp.sh: measuring the TRUE serial control, MTP off (512 tokens)
mtp-timed: weights=weights mtp_head=/Users/ec2-user/.senpai/native/qwen38-mlx-senpai-r2/roles/student-qwen-askeladd/home/.cache/mlxfast/qwen3.8-27b-mtp-v1/mtp-head-declared-run pinned_reference=<unset>
mtp-timed: tokens=512 depth=0 rounds=512 accepted_draft_rate=0.0000 all_tokens_matched=true reference_checked_rows=512/512 seconds_per_token=0.073253
benchmark-qwen-mtp.sh: GPU cool gate before the native-MTP decode (./benchmark.sh --local-cool-gate-only)
benchmark.sh: warning: local GPU cool-down gate disabled (MLXFAST_LOCAL_COOL_GATE=0); hot-start timings are not comparable to gated runs
benchmark-qwen-mtp.sh: measuring native-MTP decode (512 tokens, depth=8)
mtp-timed: weights=weights mtp_head=/Users/ec2-user/.senpai/native/qwen38-mlx-senpai-r2/roles/student-qwen-askeladd/home/.cache/mlxfast/qwen3.8-27b-mtp-v1/mtp-head-declared-run pinned_reference=<unset>
mtp-timed: tokens=512 depth=8 rounds=78 accepted_draft_rate=0.8875 all_tokens_matched=true reference_checked_rows=567/567 seconds_per_token=0.031440
benchmark-qwen-mtp.sh: local estimated decode speedup 2.329936530269041 (serial K=1 0.073252544971182942s/token / MTP 0.031439716927707195s/token)
benchmark-qwen-mtp.sh: the RANKED decode floor enforced on the ranked box is 0.90 (.github/workflows/qwen-mtp-ranked-benchmark.yml)
benchmark-qwen-mtp.sh: this local number is shown against that floor for DIRECTION ONLY; it is not a verdict
benchmark-qwen-mtp.sh: NOT RANKABLE: official_scoring_enabled=true, hidden timed prompt pool holds 8 entries,
benchmark-qwen-mtp.sh: and these reference rows came from the candidate build, not the pinned baseline. Only the
benchmark-qwen-mtp.sh: ranked .github/workflows/qwen-mtp-ranked-benchmark.yml run can produce a score that ranks.
{
  "score": 2.329936530269041,
  "passed": true,
  "track_id": "qwen3.8-27b-mtp-v1",
  "metrics": {
    "mode": "qwen-mtp-local-iterate",
    "oracle": "candidate-local-mtp-golden-rows",
    "official_score": false,
    "rankable": false,
    "not_rankable_reason": "candidate-generated reference rows; official scoring disabled; ranked run is the only authority",
    "ranked_decode_speedup_floor": 0.90,
    "public_drift_tripwire_passed": true,
    "decode_tokens": 512,
    "mtp_depth": 8,
    "all_tokens_matched": true,
    "uses_pinned_mtp_head": true,
    "head_provenance_sha256": "dadbfb806d80eca258395e5360534c5969acd5ad312b45102ad2caf65566f7e9",
    "effective_mean_draft_len": 6.2692307692307692,
    "serial_seconds_per_token": 0.073252544971182942,
    "mtp_seconds_per_token": 0.031439716927707195,
    "mtp_decode_speedup": 2.329936530269041,
    "accepted_draft_rate": 0.88752556237218816,
    "residual_divergence_count": 0
  }
}
worker      .build-worker/release/mlxfast-runtime-worker
worker_mtime 2026-08-20T14:27:08Z
worker_sha256 1a3c73ed77cc2617ffd78bdda967bb5067f4e80ef19d1ba3839a1f881af39676
ok   require '<T, 5, 5, true>': 1
ok   require '<T, 6, 6, true>': 1
ok   require '<T, 9, 5, true>': 1
ok   forbid  '<T, 5, 3, true>': 0
ok   forbid  '<T, 5, 4, true>': 0
ok   forbid  '<T, 5, 6, true>': 0
ok   forbid  '<T, 6, 3, true>': 0
ok   forbid  '<T, 6, 4, true>': 0
ok   forbid  '<T, 6, 5, true>': 0
ok   forbid  '<T, 9, 3, true>': 0
ok   forbid  '<T, 9, 4, true>': 0
ok   forbid  '<T, 9, 6, true>': 0
ok   extraction: 80356 strings
rebuild-and-assert-worker: PASS
leg1_after_arm_m5_ipgs=5
leg1_after_arm_m6_ipgs=6
leg1_after_arm_m9_ipgs=5
leg1_after_worker_mtime=2026-08-20T14:27:08Z
leg1_after_worker_sha256=1a3c73ed77cc2617ffd78bdda967bb5067f4e80ef19d1ba3839a1f881af39676
leg1_after_rebuild_assert_exit=0
leg1_after_metallib_source_fingerprint=f09821bdbd820b77502867cbf660c1157407243ca9639de681c5b46fedfbd9fe
leg1_worker_unchanged_across_leg=true
=== e42-run: a1 leg pair 2/2 (512 tokens) ===
worker      .build-worker/release/mlxfast-runtime-worker
worker_mtime 2026-08-20T14:27:08Z
worker_sha256 1a3c73ed77cc2617ffd78bdda967bb5067f4e80ef19d1ba3839a1f881af39676
ok   require '<T, 5, 5, true>': 1
ok   require '<T, 6, 6, true>': 1
ok   require '<T, 9, 5, true>': 1
ok   forbid  '<T, 5, 3, true>': 0
ok   forbid  '<T, 5, 4, true>': 0
ok   forbid  '<T, 5, 6, true>': 0
ok   forbid  '<T, 6, 3, true>': 0
ok   forbid  '<T, 6, 4, true>': 0
ok   forbid  '<T, 6, 5, true>': 0
ok   forbid  '<T, 9, 3, true>': 0
ok   forbid  '<T, 9, 4, true>': 0
ok   forbid  '<T, 9, 6, true>': 0
ok   extraction: 80356 strings
rebuild-and-assert-worker: PASS
leg2_before_arm_m5_ipgs=5
leg2_before_arm_m6_ipgs=6
leg2_before_arm_m9_ipgs=5
leg2_before_worker_mtime=2026-08-20T14:27:08Z
leg2_before_worker_sha256=1a3c73ed77cc2617ffd78bdda967bb5067f4e80ef19d1ba3839a1f881af39676
leg2_before_rebuild_assert_exit=0
leg2_before_metallib_source_fingerprint=f09821bdbd820b77502867cbf660c1157407243ca9639de681c5b46fedfbd9fe
benchmark-qwen-mtp.sh: public drift tripwire (correctness against correctness_prompts/public_longcopy_gate_english_512_256.json)
benchmark-qwen-mtp.sh: GPU cool gate before the MTP reference pass (./benchmark.sh --local-cool-gate-only)
benchmark.sh: warning: local GPU cool-down gate disabled (MLXFAST_LOCAL_COOL_GATE=0); hot-start timings are not comparable to gated runs
benchmark-qwen-mtp.sh: generating the MTP reference rows (512 rows, depth=8)
mtp-verify: generate 32/513 (context 545)
mtp-verify: generate 64/513 (context 577)
mtp-verify: generate 96/513 (context 609)
mtp-verify: generate 128/513 (context 641)
mtp-verify: generate 160/513 (context 673)
mtp-verify: generate 192/513 (context 705)
mtp-verify: generate 224/513 (context 737)
mtp-verify: generate 256/513 (context 769)
mtp-verify: generate 288/513 (context 801)
mtp-verify: generate 320/513 (context 833)
mtp-verify: generate 352/513 (context 865)
mtp-verify: generate 384/513 (context 897)
mtp-verify: generate 416/513 (context 929)
mtp-verify: generate 448/513 (context 961)
mtp-verify: generate 480/513 (context 993)
mtp-verify: generate 512/513 (context 1025)
mtp-verify: generate 513/513 (context 1026)
mtp-verify: rows=513 seed_tokens=512 reference_seed_token=271 self_consistent=true (replayed 1 row bit-identically) chain_contradictions=0
benchmark-qwen-mtp.sh: GPU cool gate before the true serial control (./benchmark.sh --local-cool-gate-only)
benchmark.sh: warning: local GPU cool-down gate disabled (MLXFAST_LOCAL_COOL_GATE=0); hot-start timings are not comparable to gated runs
benchmark-qwen-mtp.sh: measuring the TRUE serial control, MTP off (512 tokens)
mtp-timed: weights=weights mtp_head=/Users/ec2-user/.senpai/native/qwen38-mlx-senpai-r2/roles/student-qwen-askeladd/home/.cache/mlxfast/qwen3.8-27b-mtp-v1/mtp-head-declared-run pinned_reference=<unset>
mtp-timed: tokens=512 depth=0 rounds=512 accepted_draft_rate=0.0000 all_tokens_matched=true reference_checked_rows=512/512 seconds_per_token=0.073299
benchmark-qwen-mtp.sh: GPU cool gate before the native-MTP decode (./benchmark.sh --local-cool-gate-only)
benchmark.sh: warning: local GPU cool-down gate disabled (MLXFAST_LOCAL_COOL_GATE=0); hot-start timings are not comparable to gated runs
benchmark-qwen-mtp.sh: measuring native-MTP decode (512 tokens, depth=8)
mtp-timed: weights=weights mtp_head=/Users/ec2-user/.senpai/native/qwen38-mlx-senpai-r2/roles/student-qwen-askeladd/home/.cache/mlxfast/qwen3.8-27b-mtp-v1/mtp-head-declared-run pinned_reference=<unset>
mtp-timed: tokens=512 depth=8 rounds=78 accepted_draft_rate=0.8875 all_tokens_matched=true reference_checked_rows=567/567 seconds_per_token=0.031502
benchmark-qwen-mtp.sh: local estimated decode speedup 2.3268060975665277 (serial K=1 0.073299373034387827s/token / MTP 0.031502140685915947s/token)
benchmark-qwen-mtp.sh: the RANKED decode floor enforced on the ranked box is 0.90 (.github/workflows/qwen-mtp-ranked-benchmark.yml)
benchmark-qwen-mtp.sh: this local number is shown against that floor for DIRECTION ONLY; it is not a verdict
benchmark-qwen-mtp.sh: NOT RANKABLE: official_scoring_enabled=true, hidden timed prompt pool holds 8 entries,
benchmark-qwen-mtp.sh: and these reference rows came from the candidate build, not the pinned baseline. Only the
benchmark-qwen-mtp.sh: ranked .github/workflows/qwen-mtp-ranked-benchmark.yml run can produce a score that ranks.
{
  "score": 2.3268060975665277,
  "passed": true,
  "track_id": "qwen3.8-27b-mtp-v1",
  "metrics": {
    "mode": "qwen-mtp-local-iterate",
    "oracle": "candidate-local-mtp-golden-rows",
    "official_score": false,
    "rankable": false,
    "not_rankable_reason": "candidate-generated reference rows; official scoring disabled; ranked run is the only authority",
    "ranked_decode_speedup_floor": 0.90,
    "public_drift_tripwire_passed": true,
    "decode_tokens": 512,
    "mtp_depth": 8,
    "all_tokens_matched": true,
    "uses_pinned_mtp_head": true,
    "head_provenance_sha256": "dadbfb806d80eca258395e5360534c5969acd5ad312b45102ad2caf65566f7e9",
    "effective_mean_draft_len": 6.2692307692307692,
    "serial_seconds_per_token": 0.073299373034387827,
    "mtp_seconds_per_token": 0.031502140685915947,
    "mtp_decode_speedup": 2.3268060975665277,
    "accepted_draft_rate": 0.88752556237218816,
    "residual_divergence_count": 0
  }
}
worker      .build-worker/release/mlxfast-runtime-worker
worker_mtime 2026-08-20T14:27:08Z
worker_sha256 1a3c73ed77cc2617ffd78bdda967bb5067f4e80ef19d1ba3839a1f881af39676
ok   require '<T, 5, 5, true>': 1
ok   require '<T, 6, 6, true>': 1
ok   require '<T, 9, 5, true>': 1
ok   forbid  '<T, 5, 3, true>': 0
ok   forbid  '<T, 5, 4, true>': 0
ok   forbid  '<T, 5, 6, true>': 0
ok   forbid  '<T, 6, 3, true>': 0
ok   forbid  '<T, 6, 4, true>': 0
ok   forbid  '<T, 6, 5, true>': 0
ok   forbid  '<T, 9, 3, true>': 0
ok   forbid  '<T, 9, 4, true>': 0
ok   forbid  '<T, 9, 6, true>': 0
ok   extraction: 80356 strings
rebuild-and-assert-worker: PASS
leg2_after_arm_m5_ipgs=5
leg2_after_arm_m6_ipgs=6
leg2_after_arm_m9_ipgs=5
leg2_after_worker_mtime=2026-08-20T14:27:08Z
leg2_after_worker_sha256=1a3c73ed77cc2617ffd78bdda967bb5067f4e80ef19d1ba3839a1f881af39676
leg2_after_rebuild_assert_exit=0
leg2_after_metallib_source_fingerprint=f09821bdbd820b77502867cbf660c1157407243ca9639de681c5b46fedfbd9fe
leg2_worker_unchanged_across_leg=true
e66_whole_leg_session: a1 (a_ship) exited 0
wandb: [wandb.login()] Loaded credentials for https://api.wandb.ai from WANDB_API_KEY.
wandb: W&B API key is configured. Use `wandb login --relogin` to force relogin
wandb: setting up run tckwkh54
wandb: Tracking run with wandb version 0.28.1
wandb: Run data is saved locally in /Users/ec2-user/.senpai/native/qwen38-mlx-senpai-r2/roles/student-qwen-askeladd/workspace/target/wandb/run-20260820_143628-tckwkh54
wandb: Run `wandb offline` to turn off syncing.
wandb: Syncing run e78-a1
wandb: ⭐️ View project at https://wandb.ai/wandb-applied-ai-team/qwen38-mlx-challenge-senpai
wandb: 🚀 View run at https://wandb.ai/wandb-applied-ai-team/qwen38-mlx-challenge-senpai/runs/tckwkh54
e78_wandb_leg: a1 -> https://wandb.ai/wandb-applied-ai-team/qwen38-mlx-challenge-senpai/runs/tckwkh54
wandb: updating run metadata; uploading summary
wandb: uploading history steps 0-1, summary, console lines 0-0
wandb: 
wandb: Run history:
wandb:       leg/accepted_draft_rate ▁▁
wandb:             leg/decode_tokens ▁▁
wandb:  leg/effective_mean_draft_len ▁▁
wandb:                     leg/index ▁█
wandb:        leg/mtp_decode_speedup █▁
wandb:                 leg/mtp_depth ▁▁
wandb:     leg/mtp_seconds_per_token ▁█
wandb: leg/residual_divergence_count ▁▁
wandb:  leg/serial_seconds_per_token ▁█
wandb:           leg/width_rounds_m2 ▁▁
wandb:                            +6 ...
wandb: 
wandb: Run summary:
wandb:          accepted_draft_rate 0.88753
wandb:      accepted_draft_rate_max 0.88753
wandb:      accepted_draft_rate_min 0.88753
wandb: all_tokens_matched_every_leg True
wandb:                decode_tokens 512
wandb:            decode_tokens_max 512
wandb:            decode_tokens_min 512
wandb:     effective_mean_draft_len 6.26923
wandb: effective_mean_draft_len_max 6.26923
wandb: effective_mean_draft_len_min 6.26923
wandb:                          +36 ...
wandb: 
wandb: 🚀 View run e78-a1 at: https://wandb.ai/wandb-applied-ai-team/qwen38-mlx-challenge-senpai/runs/tckwkh54
wandb: ⭐️ View project at: https://wandb.ai/wandb-applied-ai-team/qwen38-mlx-challenge-senpai
wandb: Synced 6 W&B file(s), 0 media file(s), 0 artifact file(s) and 0 other file(s)
wandb: Find logs at: ./wandb/run-20260820_143628-tckwkh54/logs
e66_whole_leg_session: === 2026-08-20T14:36:35Z arm b1 (b_crown, 2 leg(s)) ===
{
  "arm": "b_crown",
  "base_sha": "8d938c911df52b6a324f259a55dbaa75e508c822",
  "cells": {
    "5": 3,
    "6": 3,
    "9": 3
  },
  "checkout": null,
  "cutoff": null,
  "doc": "the crown's table by patch: IPG 3 at M=5, 6 and 9, wide-helper bound left at NA <= 6",
  "dry_run": false,
  "narrow_cells": null,
  "never_submit": false,
  "never_time": false,
  "sha256": {
    "Vendor/mlx-swift/Source/Cmlx/mlx-generated/quantized.cpp": "c127aa992f0807621d7c94a5b1934eaba11cccbb9ca5e68544bf20428abb44c4",
    "Vendor/mlx-swift/Source/Cmlx/mlx/mlx/backend/metal/kernels/quantized.h": "3043807bd239241bb9e68cfa0b3f9954725018bf474443ed96468fa6a64ef02f"
  },
  "source_bytes": {
    "Vendor/mlx-swift/Source/Cmlx/mlx-generated/quantized.cpp": 99360,
    "Vendor/mlx-swift/Source/Cmlx/mlx/mlx/backend/metal/kernels/quantized.h": 99565
  }
}
e78-run: MLXFAST_LOCAL_COOL_GATE=0 DARKBLOOM_STARTUP_MEMORY_PROFILE=full MLX_MAX_MB_PER_BUFFER=512 MLX_MAX_OPS_PER_BUFFER=50
E55 twin gate: quantized
    quantized/mlx/backend/metal/kernels/quantized.h: PINNED comment-only divergence (3 vs 13 comment line(s), 3005 non-comment line(s) identical)
E55 TWIN GATE OK: 1 runtime-effective twin(s)
Building for production...
[0/2] Write swift-version--58304C5D6DBC2206.txt
Build of product 'mlxfast-swift' complete! (1.52s)
Building for production...
[0/2] Write swift-version--58304C5D6DBC2206.txt
[1/3] Compiling quantized.cpp
[3/5] Compiling MLX ArrayAt.swift
[4/6] Compiling MLXFast MLXFast.swift
[5/7] Compiling MLXLMCommon DoRA+Layers.swift
/Users/ec2-user/.senpai/native/qwen38-mlx-senpai-r2/roles/student-qwen-askeladd/workspace/target/Vendor/mlx-swift-lm/Libraries/MLXLMCommon/ContinuousBatchingV2/EngineLoopV2.swift:1178:52: warning: capture of 'detokenizer' with non-Sendable type '(any CBv2IncrementalDetokenizer)?' in a '@Sendable' closure [#SendableClosureCaptures]
 128 | /// Incremental per-request detokenizer with UTF-8 + stop-string holdback.
 129 | /// See CONTRACT-ISSUES-B-scheduler.md §3.
 130 | public protocol CBv2IncrementalDetokenizer: AnyObject {
     |                 `- note: protocol 'CBv2IncrementalDetokenizer' does not conform to the 'Sendable' protocol
 131 |     /// Append confirmed tokens; returns text now safe to emit.
 132 |     func push(_ tokens: [Int]) -> String
     :
1176 |                 stream?.reserveEmission()
1177 |                 detokQueue.async {
1178 |                     let text = isStopToken ? "" : (detokenizer?.push([token]) ?? "")
     |                                                    `- warning: capture of 'detokenizer' with non-Sendable type '(any CBv2IncrementalDetokenizer)?' in a '@Sendable' closure [#SendableClosureCaptures]
1179 |                     stream?.emit(
1180 |                         .delta(text: text, tokens: [token], logprobs: logprobs),

/Users/ec2-user/.senpai/native/qwen38-mlx-senpai-r2/roles/student-qwen-askeladd/workspace/target/Vendor/mlx-swift-lm/Libraries/MLXLMCommon/ContinuousBatchingV2/EngineLoopV2.swift:1279:32: warning: capture of 'detokenizer' with non-Sendable type '(any CBv2IncrementalDetokenizer)?' in a '@Sendable' closure [#SendableClosureCaptures]
 128 | /// Incremental per-request detokenizer with UTF-8 + stop-string holdback.
 129 | /// See CONTRACT-ISSUES-B-scheduler.md §3.
 130 | public protocol CBv2IncrementalDetokenizer: AnyObject {
     |                 `- note: protocol 'CBv2IncrementalDetokenizer' does not conform to the 'Sendable' protocol
 131 |     /// Append confirmed tokens; returns text now safe to emit.
 132 |     func push(_ tokens: [Int]) -> String
     :
1277 |         if rec.request.stopStrings.isEmpty {
1278 |             detokQueue.async {
1279 |                 let trailing = detokenizer?.flush() ?? ""
     |                                `- warning: capture of 'detokenizer' with non-Sendable type '(any CBv2IncrementalDetokenizer)?' in a '@Sendable' closure [#SendableClosureCaptures]
1280 |                 if !trailing.isEmpty {
1281 |                     stream?.emit(.delta(text: trailing, tokens: [], logprobs: nil))

[#SendableClosureCaptures]: <https://docs.swift.org/compiler/documentation/diagnostics/sendable-closure-captures>
[5/7] Write Objects.LinkFileList
[6/7] Linking mlxfast-runtime-worker
Build of product 'mlxfast-runtime-worker' complete! (38.82s)
e78_binary_assert_m3_ipgs=3
e78_binary_assert_m4_ipgs=4
e78_binary_assert_m5_ipgs=3
e78_binary_assert_m6_ipgs=3
e78_binary_assert_m7_ipgs=4
e78_binary_assert_m8_ipgs=4
e78_binary_assert_m9_ipgs=3
e78_binary_assert_wide_bound=6
e78_binary_assert_cutoff=none
e78_binary_assert_lane_perturb_copies=0
e78-binary-assert OK: .build-worker/release/mlxfast-runtime-worker embeds m3=[3] m4=[4] m5=[3] m6=[3] m7=[4] m8=[4] m9=[3], wide-helper bound [2, 6], cutoff=none, lane_perturb=0
e78_binary_assert_worker_text_sha256=ef5171917447d347ebe34ab127b5e45fedbbc2120f00b4c4ed26cddf23f68fec
e78_binary_assert_worker_cstring_sha256=548ecb1516886d562df7d5ae27c39d1ef6612ae54b5f038aee580321659d5bc0
=== e42-run: b1 leg pair 1/2 (512 tokens) ===
worker      .build-worker/release/mlxfast-runtime-worker
worker_mtime 2026-08-20T14:37:42Z
worker_sha256 35e72c253f6428b9ec092d0239ae69ae46110413726ff7ed80656b3426d5fa7a
ok   require '<T, 5, 3, true>': 1
ok   require '<T, 6, 3, true>': 1
ok   require '<T, 9, 3, true>': 1
ok   forbid  '<T, 5, 4, true>': 0
ok   forbid  '<T, 5, 5, true>': 0
ok   forbid  '<T, 5, 6, true>': 0
ok   forbid  '<T, 6, 4, true>': 0
ok   forbid  '<T, 6, 5, true>': 0
ok   forbid  '<T, 6, 6, true>': 0
ok   forbid  '<T, 9, 4, true>': 0
ok   forbid  '<T, 9, 5, true>': 0
ok   forbid  '<T, 9, 6, true>': 0
ok   extraction: 80356 strings
rebuild-and-assert-worker: PASS
leg1_before_arm_m5_ipgs=3
leg1_before_arm_m6_ipgs=3
leg1_before_arm_m9_ipgs=3
leg1_before_worker_mtime=2026-08-20T14:37:42Z
leg1_before_worker_sha256=35e72c253f6428b9ec092d0239ae69ae46110413726ff7ed80656b3426d5fa7a
leg1_before_rebuild_assert_exit=0
leg1_before_metallib_source_fingerprint=c1739218181272ca50e882e957ede54658fded96f138cc0a80e8c06d9813b62b
benchmark-qwen-mtp.sh: mlx.metallib is stale (vendored kernel sources changed after it was built); rebuilding with tools/build-mlx-metallib.sh
-- Building MLX for arm64 processor on Darwin
-- Metal found /Applications/Xcode.app/Contents/Developer/Platforms/MacOSX.platform/Developer/SDKs/MacOSX.sdk/System/Library/Frameworks/Metal.framework
-- Building on macOS 26.5.2
-- Building with macOS 26.5 SDK
-- Metal version: 400
-- Accelerate found /Applications/Xcode.app/Contents/Developer/Platforms/MacOSX.platform/Developer/SDKs/MacOSX.sdk/System/Library/Frameworks/Accelerate.framework
-- Downloading json
-- Using the multi-header code from /Users/ec2-user/.senpai/native/qwen38-mlx-senpai-r2/roles/student-qwen-askeladd/workspace/target/Vendor/mlx-swift/Source/Cmlx/json/include/
-- Downloading json for JACCL
-- {fmt} version: 12.1.0
-- Build type: Release
-- Configuring done (0.2s)
-- Generating done (0.2s)
-- Build files have been written to: /Users/ec2-user/.senpai/native/qwen38-mlx-senpai-r2/roles/student-qwen-askeladd/workspace/target/.build-worker/mlx-metal
[  0%] Building quantized.air
In file included from /Users/ec2-user/.senpai/native/qwen38-mlx-senpai-r2/roles/student-qwen-askeladd/workspace/target/Vendor/mlx-swift/Source/Cmlx/mlx/mlx/backend/metal/kernels/quantized.metal:7:
/Users/ec2-user/.senpai/native/qwen38-mlx-senpai-r2/roles/student-qwen-askeladd/workspace/target/Vendor/mlx-swift/Source/Cmlx/mlx/mlx/backend/metal/kernels/quantized.h:1091:25: warning: unused parameter 'out_vec_size' [-Wunused-parameter]
    const constant int& out_vec_size,
                        ^
1 warning generated.
[  0%] Building mlx.metallib
[100%] Built target mlx-metallib
build-mlx-metallib.sh: wrote /Users/ec2-user/.senpai/native/qwen38-mlx-senpai-r2/roles/student-qwen-askeladd/workspace/target/.build-worker/release/mlx.metallib
build-mlx-metallib.sh: wrote .build/arm64-apple-macosx/release/mlxfast-challenge-devPackageTests.xctest/Contents/MacOS/mlx.metallib
build-mlx-metallib.sh: wrote .build/arm64-apple-macosx/debug/mlxfast-challenge-devPackageTests.xctest/Contents/MacOS/mlx.metallib
build-mlx-metallib.sh: wrote .build/debug/mlx.metallib
build-mlx-metallib.sh: wrote .build/release/mlx.metallib
build-mlx-metallib.sh: wrote .build-worker/release/mlx.metallib
benchmark-qwen-mtp.sh: public drift tripwire (correctness against correctness_prompts/public_longcopy_gate_english_512_256.json)
benchmark-qwen-mtp.sh: GPU cool gate before the MTP reference pass (./benchmark.sh --local-cool-gate-only)
benchmark.sh: warning: local GPU cool-down gate disabled (MLXFAST_LOCAL_COOL_GATE=0); hot-start timings are not comparable to gated runs
benchmark-qwen-mtp.sh: generating the MTP reference rows (512 rows, depth=8)
mtp-verify: generate 32/513 (context 545)
mtp-verify: generate 64/513 (context 577)
mtp-verify: generate 96/513 (context 609)
mtp-verify: generate 128/513 (context 641)
mtp-verify: generate 160/513 (context 673)
mtp-verify: generate 192/513 (context 705)
mtp-verify: generate 224/513 (context 737)
mtp-verify: generate 256/513 (context 769)
mtp-verify: generate 288/513 (context 801)
mtp-verify: generate 320/513 (context 833)
mtp-verify: generate 352/513 (context 865)
mtp-verify: generate 384/513 (context 897)
mtp-verify: generate 416/513 (context 929)
mtp-verify: generate 448/513 (context 961)
mtp-verify: generate 480/513 (context 993)
mtp-verify: generate 512/513 (context 1025)
mtp-verify: generate 513/513 (context 1026)
mtp-verify: rows=513 seed_tokens=512 reference_seed_token=271 self_consistent=true (replayed 1 row bit-identically) chain_contradictions=0
benchmark-qwen-mtp.sh: GPU cool gate before the true serial control (./benchmark.sh --local-cool-gate-only)
benchmark.sh: warning: local GPU cool-down gate disabled (MLXFAST_LOCAL_COOL_GATE=0); hot-start timings are not comparable to gated runs
benchmark-qwen-mtp.sh: measuring the TRUE serial control, MTP off (512 tokens)
mtp-timed: weights=weights mtp_head=/Users/ec2-user/.senpai/native/qwen38-mlx-senpai-r2/roles/student-qwen-askeladd/home/.cache/mlxfast/qwen3.8-27b-mtp-v1/mtp-head-declared-run pinned_reference=<unset>
mtp-timed: tokens=512 depth=0 rounds=512 accepted_draft_rate=0.0000 all_tokens_matched=true reference_checked_rows=512/512 seconds_per_token=0.073290
benchmark-qwen-mtp.sh: GPU cool gate before the native-MTP decode (./benchmark.sh --local-cool-gate-only)
benchmark.sh: warning: local GPU cool-down gate disabled (MLXFAST_LOCAL_COOL_GATE=0); hot-start timings are not comparable to gated runs
benchmark-qwen-mtp.sh: measuring native-MTP decode (512 tokens, depth=8)
mtp-timed: weights=weights mtp_head=/Users/ec2-user/.senpai/native/qwen38-mlx-senpai-r2/roles/student-qwen-askeladd/home/.cache/mlxfast/qwen3.8-27b-mtp-v1/mtp-head-declared-run pinned_reference=<unset>
mtp-timed: tokens=512 depth=8 rounds=78 accepted_draft_rate=0.8875 all_tokens_matched=true reference_checked_rows=567/567 seconds_per_token=0.033406
benchmark-qwen-mtp.sh: local estimated decode speedup 2.1939469332168096 (serial K=1 0.073290386702865362s/token / MTP 0.033405724447220564s/token)
benchmark-qwen-mtp.sh: the RANKED decode floor enforced on the ranked box is 0.90 (.github/workflows/qwen-mtp-ranked-benchmark.yml)
benchmark-qwen-mtp.sh: this local number is shown against that floor for DIRECTION ONLY; it is not a verdict
benchmark-qwen-mtp.sh: NOT RANKABLE: official_scoring_enabled=true, hidden timed prompt pool holds 8 entries,
benchmark-qwen-mtp.sh: and these reference rows came from the candidate build, not the pinned baseline. Only the
benchmark-qwen-mtp.sh: ranked .github/workflows/qwen-mtp-ranked-benchmark.yml run can produce a score that ranks.
{
  "score": 2.1939469332168096,
  "passed": true,
  "track_id": "qwen3.8-27b-mtp-v1",
  "metrics": {
    "mode": "qwen-mtp-local-iterate",
    "oracle": "candidate-local-mtp-golden-rows",
    "official_score": false,
    "rankable": false,
    "not_rankable_reason": "candidate-generated reference rows; official scoring disabled; ranked run is the only authority",
    "ranked_decode_speedup_floor": 0.90,
    "public_drift_tripwire_passed": true,
    "decode_tokens": 512,
    "mtp_depth": 8,
    "all_tokens_matched": true,
    "uses_pinned_mtp_head": true,
    "head_provenance_sha256": "dadbfb806d80eca258395e5360534c5969acd5ad312b45102ad2caf65566f7e9",
    "effective_mean_draft_len": 6.2692307692307692,
    "serial_seconds_per_token": 0.073290386702865362,
    "mtp_seconds_per_token": 0.033405724447220564,
    "mtp_decode_speedup": 2.1939469332168096,
    "accepted_draft_rate": 0.88752556237218816,
    "residual_divergence_count": 0
  }
}
worker      .build-worker/release/mlxfast-runtime-worker
worker_mtime 2026-08-20T14:37:42Z
worker_sha256 35e72c253f6428b9ec092d0239ae69ae46110413726ff7ed80656b3426d5fa7a
ok   require '<T, 5, 3, true>': 1
ok   require '<T, 6, 3, true>': 1
ok   require '<T, 9, 3, true>': 1
ok   forbid  '<T, 5, 4, true>': 0
ok   forbid  '<T, 5, 5, true>': 0
ok   forbid  '<T, 5, 6, true>': 0
ok   forbid  '<T, 6, 4, true>': 0
ok   forbid  '<T, 6, 5, true>': 0
ok   forbid  '<T, 6, 6, true>': 0
ok   forbid  '<T, 9, 4, true>': 0
ok   forbid  '<T, 9, 5, true>': 0
ok   forbid  '<T, 9, 6, true>': 0
ok   extraction: 80356 strings
rebuild-and-assert-worker: PASS
leg1_after_arm_m5_ipgs=3
leg1_after_arm_m6_ipgs=3
leg1_after_arm_m9_ipgs=3
leg1_after_worker_mtime=2026-08-20T14:37:42Z
leg1_after_worker_sha256=35e72c253f6428b9ec092d0239ae69ae46110413726ff7ed80656b3426d5fa7a
leg1_after_rebuild_assert_exit=0
leg1_after_metallib_source_fingerprint=c1739218181272ca50e882e957ede54658fded96f138cc0a80e8c06d9813b62b
leg1_worker_unchanged_across_leg=true
=== e42-run: b1 leg pair 2/2 (512 tokens) ===
worker      .build-worker/release/mlxfast-runtime-worker
worker_mtime 2026-08-20T14:37:42Z
worker_sha256 35e72c253f6428b9ec092d0239ae69ae46110413726ff7ed80656b3426d5fa7a
ok   require '<T, 5, 3, true>': 1
ok   require '<T, 6, 3, true>': 1
ok   require '<T, 9, 3, true>': 1
ok   forbid  '<T, 5, 4, true>': 0
ok   forbid  '<T, 5, 5, true>': 0
ok   forbid  '<T, 5, 6, true>': 0
ok   forbid  '<T, 6, 4, true>': 0
ok   forbid  '<T, 6, 5, true>': 0
ok   forbid  '<T, 6, 6, true>': 0
ok   forbid  '<T, 9, 4, true>': 0
ok   forbid  '<T, 9, 5, true>': 0
ok   forbid  '<T, 9, 6, true>': 0
ok   extraction: 80356 strings
rebuild-and-assert-worker: PASS
leg2_before_arm_m5_ipgs=3
leg2_before_arm_m6_ipgs=3
leg2_before_arm_m9_ipgs=3
leg2_before_worker_mtime=2026-08-20T14:37:42Z
leg2_before_worker_sha256=35e72c253f6428b9ec092d0239ae69ae46110413726ff7ed80656b3426d5fa7a
leg2_before_rebuild_assert_exit=0
leg2_before_metallib_source_fingerprint=c1739218181272ca50e882e957ede54658fded96f138cc0a80e8c06d9813b62b
benchmark-qwen-mtp.sh: public drift tripwire (correctness against correctness_prompts/public_longcopy_gate_english_512_256.json)
benchmark-qwen-mtp.sh: GPU cool gate before the MTP reference pass (./benchmark.sh --local-cool-gate-only)
benchmark.sh: warning: local GPU cool-down gate disabled (MLXFAST_LOCAL_COOL_GATE=0); hot-start timings are not comparable to gated runs
benchmark-qwen-mtp.sh: generating the MTP reference rows (512 rows, depth=8)
mtp-verify: generate 32/513 (context 545)
mtp-verify: generate 64/513 (context 577)
mtp-verify: generate 96/513 (context 609)
mtp-verify: generate 128/513 (context 641)
mtp-verify: generate 160/513 (context 673)
mtp-verify: generate 192/513 (context 705)
mtp-verify: generate 224/513 (context 737)
mtp-verify: generate 256/513 (context 769)
mtp-verify: generate 288/513 (context 801)
mtp-verify: generate 320/513 (context 833)
mtp-verify: generate 352/513 (context 865)
mtp-verify: generate 384/513 (context 897)
mtp-verify: generate 416/513 (context 929)
mtp-verify: generate 448/513 (context 961)
mtp-verify: generate 480/513 (context 993)
mtp-verify: generate 512/513 (context 1025)
mtp-verify: generate 513/513 (context 1026)
mtp-verify: rows=513 seed_tokens=512 reference_seed_token=271 self_consistent=true (replayed 1 row bit-identically) chain_contradictions=0
benchmark-qwen-mtp.sh: GPU cool gate before the true serial control (./benchmark.sh --local-cool-gate-only)
benchmark.sh: warning: local GPU cool-down gate disabled (MLXFAST_LOCAL_COOL_GATE=0); hot-start timings are not comparable to gated runs
benchmark-qwen-mtp.sh: measuring the TRUE serial control, MTP off (512 tokens)
mtp-timed: weights=weights mtp_head=/Users/ec2-user/.senpai/native/qwen38-mlx-senpai-r2/roles/student-qwen-askeladd/home/.cache/mlxfast/qwen3.8-27b-mtp-v1/mtp-head-declared-run pinned_reference=<unset>
mtp-timed: tokens=512 depth=0 rounds=512 accepted_draft_rate=0.0000 all_tokens_matched=true reference_checked_rows=512/512 seconds_per_token=0.073383
benchmark-qwen-mtp.sh: GPU cool gate before the native-MTP decode (./benchmark.sh --local-cool-gate-only)
benchmark.sh: warning: local GPU cool-down gate disabled (MLXFAST_LOCAL_COOL_GATE=0); hot-start timings are not comparable to gated runs
benchmark-qwen-mtp.sh: measuring native-MTP decode (512 tokens, depth=8)
mtp-timed: weights=weights mtp_head=/Users/ec2-user/.senpai/native/qwen38-mlx-senpai-r2/roles/student-qwen-askeladd/home/.cache/mlxfast/qwen3.8-27b-mtp-v1/mtp-head-declared-run pinned_reference=<unset>
mtp-timed: tokens=512 depth=8 rounds=78 accepted_draft_rate=0.8875 all_tokens_matched=true reference_checked_rows=567/567 seconds_per_token=0.033416
benchmark-qwen-mtp.sh: local estimated decode speedup 2.196062345773851 (serial K=1 0.073382761795073748s/token / MTP 0.033415609505027533s/token)
benchmark-qwen-mtp.sh: the RANKED decode floor enforced on the ranked box is 0.90 (.github/workflows/qwen-mtp-ranked-benchmark.yml)
benchmark-qwen-mtp.sh: this local number is shown against that floor for DIRECTION ONLY; it is not a verdict
benchmark-qwen-mtp.sh: NOT RANKABLE: official_scoring_enabled=true, hidden timed prompt pool holds 8 entries,
benchmark-qwen-mtp.sh: and these reference rows came from the candidate build, not the pinned baseline. Only the
benchmark-qwen-mtp.sh: ranked .github/workflows/qwen-mtp-ranked-benchmark.yml run can produce a score that ranks.
{
  "score": 2.196062345773851,
  "passed": true,
  "track_id": "qwen3.8-27b-mtp-v1",
  "metrics": {
    "mode": "qwen-mtp-local-iterate",
    "oracle": "candidate-local-mtp-golden-rows",
    "official_score": false,
    "rankable": false,
    "not_rankable_reason": "candidate-generated reference rows; official scoring disabled; ranked run is the only authority",
    "ranked_decode_speedup_floor": 0.90,
    "public_drift_tripwire_passed": true,
    "decode_tokens": 512,
    "mtp_depth": 8,
    "all_tokens_matched": true,
    "uses_pinned_mtp_head": true,
    "head_provenance_sha256": "dadbfb806d80eca258395e5360534c5969acd5ad312b45102ad2caf65566f7e9",
    "effective_mean_draft_len": 6.2692307692307692,
    "serial_seconds_per_token": 0.073382761795073748,
    "mtp_seconds_per_token": 0.033415609505027533,
    "mtp_decode_speedup": 2.196062345773851,
    "accepted_draft_rate": 0.88752556237218816,
    "residual_divergence_count": 0
  }
}
worker      .build-worker/release/mlxfast-runtime-worker
worker_mtime 2026-08-20T14:37:42Z
worker_sha256 35e72c253f6428b9ec092d0239ae69ae46110413726ff7ed80656b3426d5fa7a
ok   require '<T, 5, 3, true>': 1
ok   require '<T, 6, 3, true>': 1
ok   require '<T, 9, 3, true>': 1
ok   forbid  '<T, 5, 4, true>': 0
ok   forbid  '<T, 5, 5, true>': 0
ok   forbid  '<T, 5, 6, true>': 0
ok   forbid  '<T, 6, 4, true>': 0
ok   forbid  '<T, 6, 5, true>': 0
ok   forbid  '<T, 6, 6, true>': 0
ok   forbid  '<T, 9, 4, true>': 0
ok   forbid  '<T, 9, 5, true>': 0
ok   forbid  '<T, 9, 6, true>': 0
ok   extraction: 80356 strings
rebuild-and-assert-worker: PASS
leg2_after_arm_m5_ipgs=3
leg2_after_arm_m6_ipgs=3
leg2_after_arm_m9_ipgs=3
leg2_after_worker_mtime=2026-08-20T14:37:42Z
leg2_after_worker_sha256=35e72c253f6428b9ec092d0239ae69ae46110413726ff7ed80656b3426d5fa7a
leg2_after_rebuild_assert_exit=0
leg2_after_metallib_source_fingerprint=c1739218181272ca50e882e957ede54658fded96f138cc0a80e8c06d9813b62b
leg2_worker_unchanged_across_leg=true
e66_whole_leg_session: b1 (b_crown) exited 0
wandb: [wandb.login()] Loaded credentials for https://api.wandb.ai from WANDB_API_KEY.
wandb: W&B API key is configured. Use `wandb login --relogin` to force relogin
wandb: setting up run 0kliz8mn
wandb: Tracking run with wandb version 0.28.1
wandb: Run data is saved locally in /Users/ec2-user/.senpai/native/qwen38-mlx-senpai-r2/roles/student-qwen-askeladd/workspace/target/wandb/run-20260820_144707-0kliz8mn
wandb: Run `wandb offline` to turn off syncing.
wandb: Syncing run e78-b1
wandb: ⭐️ View project at https://wandb.ai/wandb-applied-ai-team/qwen38-mlx-challenge-senpai
wandb: 🚀 View run at https://wandb.ai/wandb-applied-ai-team/qwen38-mlx-challenge-senpai/runs/0kliz8mn
e78_wandb_leg: b1 -> https://wandb.ai/wandb-applied-ai-team/qwen38-mlx-challenge-senpai/runs/0kliz8mn
wandb: updating run metadata; uploading summary
wandb: uploading config.yaml; uploading output.log
wandb: 
wandb: Run history:
wandb:       leg/accepted_draft_rate ▁▁
wandb:             leg/decode_tokens ▁▁
wandb:  leg/effective_mean_draft_len ▁▁
wandb:                     leg/index ▁█
wandb:        leg/mtp_decode_speedup ▁█
wandb:                 leg/mtp_depth ▁▁
wandb:     leg/mtp_seconds_per_token ▁█
wandb: leg/residual_divergence_count ▁▁
wandb:  leg/serial_seconds_per_token ▁█
wandb:           leg/width_rounds_m2 ▁▁
wandb:                            +6 ...
wandb: 
wandb: Run summary:
wandb:          accepted_draft_rate 0.88753
wandb:      accepted_draft_rate_max 0.88753
wandb:      accepted_draft_rate_min 0.88753
wandb: all_tokens_matched_every_leg True
wandb:                decode_tokens 512
wandb:            decode_tokens_max 512
wandb:            decode_tokens_min 512
wandb:     effective_mean_draft_len 6.26923
wandb: effective_mean_draft_len_max 6.26923
wandb: effective_mean_draft_len_min 6.26923
wandb:                          +36 ...
wandb: 
wandb: 🚀 View run e78-b1 at: https://wandb.ai/wandb-applied-ai-team/qwen38-mlx-challenge-senpai/runs/0kliz8mn
wandb: ⭐️ View project at: https://wandb.ai/wandb-applied-ai-team/qwen38-mlx-challenge-senpai
wandb: Synced 6 W&B file(s), 0 media file(s), 0 artifact file(s) and 0 other file(s)
wandb: Find logs at: ./wandb/run-20260820_144707-0kliz8mn/logs
e66_whole_leg_session: === 2026-08-20T14:47:15Z arm c1 (c_hybrid24928, 2 leg(s)) ===
{
  "arm": "c_hybrid24928",
  "base_sha": "8d938c911df52b6a324f259a55dbaa75e508c822",
  "cells": {
    "5": 5,
    "6": 6,
    "9": 5
  },
  "checkout": null,
  "cutoff": 24928,
  "doc": "IPG conditioned on out_vec_size at 24928: crown IPG below, base IPG at or above",
  "dry_run": false,
  "narrow_cells": {
    "5": 3,
    "6": 3,
    "9": 3
  },
  "never_submit": false,
  "never_time": false,
  "sha256": {
    "Vendor/mlx-swift/Source/Cmlx/mlx-generated/quantized.cpp": "f14705b1b269bec7c1dbcabef1a9d767817b1257eaf9765ba0f9d25b7bda1e01",
    "Vendor/mlx-swift/Source/Cmlx/mlx/mlx/backend/metal/kernels/quantized.h": "e0a6d3d78b95b719145137dfe12c25b3a0feaa121676fd90f992852966e5dd1f"
  },
  "source_bytes": {
    "Vendor/mlx-swift/Source/Cmlx/mlx-generated/quantized.cpp": 100201,
    "Vendor/mlx-swift/Source/Cmlx/mlx/mlx/backend/metal/kernels/quantized.h": 100406
  }
}
e78-run: MLXFAST_LOCAL_COOL_GATE=0 DARKBLOOM_STARTUP_MEMORY_PROFILE=full MLX_MAX_MB_PER_BUFFER=512 MLX_MAX_OPS_PER_BUFFER=50
E55 twin gate: quantized
    quantized/mlx/backend/metal/kernels/quantized.h: PINNED comment-only divergence (3 vs 13 comment line(s), 3024 non-comment line(s) identical)
E55 TWIN GATE OK: 1 runtime-effective twin(s)
Building for production...
[0/2] Write swift-version--58304C5D6DBC2206.txt
Build of product 'mlxfast-swift' complete! (1.54s)
Building for production...
[0/2] Write swift-version--58304C5D6DBC2206.txt
[1/3] Compiling quantized.cpp
[3/5] Compiling MLX ArrayAt.swift
[4/6] Compiling MLXFast MLXFast.swift
[5/7] Compiling MLXLMCommon DoRA+Layers.swift
/Users/ec2-user/.senpai/native/qwen38-mlx-senpai-r2/roles/student-qwen-askeladd/workspace/target/Vendor/mlx-swift-lm/Libraries/MLXLMCommon/ContinuousBatchingV2/EngineLoopV2.swift:1178:52: warning: capture of 'detokenizer' with non-Sendable type '(any CBv2IncrementalDetokenizer)?' in a '@Sendable' closure [#SendableClosureCaptures]
 128 | /// Incremental per-request detokenizer with UTF-8 + stop-string holdback.
 129 | /// See CONTRACT-ISSUES-B-scheduler.md §3.
 130 | public protocol CBv2IncrementalDetokenizer: AnyObject {
     |                 `- note: protocol 'CBv2IncrementalDetokenizer' does not conform to the 'Sendable' protocol
 131 |     /// Append confirmed tokens; returns text now safe to emit.
 132 |     func push(_ tokens: [Int]) -> String
     :
1176 |                 stream?.reserveEmission()
1177 |                 detokQueue.async {
1178 |                     let text = isStopToken ? "" : (detokenizer?.push([token]) ?? "")
     |                                                    `- warning: capture of 'detokenizer' with non-Sendable type '(any CBv2IncrementalDetokenizer)?' in a '@Sendable' closure [#SendableClosureCaptures]
1179 |                     stream?.emit(
1180 |                         .delta(text: text, tokens: [token], logprobs: logprobs),

/Users/ec2-user/.senpai/native/qwen38-mlx-senpai-r2/roles/student-qwen-askeladd/workspace/target/Vendor/mlx-swift-lm/Libraries/MLXLMCommon/ContinuousBatchingV2/EngineLoopV2.swift:1279:32: warning: capture of 'detokenizer' with non-Sendable type '(any CBv2IncrementalDetokenizer)?' in a '@Sendable' closure [#SendableClosureCaptures]
 128 | /// Incremental per-request detokenizer with UTF-8 + stop-string holdback.
 129 | /// See CONTRACT-ISSUES-B-scheduler.md §3.
 130 | public protocol CBv2IncrementalDetokenizer: AnyObject {
     |                 `- note: protocol 'CBv2IncrementalDetokenizer' does not conform to the 'Sendable' protocol
 131 |     /// Append confirmed tokens; returns text now safe to emit.
 132 |     func push(_ tokens: [Int]) -> String
     :
1277 |         if rec.request.stopStrings.isEmpty {
1278 |             detokQueue.async {
1279 |                 let trailing = detokenizer?.flush() ?? ""
     |                                `- warning: capture of 'detokenizer' with non-Sendable type '(any CBv2IncrementalDetokenizer)?' in a '@Sendable' closure [#SendableClosureCaptures]
1280 |                 if !trailing.isEmpty {
1281 |                     stream?.emit(.delta(text: trailing, tokens: [], logprobs: nil))

[#SendableClosureCaptures]: <https://docs.swift.org/compiler/documentation/diagnostics/sendable-closure-captures>
[5/7] Write Objects.LinkFileList
[6/7] Linking mlxfast-runtime-worker
Build of product 'mlxfast-runtime-worker' complete! (39.22s)
e78_binary_assert_m3_ipgs=3
e78_binary_assert_m4_ipgs=4
e78_binary_assert_m5_ipgs=3,5
e78_binary_assert_m6_ipgs=3,6
e78_binary_assert_m7_ipgs=4
e78_binary_assert_m8_ipgs=4
e78_binary_assert_m9_ipgs=3,5
e78_binary_assert_wide_bound=6
e78_binary_assert_cutoff=24928
e78_binary_assert_lane_perturb_copies=0
e78-binary-assert OK: .build-worker/release/mlxfast-runtime-worker embeds m3=[3] m4=[4] m5=[3 5] m6=[3 6] m7=[4] m8=[4] m9=[3 5], wide-helper bound [2, 6], cutoff=24928, lane_perturb=0
e78_binary_assert_worker_text_sha256=d28f70c74fd91cb4f4e4ebbcb3f945b9750e12c8098f7554185692cb6ce64490
e78_binary_assert_worker_cstring_sha256=5408ee57aa6cf68079e01176dee62f8585760a252d792384bd7d3df2fa16f8c5
=== e42-run: c1 leg pair 1/2 (512 tokens) ===
worker      .build-worker/release/mlxfast-runtime-worker
worker_mtime 2026-08-20T14:48:22Z
worker_sha256 3ec8f845b92fbb1be52f31cd670bfbbe8714a2346359ffed2054e78310dbfbb9
ok   require '<T, 5, 3, true>': 1
ok   require '<T, 5, 5, true>': 1
ok   require '<T, 6, 3, true>': 1
ok   require '<T, 6, 6, true>': 1
ok   require '<T, 9, 3, true>': 1
ok   require '<T, 9, 5, true>': 1
ok   forbid  '<T, 5, 4, true>': 0
ok   forbid  '<T, 5, 6, true>': 0
ok   forbid  '<T, 6, 4, true>': 0
ok   forbid  '<T, 6, 5, true>': 0
ok   forbid  '<T, 9, 4, true>': 0
ok   forbid  '<T, 9, 6, true>': 0
ok   extraction: 80375 strings
rebuild-and-assert-worker: PASS
leg1_before_arm_m5_ipgs=3,5
leg1_before_arm_m6_ipgs=3,6
leg1_before_arm_m9_ipgs=3,5
leg1_before_worker_mtime=2026-08-20T14:48:22Z
leg1_before_worker_sha256=3ec8f845b92fbb1be52f31cd670bfbbe8714a2346359ffed2054e78310dbfbb9
leg1_before_rebuild_assert_exit=0
leg1_before_metallib_source_fingerprint=a76b0287f3078fffbe6f9962d1d323195e6d71a5607467abb1c2c08377c4539a
benchmark-qwen-mtp.sh: mlx.metallib is stale (vendored kernel sources changed after it was built); rebuilding with tools/build-mlx-metallib.sh
-- Building MLX for arm64 processor on Darwin
-- Metal found /Applications/Xcode.app/Contents/Developer/Platforms/MacOSX.platform/Developer/SDKs/MacOSX.sdk/System/Library/Frameworks/Metal.framework
-- Building on macOS 26.5.2
-- Building with macOS 26.5 SDK
-- Metal version: 400
-- Accelerate found /Applications/Xcode.app/Contents/Developer/Platforms/MacOSX.platform/Developer/SDKs/MacOSX.sdk/System/Library/Frameworks/Accelerate.framework
-- Downloading json
-- Using the multi-header code from /Users/ec2-user/.senpai/native/qwen38-mlx-senpai-r2/roles/student-qwen-askeladd/workspace/target/Vendor/mlx-swift/Source/Cmlx/json/include/
-- Downloading json for JACCL
-- {fmt} version: 12.1.0
-- Build type: Release
-- Configuring done (0.2s)
-- Generating done (0.2s)
-- Build files have been written to: /Users/ec2-user/.senpai/native/qwen38-mlx-senpai-r2/roles/student-qwen-askeladd/workspace/target/.build-worker/mlx-metal
[  0%] Building quantized.air
In file included from /Users/ec2-user/.senpai/native/qwen38-mlx-senpai-r2/roles/student-qwen-askeladd/workspace/target/Vendor/mlx-swift/Source/Cmlx/mlx/mlx/backend/metal/kernels/quantized.metal:7:
/Users/ec2-user/.senpai/native/qwen38-mlx-senpai-r2/roles/student-qwen-askeladd/workspace/target/Vendor/mlx-swift/Source/Cmlx/mlx/mlx/backend/metal/kernels/quantized.h:1091:25: warning: unused parameter 'out_vec_size' [-Wunused-parameter]
    const constant int& out_vec_size,
                        ^
1 warning generated.
[  0%] Building mlx.metallib
[100%] Built target mlx-metallib
build-mlx-metallib.sh: wrote /Users/ec2-user/.senpai/native/qwen38-mlx-senpai-r2/roles/student-qwen-askeladd/workspace/target/.build-worker/release/mlx.metallib
build-mlx-metallib.sh: wrote .build/arm64-apple-macosx/release/mlxfast-challenge-devPackageTests.xctest/Contents/MacOS/mlx.metallib
build-mlx-metallib.sh: wrote .build/arm64-apple-macosx/debug/mlxfast-challenge-devPackageTests.xctest/Contents/MacOS/mlx.metallib
build-mlx-metallib.sh: wrote .build/debug/mlx.metallib
build-mlx-metallib.sh: wrote .build/release/mlx.metallib
build-mlx-metallib.sh: wrote .build-worker/release/mlx.metallib
benchmark-qwen-mtp.sh: public drift tripwire (correctness against correctness_prompts/public_longcopy_gate_english_512_256.json)
benchmark-qwen-mtp.sh: GPU cool gate before the MTP reference pass (./benchmark.sh --local-cool-gate-only)
benchmark.sh: warning: local GPU cool-down gate disabled (MLXFAST_LOCAL_COOL_GATE=0); hot-start timings are not comparable to gated runs
benchmark-qwen-mtp.sh: generating the MTP reference rows (512 rows, depth=8)
mtp-verify: generate 32/513 (context 545)
mtp-verify: generate 64/513 (context 577)
mtp-verify: generate 96/513 (context 609)
mtp-verify: generate 128/513 (context 641)
mtp-verify: generate 160/513 (context 673)
mtp-verify: generate 192/513 (context 705)
mtp-verify: generate 224/513 (context 737)
mtp-verify: generate 256/513 (context 769)
mtp-verify: generate 288/513 (context 801)
mtp-verify: generate 320/513 (context 833)
mtp-verify: generate 352/513 (context 865)
mtp-verify: generate 384/513 (context 897)
mtp-verify: generate 416/513 (context 929)
mtp-verify: generate 448/513 (context 961)
mtp-verify: generate 480/513 (context 993)
mtp-verify: generate 512/513 (context 1025)
mtp-verify: generate 513/513 (context 1026)
mtp-verify: rows=513 seed_tokens=512 reference_seed_token=271 self_consistent=true (replayed 1 row bit-identically) chain_contradictions=0
benchmark-qwen-mtp.sh: GPU cool gate before the true serial control (./benchmark.sh --local-cool-gate-only)
benchmark.sh: warning: local GPU cool-down gate disabled (MLXFAST_LOCAL_COOL_GATE=0); hot-start timings are not comparable to gated runs
benchmark-qwen-mtp.sh: measuring the TRUE serial control, MTP off (512 tokens)
mtp-timed: weights=weights mtp_head=/Users/ec2-user/.senpai/native/qwen38-mlx-senpai-r2/roles/student-qwen-askeladd/home/.cache/mlxfast/qwen3.8-27b-mtp-v1/mtp-head-declared-run pinned_reference=<unset>
mtp-timed: tokens=512 depth=0 rounds=512 accepted_draft_rate=0.0000 all_tokens_matched=true reference_checked_rows=512/512 seconds_per_token=0.073372
benchmark-qwen-mtp.sh: GPU cool gate before the native-MTP decode (./benchmark.sh --local-cool-gate-only)
benchmark.sh: warning: local GPU cool-down gate disabled (MLXFAST_LOCAL_COOL_GATE=0); hot-start timings are not comparable to gated runs
benchmark-qwen-mtp.sh: measuring native-MTP decode (512 tokens, depth=8)
mtp-timed: weights=weights mtp_head=/Users/ec2-user/.senpai/native/qwen38-mlx-senpai-r2/roles/student-qwen-askeladd/home/.cache/mlxfast/qwen3.8-27b-mtp-v1/mtp-head-declared-run pinned_reference=<unset>
mtp-timed: tokens=512 depth=8 rounds=78 accepted_draft_rate=0.8875 all_tokens_matched=true reference_checked_rows=567/567 seconds_per_token=0.032392
benchmark-qwen-mtp.sh: local estimated decode speedup 2.2651093861210656 (serial K=1 0.073371980339288712s/token / MTP 0.032392245950177312s/token)
benchmark-qwen-mtp.sh: the RANKED decode floor enforced on the ranked box is 0.90 (.github/workflows/qwen-mtp-ranked-benchmark.yml)
benchmark-qwen-mtp.sh: this local number is shown against that floor for DIRECTION ONLY; it is not a verdict
benchmark-qwen-mtp.sh: NOT RANKABLE: official_scoring_enabled=true, hidden timed prompt pool holds 8 entries,
benchmark-qwen-mtp.sh: and these reference rows came from the candidate build, not the pinned baseline. Only the
benchmark-qwen-mtp.sh: ranked .github/workflows/qwen-mtp-ranked-benchmark.yml run can produce a score that ranks.
{
  "score": 2.2651093861210656,
  "passed": true,
  "track_id": "qwen3.8-27b-mtp-v1",
  "metrics": {
    "mode": "qwen-mtp-local-iterate",
    "oracle": "candidate-local-mtp-golden-rows",
    "official_score": false,
    "rankable": false,
    "not_rankable_reason": "candidate-generated reference rows; official scoring disabled; ranked run is the only authority",
    "ranked_decode_speedup_floor": 0.90,
    "public_drift_tripwire_passed": true,
    "decode_tokens": 512,
    "mtp_depth": 8,
    "all_tokens_matched": true,
    "uses_pinned_mtp_head": true,
    "head_provenance_sha256": "dadbfb806d80eca258395e5360534c5969acd5ad312b45102ad2caf65566f7e9",
    "effective_mean_draft_len": 6.2692307692307692,
    "serial_seconds_per_token": 0.073371980339288712,
    "mtp_seconds_per_token": 0.032392245950177312,
    "mtp_decode_speedup": 2.2651093861210656,
    "accepted_draft_rate": 0.88752556237218816,
    "residual_divergence_count": 0
  }
}
worker      .build-worker/release/mlxfast-runtime-worker
worker_mtime 2026-08-20T14:48:22Z
worker_sha256 3ec8f845b92fbb1be52f31cd670bfbbe8714a2346359ffed2054e78310dbfbb9
ok   require '<T, 5, 3, true>': 1
ok   require '<T, 5, 5, true>': 1
ok   require '<T, 6, 3, true>': 1
ok   require '<T, 6, 6, true>': 1
ok   require '<T, 9, 3, true>': 1
ok   require '<T, 9, 5, true>': 1
ok   forbid  '<T, 5, 4, true>': 0
ok   forbid  '<T, 5, 6, true>': 0
ok   forbid  '<T, 6, 4, true>': 0
ok   forbid  '<T, 6, 5, true>': 0
ok   forbid  '<T, 9, 4, true>': 0
ok   forbid  '<T, 9, 6, true>': 0
ok   extraction: 80375 strings
rebuild-and-assert-worker: PASS
leg1_after_arm_m5_ipgs=3,5
leg1_after_arm_m6_ipgs=3,6
leg1_after_arm_m9_ipgs=3,5
leg1_after_worker_mtime=2026-08-20T14:48:22Z
leg1_after_worker_sha256=3ec8f845b92fbb1be52f31cd670bfbbe8714a2346359ffed2054e78310dbfbb9
leg1_after_rebuild_assert_exit=0
leg1_after_metallib_source_fingerprint=a76b0287f3078fffbe6f9962d1d323195e6d71a5607467abb1c2c08377c4539a
leg1_worker_unchanged_across_leg=true
=== e42-run: c1 leg pair 2/2 (512 tokens) ===
worker      .build-worker/release/mlxfast-runtime-worker
worker_mtime 2026-08-20T14:48:22Z
worker_sha256 3ec8f845b92fbb1be52f31cd670bfbbe8714a2346359ffed2054e78310dbfbb9
ok   require '<T, 5, 3, true>': 1
ok   require '<T, 5, 5, true>': 1
ok   require '<T, 6, 3, true>': 1
ok   require '<T, 6, 6, true>': 1
ok   require '<T, 9, 3, true>': 1
ok   require '<T, 9, 5, true>': 1
ok   forbid  '<T, 5, 4, true>': 0
ok   forbid  '<T, 5, 6, true>': 0
ok   forbid  '<T, 6, 4, true>': 0
ok   forbid  '<T, 6, 5, true>': 0
ok   forbid  '<T, 9, 4, true>': 0
ok   forbid  '<T, 9, 6, true>': 0
ok   extraction: 80375 strings
rebuild-and-assert-worker: PASS
leg2_before_arm_m5_ipgs=3,5
leg2_before_arm_m6_ipgs=3,6
leg2_before_arm_m9_ipgs=3,5
leg2_before_worker_mtime=2026-08-20T14:48:22Z
leg2_before_worker_sha256=3ec8f845b92fbb1be52f31cd670bfbbe8714a2346359ffed2054e78310dbfbb9
leg2_before_rebuild_assert_exit=0
leg2_before_metallib_source_fingerprint=a76b0287f3078fffbe6f9962d1d323195e6d71a5607467abb1c2c08377c4539a
benchmark-qwen-mtp.sh: public drift tripwire (correctness against correctness_prompts/public_longcopy_gate_english_512_256.json)
benchmark-qwen-mtp.sh: GPU cool gate before the MTP reference pass (./benchmark.sh --local-cool-gate-only)
benchmark.sh: warning: local GPU cool-down gate disabled (MLXFAST_LOCAL_COOL_GATE=0); hot-start timings are not comparable to gated runs
benchmark-qwen-mtp.sh: generating the MTP reference rows (512 rows, depth=8)
mtp-verify: generate 32/513 (context 545)
mtp-verify: generate 64/513 (context 577)
mtp-verify: generate 96/513 (context 609)
mtp-verify: generate 128/513 (context 641)
mtp-verify: generate 160/513 (context 673)
mtp-verify: generate 192/513 (context 705)
mtp-verify: generate 224/513 (context 737)
mtp-verify: generate 256/513 (context 769)
mtp-verify: generate 288/513 (context 801)
mtp-verify: generate 320/513 (context 833)
mtp-verify: generate 352/513 (context 865)
mtp-verify: generate 384/513 (context 897)
mtp-verify: generate 416/513 (context 929)
mtp-verify: generate 448/513 (context 961)
mtp-verify: generate 480/513 (context 993)
mtp-verify: generate 512/513 (context 1025)
mtp-verify: generate 513/513 (context 1026)
mtp-verify: rows=513 seed_tokens=512 reference_seed_token=271 self_consistent=true (replayed 1 row bit-identically) chain_contradictions=0
benchmark-qwen-mtp.sh: GPU cool gate before the true serial control (./benchmark.sh --local-cool-gate-only)
benchmark.sh: warning: local GPU cool-down gate disabled (MLXFAST_LOCAL_COOL_GATE=0); hot-start timings are not comparable to gated runs
benchmark-qwen-mtp.sh: measuring the TRUE serial control, MTP off (512 tokens)
mtp-timed: weights=weights mtp_head=/Users/ec2-user/.senpai/native/qwen38-mlx-senpai-r2/roles/student-qwen-askeladd/home/.cache/mlxfast/qwen3.8-27b-mtp-v1/mtp-head-declared-run pinned_reference=<unset>
mtp-timed: tokens=512 depth=0 rounds=512 accepted_draft_rate=0.0000 all_tokens_matched=true reference_checked_rows=512/512 seconds_per_token=0.073226
benchmark-qwen-mtp.sh: GPU cool gate before the native-MTP decode (./benchmark.sh --local-cool-gate-only)
benchmark.sh: warning: local GPU cool-down gate disabled (MLXFAST_LOCAL_COOL_GATE=0); hot-start timings are not comparable to gated runs
benchmark-qwen-mtp.sh: measuring native-MTP decode (512 tokens, depth=8)
mtp-timed: weights=weights mtp_head=/Users/ec2-user/.senpai/native/qwen38-mlx-senpai-r2/roles/student-qwen-askeladd/home/.cache/mlxfast/qwen3.8-27b-mtp-v1/mtp-head-declared-run pinned_reference=<unset>
mtp-timed: tokens=512 depth=8 rounds=78 accepted_draft_rate=0.8875 all_tokens_matched=true reference_checked_rows=567/567 seconds_per_token=0.032329
benchmark-qwen-mtp.sh: local estimated decode speedup 2.265032779203566 (serial K=1 0.073225554544478655s/token / MTP 0.032328695291653275s/token)
benchmark-qwen-mtp.sh: the RANKED decode floor enforced on the ranked box is 0.90 (.github/workflows/qwen-mtp-ranked-benchmark.yml)
benchmark-qwen-mtp.sh: this local number is shown against that floor for DIRECTION ONLY; it is not a verdict
benchmark-qwen-mtp.sh: NOT RANKABLE: official_scoring_enabled=true, hidden timed prompt pool holds 8 entries,
benchmark-qwen-mtp.sh: and these reference rows came from the candidate build, not the pinned baseline. Only the
benchmark-qwen-mtp.sh: ranked .github/workflows/qwen-mtp-ranked-benchmark.yml run can produce a score that ranks.
{
  "score": 2.265032779203566,
  "passed": true,
  "track_id": "qwen3.8-27b-mtp-v1",
  "metrics": {
    "mode": "qwen-mtp-local-iterate",
    "oracle": "candidate-local-mtp-golden-rows",
    "official_score": false,
    "rankable": false,
    "not_rankable_reason": "candidate-generated reference rows; official scoring disabled; ranked run is the only authority",
    "ranked_decode_speedup_floor": 0.90,
    "public_drift_tripwire_passed": true,
    "decode_tokens": 512,
    "mtp_depth": 8,
    "all_tokens_matched": true,
    "uses_pinned_mtp_head": true,
    "head_provenance_sha256": "dadbfb806d80eca258395e5360534c5969acd5ad312b45102ad2caf65566f7e9",
    "effective_mean_draft_len": 6.2692307692307692,
    "serial_seconds_per_token": 0.073225554544478655,
    "mtp_seconds_per_token": 0.032328695291653275,
    "mtp_decode_speedup": 2.265032779203566,
    "accepted_draft_rate": 0.88752556237218816,
    "residual_divergence_count": 0
  }
}
worker      .build-worker/release/mlxfast-runtime-worker
worker_mtime 2026-08-20T14:48:22Z
worker_sha256 3ec8f845b92fbb1be52f31cd670bfbbe8714a2346359ffed2054e78310dbfbb9
ok   require '<T, 5, 3, true>': 1
ok   require '<T, 5, 5, true>': 1
ok   require '<T, 6, 3, true>': 1
ok   require '<T, 6, 6, true>': 1
ok   require '<T, 9, 3, true>': 1
ok   require '<T, 9, 5, true>': 1
ok   forbid  '<T, 5, 4, true>': 0
ok   forbid  '<T, 5, 6, true>': 0
ok   forbid  '<T, 6, 4, true>': 0
ok   forbid  '<T, 6, 5, true>': 0
ok   forbid  '<T, 9, 4, true>': 0
ok   forbid  '<T, 9, 6, true>': 0
ok   extraction: 80375 strings
rebuild-and-assert-worker: PASS
leg2_after_arm_m5_ipgs=3,5
leg2_after_arm_m6_ipgs=3,6
leg2_after_arm_m9_ipgs=3,5
leg2_after_worker_mtime=2026-08-20T14:48:22Z
leg2_after_worker_sha256=3ec8f845b92fbb1be52f31cd670bfbbe8714a2346359ffed2054e78310dbfbb9
leg2_after_rebuild_assert_exit=0
leg2_after_metallib_source_fingerprint=a76b0287f3078fffbe6f9962d1d323195e6d71a5607467abb1c2c08377c4539a
leg2_worker_unchanged_across_leg=true
e66_whole_leg_session: c1 (c_hybrid24928) exited 0
wandb: [wandb.login()] Loaded credentials for https://api.wandb.ai from WANDB_API_KEY.
wandb: W&B API key is configured. Use `wandb login --relogin` to force relogin
wandb: Tracking run with wandb version 0.28.1
wandb: Run data is saved locally in /Users/ec2-user/.senpai/native/qwen38-mlx-senpai-r2/roles/student-qwen-askeladd/workspace/target/wandb/run-20260820_145748-eu42wktv
wandb: Run `wandb offline` to turn off syncing.
wandb: Syncing run e78-c1
wandb: ⭐️ View project at https://wandb.ai/wandb-applied-ai-team/qwen38-mlx-challenge-senpai
wandb: 🚀 View run at https://wandb.ai/wandb-applied-ai-team/qwen38-mlx-challenge-senpai/runs/eu42wktv
e78_wandb_leg: c1 -> https://wandb.ai/wandb-applied-ai-team/qwen38-mlx-challenge-senpai/runs/eu42wktv
wandb: updating run metadata; uploading history steps 0-0, summary
wandb: uploading wandb-metadata.json; uploading requirements.txt; uploading output.log; uploading wandb-summary.json; uploading config.yaml (+ 1 more)
wandb: 
wandb: Run history:
wandb:       leg/accepted_draft_rate ▁▁
wandb:             leg/decode_tokens ▁▁
wandb:  leg/effective_mean_draft_len ▁▁
wandb:                     leg/index ▁█
wandb:        leg/mtp_decode_speedup █▁
wandb:                 leg/mtp_depth ▁▁
wandb:     leg/mtp_seconds_per_token █▁
wandb: leg/residual_divergence_count ▁▁
wandb:  leg/serial_seconds_per_token █▁
wandb:           leg/width_rounds_m2 ▁▁
wandb:                            +6 ...
wandb: 
wandb: Run summary:
wandb:          accepted_draft_rate 0.88753
wandb:      accepted_draft_rate_max 0.88753
wandb:      accepted_draft_rate_min 0.88753
wandb: all_tokens_matched_every_leg True
wandb:                decode_tokens 512
wandb:            decode_tokens_max 512
wandb:            decode_tokens_min 512
wandb:     effective_mean_draft_len 6.26923
wandb: effective_mean_draft_len_max 6.26923
wandb: effective_mean_draft_len_min 6.26923
wandb:                          +36 ...
wandb: 
wandb: 🚀 View run e78-c1 at: https://wandb.ai/wandb-applied-ai-team/qwen38-mlx-challenge-senpai/runs/eu42wktv
wandb: ⭐️ View project at: https://wandb.ai/wandb-applied-ai-team/qwen38-mlx-challenge-senpai
wandb: Synced 6 W&B file(s), 0 media file(s), 0 artifact file(s) and 0 other file(s)
wandb: Find logs at: ./wandb/run-20260820_145748-eu42wktv/logs
e66_whole_leg_session: === 2026-08-20T14:57:55Z arm d1 (d_hybrid8192, 2 leg(s)) ===
{
  "arm": "d_hybrid8192",
  "base_sha": "8d938c911df52b6a324f259a55dbaa75e508c822",
  "cells": {
    "5": 5,
    "6": 6,
    "9": 5
  },
  "checkout": null,
  "cutoff": 8192,
  "doc": "IPG conditioned on out_vec_size at 8192: crown IPG below, base IPG at or above",
  "dry_run": false,
  "narrow_cells": {
    "5": 3,
    "6": 3,
    "9": 3
  },
  "never_submit": false,
  "never_time": false,
  "sha256": {
    "Vendor/mlx-swift/Source/Cmlx/mlx-generated/quantized.cpp": "f47aaa98debc340812e020ccbff9850c0d462b9d99ac3078b164c55a6700949f",
    "Vendor/mlx-swift/Source/Cmlx/mlx/mlx/backend/metal/kernels/quantized.h": "49e47f3863a15131302698632fcc222d6b47a9c1c922084f8a81372179922d11"
  },
  "source_bytes": {
    "Vendor/mlx-swift/Source/Cmlx/mlx-generated/quantized.cpp": 100200,
    "Vendor/mlx-swift/Source/Cmlx/mlx/mlx/backend/metal/kernels/quantized.h": 100405
  }
}
e78-run: MLXFAST_LOCAL_COOL_GATE=0 DARKBLOOM_STARTUP_MEMORY_PROFILE=full MLX_MAX_MB_PER_BUFFER=512 MLX_MAX_OPS_PER_BUFFER=50
E55 twin gate: quantized
    quantized/mlx/backend/metal/kernels/quantized.h: PINNED comment-only divergence (3 vs 13 comment line(s), 3024 non-comment line(s) identical)
E55 TWIN GATE OK: 1 runtime-effective twin(s)
Building for production...
[0/2] Write swift-version--58304C5D6DBC2206.txt
Build of product 'mlxfast-swift' complete! (1.51s)
Building for production...
[0/2] Write swift-version--58304C5D6DBC2206.txt
[1/3] Compiling quantized.cpp
[3/5] Compiling MLX ArrayAt.swift
[4/6] Compiling MLXFast MLXFast.swift
[5/7] Compiling MLXLMCommon DoRA+Layers.swift
/Users/ec2-user/.senpai/native/qwen38-mlx-senpai-r2/roles/student-qwen-askeladd/workspace/target/Vendor/mlx-swift-lm/Libraries/MLXLMCommon/ContinuousBatchingV2/EngineLoopV2.swift:1178:52: warning: capture of 'detokenizer' with non-Sendable type '(any CBv2IncrementalDetokenizer)?' in a '@Sendable' closure [#SendableClosureCaptures]
 128 | /// Incremental per-request detokenizer with UTF-8 + stop-string holdback.
 129 | /// See CONTRACT-ISSUES-B-scheduler.md §3.
 130 | public protocol CBv2IncrementalDetokenizer: AnyObject {
     |                 `- note: protocol 'CBv2IncrementalDetokenizer' does not conform to the 'Sendable' protocol
 131 |     /// Append confirmed tokens; returns text now safe to emit.
 132 |     func push(_ tokens: [Int]) -> String
     :
1176 |                 stream?.reserveEmission()
1177 |                 detokQueue.async {
1178 |                     let text = isStopToken ? "" : (detokenizer?.push([token]) ?? "")
     |                                                    `- warning: capture of 'detokenizer' with non-Sendable type '(any CBv2IncrementalDetokenizer)?' in a '@Sendable' closure [#SendableClosureCaptures]
1179 |                     stream?.emit(
1180 |                         .delta(text: text, tokens: [token], logprobs: logprobs),

/Users/ec2-user/.senpai/native/qwen38-mlx-senpai-r2/roles/student-qwen-askeladd/workspace/target/Vendor/mlx-swift-lm/Libraries/MLXLMCommon/ContinuousBatchingV2/EngineLoopV2.swift:1279:32: warning: capture of 'detokenizer' with non-Sendable type '(any CBv2IncrementalDetokenizer)?' in a '@Sendable' closure [#SendableClosureCaptures]
 128 | /// Incremental per-request detokenizer with UTF-8 + stop-string holdback.
 129 | /// See CONTRACT-ISSUES-B-scheduler.md §3.
 130 | public protocol CBv2IncrementalDetokenizer: AnyObject {
     |                 `- note: protocol 'CBv2IncrementalDetokenizer' does not conform to the 'Sendable' protocol
 131 |     /// Append confirmed tokens; returns text now safe to emit.
 132 |     func push(_ tokens: [Int]) -> String
     :
1277 |         if rec.request.stopStrings.isEmpty {
1278 |             detokQueue.async {
1279 |                 let trailing = detokenizer?.flush() ?? ""
     |                                `- warning: capture of 'detokenizer' with non-Sendable type '(any CBv2IncrementalDetokenizer)?' in a '@Sendable' closure [#SendableClosureCaptures]
1280 |                 if !trailing.isEmpty {
1281 |                     stream?.emit(.delta(text: trailing, tokens: [], logprobs: nil))

[#SendableClosureCaptures]: <https://docs.swift.org/compiler/documentation/diagnostics/sendable-closure-captures>
[5/7] Write Objects.LinkFileList
[6/7] Linking mlxfast-runtime-worker
Build of product 'mlxfast-runtime-worker' complete! (39.21s)
e78_binary_assert_m3_ipgs=3
e78_binary_assert_m4_ipgs=4
e78_binary_assert_m5_ipgs=3,5
e78_binary_assert_m6_ipgs=3,6
e78_binary_assert_m7_ipgs=4
e78_binary_assert_m8_ipgs=4
e78_binary_assert_m9_ipgs=3,5
e78_binary_assert_wide_bound=6
e78_binary_assert_cutoff=8192
e78_binary_assert_lane_perturb_copies=0
e78-binary-assert OK: .build-worker/release/mlxfast-runtime-worker embeds m3=[3] m4=[4] m5=[3 5] m6=[3 6] m7=[4] m8=[4] m9=[3 5], wide-helper bound [2, 6], cutoff=8192, lane_perturb=0
e78_binary_assert_worker_text_sha256=26da7f89b686df65d8c289f896ab81c9a399bb03f4a4ab8807e3bcb4471dde59
e78_binary_assert_worker_cstring_sha256=ee87c4c62e4d2bdab1fa05eb1867680ea9fee3e9b49a74975ce0e9d8c7639758
=== e42-run: d1 leg pair 1/2 (512 tokens) ===
worker      .build-worker/release/mlxfast-runtime-worker
worker_mtime 2026-08-20T14:59:02Z
worker_sha256 31ebef164c9200abd6aad0f8827ac80d82af27e1d406773a8f053a0cb75f61a8
ok   require '<T, 5, 3, true>': 1
ok   require '<T, 5, 5, true>': 1
ok   require '<T, 6, 3, true>': 1
ok   require '<T, 6, 6, true>': 1
ok   require '<T, 9, 3, true>': 1
ok   require '<T, 9, 5, true>': 1
ok   forbid  '<T, 5, 4, true>': 0
ok   forbid  '<T, 5, 6, true>': 0
ok   forbid  '<T, 6, 4, true>': 0
ok   forbid  '<T, 6, 5, true>': 0
ok   forbid  '<T, 9, 4, true>': 0
ok   forbid  '<T, 9, 6, true>': 0
ok   extraction: 80375 strings
rebuild-and-assert-worker: PASS
leg1_before_arm_m5_ipgs=3,5
leg1_before_arm_m6_ipgs=3,6
leg1_before_arm_m9_ipgs=3,5
leg1_before_worker_mtime=2026-08-20T14:59:02Z
leg1_before_worker_sha256=31ebef164c9200abd6aad0f8827ac80d82af27e1d406773a8f053a0cb75f61a8
leg1_before_rebuild_assert_exit=0
leg1_before_metallib_source_fingerprint=cc9a22cc74203d836a48685e2a2b0d61e78957aeaeece751199b0827f24a08ca
benchmark-qwen-mtp.sh: mlx.metallib is stale (vendored kernel sources changed after it was built); rebuilding with tools/build-mlx-metallib.sh
-- Building MLX for arm64 processor on Darwin
-- Metal found /Applications/Xcode.app/Contents/Developer/Platforms/MacOSX.platform/Developer/SDKs/MacOSX.sdk/System/Library/Frameworks/Metal.framework
-- Building on macOS 26.5.2
-- Building with macOS 26.5 SDK
-- Metal version: 400
-- Accelerate found /Applications/Xcode.app/Contents/Developer/Platforms/MacOSX.platform/Developer/SDKs/MacOSX.sdk/System/Library/Frameworks/Accelerate.framework
-- Downloading json
-- Using the multi-header code from /Users/ec2-user/.senpai/native/qwen38-mlx-senpai-r2/roles/student-qwen-askeladd/workspace/target/Vendor/mlx-swift/Source/Cmlx/json/include/
-- Downloading json for JACCL
-- {fmt} version: 12.1.0
-- Build type: Release
-- Configuring done (0.2s)
-- Generating done (0.2s)
-- Build files have been written to: /Users/ec2-user/.senpai/native/qwen38-mlx-senpai-r2/roles/student-qwen-askeladd/workspace/target/.build-worker/mlx-metal
[  0%] Building quantized.air
In file included from /Users/ec2-user/.senpai/native/qwen38-mlx-senpai-r2/roles/student-qwen-askeladd/workspace/target/Vendor/mlx-swift/Source/Cmlx/mlx/mlx/backend/metal/kernels/quantized.metal:7:
/Users/ec2-user/.senpai/native/qwen38-mlx-senpai-r2/roles/student-qwen-askeladd/workspace/target/Vendor/mlx-swift/Source/Cmlx/mlx/mlx/backend/metal/kernels/quantized.h:1091:25: warning: unused parameter 'out_vec_size' [-Wunused-parameter]
    const constant int& out_vec_size,
                        ^
1 warning generated.
[  0%] Building mlx.metallib
[100%] Built target mlx-metallib
build-mlx-metallib.sh: wrote /Users/ec2-user/.senpai/native/qwen38-mlx-senpai-r2/roles/student-qwen-askeladd/workspace/target/.build-worker/release/mlx.metallib
build-mlx-metallib.sh: wrote .build/arm64-apple-macosx/release/mlxfast-challenge-devPackageTests.xctest/Contents/MacOS/mlx.metallib
build-mlx-metallib.sh: wrote .build/arm64-apple-macosx/debug/mlxfast-challenge-devPackageTests.xctest/Contents/MacOS/mlx.metallib
build-mlx-metallib.sh: wrote .build/debug/mlx.metallib
build-mlx-metallib.sh: wrote .build/release/mlx.metallib
build-mlx-metallib.sh: wrote .build-worker/release/mlx.metallib
benchmark-qwen-mtp.sh: public drift tripwire (correctness against correctness_prompts/public_longcopy_gate_english_512_256.json)
benchmark-qwen-mtp.sh: GPU cool gate before the MTP reference pass (./benchmark.sh --local-cool-gate-only)
benchmark.sh: warning: local GPU cool-down gate disabled (MLXFAST_LOCAL_COOL_GATE=0); hot-start timings are not comparable to gated runs
benchmark-qwen-mtp.sh: generating the MTP reference rows (512 rows, depth=8)
mtp-verify: generate 32/513 (context 545)
mtp-verify: generate 64/513 (context 577)
mtp-verify: generate 96/513 (context 609)
mtp-verify: generate 128/513 (context 641)
mtp-verify: generate 160/513 (context 673)
mtp-verify: generate 192/513 (context 705)
mtp-verify: generate 224/513 (context 737)
mtp-verify: generate 256/513 (context 769)
mtp-verify: generate 288/513 (context 801)
mtp-verify: generate 320/513 (context 833)
mtp-verify: generate 352/513 (context 865)
mtp-verify: generate 384/513 (context 897)
mtp-verify: generate 416/513 (context 929)
mtp-verify: generate 448/513 (context 961)
mtp-verify: generate 480/513 (context 993)
mtp-verify: generate 512/513 (context 1025)
mtp-verify: generate 513/513 (context 1026)
mtp-verify: rows=513 seed_tokens=512 reference_seed_token=271 self_consistent=true (replayed 1 row bit-identically) chain_contradictions=0
benchmark-qwen-mtp.sh: GPU cool gate before the true serial control (./benchmark.sh --local-cool-gate-only)
benchmark.sh: warning: local GPU cool-down gate disabled (MLXFAST_LOCAL_COOL_GATE=0); hot-start timings are not comparable to gated runs
benchmark-qwen-mtp.sh: measuring the TRUE serial control, MTP off (512 tokens)
mtp-timed: weights=weights mtp_head=/Users/ec2-user/.senpai/native/qwen38-mlx-senpai-r2/roles/student-qwen-askeladd/home/.cache/mlxfast/qwen3.8-27b-mtp-v1/mtp-head-declared-run pinned_reference=<unset>
mtp-timed: tokens=512 depth=0 rounds=512 accepted_draft_rate=0.0000 all_tokens_matched=true reference_checked_rows=512/512 seconds_per_token=0.073199
benchmark-qwen-mtp.sh: GPU cool gate before the native-MTP decode (./benchmark.sh --local-cool-gate-only)
benchmark.sh: warning: local GPU cool-down gate disabled (MLXFAST_LOCAL_COOL_GATE=0); hot-start timings are not comparable to gated runs
benchmark-qwen-mtp.sh: measuring native-MTP decode (512 tokens, depth=8)
mtp-timed: weights=weights mtp_head=/Users/ec2-user/.senpai/native/qwen38-mlx-senpai-r2/roles/student-qwen-askeladd/home/.cache/mlxfast/qwen3.8-27b-mtp-v1/mtp-head-declared-run pinned_reference=<unset>
mtp-timed: tokens=512 depth=8 rounds=78 accepted_draft_rate=0.8875 all_tokens_matched=true reference_checked_rows=567/567 seconds_per_token=0.031904
benchmark-qwen-mtp.sh: local estimated decode speedup 2.2943866657714516 (serial K=1 0.073199131060391665s/token / MTP 0.031903572380542755s/token)
benchmark-qwen-mtp.sh: the RANKED decode floor enforced on the ranked box is 0.90 (.github/workflows/qwen-mtp-ranked-benchmark.yml)
benchmark-qwen-mtp.sh: this local number is shown against that floor for DIRECTION ONLY; it is not a verdict
benchmark-qwen-mtp.sh: NOT RANKABLE: official_scoring_enabled=true, hidden timed prompt pool holds 8 entries,
benchmark-qwen-mtp.sh: and these reference rows came from the candidate build, not the pinned baseline. Only the
benchmark-qwen-mtp.sh: ranked .github/workflows/qwen-mtp-ranked-benchmark.yml run can produce a score that ranks.
{
  "score": 2.2943866657714516,
  "passed": true,
  "track_id": "qwen3.8-27b-mtp-v1",
  "metrics": {
    "mode": "qwen-mtp-local-iterate",
    "oracle": "candidate-local-mtp-golden-rows",
    "official_score": false,
    "rankable": false,
    "not_rankable_reason": "candidate-generated reference rows; official scoring disabled; ranked run is the only authority",
    "ranked_decode_speedup_floor": 0.90,
    "public_drift_tripwire_passed": true,
    "decode_tokens": 512,
    "mtp_depth": 8,
    "all_tokens_matched": true,
    "uses_pinned_mtp_head": true,
    "head_provenance_sha256": "dadbfb806d80eca258395e5360534c5969acd5ad312b45102ad2caf65566f7e9",
    "effective_mean_draft_len": 6.2692307692307692,
    "serial_seconds_per_token": 0.073199131060391665,
    "mtp_seconds_per_token": 0.031903572380542755,
    "mtp_decode_speedup": 2.2943866657714516,
    "accepted_draft_rate": 0.88752556237218816,
    "residual_divergence_count": 0
  }
}
worker      .build-worker/release/mlxfast-runtime-worker
worker_mtime 2026-08-20T14:59:02Z
worker_sha256 31ebef164c9200abd6aad0f8827ac80d82af27e1d406773a8f053a0cb75f61a8
ok   require '<T, 5, 3, true>': 1
ok   require '<T, 5, 5, true>': 1
ok   require '<T, 6, 3, true>': 1
ok   require '<T, 6, 6, true>': 1
ok   require '<T, 9, 3, true>': 1
ok   require '<T, 9, 5, true>': 1
ok   forbid  '<T, 5, 4, true>': 0
ok   forbid  '<T, 5, 6, true>': 0
ok   forbid  '<T, 6, 4, true>': 0
ok   forbid  '<T, 6, 5, true>': 0
ok   forbid  '<T, 9, 4, true>': 0
ok   forbid  '<T, 9, 6, true>': 0
ok   extraction: 80375 strings
rebuild-and-assert-worker: PASS
leg1_after_arm_m5_ipgs=3,5
leg1_after_arm_m6_ipgs=3,6
leg1_after_arm_m9_ipgs=3,5
leg1_after_worker_mtime=2026-08-20T14:59:02Z
leg1_after_worker_sha256=31ebef164c9200abd6aad0f8827ac80d82af27e1d406773a8f053a0cb75f61a8
leg1_after_rebuild_assert_exit=0
leg1_after_metallib_source_fingerprint=cc9a22cc74203d836a48685e2a2b0d61e78957aeaeece751199b0827f24a08ca
leg1_worker_unchanged_across_leg=true
=== e42-run: d1 leg pair 2/2 (512 tokens) ===
worker      .build-worker/release/mlxfast-runtime-worker
worker_mtime 2026-08-20T14:59:02Z
worker_sha256 31ebef164c9200abd6aad0f8827ac80d82af27e1d406773a8f053a0cb75f61a8
ok   require '<T, 5, 3, true>': 1
ok   require '<T, 5, 5, true>': 1
ok   require '<T, 6, 3, true>': 1
ok   require '<T, 6, 6, true>': 1
ok   require '<T, 9, 3, true>': 1
ok   require '<T, 9, 5, true>': 1
ok   forbid  '<T, 5, 4, true>': 0
ok   forbid  '<T, 5, 6, true>': 0
ok   forbid  '<T, 6, 4, true>': 0
ok   forbid  '<T, 6, 5, true>': 0
ok   forbid  '<T, 9, 4, true>': 0
ok   forbid  '<T, 9, 6, true>': 0
ok   extraction: 80375 strings
rebuild-and-assert-worker: PASS
leg2_before_arm_m5_ipgs=3,5
leg2_before_arm_m6_ipgs=3,6
leg2_before_arm_m9_ipgs=3,5
leg2_before_worker_mtime=2026-08-20T14:59:02Z
leg2_before_worker_sha256=31ebef164c9200abd6aad0f8827ac80d82af27e1d406773a8f053a0cb75f61a8
leg2_before_rebuild_assert_exit=0
leg2_before_metallib_source_fingerprint=cc9a22cc74203d836a48685e2a2b0d61e78957aeaeece751199b0827f24a08ca
benchmark-qwen-mtp.sh: public drift tripwire (correctness against correctness_prompts/public_longcopy_gate_english_512_256.json)
benchmark-qwen-mtp.sh: GPU cool gate before the MTP reference pass (./benchmark.sh --local-cool-gate-only)
benchmark.sh: warning: local GPU cool-down gate disabled (MLXFAST_LOCAL_COOL_GATE=0); hot-start timings are not comparable to gated runs
benchmark-qwen-mtp.sh: generating the MTP reference rows (512 rows, depth=8)
mtp-verify: generate 32/513 (context 545)
mtp-verify: generate 64/513 (context 577)
mtp-verify: generate 96/513 (context 609)
mtp-verify: generate 128/513 (context 641)
mtp-verify: generate 160/513 (context 673)
mtp-verify: generate 192/513 (context 705)
mtp-verify: generate 224/513 (context 737)
mtp-verify: generate 256/513 (context 769)
mtp-verify: generate 288/513 (context 801)
mtp-verify: generate 320/513 (context 833)
mtp-verify: generate 352/513 (context 865)
mtp-verify: generate 384/513 (context 897)
mtp-verify: generate 416/513 (context 929)
mtp-verify: generate 448/513 (context 961)
mtp-verify: generate 480/513 (context 993)
mtp-verify: generate 512/513 (context 1025)
mtp-verify: generate 513/513 (context 1026)
mtp-verify: rows=513 seed_tokens=512 reference_seed_token=271 self_consistent=true (replayed 1 row bit-identically) chain_contradictions=0
benchmark-qwen-mtp.sh: GPU cool gate before the true serial control (./benchmark.sh --local-cool-gate-only)
benchmark.sh: warning: local GPU cool-down gate disabled (MLXFAST_LOCAL_COOL_GATE=0); hot-start timings are not comparable to gated runs
benchmark-qwen-mtp.sh: measuring the TRUE serial control, MTP off (512 tokens)
mtp-timed: weights=weights mtp_head=/Users/ec2-user/.senpai/native/qwen38-mlx-senpai-r2/roles/student-qwen-askeladd/home/.cache/mlxfast/qwen3.8-27b-mtp-v1/mtp-head-declared-run pinned_reference=<unset>
mtp-timed: tokens=512 depth=0 rounds=512 accepted_draft_rate=0.0000 all_tokens_matched=true reference_checked_rows=512/512 seconds_per_token=0.073404
benchmark-qwen-mtp.sh: GPU cool gate before the native-MTP decode (./benchmark.sh --local-cool-gate-only)
benchmark.sh: warning: local GPU cool-down gate disabled (MLXFAST_LOCAL_COOL_GATE=0); hot-start timings are not comparable to gated runs
benchmark-qwen-mtp.sh: measuring native-MTP decode (512 tokens, depth=8)
mtp-timed: weights=weights mtp_head=/Users/ec2-user/.senpai/native/qwen38-mlx-senpai-r2/roles/student-qwen-askeladd/home/.cache/mlxfast/qwen3.8-27b-mtp-v1/mtp-head-declared-run pinned_reference=<unset>
mtp-timed: tokens=512 depth=8 rounds=78 accepted_draft_rate=0.8875 all_tokens_matched=true reference_checked_rows=567/567 seconds_per_token=0.031959
benchmark-qwen-mtp.sh: local estimated decode speedup 2.2968224124627237 (serial K=1 0.073404273251071572s/token / MTP 0.031959054758772254s/token)
benchmark-qwen-mtp.sh: the RANKED decode floor enforced on the ranked box is 0.90 (.github/workflows/qwen-mtp-ranked-benchmark.yml)
benchmark-qwen-mtp.sh: this local number is shown against that floor for DIRECTION ONLY; it is not a verdict
benchmark-qwen-mtp.sh: NOT RANKABLE: official_scoring_enabled=true, hidden timed prompt pool holds 8 entries,
benchmark-qwen-mtp.sh: and these reference rows came from the candidate build, not the pinned baseline. Only the
benchmark-qwen-mtp.sh: ranked .github/workflows/qwen-mtp-ranked-benchmark.yml run can produce a score that ranks.
{
  "score": 2.2968224124627237,
  "passed": true,
  "track_id": "qwen3.8-27b-mtp-v1",
  "metrics": {
    "mode": "qwen-mtp-local-iterate",
    "oracle": "candidate-local-mtp-golden-rows",
    "official_score": false,
    "rankable": false,
    "not_rankable_reason": "candidate-generated reference rows; official scoring disabled; ranked run is the only authority",
    "ranked_decode_speedup_floor": 0.90,
    "public_drift_tripwire_passed": true,
    "decode_tokens": 512,
    "mtp_depth": 8,
    "all_tokens_matched": true,
    "uses_pinned_mtp_head": true,
    "head_provenance_sha256": "dadbfb806d80eca258395e5360534c5969acd5ad312b45102ad2caf65566f7e9",
    "effective_mean_draft_len": 6.2692307692307692,
    "serial_seconds_per_token": 0.073404273251071572,
    "mtp_seconds_per_token": 0.031959054758772254,
    "mtp_decode_speedup": 2.2968224124627237,
    "accepted_draft_rate": 0.88752556237218816,
    "residual_divergence_count": 0
  }
}
worker      .build-worker/release/mlxfast-runtime-worker
worker_mtime 2026-08-20T14:59:02Z
worker_sha256 31ebef164c9200abd6aad0f8827ac80d82af27e1d406773a8f053a0cb75f61a8
ok   require '<T, 5, 3, true>': 1
ok   require '<T, 5, 5, true>': 1
ok   require '<T, 6, 3, true>': 1
ok   require '<T, 6, 6, true>': 1
ok   require '<T, 9, 3, true>': 1
ok   require '<T, 9, 5, true>': 1
ok   forbid  '<T, 5, 4, true>': 0
ok   forbid  '<T, 5, 6, true>': 0
ok   forbid  '<T, 6, 4, true>': 0
ok   forbid  '<T, 6, 5, true>': 0
ok   forbid  '<T, 9, 4, true>': 0
ok   forbid  '<T, 9, 6, true>': 0
ok   extraction: 80375 strings
rebuild-and-assert-worker: PASS
leg2_after_arm_m5_ipgs=3,5
leg2_after_arm_m6_ipgs=3,6
leg2_after_arm_m9_ipgs=3,5
leg2_after_worker_mtime=2026-08-20T14:59:02Z
leg2_after_worker_sha256=31ebef164c9200abd6aad0f8827ac80d82af27e1d406773a8f053a0cb75f61a8
leg2_after_rebuild_assert_exit=0
leg2_after_metallib_source_fingerprint=cc9a22cc74203d836a48685e2a2b0d61e78957aeaeece751199b0827f24a08ca
leg2_worker_unchanged_across_leg=true
e66_whole_leg_session: d1 (d_hybrid8192) exited 0
wandb: [wandb.login()] Loaded credentials for https://api.wandb.ai from WANDB_API_KEY.
wandb: W&B API key is configured. Use `wandb login --relogin` to force relogin
wandb: setting up run nsbu2ff0
wandb: Tracking run with wandb version 0.28.1
wandb: Run data is saved locally in /Users/ec2-user/.senpai/native/qwen38-mlx-senpai-r2/roles/student-qwen-askeladd/workspace/target/wandb/run-20260820_150827-nsbu2ff0
wandb: Run `wandb offline` to turn off syncing.
wandb: Syncing run e78-d1
wandb: ⭐️ View project at https://wandb.ai/wandb-applied-ai-team/qwen38-mlx-challenge-senpai
wandb: 🚀 View run at https://wandb.ai/wandb-applied-ai-team/qwen38-mlx-challenge-senpai/runs/nsbu2ff0
e78_wandb_leg: d1 -> https://wandb.ai/wandb-applied-ai-team/qwen38-mlx-challenge-senpai/runs/nsbu2ff0
wandb: updating run metadata; uploading history steps 0-0, summary
wandb: 
wandb: Run history:
wandb:       leg/accepted_draft_rate ▁▁
wandb:             leg/decode_tokens ▁▁
wandb:  leg/effective_mean_draft_len ▁▁
wandb:                     leg/index ▁█
wandb:        leg/mtp_decode_speedup ▁█
wandb:                 leg/mtp_depth ▁▁
wandb:     leg/mtp_seconds_per_token ▁█
wandb: leg/residual_divergence_count ▁▁
wandb:  leg/serial_seconds_per_token ▁█
wandb:           leg/width_rounds_m2 ▁▁
wandb:                            +6 ...
wandb: 
wandb: Run summary:
wandb:          accepted_draft_rate 0.88753
wandb:      accepted_draft_rate_max 0.88753
wandb:      accepted_draft_rate_min 0.88753
wandb: all_tokens_matched_every_leg True
wandb:                decode_tokens 512
wandb:            decode_tokens_max 512
wandb:            decode_tokens_min 512
wandb:     effective_mean_draft_len 6.26923
wandb: effective_mean_draft_len_max 6.26923
wandb: effective_mean_draft_len_min 6.26923
wandb:                          +36 ...
wandb: 
wandb: 🚀 View run e78-d1 at: https://wandb.ai/wandb-applied-ai-team/qwen38-mlx-challenge-senpai/runs/nsbu2ff0
wandb: ⭐️ View project at: https://wandb.ai/wandb-applied-ai-team/qwen38-mlx-challenge-senpai
wandb: Synced 6 W&B file(s), 0 media file(s), 0 artifact file(s) and 0 other file(s)
wandb: Find logs at: ./wandb/run-20260820_150827-nsbu2ff0/logs
e66_whole_leg_session: === 2026-08-20T15:08:34Z arm d2 (d_hybrid8192, 2 leg(s)) ===
{
  "arm": "d_hybrid8192",
  "base_sha": "8d938c911df52b6a324f259a55dbaa75e508c822",
  "cells": {
    "5": 5,
    "6": 6,
    "9": 5
  },
  "checkout": null,
  "cutoff": 8192,
  "doc": "IPG conditioned on out_vec_size at 8192: crown IPG below, base IPG at or above",
  "dry_run": false,
  "narrow_cells": {
    "5": 3,
    "6": 3,
    "9": 3
  },
  "never_submit": false,
  "never_time": false,
  "sha256": {
    "Vendor/mlx-swift/Source/Cmlx/mlx-generated/quantized.cpp": "f47aaa98debc340812e020ccbff9850c0d462b9d99ac3078b164c55a6700949f",
    "Vendor/mlx-swift/Source/Cmlx/mlx/mlx/backend/metal/kernels/quantized.h": "49e47f3863a15131302698632fcc222d6b47a9c1c922084f8a81372179922d11"
  },
  "source_bytes": {
    "Vendor/mlx-swift/Source/Cmlx/mlx-generated/quantized.cpp": 100200,
    "Vendor/mlx-swift/Source/Cmlx/mlx/mlx/backend/metal/kernels/quantized.h": 100405
  }
}
e78-run: MLXFAST_LOCAL_COOL_GATE=0 DARKBLOOM_STARTUP_MEMORY_PROFILE=full MLX_MAX_MB_PER_BUFFER=512 MLX_MAX_OPS_PER_BUFFER=50
E55 twin gate: quantized
    quantized/mlx/backend/metal/kernels/quantized.h: PINNED comment-only divergence (3 vs 13 comment line(s), 3024 non-comment line(s) identical)
E55 TWIN GATE OK: 1 runtime-effective twin(s)
Building for production...
[0/2] Write swift-version--58304C5D6DBC2206.txt
Build of product 'mlxfast-swift' complete! (1.51s)
Building for production...
[0/2] Write swift-version--58304C5D6DBC2206.txt
[1/3] Compiling quantized.cpp
[3/5] Compiling MLX ArrayAt.swift
[4/6] Compiling MLXFast MLXFast.swift
[5/7] Compiling MLXLMCommon DoRA+Layers.swift
/Users/ec2-user/.senpai/native/qwen38-mlx-senpai-r2/roles/student-qwen-askeladd/workspace/target/Vendor/mlx-swift-lm/Libraries/MLXLMCommon/ContinuousBatchingV2/EngineLoopV2.swift:1178:52: warning: capture of 'detokenizer' with non-Sendable type '(any CBv2IncrementalDetokenizer)?' in a '@Sendable' closure [#SendableClosureCaptures]
 128 | /// Incremental per-request detokenizer with UTF-8 + stop-string holdback.
 129 | /// See CONTRACT-ISSUES-B-scheduler.md §3.
 130 | public protocol CBv2IncrementalDetokenizer: AnyObject {
     |                 `- note: protocol 'CBv2IncrementalDetokenizer' does not conform to the 'Sendable' protocol
 131 |     /// Append confirmed tokens; returns text now safe to emit.
 132 |     func push(_ tokens: [Int]) -> String
     :
1176 |                 stream?.reserveEmission()
1177 |                 detokQueue.async {
1178 |                     let text = isStopToken ? "" : (detokenizer?.push([token]) ?? "")
     |                                                    `- warning: capture of 'detokenizer' with non-Sendable type '(any CBv2IncrementalDetokenizer)?' in a '@Sendable' closure [#SendableClosureCaptures]
1179 |                     stream?.emit(
1180 |                         .delta(text: text, tokens: [token], logprobs: logprobs),

/Users/ec2-user/.senpai/native/qwen38-mlx-senpai-r2/roles/student-qwen-askeladd/workspace/target/Vendor/mlx-swift-lm/Libraries/MLXLMCommon/ContinuousBatchingV2/EngineLoopV2.swift:1279:32: warning: capture of 'detokenizer' with non-Sendable type '(any CBv2IncrementalDetokenizer)?' in a '@Sendable' closure [#SendableClosureCaptures]
 128 | /// Incremental per-request detokenizer with UTF-8 + stop-string holdback.
 129 | /// See CONTRACT-ISSUES-B-scheduler.md §3.
 130 | public protocol CBv2IncrementalDetokenizer: AnyObject {
     |                 `- note: protocol 'CBv2IncrementalDetokenizer' does not conform to the 'Sendable' protocol
 131 |     /// Append confirmed tokens; returns text now safe to emit.
 132 |     func push(_ tokens: [Int]) -> String
     :
1277 |         if rec.request.stopStrings.isEmpty {
1278 |             detokQueue.async {
1279 |                 let trailing = detokenizer?.flush() ?? ""
     |                                `- warning: capture of 'detokenizer' with non-Sendable type '(any CBv2IncrementalDetokenizer)?' in a '@Sendable' closure [#SendableClosureCaptures]
1280 |                 if !trailing.isEmpty {
1281 |                     stream?.emit(.delta(text: trailing, tokens: [], logprobs: nil))

[#SendableClosureCaptures]: <https://docs.swift.org/compiler/documentation/diagnostics/sendable-closure-captures>
[5/7] Write Objects.LinkFileList
[6/7] Linking mlxfast-runtime-worker
Build of product 'mlxfast-runtime-worker' complete! (39.26s)
e78_binary_assert_m3_ipgs=3
e78_binary_assert_m4_ipgs=4
e78_binary_assert_m5_ipgs=3,5
e78_binary_assert_m6_ipgs=3,6
e78_binary_assert_m7_ipgs=4
e78_binary_assert_m8_ipgs=4
e78_binary_assert_m9_ipgs=3,5
e78_binary_assert_wide_bound=6
e78_binary_assert_cutoff=8192
e78_binary_assert_lane_perturb_copies=0
e78-binary-assert OK: .build-worker/release/mlxfast-runtime-worker embeds m3=[3] m4=[4] m5=[3 5] m6=[3 6] m7=[4] m8=[4] m9=[3 5], wide-helper bound [2, 6], cutoff=8192, lane_perturb=0
e78_binary_assert_worker_text_sha256=26da7f89b686df65d8c289f896ab81c9a399bb03f4a4ab8807e3bcb4471dde59
e78_binary_assert_worker_cstring_sha256=ee87c4c62e4d2bdab1fa05eb1867680ea9fee3e9b49a74975ce0e9d8c7639758
=== e42-run: d2 leg pair 1/2 (512 tokens) ===
worker      .build-worker/release/mlxfast-runtime-worker
worker_mtime 2026-08-20T15:09:42Z
worker_sha256 42af6a5591fecf42d34550be226e4d46fa228d7c3776e4292ac6d83b161e8ade
ok   require '<T, 5, 3, true>': 1
ok   require '<T, 5, 5, true>': 1
ok   require '<T, 6, 3, true>': 1
ok   require '<T, 6, 6, true>': 1
ok   require '<T, 9, 3, true>': 1
ok   require '<T, 9, 5, true>': 1
ok   forbid  '<T, 5, 4, true>': 0
ok   forbid  '<T, 5, 6, true>': 0
ok   forbid  '<T, 6, 4, true>': 0
ok   forbid  '<T, 6, 5, true>': 0
ok   forbid  '<T, 9, 4, true>': 0
ok   forbid  '<T, 9, 6, true>': 0
ok   extraction: 80375 strings
rebuild-and-assert-worker: PASS
leg1_before_arm_m5_ipgs=3,5
leg1_before_arm_m6_ipgs=3,6
leg1_before_arm_m9_ipgs=3,5
leg1_before_worker_mtime=2026-08-20T15:09:42Z
leg1_before_worker_sha256=42af6a5591fecf42d34550be226e4d46fa228d7c3776e4292ac6d83b161e8ade
leg1_before_rebuild_assert_exit=0
leg1_before_metallib_source_fingerprint=cc9a22cc74203d836a48685e2a2b0d61e78957aeaeece751199b0827f24a08ca
benchmark-qwen-mtp.sh: mlx.metallib is stale (vendored kernel sources changed after it was built); rebuilding with tools/build-mlx-metallib.sh
-- Building MLX for arm64 processor on Darwin
-- Metal found /Applications/Xcode.app/Contents/Developer/Platforms/MacOSX.platform/Developer/SDKs/MacOSX.sdk/System/Library/Frameworks/Metal.framework
-- Building on macOS 26.5.2
-- Building with macOS 26.5 SDK
-- Metal version: 400
-- Accelerate found /Applications/Xcode.app/Contents/Developer/Platforms/MacOSX.platform/Developer/SDKs/MacOSX.sdk/System/Library/Frameworks/Accelerate.framework
-- Downloading json
-- Using the multi-header code from /Users/ec2-user/.senpai/native/qwen38-mlx-senpai-r2/roles/student-qwen-askeladd/workspace/target/Vendor/mlx-swift/Source/Cmlx/json/include/
-- Downloading json for JACCL
-- {fmt} version: 12.1.0
-- Build type: Release
-- Configuring done (0.2s)
-- Generating done (0.2s)
-- Build files have been written to: /Users/ec2-user/.senpai/native/qwen38-mlx-senpai-r2/roles/student-qwen-askeladd/workspace/target/.build-worker/mlx-metal
[  0%] Building quantized.air
In file included from /Users/ec2-user/.senpai/native/qwen38-mlx-senpai-r2/roles/student-qwen-askeladd/workspace/target/Vendor/mlx-swift/Source/Cmlx/mlx/mlx/backend/metal/kernels/quantized.metal:7:
/Users/ec2-user/.senpai/native/qwen38-mlx-senpai-r2/roles/student-qwen-askeladd/workspace/target/Vendor/mlx-swift/Source/Cmlx/mlx/mlx/backend/metal/kernels/quantized.h:1091:25: warning: unused parameter 'out_vec_size' [-Wunused-parameter]
    const constant int& out_vec_size,
                        ^
1 warning generated.
[  0%] Building mlx.metallib
[100%] Built target mlx-metallib
build-mlx-metallib.sh: wrote /Users/ec2-user/.senpai/native/qwen38-mlx-senpai-r2/roles/student-qwen-askeladd/workspace/target/.build-worker/release/mlx.metallib
build-mlx-metallib.sh: wrote .build/arm64-apple-macosx/release/mlxfast-challenge-devPackageTests.xctest/Contents/MacOS/mlx.metallib
build-mlx-metallib.sh: wrote .build/arm64-apple-macosx/debug/mlxfast-challenge-devPackageTests.xctest/Contents/MacOS/mlx.metallib
build-mlx-metallib.sh: wrote .build/debug/mlx.metallib
build-mlx-metallib.sh: wrote .build/release/mlx.metallib
build-mlx-metallib.sh: wrote .build-worker/release/mlx.metallib
benchmark-qwen-mtp.sh: public drift tripwire (correctness against correctness_prompts/public_longcopy_gate_english_512_256.json)
benchmark-qwen-mtp.sh: GPU cool gate before the MTP reference pass (./benchmark.sh --local-cool-gate-only)
benchmark.sh: warning: local GPU cool-down gate disabled (MLXFAST_LOCAL_COOL_GATE=0); hot-start timings are not comparable to gated runs
benchmark-qwen-mtp.sh: generating the MTP reference rows (512 rows, depth=8)
mtp-verify: generate 32/513 (context 545)
mtp-verify: generate 64/513 (context 577)
mtp-verify: generate 96/513 (context 609)
mtp-verify: generate 128/513 (context 641)
mtp-verify: generate 160/513 (context 673)
mtp-verify: generate 192/513 (context 705)
mtp-verify: generate 224/513 (context 737)
mtp-verify: generate 256/513 (context 769)
mtp-verify: generate 288/513 (context 801)
mtp-verify: generate 320/513 (context 833)
mtp-verify: generate 352/513 (context 865)
mtp-verify: generate 384/513 (context 897)
mtp-verify: generate 416/513 (context 929)
mtp-verify: generate 448/513 (context 961)
mtp-verify: generate 480/513 (context 993)
mtp-verify: generate 512/513 (context 1025)
mtp-verify: generate 513/513 (context 1026)
mtp-verify: rows=513 seed_tokens=512 reference_seed_token=271 self_consistent=true (replayed 1 row bit-identically) chain_contradictions=0
benchmark-qwen-mtp.sh: GPU cool gate before the true serial control (./benchmark.sh --local-cool-gate-only)
benchmark.sh: warning: local GPU cool-down gate disabled (MLXFAST_LOCAL_COOL_GATE=0); hot-start timings are not comparable to gated runs
benchmark-qwen-mtp.sh: measuring the TRUE serial control, MTP off (512 tokens)
mtp-timed: weights=weights mtp_head=/Users/ec2-user/.senpai/native/qwen38-mlx-senpai-r2/roles/student-qwen-askeladd/home/.cache/mlxfast/qwen3.8-27b-mtp-v1/mtp-head-declared-run pinned_reference=<unset>
mtp-timed: tokens=512 depth=0 rounds=512 accepted_draft_rate=0.0000 all_tokens_matched=true reference_checked_rows=512/512 seconds_per_token=0.073360
benchmark-qwen-mtp.sh: GPU cool gate before the native-MTP decode (./benchmark.sh --local-cool-gate-only)
benchmark.sh: warning: local GPU cool-down gate disabled (MLXFAST_LOCAL_COOL_GATE=0); hot-start timings are not comparable to gated runs
benchmark-qwen-mtp.sh: measuring native-MTP decode (512 tokens, depth=8)
mtp-timed: weights=weights mtp_head=/Users/ec2-user/.senpai/native/qwen38-mlx-senpai-r2/roles/student-qwen-askeladd/home/.cache/mlxfast/qwen3.8-27b-mtp-v1/mtp-head-declared-run pinned_reference=<unset>
mtp-timed: tokens=512 depth=8 rounds=78 accepted_draft_rate=0.8875 all_tokens_matched=true reference_checked_rows=567/567 seconds_per_token=0.031948
benchmark-qwen-mtp.sh: local estimated decode speedup 2.2962262950513725 (serial K=1 0.073359519476071s/token / MTP 0.031947861425578594s/token)
benchmark-qwen-mtp.sh: the RANKED decode floor enforced on the ranked box is 0.90 (.github/workflows/qwen-mtp-ranked-benchmark.yml)
benchmark-qwen-mtp.sh: this local number is shown against that floor for DIRECTION ONLY; it is not a verdict
benchmark-qwen-mtp.sh: NOT RANKABLE: official_scoring_enabled=true, hidden timed prompt pool holds 8 entries,
benchmark-qwen-mtp.sh: and these reference rows came from the candidate build, not the pinned baseline. Only the
benchmark-qwen-mtp.sh: ranked .github/workflows/qwen-mtp-ranked-benchmark.yml run can produce a score that ranks.
{
  "score": 2.2962262950513725,
  "passed": true,
  "track_id": "qwen3.8-27b-mtp-v1",
  "metrics": {
    "mode": "qwen-mtp-local-iterate",
    "oracle": "candidate-local-mtp-golden-rows",
    "official_score": false,
    "rankable": false,
    "not_rankable_reason": "candidate-generated reference rows; official scoring disabled; ranked run is the only authority",
    "ranked_decode_speedup_floor": 0.90,
    "public_drift_tripwire_passed": true,
    "decode_tokens": 512,
    "mtp_depth": 8,
    "all_tokens_matched": true,
    "uses_pinned_mtp_head": true,
    "head_provenance_sha256": "dadbfb806d80eca258395e5360534c5969acd5ad312b45102ad2caf65566f7e9",
    "effective_mean_draft_len": 6.2692307692307692,
    "serial_seconds_per_token": 0.073359519476071,
    "mtp_seconds_per_token": 0.031947861425578594,
    "mtp_decode_speedup": 2.2962262950513725,
    "accepted_draft_rate": 0.88752556237218816,
    "residual_divergence_count": 0
  }
}
worker      .build-worker/release/mlxfast-runtime-worker
worker_mtime 2026-08-20T15:09:42Z
worker_sha256 42af6a5591fecf42d34550be226e4d46fa228d7c3776e4292ac6d83b161e8ade
ok   require '<T, 5, 3, true>': 1
ok   require '<T, 5, 5, true>': 1
ok   require '<T, 6, 3, true>': 1
ok   require '<T, 6, 6, true>': 1
ok   require '<T, 9, 3, true>': 1
ok   require '<T, 9, 5, true>': 1
ok   forbid  '<T, 5, 4, true>': 0
ok   forbid  '<T, 5, 6, true>': 0
ok   forbid  '<T, 6, 4, true>': 0
ok   forbid  '<T, 6, 5, true>': 0
ok   forbid  '<T, 9, 4, true>': 0
ok   forbid  '<T, 9, 6, true>': 0
ok   extraction: 80375 strings
rebuild-and-assert-worker: PASS
leg1_after_arm_m5_ipgs=3,5
leg1_after_arm_m6_ipgs=3,6
leg1_after_arm_m9_ipgs=3,5
leg1_after_worker_mtime=2026-08-20T15:09:42Z
leg1_after_worker_sha256=42af6a5591fecf42d34550be226e4d46fa228d7c3776e4292ac6d83b161e8ade
leg1_after_rebuild_assert_exit=0
leg1_after_metallib_source_fingerprint=cc9a22cc74203d836a48685e2a2b0d61e78957aeaeece751199b0827f24a08ca
leg1_worker_unchanged_across_leg=true
=== e42-run: d2 leg pair 2/2 (512 tokens) ===
worker      .build-worker/release/mlxfast-runtime-worker
worker_mtime 2026-08-20T15:09:42Z
worker_sha256 42af6a5591fecf42d34550be226e4d46fa228d7c3776e4292ac6d83b161e8ade
ok   require '<T, 5, 3, true>': 1
ok   require '<T, 5, 5, true>': 1
ok   require '<T, 6, 3, true>': 1
ok   require '<T, 6, 6, true>': 1
ok   require '<T, 9, 3, true>': 1
ok   require '<T, 9, 5, true>': 1
ok   forbid  '<T, 5, 4, true>': 0
ok   forbid  '<T, 5, 6, true>': 0
ok   forbid  '<T, 6, 4, true>': 0
ok   forbid  '<T, 6, 5, true>': 0
ok   forbid  '<T, 9, 4, true>': 0
ok   forbid  '<T, 9, 6, true>': 0
ok   extraction: 80375 strings
rebuild-and-assert-worker: PASS
leg2_before_arm_m5_ipgs=3,5
leg2_before_arm_m6_ipgs=3,6
leg2_before_arm_m9_ipgs=3,5
leg2_before_worker_mtime=2026-08-20T15:09:42Z
leg2_before_worker_sha256=42af6a5591fecf42d34550be226e4d46fa228d7c3776e4292ac6d83b161e8ade
leg2_before_rebuild_assert_exit=0
leg2_before_metallib_source_fingerprint=cc9a22cc74203d836a48685e2a2b0d61e78957aeaeece751199b0827f24a08ca
benchmark-qwen-mtp.sh: public drift tripwire (correctness against correctness_prompts/public_longcopy_gate_english_512_256.json)
benchmark-qwen-mtp.sh: GPU cool gate before the MTP reference pass (./benchmark.sh --local-cool-gate-only)
benchmark.sh: warning: local GPU cool-down gate disabled (MLXFAST_LOCAL_COOL_GATE=0); hot-start timings are not comparable to gated runs
benchmark-qwen-mtp.sh: generating the MTP reference rows (512 rows, depth=8)
mtp-verify: generate 32/513 (context 545)
mtp-verify: generate 64/513 (context 577)
mtp-verify: generate 96/513 (context 609)
mtp-verify: generate 128/513 (context 641)
mtp-verify: generate 160/513 (context 673)
mtp-verify: generate 192/513 (context 705)
mtp-verify: generate 224/513 (context 737)
mtp-verify: generate 256/513 (context 769)
mtp-verify: generate 288/513 (context 801)
mtp-verify: generate 320/513 (context 833)
mtp-verify: generate 352/513 (context 865)
mtp-verify: generate 384/513 (context 897)
mtp-verify: generate 416/513 (context 929)
mtp-verify: generate 448/513 (context 961)
mtp-verify: generate 480/513 (context 993)
mtp-verify: generate 512/513 (context 1025)
mtp-verify: generate 513/513 (context 1026)
mtp-verify: rows=513 seed_tokens=512 reference_seed_token=271 self_consistent=true (replayed 1 row bit-identically) chain_contradictions=0
benchmark-qwen-mtp.sh: GPU cool gate before the true serial control (./benchmark.sh --local-cool-gate-only)
benchmark.sh: warning: local GPU cool-down gate disabled (MLXFAST_LOCAL_COOL_GATE=0); hot-start timings are not comparable to gated runs
benchmark-qwen-mtp.sh: measuring the TRUE serial control, MTP off (512 tokens)
mtp-timed: weights=weights mtp_head=/Users/ec2-user/.senpai/native/qwen38-mlx-senpai-r2/roles/student-qwen-askeladd/home/.cache/mlxfast/qwen3.8-27b-mtp-v1/mtp-head-declared-run pinned_reference=<unset>
mtp-timed: tokens=512 depth=0 rounds=512 accepted_draft_rate=0.0000 all_tokens_matched=true reference_checked_rows=512/512 seconds_per_token=0.073306
benchmark-qwen-mtp.sh: GPU cool gate before the native-MTP decode (./benchmark.sh --local-cool-gate-only)
benchmark.sh: warning: local GPU cool-down gate disabled (MLXFAST_LOCAL_COOL_GATE=0); hot-start timings are not comparable to gated runs
benchmark-qwen-mtp.sh: measuring native-MTP decode (512 tokens, depth=8)
mtp-timed: weights=weights mtp_head=/Users/ec2-user/.senpai/native/qwen38-mlx-senpai-r2/roles/student-qwen-askeladd/home/.cache/mlxfast/qwen3.8-27b-mtp-v1/mtp-head-declared-run pinned_reference=<unset>
mtp-timed: tokens=512 depth=8 rounds=78 accepted_draft_rate=0.8875 all_tokens_matched=true reference_checked_rows=567/567 seconds_per_token=0.031936
benchmark-qwen-mtp.sh: local estimated decode speedup 2.2953866558053746 (serial K=1 0.073305839905515313s/token / MTP 0.031936161918565631s/token)
benchmark-qwen-mtp.sh: the RANKED decode floor enforced on the ranked box is 0.90 (.github/workflows/qwen-mtp-ranked-benchmark.yml)
benchmark-qwen-mtp.sh: this local number is shown against that floor for DIRECTION ONLY; it is not a verdict
benchmark-qwen-mtp.sh: NOT RANKABLE: official_scoring_enabled=true, hidden timed prompt pool holds 8 entries,
benchmark-qwen-mtp.sh: and these reference rows came from the candidate build, not the pinned baseline. Only the
benchmark-qwen-mtp.sh: ranked .github/workflows/qwen-mtp-ranked-benchmark.yml run can produce a score that ranks.
{
  "score": 2.2953866558053746,
  "passed": true,
  "track_id": "qwen3.8-27b-mtp-v1",
  "metrics": {
    "mode": "qwen-mtp-local-iterate",
    "oracle": "candidate-local-mtp-golden-rows",
    "official_score": false,
    "rankable": false,
    "not_rankable_reason": "candidate-generated reference rows; official scoring disabled; ranked run is the only authority",
    "ranked_decode_speedup_floor": 0.90,
    "public_drift_tripwire_passed": true,
    "decode_tokens": 512,
    "mtp_depth": 8,
    "all_tokens_matched": true,
    "uses_pinned_mtp_head": true,
    "head_provenance_sha256": "dadbfb806d80eca258395e5360534c5969acd5ad312b45102ad2caf65566f7e9",
    "effective_mean_draft_len": 6.2692307692307692,
    "serial_seconds_per_token": 0.073305839905515313,
    "mtp_seconds_per_token": 0.031936161918565631,
    "mtp_decode_speedup": 2.2953866558053746,
    "accepted_draft_rate": 0.88752556237218816,
    "residual_divergence_count": 0
  }
}
worker      .build-worker/release/mlxfast-runtime-worker
worker_mtime 2026-08-20T15:09:42Z
worker_sha256 42af6a5591fecf42d34550be226e4d46fa228d7c3776e4292ac6d83b161e8ade
ok   require '<T, 5, 3, true>': 1
ok   require '<T, 5, 5, true>': 1
ok   require '<T, 6, 3, true>': 1
ok   require '<T, 6, 6, true>': 1
ok   require '<T, 9, 3, true>': 1
ok   require '<T, 9, 5, true>': 1
ok   forbid  '<T, 5, 4, true>': 0
ok   forbid  '<T, 5, 6, true>': 0
ok   forbid  '<T, 6, 4, true>': 0
ok   forbid  '<T, 6, 5, true>': 0
ok   forbid  '<T, 9, 4, true>': 0
ok   forbid  '<T, 9, 6, true>': 0
ok   extraction: 80375 strings
rebuild-and-assert-worker: PASS
leg2_after_arm_m5_ipgs=3,5
leg2_after_arm_m6_ipgs=3,6
leg2_after_arm_m9_ipgs=3,5
leg2_after_worker_mtime=2026-08-20T15:09:42Z
leg2_after_worker_sha256=42af6a5591fecf42d34550be226e4d46fa228d7c3776e4292ac6d83b161e8ade
leg2_after_rebuild_assert_exit=0
leg2_after_metallib_source_fingerprint=cc9a22cc74203d836a48685e2a2b0d61e78957aeaeece751199b0827f24a08ca
leg2_worker_unchanged_across_leg=true
e66_whole_leg_session: d2 (d_hybrid8192) exited 0
wandb: [wandb.login()] Loaded credentials for https://api.wandb.ai from WANDB_API_KEY.
wandb: W&B API key is configured. Use `wandb login --relogin` to force relogin
wandb: Tracking run with wandb version 0.28.1
wandb: Run data is saved locally in /Users/ec2-user/.senpai/native/qwen38-mlx-senpai-r2/roles/student-qwen-askeladd/workspace/target/wandb/run-20260820_151906-q9aw8bt7
wandb: Run `wandb offline` to turn off syncing.
wandb: Syncing run e78-d2
wandb: ⭐️ View project at https://wandb.ai/wandb-applied-ai-team/qwen38-mlx-challenge-senpai
wandb: 🚀 View run at https://wandb.ai/wandb-applied-ai-team/qwen38-mlx-challenge-senpai/runs/q9aw8bt7
e78_wandb_leg: d2 -> https://wandb.ai/wandb-applied-ai-team/qwen38-mlx-challenge-senpai/runs/q9aw8bt7
wandb: updating run metadata; uploading summary
wandb: uploading history steps 0-1, summary, console lines 0-0
wandb: 
wandb: Run history:
wandb:       leg/accepted_draft_rate ▁▁
wandb:             leg/decode_tokens ▁▁
wandb:  leg/effective_mean_draft_len ▁▁
wandb:                     leg/index ▁█
wandb:        leg/mtp_decode_speedup █▁
wandb:                 leg/mtp_depth ▁▁
wandb:     leg/mtp_seconds_per_token █▁
wandb: leg/residual_divergence_count ▁▁
wandb:  leg/serial_seconds_per_token █▁
wandb:           leg/width_rounds_m2 ▁▁
wandb:                            +6 ...
wandb: 
wandb: Run summary:
wandb:          accepted_draft_rate 0.88753
wandb:      accepted_draft_rate_max 0.88753
wandb:      accepted_draft_rate_min 0.88753
wandb: all_tokens_matched_every_leg True
wandb:                decode_tokens 512
wandb:            decode_tokens_max 512
wandb:            decode_tokens_min 512
wandb:     effective_mean_draft_len 6.26923
wandb: effective_mean_draft_len_max 6.26923
wandb: effective_mean_draft_len_min 6.26923
wandb:                          +36 ...
wandb: 
wandb: 🚀 View run e78-d2 at: https://wandb.ai/wandb-applied-ai-team/qwen38-mlx-challenge-senpai/runs/q9aw8bt7
wandb: ⭐️ View project at: https://wandb.ai/wandb-applied-ai-team/qwen38-mlx-challenge-senpai
wandb: Synced 6 W&B file(s), 0 media file(s), 0 artifact file(s) and 0 other file(s)
wandb: Find logs at: ./wandb/run-20260820_151906-q9aw8bt7/logs
e66_whole_leg_session: === 2026-08-20T15:19:13Z arm c2 (c_hybrid24928, 2 leg(s)) ===
{
  "arm": "c_hybrid24928",
  "base_sha": "8d938c911df52b6a324f259a55dbaa75e508c822",
  "cells": {
    "5": 5,
    "6": 6,
    "9": 5
  },
  "checkout": null,
  "cutoff": 24928,
  "doc": "IPG conditioned on out_vec_size at 24928: crown IPG below, base IPG at or above",
  "dry_run": false,
  "narrow_cells": {
    "5": 3,
    "6": 3,
    "9": 3
  },
  "never_submit": false,
  "never_time": false,
  "sha256": {
    "Vendor/mlx-swift/Source/Cmlx/mlx-generated/quantized.cpp": "f14705b1b269bec7c1dbcabef1a9d767817b1257eaf9765ba0f9d25b7bda1e01",
    "Vendor/mlx-swift/Source/Cmlx/mlx/mlx/backend/metal/kernels/quantized.h": "e0a6d3d78b95b719145137dfe12c25b3a0feaa121676fd90f992852966e5dd1f"
  },
  "source_bytes": {
    "Vendor/mlx-swift/Source/Cmlx/mlx-generated/quantized.cpp": 100201,
    "Vendor/mlx-swift/Source/Cmlx/mlx/mlx/backend/metal/kernels/quantized.h": 100406
  }
}
e78-run: MLXFAST_LOCAL_COOL_GATE=0 DARKBLOOM_STARTUP_MEMORY_PROFILE=full MLX_MAX_MB_PER_BUFFER=512 MLX_MAX_OPS_PER_BUFFER=50
E55 twin gate: quantized
    quantized/mlx/backend/metal/kernels/quantized.h: PINNED comment-only divergence (3 vs 13 comment line(s), 3024 non-comment line(s) identical)
E55 TWIN GATE OK: 1 runtime-effective twin(s)
Building for production...
[0/2] Write swift-version--58304C5D6DBC2206.txt
Build of product 'mlxfast-swift' complete! (1.41s)
Building for production...
[0/2] Write swift-version--58304C5D6DBC2206.txt
[1/3] Compiling quantized.cpp
[3/5] Compiling MLX ArrayAt.swift
[4/6] Compiling MLXFast MLXFast.swift
[5/7] Compiling MLXLMCommon DoRA+Layers.swift
/Users/ec2-user/.senpai/native/qwen38-mlx-senpai-r2/roles/student-qwen-askeladd/workspace/target/Vendor/mlx-swift-lm/Libraries/MLXLMCommon/ContinuousBatchingV2/EngineLoopV2.swift:1178:52: warning: capture of 'detokenizer' with non-Sendable type '(any CBv2IncrementalDetokenizer)?' in a '@Sendable' closure [#SendableClosureCaptures]
 128 | /// Incremental per-request detokenizer with UTF-8 + stop-string holdback.
 129 | /// See CONTRACT-ISSUES-B-scheduler.md §3.
 130 | public protocol CBv2IncrementalDetokenizer: AnyObject {
     |                 `- note: protocol 'CBv2IncrementalDetokenizer' does not conform to the 'Sendable' protocol
 131 |     /// Append confirmed tokens; returns text now safe to emit.
 132 |     func push(_ tokens: [Int]) -> String
     :
1176 |                 stream?.reserveEmission()
1177 |                 detokQueue.async {
1178 |                     let text = isStopToken ? "" : (detokenizer?.push([token]) ?? "")
     |                                                    `- warning: capture of 'detokenizer' with non-Sendable type '(any CBv2IncrementalDetokenizer)?' in a '@Sendable' closure [#SendableClosureCaptures]
1179 |                     stream?.emit(
1180 |                         .delta(text: text, tokens: [token], logprobs: logprobs),

/Users/ec2-user/.senpai/native/qwen38-mlx-senpai-r2/roles/student-qwen-askeladd/workspace/target/Vendor/mlx-swift-lm/Libraries/MLXLMCommon/ContinuousBatchingV2/EngineLoopV2.swift:1279:32: warning: capture of 'detokenizer' with non-Sendable type '(any CBv2IncrementalDetokenizer)?' in a '@Sendable' closure [#SendableClosureCaptures]
 128 | /// Incremental per-request detokenizer with UTF-8 + stop-string holdback.
 129 | /// See CONTRACT-ISSUES-B-scheduler.md §3.
 130 | public protocol CBv2IncrementalDetokenizer: AnyObject {
     |                 `- note: protocol 'CBv2IncrementalDetokenizer' does not conform to the 'Sendable' protocol
 131 |     /// Append confirmed tokens; returns text now safe to emit.
 132 |     func push(_ tokens: [Int]) -> String
     :
1277 |         if rec.request.stopStrings.isEmpty {
1278 |             detokQueue.async {
1279 |                 let trailing = detokenizer?.flush() ?? ""
     |                                `- warning: capture of 'detokenizer' with non-Sendable type '(any CBv2IncrementalDetokenizer)?' in a '@Sendable' closure [#SendableClosureCaptures]
1280 |                 if !trailing.isEmpty {
1281 |                     stream?.emit(.delta(text: trailing, tokens: [], logprobs: nil))

[#SendableClosureCaptures]: <https://docs.swift.org/compiler/documentation/diagnostics/sendable-closure-captures>
[5/7] Write Objects.LinkFileList
[6/7] Linking mlxfast-runtime-worker
Build of product 'mlxfast-runtime-worker' complete! (39.40s)
e78_binary_assert_m3_ipgs=3
e78_binary_assert_m4_ipgs=4
e78_binary_assert_m5_ipgs=3,5
e78_binary_assert_m6_ipgs=3,6
e78_binary_assert_m7_ipgs=4
e78_binary_assert_m8_ipgs=4
e78_binary_assert_m9_ipgs=3,5
e78_binary_assert_wide_bound=6
e78-binary-assert OK: .build-worker/release/mlxfast-runtime-worker embeds m3=[3] m4=[4] m5=[3 5] m6=[3 6] m7=[4] m8=[4] m9=[3 5], wide-helper bound [2, 6], cutoff=24928, lane_perturb=0
e78_binary_assert_cutoff=24928
e78_binary_assert_lane_perturb_copies=0
e78_binary_assert_worker_text_sha256=d28f70c74fd91cb4f4e4ebbcb3f945b9750e12c8098f7554185692cb6ce64490
e78_binary_assert_worker_cstring_sha256=5408ee57aa6cf68079e01176dee62f8585760a252d792384bd7d3df2fa16f8c5
=== e42-run: c2 leg pair 1/2 (512 tokens) ===
worker      .build-worker/release/mlxfast-runtime-worker
worker_mtime 2026-08-20T15:20:21Z
worker_sha256 dada9254a1150696b2c073604628519c4e11583ad65cdc3917593172c050593f
ok   require '<T, 5, 3, true>': 1
ok   require '<T, 5, 5, true>': 1
ok   require '<T, 6, 3, true>': 1
ok   require '<T, 6, 6, true>': 1
ok   require '<T, 9, 3, true>': 1
ok   require '<T, 9, 5, true>': 1
ok   forbid  '<T, 5, 4, true>': 0
ok   forbid  '<T, 5, 6, true>': 0
ok   forbid  '<T, 6, 4, true>': 0
ok   forbid  '<T, 6, 5, true>': 0
ok   forbid  '<T, 9, 4, true>': 0
ok   forbid  '<T, 9, 6, true>': 0
ok   extraction: 80375 strings
rebuild-and-assert-worker: PASS
leg1_before_arm_m5_ipgs=3,5
leg1_before_arm_m6_ipgs=3,6
leg1_before_arm_m9_ipgs=3,5
leg1_before_worker_mtime=2026-08-20T15:20:21Z
leg1_before_worker_sha256=dada9254a1150696b2c073604628519c4e11583ad65cdc3917593172c050593f
leg1_before_rebuild_assert_exit=0
leg1_before_metallib_source_fingerprint=a76b0287f3078fffbe6f9962d1d323195e6d71a5607467abb1c2c08377c4539a
benchmark-qwen-mtp.sh: mlx.metallib is stale (vendored kernel sources changed after it was built); rebuilding with tools/build-mlx-metallib.sh
-- Building MLX for arm64 processor on Darwin
-- Metal found /Applications/Xcode.app/Contents/Developer/Platforms/MacOSX.platform/Developer/SDKs/MacOSX.sdk/System/Library/Frameworks/Metal.framework
-- Building on macOS 26.5.2
-- Building with macOS 26.5 SDK
-- Metal version: 400
-- Accelerate found /Applications/Xcode.app/Contents/Developer/Platforms/MacOSX.platform/Developer/SDKs/MacOSX.sdk/System/Library/Frameworks/Accelerate.framework
-- Downloading json
-- Using the multi-header code from /Users/ec2-user/.senpai/native/qwen38-mlx-senpai-r2/roles/student-qwen-askeladd/workspace/target/Vendor/mlx-swift/Source/Cmlx/json/include/
-- Downloading json for JACCL
-- {fmt} version: 12.1.0
-- Build type: Release
-- Configuring done (0.2s)
-- Generating done (0.2s)
-- Build files have been written to: /Users/ec2-user/.senpai/native/qwen38-mlx-senpai-r2/roles/student-qwen-askeladd/workspace/target/.build-worker/mlx-metal
[  0%] Building quantized.air
In file included from /Users/ec2-user/.senpai/native/qwen38-mlx-senpai-r2/roles/student-qwen-askeladd/workspace/target/Vendor/mlx-swift/Source/Cmlx/mlx/mlx/backend/metal/kernels/quantized.metal:7:
/Users/ec2-user/.senpai/native/qwen38-mlx-senpai-r2/roles/student-qwen-askeladd/workspace/target/Vendor/mlx-swift/Source/Cmlx/mlx/mlx/backend/metal/kernels/quantized.h:1091:25: warning: unused parameter 'out_vec_size' [-Wunused-parameter]
    const constant int& out_vec_size,
                        ^
1 warning generated.
[  0%] Building mlx.metallib
[100%] Built target mlx-metallib
build-mlx-metallib.sh: wrote /Users/ec2-user/.senpai/native/qwen38-mlx-senpai-r2/roles/student-qwen-askeladd/workspace/target/.build-worker/release/mlx.metallib
build-mlx-metallib.sh: wrote .build/arm64-apple-macosx/release/mlxfast-challenge-devPackageTests.xctest/Contents/MacOS/mlx.metallib
build-mlx-metallib.sh: wrote .build/arm64-apple-macosx/debug/mlxfast-challenge-devPackageTests.xctest/Contents/MacOS/mlx.metallib
build-mlx-metallib.sh: wrote .build/debug/mlx.metallib
build-mlx-metallib.sh: wrote .build/release/mlx.metallib
build-mlx-metallib.sh: wrote .build-worker/release/mlx.metallib
benchmark-qwen-mtp.sh: public drift tripwire (correctness against correctness_prompts/public_longcopy_gate_english_512_256.json)
benchmark-qwen-mtp.sh: GPU cool gate before the MTP reference pass (./benchmark.sh --local-cool-gate-only)
benchmark.sh: warning: local GPU cool-down gate disabled (MLXFAST_LOCAL_COOL_GATE=0); hot-start timings are not comparable to gated runs
benchmark-qwen-mtp.sh: generating the MTP reference rows (512 rows, depth=8)
mtp-verify: generate 32/513 (context 545)
mtp-verify: generate 64/513 (context 577)
mtp-verify: generate 96/513 (context 609)
mtp-verify: generate 128/513 (context 641)
mtp-verify: generate 160/513 (context 673)
mtp-verify: generate 192/513 (context 705)
mtp-verify: generate 224/513 (context 737)
mtp-verify: generate 256/513 (context 769)
mtp-verify: generate 288/513 (context 801)
mtp-verify: generate 320/513 (context 833)
mtp-verify: generate 352/513 (context 865)
mtp-verify: generate 384/513 (context 897)
mtp-verify: generate 416/513 (context 929)
mtp-verify: generate 448/513 (context 961)
mtp-verify: generate 480/513 (context 993)
mtp-verify: generate 512/513 (context 1025)
mtp-verify: generate 513/513 (context 1026)
mtp-verify: rows=513 seed_tokens=512 reference_seed_token=271 self_consistent=true (replayed 1 row bit-identically) chain_contradictions=0
benchmark-qwen-mtp.sh: GPU cool gate before the true serial control (./benchmark.sh --local-cool-gate-only)
benchmark.sh: warning: local GPU cool-down gate disabled (MLXFAST_LOCAL_COOL_GATE=0); hot-start timings are not comparable to gated runs
benchmark-qwen-mtp.sh: measuring the TRUE serial control, MTP off (512 tokens)
mtp-timed: weights=weights mtp_head=/Users/ec2-user/.senpai/native/qwen38-mlx-senpai-r2/roles/student-qwen-askeladd/home/.cache/mlxfast/qwen3.8-27b-mtp-v1/mtp-head-declared-run pinned_reference=<unset>
mtp-timed: tokens=512 depth=0 rounds=512 accepted_draft_rate=0.0000 all_tokens_matched=true reference_checked_rows=512/512 seconds_per_token=0.073343
benchmark-qwen-mtp.sh: GPU cool gate before the native-MTP decode (./benchmark.sh --local-cool-gate-only)
benchmark.sh: warning: local GPU cool-down gate disabled (MLXFAST_LOCAL_COOL_GATE=0); hot-start timings are not comparable to gated runs
benchmark-qwen-mtp.sh: measuring native-MTP decode (512 tokens, depth=8)
mtp-timed: weights=weights mtp_head=/Users/ec2-user/.senpai/native/qwen38-mlx-senpai-r2/roles/student-qwen-askeladd/home/.cache/mlxfast/qwen3.8-27b-mtp-v1/mtp-head-declared-run pinned_reference=<unset>
mtp-timed: tokens=512 depth=8 rounds=78 accepted_draft_rate=0.8875 all_tokens_matched=true reference_checked_rows=567/567 seconds_per_token=0.032337
benchmark-qwen-mtp.sh: local estimated decode speedup 2.268117089784465 (serial K=1 0.073343283031135798s/token / MTP 0.032336638774722815s/token)
benchmark-qwen-mtp.sh: the RANKED decode floor enforced on the ranked box is 0.90 (.github/workflows/qwen-mtp-ranked-benchmark.yml)
benchmark-qwen-mtp.sh: this local number is shown against that floor for DIRECTION ONLY; it is not a verdict
benchmark-qwen-mtp.sh: NOT RANKABLE: official_scoring_enabled=true, hidden timed prompt pool holds 8 entries,
benchmark-qwen-mtp.sh: and these reference rows came from the candidate build, not the pinned baseline. Only the
benchmark-qwen-mtp.sh: ranked .github/workflows/qwen-mtp-ranked-benchmark.yml run can produce a score that ranks.
{
  "score": 2.268117089784465,
  "passed": true,
  "track_id": "qwen3.8-27b-mtp-v1",
  "metrics": {
    "mode": "qwen-mtp-local-iterate",
    "oracle": "candidate-local-mtp-golden-rows",
    "official_score": false,
    "rankable": false,
    "not_rankable_reason": "candidate-generated reference rows; official scoring disabled; ranked run is the only authority",
    "ranked_decode_speedup_floor": 0.90,
    "public_drift_tripwire_passed": true,
    "decode_tokens": 512,
    "mtp_depth": 8,
    "all_tokens_matched": true,
    "uses_pinned_mtp_head": true,
    "head_provenance_sha256": "dadbfb806d80eca258395e5360534c5969acd5ad312b45102ad2caf65566f7e9",
    "effective_mean_draft_len": 6.2692307692307692,
    "serial_seconds_per_token": 0.073343283031135798,
    "mtp_seconds_per_token": 0.032336638774722815,
    "mtp_decode_speedup": 2.268117089784465,
    "accepted_draft_rate": 0.88752556237218816,
    "residual_divergence_count": 0
  }
}
worker      .build-worker/release/mlxfast-runtime-worker
worker_mtime 2026-08-20T15:20:21Z
worker_sha256 dada9254a1150696b2c073604628519c4e11583ad65cdc3917593172c050593f
ok   require '<T, 5, 3, true>': 1
ok   require '<T, 5, 5, true>': 1
ok   require '<T, 6, 3, true>': 1
ok   require '<T, 6, 6, true>': 1
ok   require '<T, 9, 3, true>': 1
ok   require '<T, 9, 5, true>': 1
ok   forbid  '<T, 5, 4, true>': 0
ok   forbid  '<T, 5, 6, true>': 0
ok   forbid  '<T, 6, 4, true>': 0
ok   forbid  '<T, 6, 5, true>': 0
ok   forbid  '<T, 9, 4, true>': 0
ok   forbid  '<T, 9, 6, true>': 0
ok   extraction: 80375 strings
rebuild-and-assert-worker: PASS
leg1_after_arm_m5_ipgs=3,5
leg1_after_arm_m6_ipgs=3,6
leg1_after_arm_m9_ipgs=3,5
leg1_after_worker_mtime=2026-08-20T15:20:21Z
leg1_after_worker_sha256=dada9254a1150696b2c073604628519c4e11583ad65cdc3917593172c050593f
leg1_after_rebuild_assert_exit=0
leg1_after_metallib_source_fingerprint=a76b0287f3078fffbe6f9962d1d323195e6d71a5607467abb1c2c08377c4539a
leg1_worker_unchanged_across_leg=true
=== e42-run: c2 leg pair 2/2 (512 tokens) ===
worker      .build-worker/release/mlxfast-runtime-worker
worker_mtime 2026-08-20T15:20:21Z
worker_sha256 dada9254a1150696b2c073604628519c4e11583ad65cdc3917593172c050593f
ok   require '<T, 5, 3, true>': 1
ok   require '<T, 5, 5, true>': 1
ok   require '<T, 6, 3, true>': 1
ok   require '<T, 6, 6, true>': 1
ok   require '<T, 9, 3, true>': 1
ok   require '<T, 9, 5, true>': 1
ok   forbid  '<T, 5, 4, true>': 0
ok   forbid  '<T, 5, 6, true>': 0
ok   forbid  '<T, 6, 4, true>': 0
ok   forbid  '<T, 6, 5, true>': 0
ok   forbid  '<T, 9, 4, true>': 0
ok   forbid  '<T, 9, 6, true>': 0
ok   extraction: 80375 strings
rebuild-and-assert-worker: PASS
leg2_before_arm_m5_ipgs=3,5
leg2_before_arm_m6_ipgs=3,6
leg2_before_arm_m9_ipgs=3,5
leg2_before_worker_mtime=2026-08-20T15:20:21Z
leg2_before_worker_sha256=dada9254a1150696b2c073604628519c4e11583ad65cdc3917593172c050593f
leg2_before_rebuild_assert_exit=0
leg2_before_metallib_source_fingerprint=a76b0287f3078fffbe6f9962d1d323195e6d71a5607467abb1c2c08377c4539a
benchmark-qwen-mtp.sh: public drift tripwire (correctness against correctness_prompts/public_longcopy_gate_english_512_256.json)
benchmark-qwen-mtp.sh: GPU cool gate before the MTP reference pass (./benchmark.sh --local-cool-gate-only)
benchmark.sh: warning: local GPU cool-down gate disabled (MLXFAST_LOCAL_COOL_GATE=0); hot-start timings are not comparable to gated runs
benchmark-qwen-mtp.sh: generating the MTP reference rows (512 rows, depth=8)
mtp-verify: generate 32/513 (context 545)
mtp-verify: generate 64/513 (context 577)
mtp-verify: generate 96/513 (context 609)
mtp-verify: generate 128/513 (context 641)
mtp-verify: generate 160/513 (context 673)
mtp-verify: generate 192/513 (context 705)
mtp-verify: generate 224/513 (context 737)
mtp-verify: generate 256/513 (context 769)
mtp-verify: generate 288/513 (context 801)
mtp-verify: generate 320/513 (context 833)
mtp-verify: generate 352/513 (context 865)
mtp-verify: generate 384/513 (context 897)
mtp-verify: generate 416/513 (context 929)
mtp-verify: generate 448/513 (context 961)
mtp-verify: generate 480/513 (context 993)
mtp-verify: generate 512/513 (context 1025)
mtp-verify: generate 513/513 (context 1026)
mtp-verify: rows=513 seed_tokens=512 reference_seed_token=271 self_consistent=true (replayed 1 row bit-identically) chain_contradictions=0
benchmark-qwen-mtp.sh: GPU cool gate before the true serial control (./benchmark.sh --local-cool-gate-only)
benchmark.sh: warning: local GPU cool-down gate disabled (MLXFAST_LOCAL_COOL_GATE=0); hot-start timings are not comparable to gated runs
benchmark-qwen-mtp.sh: measuring the TRUE serial control, MTP off (512 tokens)
mtp-timed: weights=weights mtp_head=/Users/ec2-user/.senpai/native/qwen38-mlx-senpai-r2/roles/student-qwen-askeladd/home/.cache/mlxfast/qwen3.8-27b-mtp-v1/mtp-head-declared-run pinned_reference=<unset>
mtp-timed: tokens=512 depth=0 rounds=512 accepted_draft_rate=0.0000 all_tokens_matched=true reference_checked_rows=512/512 seconds_per_token=0.073290
benchmark-qwen-mtp.sh: GPU cool gate before the native-MTP decode (./benchmark.sh --local-cool-gate-only)
benchmark.sh: warning: local GPU cool-down gate disabled (MLXFAST_LOCAL_COOL_GATE=0); hot-start timings are not comparable to gated runs
benchmark-qwen-mtp.sh: measuring native-MTP decode (512 tokens, depth=8)
mtp-timed: weights=weights mtp_head=/Users/ec2-user/.senpai/native/qwen38-mlx-senpai-r2/roles/student-qwen-askeladd/home/.cache/mlxfast/qwen3.8-27b-mtp-v1/mtp-head-declared-run pinned_reference=<unset>
mtp-timed: tokens=512 depth=8 rounds=78 accepted_draft_rate=0.8875 all_tokens_matched=true reference_checked_rows=567/567 seconds_per_token=0.032331
benchmark-qwen-mtp.sh: local estimated decode speedup 2.2668694981788486 (serial K=1 0.073290410218760371s/token / MTP 0.032331111375242472s/token)
benchmark-qwen-mtp.sh: the RANKED decode floor enforced on the ranked box is 0.90 (.github/workflows/qwen-mtp-ranked-benchmark.yml)
benchmark-qwen-mtp.sh: this local number is shown against that floor for DIRECTION ONLY; it is not a verdict
benchmark-qwen-mtp.sh: NOT RANKABLE: official_scoring_enabled=true, hidden timed prompt pool holds 8 entries,
benchmark-qwen-mtp.sh: and these reference rows came from the candidate build, not the pinned baseline. Only the
benchmark-qwen-mtp.sh: ranked .github/workflows/qwen-mtp-ranked-benchmark.yml run can produce a score that ranks.
{
  "score": 2.2668694981788486,
  "passed": true,
  "track_id": "qwen3.8-27b-mtp-v1",
  "metrics": {
    "mode": "qwen-mtp-local-iterate",
    "oracle": "candidate-local-mtp-golden-rows",
    "official_score": false,
    "rankable": false,
    "not_rankable_reason": "candidate-generated reference rows; official scoring disabled; ranked run is the only authority",
    "ranked_decode_speedup_floor": 0.90,
    "public_drift_tripwire_passed": true,
    "decode_tokens": 512,
    "mtp_depth": 8,
    "all_tokens_matched": true,
    "uses_pinned_mtp_head": true,
    "head_provenance_sha256": "dadbfb806d80eca258395e5360534c5969acd5ad312b45102ad2caf65566f7e9",
    "effective_mean_draft_len": 6.2692307692307692,
    "serial_seconds_per_token": 0.073290410218760371,
    "mtp_seconds_per_token": 0.032331111375242472,
    "mtp_decode_speedup": 2.2668694981788486,
    "accepted_draft_rate": 0.88752556237218816,
    "residual_divergence_count": 0
  }
}
worker      .build-worker/release/mlxfast-runtime-worker
worker_mtime 2026-08-20T15:20:21Z
worker_sha256 dada9254a1150696b2c073604628519c4e11583ad65cdc3917593172c050593f
ok   require '<T, 5, 3, true>': 1
ok   require '<T, 5, 5, true>': 1
ok   require '<T, 6, 3, true>': 1
ok   require '<T, 6, 6, true>': 1
ok   require '<T, 9, 3, true>': 1
ok   require '<T, 9, 5, true>': 1
ok   forbid  '<T, 5, 4, true>': 0
ok   forbid  '<T, 5, 6, true>': 0
ok   forbid  '<T, 6, 4, true>': 0
ok   forbid  '<T, 6, 5, true>': 0
ok   forbid  '<T, 9, 4, true>': 0
ok   forbid  '<T, 9, 6, true>': 0
ok   extraction: 80375 strings
rebuild-and-assert-worker: PASS
leg2_after_arm_m5_ipgs=3,5
leg2_after_arm_m6_ipgs=3,6
leg2_after_arm_m9_ipgs=3,5
leg2_after_worker_mtime=2026-08-20T15:20:21Z
leg2_after_worker_sha256=dada9254a1150696b2c073604628519c4e11583ad65cdc3917593172c050593f
leg2_after_rebuild_assert_exit=0
leg2_after_metallib_source_fingerprint=a76b0287f3078fffbe6f9962d1d323195e6d71a5607467abb1c2c08377c4539a
leg2_worker_unchanged_across_leg=true
e66_whole_leg_session: c2 (c_hybrid24928) exited 0
wandb: [wandb.login()] Loaded credentials for https://api.wandb.ai from WANDB_API_KEY.
wandb: W&B API key is configured. Use `wandb login --relogin` to force relogin
wandb: Tracking run with wandb version 0.28.1
wandb: Run data is saved locally in /Users/ec2-user/.senpai/native/qwen38-mlx-senpai-r2/roles/student-qwen-askeladd/workspace/target/wandb/run-20260820_152947-v5nqgkkz
wandb: Run `wandb offline` to turn off syncing.
wandb: Syncing run e78-c2
wandb: ⭐️ View project at https://wandb.ai/wandb-applied-ai-team/qwen38-mlx-challenge-senpai
wandb: 🚀 View run at https://wandb.ai/wandb-applied-ai-team/qwen38-mlx-challenge-senpai/runs/v5nqgkkz
e78_wandb_leg: c2 -> https://wandb.ai/wandb-applied-ai-team/qwen38-mlx-challenge-senpai/runs/v5nqgkkz
wandb: updating run metadata; uploading summary
wandb: uploading history steps 0-1, summary, console lines 0-0
wandb: 
wandb: Run history:
wandb:       leg/accepted_draft_rate ▁▁
wandb:             leg/decode_tokens ▁▁
wandb:  leg/effective_mean_draft_len ▁▁
wandb:                     leg/index ▁█
wandb:        leg/mtp_decode_speedup █▁
wandb:                 leg/mtp_depth ▁▁
wandb:     leg/mtp_seconds_per_token █▁
wandb: leg/residual_divergence_count ▁▁
wandb:  leg/serial_seconds_per_token █▁
wandb:           leg/width_rounds_m2 ▁▁
wandb:                            +6 ...
wandb: 
wandb: Run summary:
wandb:          accepted_draft_rate 0.88753
wandb:      accepted_draft_rate_max 0.88753
wandb:      accepted_draft_rate_min 0.88753
wandb: all_tokens_matched_every_leg True
wandb:                decode_tokens 512
wandb:            decode_tokens_max 512
wandb:            decode_tokens_min 512
wandb:     effective_mean_draft_len 6.26923
wandb: effective_mean_draft_len_max 6.26923
wandb: effective_mean_draft_len_min 6.26923
wandb:                          +36 ...
wandb: 
wandb: 🚀 View run e78-c2 at: https://wandb.ai/wandb-applied-ai-team/qwen38-mlx-challenge-senpai/runs/v5nqgkkz
wandb: ⭐️ View project at: https://wandb.ai/wandb-applied-ai-team/qwen38-mlx-challenge-senpai
wandb: Synced 6 W&B file(s), 0 media file(s), 0 artifact file(s) and 0 other file(s)
wandb: Find logs at: ./wandb/run-20260820_152947-v5nqgkkz/logs
e66_whole_leg_session: === 2026-08-20T15:29:54Z arm b2 (b_crown, 2 leg(s)) ===
{
  "arm": "b_crown",
  "base_sha": "8d938c911df52b6a324f259a55dbaa75e508c822",
  "cells": {
    "5": 3,
    "6": 3,
    "9": 3
  },
  "checkout": null,
  "cutoff": null,
  "doc": "the crown's table by patch: IPG 3 at M=5, 6 and 9, wide-helper bound left at NA <= 6",
  "dry_run": false,
  "narrow_cells": null,
  "never_submit": false,
  "never_time": false,
  "sha256": {
    "Vendor/mlx-swift/Source/Cmlx/mlx-generated/quantized.cpp": "c127aa992f0807621d7c94a5b1934eaba11cccbb9ca5e68544bf20428abb44c4",
    "Vendor/mlx-swift/Source/Cmlx/mlx/mlx/backend/metal/kernels/quantized.h": "3043807bd239241bb9e68cfa0b3f9954725018bf474443ed96468fa6a64ef02f"
  },
  "source_bytes": {
    "Vendor/mlx-swift/Source/Cmlx/mlx-generated/quantized.cpp": 99360,
    "Vendor/mlx-swift/Source/Cmlx/mlx/mlx/backend/metal/kernels/quantized.h": 99565
  }
}
e78-run: MLXFAST_LOCAL_COOL_GATE=0 DARKBLOOM_STARTUP_MEMORY_PROFILE=full MLX_MAX_MB_PER_BUFFER=512 MLX_MAX_OPS_PER_BUFFER=50
E55 twin gate: quantized
    quantized/mlx/backend/metal/kernels/quantized.h: PINNED comment-only divergence (3 vs 13 comment line(s), 3005 non-comment line(s) identical)
E55 TWIN GATE OK: 1 runtime-effective twin(s)
Building for production...
[0/2] Write swift-version--58304C5D6DBC2206.txt
Build of product 'mlxfast-swift' complete! (1.55s)
Building for production...
[0/2] Write swift-version--58304C5D6DBC2206.txt
[1/3] Compiling quantized.cpp
[3/5] Compiling MLX ArrayAt.swift
[4/6] Compiling MLXFast MLXFast.swift
[5/7] Compiling MLXLMCommon DoRA+Layers.swift
/Users/ec2-user/.senpai/native/qwen38-mlx-senpai-r2/roles/student-qwen-askeladd/workspace/target/Vendor/mlx-swift-lm/Libraries/MLXLMCommon/ContinuousBatchingV2/EngineLoopV2.swift:1178:52: warning: capture of 'detokenizer' with non-Sendable type '(any CBv2IncrementalDetokenizer)?' in a '@Sendable' closure [#SendableClosureCaptures]
 128 | /// Incremental per-request detokenizer with UTF-8 + stop-string holdback.
 129 | /// See CONTRACT-ISSUES-B-scheduler.md §3.
 130 | public protocol CBv2IncrementalDetokenizer: AnyObject {
     |                 `- note: protocol 'CBv2IncrementalDetokenizer' does not conform to the 'Sendable' protocol
 131 |     /// Append confirmed tokens; returns text now safe to emit.
 132 |     func push(_ tokens: [Int]) -> String
     :
1176 |                 stream?.reserveEmission()
1177 |                 detokQueue.async {
1178 |                     let text = isStopToken ? "" : (detokenizer?.push([token]) ?? "")
     |                                                    `- warning: capture of 'detokenizer' with non-Sendable type '(any CBv2IncrementalDetokenizer)?' in a '@Sendable' closure [#SendableClosureCaptures]
1179 |                     stream?.emit(
1180 |                         .delta(text: text, tokens: [token], logprobs: logprobs),

/Users/ec2-user/.senpai/native/qwen38-mlx-senpai-r2/roles/student-qwen-askeladd/workspace/target/Vendor/mlx-swift-lm/Libraries/MLXLMCommon/ContinuousBatchingV2/EngineLoopV2.swift:1279:32: warning: capture of 'detokenizer' with non-Sendable type '(any CBv2IncrementalDetokenizer)?' in a '@Sendable' closure [#SendableClosureCaptures]
 128 | /// Incremental per-request detokenizer with UTF-8 + stop-string holdback.
 129 | /// See CONTRACT-ISSUES-B-scheduler.md §3.
 130 | public protocol CBv2IncrementalDetokenizer: AnyObject {
     |                 `- note: protocol 'CBv2IncrementalDetokenizer' does not conform to the 'Sendable' protocol
 131 |     /// Append confirmed tokens; returns text now safe to emit.
 132 |     func push(_ tokens: [Int]) -> String
     :
1277 |         if rec.request.stopStrings.isEmpty {
1278 |             detokQueue.async {
1279 |                 let trailing = detokenizer?.flush() ?? ""
     |                                `- warning: capture of 'detokenizer' with non-Sendable type '(any CBv2IncrementalDetokenizer)?' in a '@Sendable' closure [#SendableClosureCaptures]
1280 |                 if !trailing.isEmpty {
1281 |                     stream?.emit(.delta(text: trailing, tokens: [], logprobs: nil))

[#SendableClosureCaptures]: <https://docs.swift.org/compiler/documentation/diagnostics/sendable-closure-captures>
[5/7] Write Objects.LinkFileList
[6/7] Linking mlxfast-runtime-worker
Build of product 'mlxfast-runtime-worker' complete! (39.47s)
e78_binary_assert_m3_ipgs=3
e78_binary_assert_m4_ipgs=4
e78_binary_assert_m5_ipgs=3
e78_binary_assert_m6_ipgs=3
e78_binary_assert_m7_ipgs=4
e78_binary_assert_m8_ipgs=4
e78_binary_assert_m9_ipgs=3
e78_binary_assert_wide_bound=6
e78-binary-assert OK: .build-worker/release/mlxfast-runtime-worker embeds m3=[3] m4=[4] m5=[3] m6=[3] m7=[4] m8=[4] m9=[3], wide-helper bound [2, 6], cutoff=none, lane_perturb=0
e78_binary_assert_cutoff=none
e78_binary_assert_lane_perturb_copies=0
e78_binary_assert_worker_text_sha256=ef5171917447d347ebe34ab127b5e45fedbbc2120f00b4c4ed26cddf23f68fec
e78_binary_assert_worker_cstring_sha256=548ecb1516886d562df7d5ae27c39d1ef6612ae54b5f038aee580321659d5bc0
=== e42-run: b2 leg pair 1/2 (512 tokens) ===
worker      .build-worker/release/mlxfast-runtime-worker
worker_mtime 2026-08-20T15:31:02Z
worker_sha256 446ef46f65c92674925b7cf1422e93651c63f65c4bc18049b2843e363dc07b10
ok   require '<T, 5, 3, true>': 1
ok   require '<T, 6, 3, true>': 1
ok   require '<T, 9, 3, true>': 1
ok   forbid  '<T, 5, 4, true>': 0
ok   forbid  '<T, 5, 5, true>': 0
ok   forbid  '<T, 5, 6, true>': 0
ok   forbid  '<T, 6, 4, true>': 0
ok   forbid  '<T, 6, 5, true>': 0
ok   forbid  '<T, 6, 6, true>': 0
ok   forbid  '<T, 9, 4, true>': 0
ok   forbid  '<T, 9, 5, true>': 0
ok   forbid  '<T, 9, 6, true>': 0
ok   extraction: 80356 strings
rebuild-and-assert-worker: PASS
leg1_before_arm_m5_ipgs=3
leg1_before_arm_m6_ipgs=3
leg1_before_arm_m9_ipgs=3
leg1_before_worker_mtime=2026-08-20T15:31:02Z
leg1_before_worker_sha256=446ef46f65c92674925b7cf1422e93651c63f65c4bc18049b2843e363dc07b10
leg1_before_rebuild_assert_exit=0
leg1_before_metallib_source_fingerprint=c1739218181272ca50e882e957ede54658fded96f138cc0a80e8c06d9813b62b
benchmark-qwen-mtp.sh: mlx.metallib is stale (vendored kernel sources changed after it was built); rebuilding with tools/build-mlx-metallib.sh
-- Building MLX for arm64 processor on Darwin
-- Metal found /Applications/Xcode.app/Contents/Developer/Platforms/MacOSX.platform/Developer/SDKs/MacOSX.sdk/System/Library/Frameworks/Metal.framework
-- Building on macOS 26.5.2
-- Building with macOS 26.5 SDK
-- Metal version: 400
-- Accelerate found /Applications/Xcode.app/Contents/Developer/Platforms/MacOSX.platform/Developer/SDKs/MacOSX.sdk/System/Library/Frameworks/Accelerate.framework
-- Downloading json
-- Using the multi-header code from /Users/ec2-user/.senpai/native/qwen38-mlx-senpai-r2/roles/student-qwen-askeladd/workspace/target/Vendor/mlx-swift/Source/Cmlx/json/include/
-- Downloading json for JACCL
-- {fmt} version: 12.1.0
-- Build type: Release
-- Configuring done (0.2s)
-- Generating done (0.2s)
-- Build files have been written to: /Users/ec2-user/.senpai/native/qwen38-mlx-senpai-r2/roles/student-qwen-askeladd/workspace/target/.build-worker/mlx-metal
[  0%] Building quantized.air
In file included from /Users/ec2-user/.senpai/native/qwen38-mlx-senpai-r2/roles/student-qwen-askeladd/workspace/target/Vendor/mlx-swift/Source/Cmlx/mlx/mlx/backend/metal/kernels/quantized.metal:7:
/Users/ec2-user/.senpai/native/qwen38-mlx-senpai-r2/roles/student-qwen-askeladd/workspace/target/Vendor/mlx-swift/Source/Cmlx/mlx/mlx/backend/metal/kernels/quantized.h:1091:25: warning: unused parameter 'out_vec_size' [-Wunused-parameter]
    const constant int& out_vec_size,
                        ^
1 warning generated.
[  0%] Building mlx.metallib
[100%] Built target mlx-metallib
build-mlx-metallib.sh: wrote /Users/ec2-user/.senpai/native/qwen38-mlx-senpai-r2/roles/student-qwen-askeladd/workspace/target/.build-worker/release/mlx.metallib
build-mlx-metallib.sh: wrote .build/arm64-apple-macosx/release/mlxfast-challenge-devPackageTests.xctest/Contents/MacOS/mlx.metallib
build-mlx-metallib.sh: wrote .build/arm64-apple-macosx/debug/mlxfast-challenge-devPackageTests.xctest/Contents/MacOS/mlx.metallib
build-mlx-metallib.sh: wrote .build/debug/mlx.metallib
build-mlx-metallib.sh: wrote .build/release/mlx.metallib
build-mlx-metallib.sh: wrote .build-worker/release/mlx.metallib
benchmark-qwen-mtp.sh: public drift tripwire (correctness against correctness_prompts/public_longcopy_gate_english_512_256.json)
benchmark-qwen-mtp.sh: GPU cool gate before the MTP reference pass (./benchmark.sh --local-cool-gate-only)
benchmark.sh: warning: local GPU cool-down gate disabled (MLXFAST_LOCAL_COOL_GATE=0); hot-start timings are not comparable to gated runs
benchmark-qwen-mtp.sh: generating the MTP reference rows (512 rows, depth=8)
mtp-verify: generate 32/513 (context 545)
mtp-verify: generate 64/513 (context 577)
mtp-verify: generate 96/513 (context 609)
mtp-verify: generate 128/513 (context 641)
mtp-verify: generate 160/513 (context 673)
mtp-verify: generate 192/513 (context 705)
mtp-verify: generate 224/513 (context 737)
mtp-verify: generate 256/513 (context 769)
mtp-verify: generate 288/513 (context 801)
mtp-verify: generate 320/513 (context 833)
mtp-verify: generate 352/513 (context 865)
mtp-verify: generate 384/513 (context 897)
mtp-verify: generate 416/513 (context 929)
mtp-verify: generate 448/513 (context 961)
mtp-verify: generate 480/513 (context 993)
mtp-verify: generate 512/513 (context 1025)
mtp-verify: generate 513/513 (context 1026)
mtp-verify: rows=513 seed_tokens=512 reference_seed_token=271 self_consistent=true (replayed 1 row bit-identically) chain_contradictions=0
benchmark-qwen-mtp.sh: GPU cool gate before the true serial control (./benchmark.sh --local-cool-gate-only)
benchmark.sh: warning: local GPU cool-down gate disabled (MLXFAST_LOCAL_COOL_GATE=0); hot-start timings are not comparable to gated runs
benchmark-qwen-mtp.sh: measuring the TRUE serial control, MTP off (512 tokens)
mtp-timed: weights=weights mtp_head=/Users/ec2-user/.senpai/native/qwen38-mlx-senpai-r2/roles/student-qwen-askeladd/home/.cache/mlxfast/qwen3.8-27b-mtp-v1/mtp-head-declared-run pinned_reference=<unset>
mtp-timed: tokens=512 depth=0 rounds=512 accepted_draft_rate=0.0000 all_tokens_matched=true reference_checked_rows=512/512 seconds_per_token=0.073333
benchmark-qwen-mtp.sh: GPU cool gate before the native-MTP decode (./benchmark.sh --local-cool-gate-only)
benchmark.sh: warning: local GPU cool-down gate disabled (MLXFAST_LOCAL_COOL_GATE=0); hot-start timings are not comparable to gated runs
benchmark-qwen-mtp.sh: measuring native-MTP decode (512 tokens, depth=8)
mtp-timed: weights=weights mtp_head=/Users/ec2-user/.senpai/native/qwen38-mlx-senpai-r2/roles/student-qwen-askeladd/home/.cache/mlxfast/qwen3.8-27b-mtp-v1/mtp-head-declared-run pinned_reference=<unset>
mtp-timed: tokens=512 depth=8 rounds=78 accepted_draft_rate=0.8875 all_tokens_matched=true reference_checked_rows=567/567 seconds_per_token=0.033372
benchmark-qwen-mtp.sh: local estimated decode speedup 2.197416918690158 (serial K=1 0.073332652449607849s/token / MTP 0.033372207079082727s/token)
benchmark-qwen-mtp.sh: the RANKED decode floor enforced on the ranked box is 0.90 (.github/workflows/qwen-mtp-ranked-benchmark.yml)
benchmark-qwen-mtp.sh: this local number is shown against that floor for DIRECTION ONLY; it is not a verdict
benchmark-qwen-mtp.sh: NOT RANKABLE: official_scoring_enabled=true, hidden timed prompt pool holds 8 entries,
benchmark-qwen-mtp.sh: and these reference rows came from the candidate build, not the pinned baseline. Only the
benchmark-qwen-mtp.sh: ranked .github/workflows/qwen-mtp-ranked-benchmark.yml run can produce a score that ranks.
{
  "score": 2.197416918690158,
  "passed": true,
  "track_id": "qwen3.8-27b-mtp-v1",
  "metrics": {
    "mode": "qwen-mtp-local-iterate",
    "oracle": "candidate-local-mtp-golden-rows",
    "official_score": false,
    "rankable": false,
    "not_rankable_reason": "candidate-generated reference rows; official scoring disabled; ranked run is the only authority",
    "ranked_decode_speedup_floor": 0.90,
    "public_drift_tripwire_passed": true,
    "decode_tokens": 512,
    "mtp_depth": 8,
    "all_tokens_matched": true,
    "uses_pinned_mtp_head": true,
    "head_provenance_sha256": "dadbfb806d80eca258395e5360534c5969acd5ad312b45102ad2caf65566f7e9",
    "effective_mean_draft_len": 6.2692307692307692,
    "serial_seconds_per_token": 0.073332652449607849,
    "mtp_seconds_per_token": 0.033372207079082727,
    "mtp_decode_speedup": 2.197416918690158,
    "accepted_draft_rate": 0.88752556237218816,
    "residual_divergence_count": 0
  }
}
worker      .build-worker/release/mlxfast-runtime-worker
worker_mtime 2026-08-20T15:31:02Z
worker_sha256 446ef46f65c92674925b7cf1422e93651c63f65c4bc18049b2843e363dc07b10
ok   require '<T, 5, 3, true>': 1
ok   require '<T, 6, 3, true>': 1
ok   require '<T, 9, 3, true>': 1
ok   forbid  '<T, 5, 4, true>': 0
ok   forbid  '<T, 5, 5, true>': 0
ok   forbid  '<T, 5, 6, true>': 0
ok   forbid  '<T, 6, 4, true>': 0
ok   forbid  '<T, 6, 5, true>': 0
ok   forbid  '<T, 6, 6, true>': 0
ok   forbid  '<T, 9, 4, true>': 0
ok   forbid  '<T, 9, 5, true>': 0
ok   forbid  '<T, 9, 6, true>': 0
ok   extraction: 80356 strings
rebuild-and-assert-worker: PASS
leg1_after_arm_m5_ipgs=3
leg1_after_arm_m6_ipgs=3
leg1_after_arm_m9_ipgs=3
leg1_after_worker_mtime=2026-08-20T15:31:02Z
leg1_after_worker_sha256=446ef46f65c92674925b7cf1422e93651c63f65c4bc18049b2843e363dc07b10
leg1_after_rebuild_assert_exit=0
leg1_after_metallib_source_fingerprint=c1739218181272ca50e882e957ede54658fded96f138cc0a80e8c06d9813b62b
leg1_worker_unchanged_across_leg=true
=== e42-run: b2 leg pair 2/2 (512 tokens) ===
worker      .build-worker/release/mlxfast-runtime-worker
worker_mtime 2026-08-20T15:31:02Z
worker_sha256 446ef46f65c92674925b7cf1422e93651c63f65c4bc18049b2843e363dc07b10
ok   require '<T, 5, 3, true>': 1
ok   require '<T, 6, 3, true>': 1
ok   require '<T, 9, 3, true>': 1
ok   forbid  '<T, 5, 4, true>': 0
ok   forbid  '<T, 5, 5, true>': 0
ok   forbid  '<T, 5, 6, true>': 0
ok   forbid  '<T, 6, 4, true>': 0
ok   forbid  '<T, 6, 5, true>': 0
ok   forbid  '<T, 6, 6, true>': 0
ok   forbid  '<T, 9, 4, true>': 0
ok   forbid  '<T, 9, 5, true>': 0
ok   forbid  '<T, 9, 6, true>': 0
ok   extraction: 80356 strings
rebuild-and-assert-worker: PASS
leg2_before_arm_m5_ipgs=3
leg2_before_arm_m6_ipgs=3
leg2_before_arm_m9_ipgs=3
leg2_before_worker_mtime=2026-08-20T15:31:02Z
leg2_before_worker_sha256=446ef46f65c92674925b7cf1422e93651c63f65c4bc18049b2843e363dc07b10
leg2_before_rebuild_assert_exit=0
leg2_before_metallib_source_fingerprint=c1739218181272ca50e882e957ede54658fded96f138cc0a80e8c06d9813b62b
benchmark-qwen-mtp.sh: public drift tripwire (correctness against correctness_prompts/public_longcopy_gate_english_512_256.json)
benchmark-qwen-mtp.sh: GPU cool gate before the MTP reference pass (./benchmark.sh --local-cool-gate-only)
benchmark.sh: warning: local GPU cool-down gate disabled (MLXFAST_LOCAL_COOL_GATE=0); hot-start timings are not comparable to gated runs
benchmark-qwen-mtp.sh: generating the MTP reference rows (512 rows, depth=8)
mtp-verify: generate 32/513 (context 545)
mtp-verify: generate 64/513 (context 577)
mtp-verify: generate 96/513 (context 609)
mtp-verify: generate 128/513 (context 641)
mtp-verify: generate 160/513 (context 673)
mtp-verify: generate 192/513 (context 705)
mtp-verify: generate 224/513 (context 737)
mtp-verify: generate 256/513 (context 769)
mtp-verify: generate 288/513 (context 801)
mtp-verify: generate 320/513 (context 833)
mtp-verify: generate 352/513 (context 865)
mtp-verify: generate 384/513 (context 897)
mtp-verify: generate 416/513 (context 929)
mtp-verify: generate 448/513 (context 961)
mtp-verify: generate 480/513 (context 993)
mtp-verify: generate 512/513 (context 1025)
mtp-verify: generate 513/513 (context 1026)
mtp-verify: rows=513 seed_tokens=512 reference_seed_token=271 self_consistent=true (replayed 1 row bit-identically) chain_contradictions=0
benchmark-qwen-mtp.sh: GPU cool gate before the true serial control (./benchmark.sh --local-cool-gate-only)
benchmark.sh: warning: local GPU cool-down gate disabled (MLXFAST_LOCAL_COOL_GATE=0); hot-start timings are not comparable to gated runs
benchmark-qwen-mtp.sh: measuring the TRUE serial control, MTP off (512 tokens)
mtp-timed: weights=weights mtp_head=/Users/ec2-user/.senpai/native/qwen38-mlx-senpai-r2/roles/student-qwen-askeladd/home/.cache/mlxfast/qwen3.8-27b-mtp-v1/mtp-head-declared-run pinned_reference=<unset>
mtp-timed: tokens=512 depth=0 rounds=512 accepted_draft_rate=0.0000 all_tokens_matched=true reference_checked_rows=512/512 seconds_per_token=0.073461
benchmark-qwen-mtp.sh: GPU cool gate before the native-MTP decode (./benchmark.sh --local-cool-gate-only)
benchmark.sh: warning: local GPU cool-down gate disabled (MLXFAST_LOCAL_COOL_GATE=0); hot-start timings are not comparable to gated runs
benchmark-qwen-mtp.sh: measuring native-MTP decode (512 tokens, depth=8)
mtp-timed: weights=weights mtp_head=/Users/ec2-user/.senpai/native/qwen38-mlx-senpai-r2/roles/student-qwen-askeladd/home/.cache/mlxfast/qwen3.8-27b-mtp-v1/mtp-head-declared-run pinned_reference=<unset>
mtp-timed: tokens=512 depth=8 rounds=78 accepted_draft_rate=0.8875 all_tokens_matched=true reference_checked_rows=567/567 seconds_per_token=0.033370
benchmark-qwen-mtp.sh: local estimated decode speedup 2.201423203026846 (serial K=1 0.073461488354951143s/token / MTP 0.033369998214766383s/token)
benchmark-qwen-mtp.sh: the RANKED decode floor enforced on the ranked box is 0.90 (.github/workflows/qwen-mtp-ranked-benchmark.yml)
benchmark-qwen-mtp.sh: this local number is shown against that floor for DIRECTION ONLY; it is not a verdict
benchmark-qwen-mtp.sh: NOT RANKABLE: official_scoring_enabled=true, hidden timed prompt pool holds 8 entries,
benchmark-qwen-mtp.sh: and these reference rows came from the candidate build, not the pinned baseline. Only the
benchmark-qwen-mtp.sh: ranked .github/workflows/qwen-mtp-ranked-benchmark.yml run can produce a score that ranks.
{
  "score": 2.201423203026846,
  "passed": true,
  "track_id": "qwen3.8-27b-mtp-v1",
  "metrics": {
    "mode": "qwen-mtp-local-iterate",
    "oracle": "candidate-local-mtp-golden-rows",
    "official_score": false,
    "rankable": false,
    "not_rankable_reason": "candidate-generated reference rows; official scoring disabled; ranked run is the only authority",
    "ranked_decode_speedup_floor": 0.90,
    "public_drift_tripwire_passed": true,
    "decode_tokens": 512,
    "mtp_depth": 8,
    "all_tokens_matched": true,
    "uses_pinned_mtp_head": true,
    "head_provenance_sha256": "dadbfb806d80eca258395e5360534c5969acd5ad312b45102ad2caf65566f7e9",
    "effective_mean_draft_len": 6.2692307692307692,
    "serial_seconds_per_token": 0.073461488354951143,
    "mtp_seconds_per_token": 0.033369998214766383,
    "mtp_decode_speedup": 2.201423203026846,
    "accepted_draft_rate": 0.88752556237218816,
    "residual_divergence_count": 0
  }
}
worker      .build-worker/release/mlxfast-runtime-worker
worker_mtime 2026-08-20T15:31:02Z
worker_sha256 446ef46f65c92674925b7cf1422e93651c63f65c4bc18049b2843e363dc07b10
ok   require '<T, 5, 3, true>': 1
ok   require '<T, 6, 3, true>': 1
ok   require '<T, 9, 3, true>': 1
ok   forbid  '<T, 5, 4, true>': 0
ok   forbid  '<T, 5, 5, true>': 0
ok   forbid  '<T, 5, 6, true>': 0
ok   forbid  '<T, 6, 4, true>': 0
ok   forbid  '<T, 6, 5, true>': 0
ok   forbid  '<T, 6, 6, true>': 0
ok   forbid  '<T, 9, 4, true>': 0
ok   forbid  '<T, 9, 5, true>': 0
ok   forbid  '<T, 9, 6, true>': 0
ok   extraction: 80356 strings
rebuild-and-assert-worker: PASS
leg2_after_arm_m5_ipgs=3
leg2_after_arm_m6_ipgs=3
leg2_after_arm_m9_ipgs=3
leg2_after_worker_mtime=2026-08-20T15:31:02Z
leg2_after_worker_sha256=446ef46f65c92674925b7cf1422e93651c63f65c4bc18049b2843e363dc07b10
leg2_after_rebuild_assert_exit=0
leg2_after_metallib_source_fingerprint=c1739218181272ca50e882e957ede54658fded96f138cc0a80e8c06d9813b62b
leg2_worker_unchanged_across_leg=true
e66_whole_leg_session: b2 (b_crown) exited 0
wandb: [wandb.login()] Loaded credentials for https://api.wandb.ai from WANDB_API_KEY.
wandb: W&B API key is configured. Use `wandb login --relogin` to force relogin
wandb: Tracking run with wandb version 0.28.1
wandb: Run data is saved locally in /Users/ec2-user/.senpai/native/qwen38-mlx-senpai-r2/roles/student-qwen-askeladd/workspace/target/wandb/run-20260820_154026-fbtgiifc
wandb: Run `wandb offline` to turn off syncing.
wandb: Syncing run e78-b2
wandb: ⭐️ View project at https://wandb.ai/wandb-applied-ai-team/qwen38-mlx-challenge-senpai
wandb: 🚀 View run at https://wandb.ai/wandb-applied-ai-team/qwen38-mlx-challenge-senpai/runs/fbtgiifc
e78_wandb_leg: b2 -> https://wandb.ai/wandb-applied-ai-team/qwen38-mlx-challenge-senpai/runs/fbtgiifc
wandb: updating run metadata; uploading summary
wandb: 
wandb: Run history:
wandb:       leg/accepted_draft_rate ▁▁
wandb:             leg/decode_tokens ▁▁
wandb:  leg/effective_mean_draft_len ▁▁
wandb:                     leg/index ▁█
wandb:        leg/mtp_decode_speedup ▁█
wandb:                 leg/mtp_depth ▁▁
wandb:     leg/mtp_seconds_per_token █▁
wandb: leg/residual_divergence_count ▁▁
wandb:  leg/serial_seconds_per_token ▁█
wandb:           leg/width_rounds_m2 ▁▁
wandb:                            +6 ...
wandb: 
wandb: Run summary:
wandb:          accepted_draft_rate 0.88753
wandb:      accepted_draft_rate_max 0.88753
wandb:      accepted_draft_rate_min 0.88753
wandb: all_tokens_matched_every_leg True
wandb:                decode_tokens 512
wandb:            decode_tokens_max 512
wandb:            decode_tokens_min 512
wandb:     effective_mean_draft_len 6.26923
wandb: effective_mean_draft_len_max 6.26923
wandb: effective_mean_draft_len_min 6.26923
wandb:                          +36 ...
wandb: 
wandb: 🚀 View run e78-b2 at: https://wandb.ai/wandb-applied-ai-team/qwen38-mlx-challenge-senpai/runs/fbtgiifc
wandb: ⭐️ View project at: https://wandb.ai/wandb-applied-ai-team/qwen38-mlx-challenge-senpai
wandb: Synced 6 W&B file(s), 0 media file(s), 0 artifact file(s) and 0 other file(s)
wandb: Find logs at: ./wandb/run-20260820_154026-fbtgiifc/logs
e66_whole_leg_session: === 2026-08-20T15:40:33Z arm a2 (a_ship, 2 leg(s)) ===
{
  "arm": "a_ship",
  "base_sha": "8d938c911df52b6a324f259a55dbaa75e508c822",
  "cells": {
    "5": 5,
    "6": 6,
    "9": 5
  },
  "checkout": null,
  "cutoff": null,
  "doc": "the base table, unmodified: <T,5,5>, <T,6,6>, <T,9,5>",
  "dry_run": false,
  "narrow_cells": null,
  "never_submit": false,
  "never_time": false,
  "sha256": {
    "Vendor/mlx-swift/Source/Cmlx/mlx-generated/quantized.cpp": "c43a11f71495cec36589012a4ba950cb4d5f82d11cb6b9f525a977bbc34b8276",
    "Vendor/mlx-swift/Source/Cmlx/mlx/mlx/backend/metal/kernels/quantized.h": "71ab9a72965e727830fc35feaeefc628082ba22b9b4dd4b3cfc9a4ab066857f5"
  },
  "source_bytes": {
    "Vendor/mlx-swift/Source/Cmlx/mlx-generated/quantized.cpp": 99360,
    "Vendor/mlx-swift/Source/Cmlx/mlx/mlx/backend/metal/kernels/quantized.h": 99565
  }
}
e78-run: MLXFAST_LOCAL_COOL_GATE=0 DARKBLOOM_STARTUP_MEMORY_PROFILE=full MLX_MAX_MB_PER_BUFFER=512 MLX_MAX_OPS_PER_BUFFER=50
E55 twin gate: quantized
    quantized/mlx/backend/metal/kernels/quantized.h: PINNED comment-only divergence (3 vs 13 comment line(s), 3005 non-comment line(s) identical)
E55 TWIN GATE OK: 1 runtime-effective twin(s)
Building for production...
[0/2] Write swift-version--58304C5D6DBC2206.txt
Build of product 'mlxfast-swift' complete! (1.41s)
Building for production...
[0/2] Write swift-version--58304C5D6DBC2206.txt
[1/3] Compiling quantized.cpp
[3/5] Compiling MLX ArrayAt.swift
[4/6] Compiling MLXFast MLXFast.swift
[5/7] Compiling MLXLMCommon DoRA+Layers.swift
/Users/ec2-user/.senpai/native/qwen38-mlx-senpai-r2/roles/student-qwen-askeladd/workspace/target/Vendor/mlx-swift-lm/Libraries/MLXLMCommon/ContinuousBatchingV2/EngineLoopV2.swift:1178:52: warning: capture of 'detokenizer' with non-Sendable type '(any CBv2IncrementalDetokenizer)?' in a '@Sendable' closure [#SendableClosureCaptures]
 128 | /// Incremental per-request detokenizer with UTF-8 + stop-string holdback.
 129 | /// See CONTRACT-ISSUES-B-scheduler.md §3.
 130 | public protocol CBv2IncrementalDetokenizer: AnyObject {
     |                 `- note: protocol 'CBv2IncrementalDetokenizer' does not conform to the 'Sendable' protocol
 131 |     /// Append confirmed tokens; returns text now safe to emit.
 132 |     func push(_ tokens: [Int]) -> String
     :
1176 |                 stream?.reserveEmission()
1177 |                 detokQueue.async {
1178 |                     let text = isStopToken ? "" : (detokenizer?.push([token]) ?? "")
     |                                                    `- warning: capture of 'detokenizer' with non-Sendable type '(any CBv2IncrementalDetokenizer)?' in a '@Sendable' closure [#SendableClosureCaptures]
1179 |                     stream?.emit(
1180 |                         .delta(text: text, tokens: [token], logprobs: logprobs),

/Users/ec2-user/.senpai/native/qwen38-mlx-senpai-r2/roles/student-qwen-askeladd/workspace/target/Vendor/mlx-swift-lm/Libraries/MLXLMCommon/ContinuousBatchingV2/EngineLoopV2.swift:1279:32: warning: capture of 'detokenizer' with non-Sendable type '(any CBv2IncrementalDetokenizer)?' in a '@Sendable' closure [#SendableClosureCaptures]
 128 | /// Incremental per-request detokenizer with UTF-8 + stop-string holdback.
 129 | /// See CONTRACT-ISSUES-B-scheduler.md §3.
 130 | public protocol CBv2IncrementalDetokenizer: AnyObject {
     |                 `- note: protocol 'CBv2IncrementalDetokenizer' does not conform to the 'Sendable' protocol
 131 |     /// Append confirmed tokens; returns text now safe to emit.
 132 |     func push(_ tokens: [Int]) -> String
     :
1277 |         if rec.request.stopStrings.isEmpty {
1278 |             detokQueue.async {
1279 |                 let trailing = detokenizer?.flush() ?? ""
     |                                `- warning: capture of 'detokenizer' with non-Sendable type '(any CBv2IncrementalDetokenizer)?' in a '@Sendable' closure [#SendableClosureCaptures]
1280 |                 if !trailing.isEmpty {
1281 |                     stream?.emit(.delta(text: trailing, tokens: [], logprobs: nil))

[#SendableClosureCaptures]: <https://docs.swift.org/compiler/documentation/diagnostics/sendable-closure-captures>
[5/7] Write Objects.LinkFileList
[6/7] Linking mlxfast-runtime-worker
Build of product 'mlxfast-runtime-worker' complete! (38.99s)
e78_binary_assert_m3_ipgs=3
e78_binary_assert_m4_ipgs=4
e78_binary_assert_m5_ipgs=5
e78_binary_assert_m6_ipgs=6
e78_binary_assert_m7_ipgs=4
e78_binary_assert_m8_ipgs=4
e78_binary_assert_m9_ipgs=5
e78_binary_assert_wide_bound=6
e78_binary_assert_cutoff=none
e78_binary_assert_lane_perturb_copies=0
e78-binary-assert OK: .build-worker/release/mlxfast-runtime-worker embeds m3=[3] m4=[4] m5=[5] m6=[6] m7=[4] m8=[4] m9=[5], wide-helper bound [2, 6], cutoff=none, lane_perturb=0
e78_binary_assert_worker_text_sha256=ef5171917447d347ebe34ab127b5e45fedbbc2120f00b4c4ed26cddf23f68fec
e78_binary_assert_worker_cstring_sha256=d52a9ba63b9b2a2e1443d91263eabee8eb456db3298ea0cebfca74929f13f01e
=== e42-run: a2 leg pair 1/2 (512 tokens) ===
worker      .build-worker/release/mlxfast-runtime-worker
worker_mtime 2026-08-20T15:41:40Z
worker_sha256 96c1c6b525c3cc00a1e1b828207b2ab577bef2190d29aea9f94c4c11d1d7e0e7
ok   require '<T, 5, 5, true>': 1
ok   require '<T, 6, 6, true>': 1
ok   require '<T, 9, 5, true>': 1
ok   forbid  '<T, 5, 3, true>': 0
ok   forbid  '<T, 5, 4, true>': 0
ok   forbid  '<T, 5, 6, true>': 0
ok   forbid  '<T, 6, 3, true>': 0
ok   forbid  '<T, 6, 4, true>': 0
ok   forbid  '<T, 6, 5, true>': 0
ok   forbid  '<T, 9, 3, true>': 0
ok   forbid  '<T, 9, 4, true>': 0
ok   forbid  '<T, 9, 6, true>': 0
ok   extraction: 80356 strings
rebuild-and-assert-worker: PASS
leg1_before_arm_m5_ipgs=5
leg1_before_arm_m6_ipgs=6
leg1_before_arm_m9_ipgs=5
leg1_before_worker_mtime=2026-08-20T15:41:40Z
leg1_before_worker_sha256=96c1c6b525c3cc00a1e1b828207b2ab577bef2190d29aea9f94c4c11d1d7e0e7
leg1_before_rebuild_assert_exit=0
leg1_before_metallib_source_fingerprint=f09821bdbd820b77502867cbf660c1157407243ca9639de681c5b46fedfbd9fe
benchmark-qwen-mtp.sh: mlx.metallib is stale (vendored kernel sources changed after it was built); rebuilding with tools/build-mlx-metallib.sh
-- Building MLX for arm64 processor on Darwin
-- Metal found /Applications/Xcode.app/Contents/Developer/Platforms/MacOSX.platform/Developer/SDKs/MacOSX.sdk/System/Library/Frameworks/Metal.framework
-- Building on macOS 26.5.2
-- Building with macOS 26.5 SDK
-- Metal version: 400
-- Accelerate found /Applications/Xcode.app/Contents/Developer/Platforms/MacOSX.platform/Developer/SDKs/MacOSX.sdk/System/Library/Frameworks/Accelerate.framework
-- Downloading json
-- Using the multi-header code from /Users/ec2-user/.senpai/native/qwen38-mlx-senpai-r2/roles/student-qwen-askeladd/workspace/target/Vendor/mlx-swift/Source/Cmlx/json/include/
-- Downloading json for JACCL
-- {fmt} version: 12.1.0
-- Build type: Release
-- Configuring done (0.2s)
-- Generating done (0.2s)
-- Build files have been written to: /Users/ec2-user/.senpai/native/qwen38-mlx-senpai-r2/roles/student-qwen-askeladd/workspace/target/.build-worker/mlx-metal
[  0%] Building quantized.air
In file included from /Users/ec2-user/.senpai/native/qwen38-mlx-senpai-r2/roles/student-qwen-askeladd/workspace/target/Vendor/mlx-swift/Source/Cmlx/mlx/mlx/backend/metal/kernels/quantized.metal:7:
/Users/ec2-user/.senpai/native/qwen38-mlx-senpai-r2/roles/student-qwen-askeladd/workspace/target/Vendor/mlx-swift/Source/Cmlx/mlx/mlx/backend/metal/kernels/quantized.h:1091:25: warning: unused parameter 'out_vec_size' [-Wunused-parameter]
    const constant int& out_vec_size,
                        ^
1 warning generated.
[  0%] Building mlx.metallib
[100%] Built target mlx-metallib
build-mlx-metallib.sh: wrote /Users/ec2-user/.senpai/native/qwen38-mlx-senpai-r2/roles/student-qwen-askeladd/workspace/target/.build-worker/release/mlx.metallib
build-mlx-metallib.sh: wrote .build/arm64-apple-macosx/release/mlxfast-challenge-devPackageTests.xctest/Contents/MacOS/mlx.metallib
build-mlx-metallib.sh: wrote .build/arm64-apple-macosx/debug/mlxfast-challenge-devPackageTests.xctest/Contents/MacOS/mlx.metallib
build-mlx-metallib.sh: wrote .build/debug/mlx.metallib
build-mlx-metallib.sh: wrote .build/release/mlx.metallib
build-mlx-metallib.sh: wrote .build-worker/release/mlx.metallib
benchmark-qwen-mtp.sh: public drift tripwire (correctness against correctness_prompts/public_longcopy_gate_english_512_256.json)
benchmark-qwen-mtp.sh: GPU cool gate before the MTP reference pass (./benchmark.sh --local-cool-gate-only)
benchmark.sh: warning: local GPU cool-down gate disabled (MLXFAST_LOCAL_COOL_GATE=0); hot-start timings are not comparable to gated runs
benchmark-qwen-mtp.sh: generating the MTP reference rows (512 rows, depth=8)
mtp-verify: generate 32/513 (context 545)
mtp-verify: generate 64/513 (context 577)
mtp-verify: generate 96/513 (context 609)
mtp-verify: generate 128/513 (context 641)
mtp-verify: generate 160/513 (context 673)
mtp-verify: generate 192/513 (context 705)
mtp-verify: generate 224/513 (context 737)
mtp-verify: generate 256/513 (context 769)
mtp-verify: generate 288/513 (context 801)
mtp-verify: generate 320/513 (context 833)
mtp-verify: generate 352/513 (context 865)
mtp-verify: generate 384/513 (context 897)
mtp-verify: generate 416/513 (context 929)
mtp-verify: generate 448/513 (context 961)
mtp-verify: generate 480/513 (context 993)
mtp-verify: generate 512/513 (context 1025)
mtp-verify: generate 513/513 (context 1026)
mtp-verify: rows=513 seed_tokens=512 reference_seed_token=271 self_consistent=true (replayed 1 row bit-identically) chain_contradictions=0
benchmark-qwen-mtp.sh: GPU cool gate before the true serial control (./benchmark.sh --local-cool-gate-only)
benchmark.sh: warning: local GPU cool-down gate disabled (MLXFAST_LOCAL_COOL_GATE=0); hot-start timings are not comparable to gated runs
benchmark-qwen-mtp.sh: measuring the TRUE serial control, MTP off (512 tokens)
mtp-timed: weights=weights mtp_head=/Users/ec2-user/.senpai/native/qwen38-mlx-senpai-r2/roles/student-qwen-askeladd/home/.cache/mlxfast/qwen3.8-27b-mtp-v1/mtp-head-declared-run pinned_reference=<unset>
mtp-timed: tokens=512 depth=0 rounds=512 accepted_draft_rate=0.0000 all_tokens_matched=true reference_checked_rows=512/512 seconds_per_token=0.073212
benchmark-qwen-mtp.sh: GPU cool gate before the native-MTP decode (./benchmark.sh --local-cool-gate-only)
benchmark.sh: warning: local GPU cool-down gate disabled (MLXFAST_LOCAL_COOL_GATE=0); hot-start timings are not comparable to gated runs
benchmark-qwen-mtp.sh: measuring native-MTP decode (512 tokens, depth=8)
mtp-timed: weights=weights mtp_head=/Users/ec2-user/.senpai/native/qwen38-mlx-senpai-r2/roles/student-qwen-askeladd/home/.cache/mlxfast/qwen3.8-27b-mtp-v1/mtp-head-declared-run pinned_reference=<unset>
mtp-timed: tokens=512 depth=8 rounds=78 accepted_draft_rate=0.8875 all_tokens_matched=true reference_checked_rows=567/567 seconds_per_token=0.031472
benchmark-qwen-mtp.sh: local estimated decode speedup 2.326270690673267 (serial K=1 0.073211550712585449s/token / MTP 0.031471638707444072s/token)
benchmark-qwen-mtp.sh: the RANKED decode floor enforced on the ranked box is 0.90 (.github/workflows/qwen-mtp-ranked-benchmark.yml)
benchmark-qwen-mtp.sh: this local number is shown against that floor for DIRECTION ONLY; it is not a verdict
benchmark-qwen-mtp.sh: NOT RANKABLE: official_scoring_enabled=true, hidden timed prompt pool holds 8 entries,
benchmark-qwen-mtp.sh: and these reference rows came from the candidate build, not the pinned baseline. Only the
benchmark-qwen-mtp.sh: ranked .github/workflows/qwen-mtp-ranked-benchmark.yml run can produce a score that ranks.
{
  "score": 2.326270690673267,
  "passed": true,
  "track_id": "qwen3.8-27b-mtp-v1",
  "metrics": {
    "mode": "qwen-mtp-local-iterate",
    "oracle": "candidate-local-mtp-golden-rows",
    "official_score": false,
    "rankable": false,
    "not_rankable_reason": "candidate-generated reference rows; official scoring disabled; ranked run is the only authority",
    "ranked_decode_speedup_floor": 0.90,
    "public_drift_tripwire_passed": true,
    "decode_tokens": 512,
    "mtp_depth": 8,
    "all_tokens_matched": true,
    "uses_pinned_mtp_head": true,
    "head_provenance_sha256": "dadbfb806d80eca258395e5360534c5969acd5ad312b45102ad2caf65566f7e9",
    "effective_mean_draft_len": 6.2692307692307692,
    "serial_seconds_per_token": 0.073211550712585449,
    "mtp_seconds_per_token": 0.031471638707444072,
    "mtp_decode_speedup": 2.326270690673267,
    "accepted_draft_rate": 0.88752556237218816,
    "residual_divergence_count": 0
  }
}
worker      .build-worker/release/mlxfast-runtime-worker
worker_mtime 2026-08-20T15:41:40Z
worker_sha256 96c1c6b525c3cc00a1e1b828207b2ab577bef2190d29aea9f94c4c11d1d7e0e7
ok   require '<T, 5, 5, true>': 1
ok   require '<T, 6, 6, true>': 1
ok   require '<T, 9, 5, true>': 1
ok   forbid  '<T, 5, 3, true>': 0
ok   forbid  '<T, 5, 4, true>': 0
ok   forbid  '<T, 5, 6, true>': 0
ok   forbid  '<T, 6, 3, true>': 0
ok   forbid  '<T, 6, 4, true>': 0
ok   forbid  '<T, 6, 5, true>': 0
ok   forbid  '<T, 9, 3, true>': 0
ok   forbid  '<T, 9, 4, true>': 0
ok   forbid  '<T, 9, 6, true>': 0
ok   extraction: 80356 strings
rebuild-and-assert-worker: PASS
leg1_after_arm_m5_ipgs=5
leg1_after_arm_m6_ipgs=6
leg1_after_arm_m9_ipgs=5
leg1_after_worker_mtime=2026-08-20T15:41:40Z
leg1_after_worker_sha256=96c1c6b525c3cc00a1e1b828207b2ab577bef2190d29aea9f94c4c11d1d7e0e7
leg1_after_rebuild_assert_exit=0
leg1_after_metallib_source_fingerprint=f09821bdbd820b77502867cbf660c1157407243ca9639de681c5b46fedfbd9fe
leg1_worker_unchanged_across_leg=true
=== e42-run: a2 leg pair 2/2 (512 tokens) ===
worker      .build-worker/release/mlxfast-runtime-worker
worker_mtime 2026-08-20T15:41:40Z
worker_sha256 96c1c6b525c3cc00a1e1b828207b2ab577bef2190d29aea9f94c4c11d1d7e0e7
ok   require '<T, 5, 5, true>': 1
ok   require '<T, 6, 6, true>': 1
ok   require '<T, 9, 5, true>': 1
ok   forbid  '<T, 5, 3, true>': 0
ok   forbid  '<T, 5, 4, true>': 0
ok   forbid  '<T, 5, 6, true>': 0
ok   forbid  '<T, 6, 3, true>': 0
ok   forbid  '<T, 6, 4, true>': 0
ok   forbid  '<T, 6, 5, true>': 0
ok   forbid  '<T, 9, 3, true>': 0
ok   forbid  '<T, 9, 4, true>': 0
ok   forbid  '<T, 9, 6, true>': 0
ok   extraction: 80356 strings
rebuild-and-assert-worker: PASS
leg2_before_arm_m5_ipgs=5
leg2_before_arm_m6_ipgs=6
leg2_before_arm_m9_ipgs=5
leg2_before_worker_mtime=2026-08-20T15:41:40Z
leg2_before_worker_sha256=96c1c6b525c3cc00a1e1b828207b2ab577bef2190d29aea9f94c4c11d1d7e0e7
leg2_before_rebuild_assert_exit=0
leg2_before_metallib_source_fingerprint=f09821bdbd820b77502867cbf660c1157407243ca9639de681c5b46fedfbd9fe
benchmark-qwen-mtp.sh: public drift tripwire (correctness against correctness_prompts/public_longcopy_gate_english_512_256.json)
benchmark-qwen-mtp.sh: GPU cool gate before the MTP reference pass (./benchmark.sh --local-cool-gate-only)
benchmark.sh: warning: local GPU cool-down gate disabled (MLXFAST_LOCAL_COOL_GATE=0); hot-start timings are not comparable to gated runs
benchmark-qwen-mtp.sh: generating the MTP reference rows (512 rows, depth=8)
mtp-verify: generate 32/513 (context 545)
mtp-verify: generate 64/513 (context 577)
mtp-verify: generate 96/513 (context 609)
mtp-verify: generate 128/513 (context 641)
mtp-verify: generate 160/513 (context 673)
mtp-verify: generate 192/513 (context 705)
mtp-verify: generate 224/513 (context 737)
mtp-verify: generate 256/513 (context 769)
mtp-verify: generate 288/513 (context 801)
mtp-verify: generate 320/513 (context 833)
mtp-verify: generate 352/513 (context 865)
mtp-verify: generate 384/513 (context 897)
mtp-verify: generate 416/513 (context 929)
mtp-verify: generate 448/513 (context 961)
mtp-verify: generate 480/513 (context 993)
mtp-verify: generate 512/513 (context 1025)
mtp-verify: generate 513/513 (context 1026)
mtp-verify: rows=513 seed_tokens=512 reference_seed_token=271 self_consistent=true (replayed 1 row bit-identically) chain_contradictions=0
benchmark-qwen-mtp.sh: GPU cool gate before the true serial control (./benchmark.sh --local-cool-gate-only)
benchmark.sh: warning: local GPU cool-down gate disabled (MLXFAST_LOCAL_COOL_GATE=0); hot-start timings are not comparable to gated runs
benchmark-qwen-mtp.sh: measuring the TRUE serial control, MTP off (512 tokens)
mtp-timed: weights=weights mtp_head=/Users/ec2-user/.senpai/native/qwen38-mlx-senpai-r2/roles/student-qwen-askeladd/home/.cache/mlxfast/qwen3.8-27b-mtp-v1/mtp-head-declared-run pinned_reference=<unset>
mtp-timed: tokens=512 depth=0 rounds=512 accepted_draft_rate=0.0000 all_tokens_matched=true reference_checked_rows=512/512 seconds_per_token=0.073373
benchmark-qwen-mtp.sh: GPU cool gate before the native-MTP decode (./benchmark.sh --local-cool-gate-only)
benchmark.sh: warning: local GPU cool-down gate disabled (MLXFAST_LOCAL_COOL_GATE=0); hot-start timings are not comparable to gated runs
benchmark-qwen-mtp.sh: measuring native-MTP decode (512 tokens, depth=8)
mtp-timed: weights=weights mtp_head=/Users/ec2-user/.senpai/native/qwen38-mlx-senpai-r2/roles/student-qwen-askeladd/home/.cache/mlxfast/qwen3.8-27b-mtp-v1/mtp-head-declared-run pinned_reference=<unset>
mtp-timed: tokens=512 depth=8 rounds=78 accepted_draft_rate=0.8875 all_tokens_matched=true reference_checked_rows=567/567 seconds_per_token=0.031478
benchmark-qwen-mtp.sh: local estimated decode speedup 2.330931523154113 (serial K=1 0.073372953105717897s/token / MTP 0.031477953074499965s/token)
benchmark-qwen-mtp.sh: the RANKED decode floor enforced on the ranked box is 0.90 (.github/workflows/qwen-mtp-ranked-benchmark.yml)
benchmark-qwen-mtp.sh: this local number is shown against that floor for DIRECTION ONLY; it is not a verdict
benchmark-qwen-mtp.sh: NOT RANKABLE: official_scoring_enabled=true, hidden timed prompt pool holds 8 entries,
benchmark-qwen-mtp.sh: and these reference rows came from the candidate build, not the pinned baseline. Only the
benchmark-qwen-mtp.sh: ranked .github/workflows/qwen-mtp-ranked-benchmark.yml run can produce a score that ranks.
{
  "score": 2.330931523154113,
  "passed": true,
  "track_id": "qwen3.8-27b-mtp-v1",
  "metrics": {
    "mode": "qwen-mtp-local-iterate",
    "oracle": "candidate-local-mtp-golden-rows",
    "official_score": false,
    "rankable": false,
    "not_rankable_reason": "candidate-generated reference rows; official scoring disabled; ranked run is the only authority",
    "ranked_decode_speedup_floor": 0.90,
    "public_drift_tripwire_passed": true,
    "decode_tokens": 512,
    "mtp_depth": 8,
    "all_tokens_matched": true,
    "uses_pinned_mtp_head": true,
    "head_provenance_sha256": "dadbfb806d80eca258395e5360534c5969acd5ad312b45102ad2caf65566f7e9",
    "effective_mean_draft_len": 6.2692307692307692,
    "serial_seconds_per_token": 0.073372953105717897,
    "mtp_seconds_per_token": 0.031477953074499965,
    "mtp_decode_speedup": 2.330931523154113,
    "accepted_draft_rate": 0.88752556237218816,
    "residual_divergence_count": 0
  }
}
worker      .build-worker/release/mlxfast-runtime-worker
worker_mtime 2026-08-20T15:41:40Z
worker_sha256 96c1c6b525c3cc00a1e1b828207b2ab577bef2190d29aea9f94c4c11d1d7e0e7
ok   require '<T, 5, 5, true>': 1
ok   require '<T, 6, 6, true>': 1
ok   require '<T, 9, 5, true>': 1
ok   forbid  '<T, 5, 3, true>': 0
ok   forbid  '<T, 5, 4, true>': 0
ok   forbid  '<T, 5, 6, true>': 0
ok   forbid  '<T, 6, 3, true>': 0
ok   forbid  '<T, 6, 4, true>': 0
ok   forbid  '<T, 6, 5, true>': 0
ok   forbid  '<T, 9, 3, true>': 0
ok   forbid  '<T, 9, 4, true>': 0
ok   forbid  '<T, 9, 6, true>': 0
ok   extraction: 80356 strings
rebuild-and-assert-worker: PASS
leg2_after_arm_m5_ipgs=5
leg2_after_arm_m6_ipgs=6
leg2_after_arm_m9_ipgs=5
leg2_after_worker_mtime=2026-08-20T15:41:40Z
leg2_after_worker_sha256=96c1c6b525c3cc00a1e1b828207b2ab577bef2190d29aea9f94c4c11d1d7e0e7
leg2_after_rebuild_assert_exit=0
leg2_after_metallib_source_fingerprint=f09821bdbd820b77502867cbf660c1157407243ca9639de681c5b46fedfbd9fe
leg2_worker_unchanged_across_leg=true
e66_whole_leg_session: a2 (a_ship) exited 0
wandb: [wandb.login()] Loaded credentials for https://api.wandb.ai from WANDB_API_KEY.
wandb: W&B API key is configured. Use `wandb login --relogin` to force relogin
wandb: setting up run 7tbqmtkc
wandb: Tracking run with wandb version 0.28.1
wandb: Run data is saved locally in /Users/ec2-user/.senpai/native/qwen38-mlx-senpai-r2/roles/student-qwen-askeladd/workspace/target/wandb/run-20260820_155103-7tbqmtkc
wandb: Run `wandb offline` to turn off syncing.
wandb: Syncing run e78-a2
wandb: ⭐️ View project at https://wandb.ai/wandb-applied-ai-team/qwen38-mlx-challenge-senpai
wandb: 🚀 View run at https://wandb.ai/wandb-applied-ai-team/qwen38-mlx-challenge-senpai/runs/7tbqmtkc
e78_wandb_leg: a2 -> https://wandb.ai/wandb-applied-ai-team/qwen38-mlx-challenge-senpai/runs/7tbqmtkc
wandb: updating run metadata; uploading history steps 0-0, summary
wandb: 
wandb: Run history:
wandb:       leg/accepted_draft_rate ▁▁
wandb:             leg/decode_tokens ▁▁
wandb:  leg/effective_mean_draft_len ▁▁
wandb:                     leg/index ▁█
wandb:        leg/mtp_decode_speedup ▁█
wandb:                 leg/mtp_depth ▁▁
wandb:     leg/mtp_seconds_per_token ▁█
wandb: leg/residual_divergence_count ▁▁
wandb:  leg/serial_seconds_per_token ▁█
wandb:           leg/width_rounds_m2 ▁▁
wandb:                            +6 ...
wandb: 
wandb: Run summary:
wandb:          accepted_draft_rate 0.88753
wandb:      accepted_draft_rate_max 0.88753
wandb:      accepted_draft_rate_min 0.88753
wandb: all_tokens_matched_every_leg True
wandb:                decode_tokens 512
wandb:            decode_tokens_max 512
wandb:            decode_tokens_min 512
wandb:     effective_mean_draft_len 6.26923
wandb: effective_mean_draft_len_max 6.26923
wandb: effective_mean_draft_len_min 6.26923
wandb:                          +36 ...
wandb: 
wandb: 🚀 View run e78-a2 at: https://wandb.ai/wandb-applied-ai-team/qwen38-mlx-challenge-senpai/runs/7tbqmtkc
wandb: ⭐️ View project at: https://wandb.ai/wandb-applied-ai-team/qwen38-mlx-challenge-senpai
wandb: Synced 6 W&B file(s), 0 media file(s), 0 artifact file(s) and 0 other file(s)
wandb: Find logs at: ./wandb/run-20260820_155103-7tbqmtkc/logs
e66_whole_leg_session: === 2026-08-20T15:51:10Z session complete (status 0) ===
e78_analyze: baseline a_ship mtp_seconds_per_token=0.031472862348891795
e78_analyze: a_ship           0.031472862 delta=+0.000000000 (+0.0000 %) legs=4
e78_analyze: b_crown          0.033390885 delta=+0.001918022 (+6.0942 %) legs=4
e78_analyze: c_hybrid24928    0.032347173 delta=+0.000874310 (+2.7780 %) legs=4
e78_analyze: d_hybrid8192     0.031936663 delta=+0.000463800 (+1.4737 %) legs=4
e78_analyze: session null 3.956432919949293e-05 threshold 7.912865839898586e-05
e78_analyze: ladder d_hybrid8192 - a_ship: 0.0004638002719730139 (n=5120: mlp.down, linear_attn.out_proj, full_attn.o_proj)
e78_analyze: ladder c_hybrid24928 - d_hybrid8192: 0.00041051022708415985 (n=14336 qkv_proj and n=16480 linear_attn.in_proj)
e78_analyze: ladder b_crown - c_hybrid24928: 0.0010437119635753334 (n=34816 mlp.gate_up, n=248320 lm_head)
e78_analyze: checks {'all_groups_measured': True, 'all_tokens_matched': True, 'width_histogram_identical_across_arms': True, 'baseline_present': True, 'session_null_present': True}
e78_analyze: verdict not useful winners=[] -> research/e78-artifacts/rung2b.json
e78_rung2b: session_status=0 analysis_status=0
