e118_qmv_probe: a_base compiled in 0.00s  src=210032 bytes
e118_qmv_probe:   a_base e118_iso_na2  max_threads=1024  tg_mem=0
e118_qmv_probe:   a_base e118_iso_na3  max_threads=1024  tg_mem=0
e118_qmv_probe:   a_base e118_iso_na4  max_threads=1024  tg_mem=0
e118_qmv_probe:   a_base e118_iso_na5  max_threads=1024  tg_mem=0
e118_qmv_probe: q_scaffold compiled in 0.00s  src=209350 bytes
e118_qmv_probe:   q_scaffold e118_iso_na2  max_threads=1024  tg_mem=0
e118_qmv_probe:   q_scaffold e118_iso_na3  max_threads=1024  tg_mem=0
e118_qmv_probe:   q_scaffold e118_iso_na4  max_threads=1024  tg_mem=0
e118_qmv_probe:   q_scaffold e118_iso_na5  max_threads=1024  tg_mem=0
e118_qmv_probe: s_bcast compiled in 0.00s  src=209617 bytes
e118_qmv_probe:   s_bcast e118_iso_na2  max_threads=1024  tg_mem=0
e118_qmv_probe:   s_bcast e118_iso_na3  max_threads=1024  tg_mem=0
e118_qmv_probe:   s_bcast e118_iso_na4  max_threads=1024  tg_mem=0
e118_qmv_probe:   s_bcast e118_iso_na5  max_threads=1024  tg_mem=0
e118_qmv_probe: s_bcast_all compiled in 0.00s  src=209685 bytes
e118_qmv_probe:   s_bcast_all e118_iso_na2  max_threads=1024  tg_mem=0
e118_qmv_probe:   s_bcast_all e118_iso_na3  max_threads=1024  tg_mem=0
e118_qmv_probe:   s_bcast_all e118_iso_na4  max_threads=1024  tg_mem=0
e118_qmv_probe:   s_bcast_all e118_iso_na5  max_threads=1024  tg_mem=0
e118_qmv_probe: s_bcast_scale compiled in 0.00s  src=209572 bytes
e118_qmv_probe:   s_bcast_scale e118_iso_na2  max_threads=1024  tg_mem=0
e118_qmv_probe:   s_bcast_scale e118_iso_na3  max_threads=1024  tg_mem=0
e118_qmv_probe:   s_bcast_scale e118_iso_na4  max_threads=1024  tg_mem=0
e118_qmv_probe:   s_bcast_scale e118_iso_na5  max_threads=1024  tg_mem=0
e118_qmv_probe: p_split_meta compiled in 0.00s  src=209437 bytes
e118_qmv_probe:   p_split_meta e118_iso_na2  max_threads=1024  tg_mem=0
e118_qmv_probe:   p_split_meta e118_iso_na3  max_threads=1024  tg_mem=0
e118_qmv_probe:   p_split_meta e118_iso_na4  max_threads=1024  tg_mem=0
e118_qmv_probe:   p_split_meta e118_iso_na5  max_threads=1024  tg_mem=0
e118_qmv_probe: g_pack32 compiled in 0.00s  src=209532 bytes
e118_qmv_probe:   g_pack32 e118_iso_na2  max_threads=1024  tg_mem=0
e118_qmv_probe:   g_pack32 e118_iso_na3  max_threads=1024  tg_mem=0
e118_qmv_probe:   g_pack32 e118_iso_na4  max_threads=1024  tg_mem=0
e118_qmv_probe:   g_pack32 e118_iso_na5  max_threads=1024  tg_mem=0
e118_qmv_probe: s_bcast_pack32 compiled in 0.00s  src=209675 bytes
e118_qmv_probe:   s_bcast_pack32 e118_iso_na2  max_threads=1024  tg_mem=0
e118_qmv_probe:   s_bcast_pack32 e118_iso_na3  max_threads=1024  tg_mem=0
e118_qmv_probe:   s_bcast_pack32 e118_iso_na4  max_threads=1024  tg_mem=0
e118_qmv_probe:   s_bcast_pack32 e118_iso_na5  max_threads=1024  tg_mem=0
e118_qmv_probe: p_prefetch_w compiled in 0.00s  src=209969 bytes
e118_qmv_probe:   p_prefetch_w e118_iso_na2  max_threads=1024  tg_mem=0
e118_qmv_probe:   p_prefetch_w e118_iso_na3  max_threads=1024  tg_mem=0
e118_qmv_probe:   p_prefetch_w e118_iso_na4  max_threads=1024  tg_mem=0
e118_qmv_probe:   p_prefetch_w e118_iso_na5  max_threads=1024  tg_mem=0
e118_qmv_probe: n_nosums compiled in 0.00s  src=209269 bytes
e118_qmv_probe:   n_nosums e118_iso_na2  max_threads=1024  tg_mem=0
e118_qmv_probe:   n_nosums e118_iso_na3  max_threads=1024  tg_mem=0
e118_qmv_probe:   n_nosums e118_iso_na4  max_threads=1024  tg_mem=0
e118_qmv_probe:   n_nosums e118_iso_na5  max_threads=1024  tg_mem=0
e118_qmv_probe: l_loadonly compiled in 0.00s  src=209028 bytes
e118_qmv_probe:   l_loadonly e118_iso_na2  max_threads=1024  tg_mem=0
e118_qmv_probe:   l_loadonly e118_iso_na3  max_threads=1024  tg_mem=0
e118_qmv_probe:   l_loadonly e118_iso_na4  max_threads=1024  tg_mem=0
e118_qmv_probe:   l_loadonly e118_iso_na5  max_threads=1024  tg_mem=0
e118_qmv_probe: n_nobias compiled in 0.00s  src=209210 bytes
e118_qmv_probe:   n_nobias e118_iso_na2  max_threads=1024  tg_mem=0
e118_qmv_probe:   n_nobias e118_iso_na3  max_threads=1024  tg_mem=0
e118_qmv_probe:   n_nobias e118_iso_na4  max_threads=1024  tg_mem=0
e118_qmv_probe:   n_nobias e118_iso_na5  max_threads=1024  tg_mem=0
e118_qmv_probe: d_bias1 compiled in 0.00s  src=209457 bytes
e118_qmv_probe:   d_bias1 e118_iso_na2  max_threads=1024  tg_mem=0
e118_qmv_probe:   d_bias1 e118_iso_na3  max_threads=1024  tg_mem=0
e118_qmv_probe:   d_bias1 e118_iso_na4  max_threads=1024  tg_mem=0
e118_qmv_probe:   d_bias1 e118_iso_na5  max_threads=1024  tg_mem=0
e118_qmv_probe: e_bias6 compiled in 0.00s  src=209787 bytes
e118_qmv_probe:   e_bias6 e118_iso_na2  max_threads=1024  tg_mem=0
e118_qmv_probe:   e_bias6 e118_iso_na3  max_threads=1024  tg_mem=0
e118_qmv_probe:   e_bias6 e118_iso_na4  max_threads=1024  tg_mem=0
e118_qmv_probe:   e_bias6 e118_iso_na5  max_threads=1024  tg_mem=0
e118_qmv_probe: z_ballast compiled in 0.00s  src=209771 bytes
e118_qmv_probe:   z_ballast e118_iso_na2  max_threads=1024  tg_mem=0
e118_qmv_probe:   z_ballast e118_iso_na3  max_threads=1024  tg_mem=0
e118_qmv_probe:   z_ballast e118_iso_na4  max_threads=1024  tg_mem=0
e118_qmv_probe:   z_ballast e118_iso_na5  max_threads=1024  tg_mem=0
e118_qmv_probe: k_alu8 compiled in 0.00s  src=210060 bytes
e118_qmv_probe:   k_alu8 e118_iso_na2  max_threads=1024  tg_mem=0
e118_qmv_probe:   k_alu8 e118_iso_na3  max_threads=1024  tg_mem=0
e118_qmv_probe:   k_alu8 e118_iso_na4  max_threads=1024  tg_mem=0
e118_qmv_probe:   k_alu8 e118_iso_na5  max_threads=1024  tg_mem=0
e118_qmv_probe: k_alu16 compiled in 0.00s  src=210508 bytes
e118_qmv_probe:   k_alu16 e118_iso_na2  max_threads=1024  tg_mem=0
e118_qmv_probe:   k_alu16 e118_iso_na3  max_threads=1024  tg_mem=0
e118_qmv_probe:   k_alu16 e118_iso_na4  max_threads=1024  tg_mem=0
e118_qmv_probe:   k_alu16 e118_iso_na5  max_threads=1024  tg_mem=0
e118_qmv_probe: k_ld8 compiled in 0.00s  src=210343 bytes
e118_qmv_probe:   k_ld8 e118_iso_na2  max_threads=1024  tg_mem=0
e118_qmv_probe:   k_ld8 e118_iso_na3  max_threads=1024  tg_mem=0
e118_qmv_probe:   k_ld8 e118_iso_na4  max_threads=1024  tg_mem=0
e118_qmv_probe:   k_ld8 e118_iso_na5  max_threads=1024  tg_mem=0
e118_qmv_probe: k_ld16 compiled in 0.00s  src=211015 bytes
e118_qmv_probe:   k_ld16 e118_iso_na2  max_threads=1024  tg_mem=0
e118_qmv_probe:   k_ld16 e118_iso_na3  max_threads=1024  tg_mem=0
e118_qmv_probe:   k_ld16 e118_iso_na4  max_threads=1024  tg_mem=0
e118_qmv_probe:   k_ld16 e118_iso_na5  max_threads=1024  tg_mem=0
e118_qmv_probe: k_shuf8 compiled in 0.00s  src=210140 bytes
e118_qmv_probe:   k_shuf8 e118_iso_na2  max_threads=1024  tg_mem=0
e118_qmv_probe:   k_shuf8 e118_iso_na3  max_threads=1024  tg_mem=0
e118_qmv_probe:   k_shuf8 e118_iso_na4  max_threads=1024  tg_mem=0
e118_qmv_probe:   k_shuf8 e118_iso_na5  max_threads=1024  tg_mem=0
e118_qmv_probe: k_shuf16 compiled in 0.00s  src=210668 bytes
e118_qmv_probe:   k_shuf16 e118_iso_na2  max_threads=1024  tg_mem=0
e118_qmv_probe:   k_shuf16 e118_iso_na3  max_threads=1024  tg_mem=0
e118_qmv_probe:   k_shuf16 e118_iso_na4  max_threads=1024  tg_mem=0
e118_qmv_probe:   k_shuf16 e118_iso_na5  max_threads=1024  tg_mem=0
e118_qmv_probe: k_alu16w compiled in 0.00s  src=210508 bytes
e118_qmv_probe:   k_alu16w e118_iso_na2  max_threads=1024  tg_mem=0
e118_qmv_probe:   k_alu16w e118_iso_na3  max_threads=1024  tg_mem=0
e118_qmv_probe:   k_alu16w e118_iso_na4  max_threads=1024  tg_mem=0
e118_qmv_probe:   k_alu16w e118_iso_na5  max_threads=1024  tg_mem=0
e118_qmv_probe: y_algebra compiled in 0.00s  src=209352 bytes
e118_qmv_probe:   y_algebra e118_iso_na2  max_threads=1024  tg_mem=0
e118_qmv_probe:   y_algebra e118_iso_na3  max_threads=1024  tg_mem=0
e118_qmv_probe:   y_algebra e118_iso_na4  max_threads=1024  tg_mem=0
e118_qmv_probe:   y_algebra e118_iso_na5  max_threads=1024  tg_mem=0
e118_qmv_probe: y_hsum_tree compiled in 0.00s  src=209354 bytes
e118_qmv_probe:   y_hsum_tree e118_iso_na2  max_threads=1024  tg_mem=0
e118_qmv_probe:   y_hsum_tree e118_iso_na3  max_threads=1024  tg_mem=0
e118_qmv_probe:   y_hsum_tree e118_iso_na4  max_threads=1024  tg_mem=0
e118_qmv_probe:   y_hsum_tree e118_iso_na5  max_threads=1024  tg_mem=0
e118_qmv_probe: n_halfsums compiled in 0.00s  src=210383 bytes
e118_qmv_probe:   n_halfsums e118_iso_na2  max_threads=1024  tg_mem=0
e118_qmv_probe:   n_halfsums e118_iso_na3  max_threads=1024  tg_mem=0
e118_qmv_probe:   n_halfsums e118_iso_na4  max_threads=1024  tg_mem=0
e118_qmv_probe:   n_halfsums e118_iso_na5  max_threads=1024  tg_mem=0
e118_qmv_probe: x_sumshare_split compiled in 0.00s  src=211145 bytes
e118_qmv_probe:   x_sumshare_split e118_iso_na2  max_threads=1024  tg_mem=512
e118_qmv_probe:   x_sumshare_split e118_iso_na3  max_threads=1024  tg_mem=768
e118_qmv_probe:   x_sumshare_split e118_iso_na4  max_threads=1024  tg_mem=1024
e118_qmv_probe:   x_sumshare_split e118_iso_na5  max_threads=1024  tg_mem=1280
e118_qmv_probe: x_sumshare_owner compiled in 0.00s  src=210967 bytes
e118_qmv_probe:   x_sumshare_owner e118_iso_na2  max_threads=1024  tg_mem=256
e118_qmv_probe:   x_sumshare_owner e118_iso_na3  max_threads=1024  tg_mem=384
e118_qmv_probe:   x_sumshare_owner e118_iso_na4  max_threads=1024  tg_mem=512
e118_qmv_probe:   x_sumshare_owner e118_iso_na5  max_threads=1024  tg_mem=640
e118_qmv_probe: n_halfsums_free compiled in 0.00s  src=209459 bytes
e118_qmv_probe:   n_halfsums_free e118_iso_na2  max_threads=1024  tg_mem=0
e118_qmv_probe:   n_halfsums_free e118_iso_na3  max_threads=1024  tg_mem=0
e118_qmv_probe:   n_halfsums_free e118_iso_na4  max_threads=1024  tg_mem=0
e118_qmv_probe:   n_halfsums_free e118_iso_na5  max_threads=1024  tg_mem=0
e118_qmv_probe: x_sumshare_min compiled in 0.00s  src=210633 bytes
e118_qmv_probe:   x_sumshare_min e118_iso_na2  max_threads=1024  tg_mem=512
e118_qmv_probe:   x_sumshare_min e118_iso_na3  max_threads=1024  tg_mem=768
e118_qmv_probe:   x_sumshare_min e118_iso_na4  max_threads=1024  tg_mem=1024
e118_qmv_probe:   x_sumshare_min e118_iso_na5  max_threads=1024  tg_mem=1280
e118_qmv_probe: shape mlp_gate_up_k5120_n34816  w=89.1MB
e118_qmv_probe:   fidelity M=2  base_vs_double max_rel=1.267e-01 rms=6.597e-03  base_nonfinite=0/69632
e118_qmv_probe:     q_scaffold      vs base differing=0/69632 max_ulp=0 max_rel=0.000e+00  vs_double rel=1.267e-01 rms=6.597e-03   exact
e118_qmv_probe:     s_bcast         vs base differing=0/69632 max_ulp=0 max_rel=0.000e+00  vs_double rel=1.267e-01 rms=6.597e-03   exact
e118_qmv_probe:     s_bcast_all     vs base differing=0/69632 max_ulp=0 max_rel=0.000e+00  vs_double rel=1.267e-01 rms=6.597e-03   exact
e118_qmv_probe:     s_bcast_scale   vs base differing=0/69632 max_ulp=0 max_rel=0.000e+00  vs_double rel=1.267e-01 rms=6.597e-03   exact
e118_qmv_probe:     p_split_meta    vs base differing=0/69632 max_ulp=0 max_rel=0.000e+00  vs_double rel=1.267e-01 rms=6.597e-03   exact
e118_qmv_probe:     g_pack32        vs base differing=0/69632 max_ulp=0 max_rel=0.000e+00  vs_double rel=1.267e-01 rms=6.597e-03   exact
e118_qmv_probe:     s_bcast_pack32  vs base differing=0/69632 max_ulp=0 max_rel=0.000e+00  vs_double rel=1.267e-01 rms=6.597e-03   exact
e118_qmv_probe:     p_prefetch_w    vs base differing=0/69632 max_ulp=0 max_rel=0.000e+00  vs_double rel=1.267e-01 rms=6.597e-03   exact
e118_qmv_probe:     n_nosums        vs base differing=69632/69632 max_ulp=33355 max_rel=1.821e+00  vs_double rel=4.583e+02 rms=1.191e+01   (diagnostic arm, difference expected)
e118_qmv_probe:     l_loadonly      vs base differing=69548/69632 max_ulp=32885 max_rel=2.000e+00  vs_double rel=7.884e+01 rms=1.413e+00   (diagnostic arm, difference expected)
e118_qmv_probe:     n_nobias        vs base differing=69543/69632 max_ulp=32944 max_rel=2.000e+00  vs_double rel=4.814e+01 rms=1.576e+00   (diagnostic arm, difference expected)
e118_qmv_probe:     d_bias1         vs base differing=69632/69632 max_ulp=34329 max_rel=2.000e+00  vs_double rel=5.087e+04 rms=1.122e+03   (diagnostic arm, difference expected)
e118_qmv_probe:     e_bias6         vs base differing=0/69632 max_ulp=0 max_rel=0.000e+00  vs_double rel=1.267e-01 rms=6.597e-03   exact
e118_qmv_probe:     z_ballast       vs base differing=0/69632 max_ulp=0 max_rel=0.000e+00  vs_double rel=1.267e-01 rms=6.597e-03   exact
e118_qmv_probe:     k_alu8          vs base differing=0/69632 max_ulp=0 max_rel=0.000e+00  vs_double rel=1.267e-01 rms=6.597e-03   exact
e118_qmv_probe:     k_alu16         vs base differing=0/69632 max_ulp=0 max_rel=0.000e+00  vs_double rel=1.267e-01 rms=6.597e-03   exact
e118_qmv_probe:     k_ld8           vs base differing=0/69632 max_ulp=0 max_rel=0.000e+00  vs_double rel=1.267e-01 rms=6.597e-03   exact
e118_qmv_probe:     k_ld16          vs base differing=0/69632 max_ulp=0 max_rel=0.000e+00  vs_double rel=1.267e-01 rms=6.597e-03   exact
e118_qmv_probe:     k_shuf8         vs base differing=0/69632 max_ulp=0 max_rel=0.000e+00  vs_double rel=1.267e-01 rms=6.597e-03   exact
e118_qmv_probe:     k_shuf16        vs base differing=0/69632 max_ulp=0 max_rel=0.000e+00  vs_double rel=1.267e-01 rms=6.597e-03   exact
e118_qmv_probe:     k_alu16w        vs base differing=0/69632 max_ulp=0 max_rel=0.000e+00  vs_double rel=1.267e-01 rms=6.597e-03   exact
e118_qmv_probe:     y_algebra       vs base differing=69549/69632 max_ulp=32941 max_rel=2.000e+00  vs_double rel=4.777e+01 rms=1.566e+00   (diagnostic arm, difference expected)
e118_qmv_probe:     y_hsum_tree     vs base differing=41490/69632 max_ulp=30580 max_rel=1.982e+00  vs_double rel=9.419e-02 rms=4.275e-03   (diagnostic arm, difference expected)
e118_qmv_probe:     n_halfsums      vs base differing=34779/69632 max_ulp=32944 max_rel=2.000e+00  vs_double rel=4.814e+01 rms=1.081e+00   (diagnostic arm, difference expected)
e118_qmv_probe:     x_sumshare_split vs base differing=0/69632 max_ulp=0 max_rel=0.000e+00  vs_double rel=1.267e-01 rms=6.597e-03   exact
e118_qmv_probe:     x_sumshare_owner vs base differing=0/69632 max_ulp=0 max_rel=0.000e+00  vs_double rel=1.267e-01 rms=6.597e-03   exact
e118_qmv_probe:     n_halfsums_free vs base differing=34772/69632 max_ulp=32944 max_rel=2.000e+00  vs_double rel=4.814e+01 rms=1.190e+00   (diagnostic arm, difference expected)
e118_qmv_probe:     x_sumshare_min  vs base differing=0/69632 max_ulp=0 max_rel=0.000e+00  vs_double rel=1.267e-01 rms=6.597e-03   exact
e118_qmv_probe:   fidelity M=3  base_vs_double max_rel=1.267e-01 rms=5.187e-03  base_nonfinite=0/104448
e118_qmv_probe:     q_scaffold      vs base differing=0/104448 max_ulp=0 max_rel=0.000e+00  vs_double rel=1.267e-01 rms=5.187e-03   exact
e118_qmv_probe:     s_bcast         vs base differing=0/104448 max_ulp=0 max_rel=0.000e+00  vs_double rel=1.267e-01 rms=5.187e-03   exact
e118_qmv_probe:     s_bcast_all     vs base differing=0/104448 max_ulp=0 max_rel=0.000e+00  vs_double rel=1.267e-01 rms=5.187e-03   exact
e118_qmv_probe:     s_bcast_scale   vs base differing=0/104448 max_ulp=0 max_rel=0.000e+00  vs_double rel=1.267e-01 rms=5.187e-03   exact
e118_qmv_probe:     p_split_meta    vs base differing=0/104448 max_ulp=0 max_rel=0.000e+00  vs_double rel=1.267e-01 rms=5.187e-03   exact
e118_qmv_probe:     g_pack32        vs base differing=0/104448 max_ulp=0 max_rel=0.000e+00  vs_double rel=1.267e-01 rms=5.187e-03   exact
e118_qmv_probe:     s_bcast_pack32  vs base differing=0/104448 max_ulp=0 max_rel=0.000e+00  vs_double rel=1.267e-01 rms=5.187e-03   exact
e118_qmv_probe:     p_prefetch_w    vs base differing=0/104448 max_ulp=0 max_rel=0.000e+00  vs_double rel=1.267e-01 rms=5.187e-03   exact
e118_qmv_probe:     n_nosums        vs base differing=104448/104448 max_ulp=33355 max_rel=1.957e+00  vs_double rel=4.583e+02 rms=1.025e+01   (diagnostic arm, difference expected)
e118_qmv_probe:     l_loadonly      vs base differing=104297/104448 max_ulp=32885 max_rel=2.000e+00  vs_double rel=7.884e+01 rms=1.137e+00   (diagnostic arm, difference expected)
e118_qmv_probe:     n_nobias        vs base differing=104334/104448 max_ulp=32944 max_rel=2.000e+00  vs_double rel=4.814e+01 rms=1.435e+00   (diagnostic arm, difference expected)
e118_qmv_probe:     d_bias1         vs base differing=104448/104448 max_ulp=34329 max_rel=2.000e+00  vs_double rel=5.087e+04 rms=1.069e+03   (diagnostic arm, difference expected)
e118_qmv_probe:     e_bias6         vs base differing=0/104448 max_ulp=0 max_rel=0.000e+00  vs_double rel=1.267e-01 rms=5.187e-03   exact
e118_qmv_probe:     z_ballast       vs base differing=0/104448 max_ulp=0 max_rel=0.000e+00  vs_double rel=1.267e-01 rms=5.187e-03   exact
e118_qmv_probe:     k_alu8          vs base differing=0/104448 max_ulp=0 max_rel=0.000e+00  vs_double rel=1.267e-01 rms=5.187e-03   exact
e118_qmv_probe:     k_alu16         vs base differing=0/104448 max_ulp=0 max_rel=0.000e+00  vs_double rel=1.267e-01 rms=5.187e-03   exact
e118_qmv_probe:     k_ld8           vs base differing=0/104448 max_ulp=0 max_rel=0.000e+00  vs_double rel=1.267e-01 rms=5.187e-03   exact
e118_qmv_probe:     k_ld16          vs base differing=0/104448 max_ulp=0 max_rel=0.000e+00  vs_double rel=1.267e-01 rms=5.187e-03   exact
e118_qmv_probe:     k_shuf8         vs base differing=0/104448 max_ulp=0 max_rel=0.000e+00  vs_double rel=1.267e-01 rms=5.187e-03   exact
e118_qmv_probe:     k_shuf16        vs base differing=0/104448 max_ulp=0 max_rel=0.000e+00  vs_double rel=1.267e-01 rms=5.187e-03   exact
e118_qmv_probe:     k_alu16w        vs base differing=0/104448 max_ulp=0 max_rel=0.000e+00  vs_double rel=1.267e-01 rms=5.187e-03   exact
e118_qmv_probe:     y_algebra       vs base differing=104337/104448 max_ulp=32941 max_rel=2.000e+00  vs_double rel=4.777e+01 rms=1.426e+00   (diagnostic arm, difference expected)
e118_qmv_probe:     y_hsum_tree     vs base differing=58223/104448 max_ulp=30580 max_rel=1.982e+00  vs_double rel=9.419e-02 rms=3.666e-03   (diagnostic arm, difference expected)
e118_qmv_probe:     n_halfsums      vs base differing=52158/104448 max_ulp=32921 max_rel=2.000e+00  vs_double rel=3.752e+01 rms=9.063e-01   (diagnostic arm, difference expected)
e118_qmv_probe:     x_sumshare_split vs base differing=0/104448 max_ulp=0 max_rel=0.000e+00  vs_double rel=1.267e-01 rms=5.187e-03   exact
e118_qmv_probe:     x_sumshare_owner vs base differing=0/104448 max_ulp=0 max_rel=0.000e+00  vs_double rel=1.267e-01 rms=5.187e-03   exact
e118_qmv_probe:     n_halfsums_free vs base differing=34791/104448 max_ulp=32921 max_rel=2.000e+00  vs_double rel=1.670e+01 rms=8.634e-01   (diagnostic arm, difference expected)
e118_qmv_probe:     x_sumshare_min  vs base differing=0/104448 max_ulp=0 max_rel=0.000e+00  vs_double rel=1.267e-01 rms=5.187e-03   exact
e118_qmv_probe:   fidelity M=4  base_vs_double max_rel=1.267e-01 rms=4.422e-03  base_nonfinite=0/139264
e118_qmv_probe:     q_scaffold      vs base differing=0/139264 max_ulp=0 max_rel=0.000e+00  vs_double rel=1.267e-01 rms=4.422e-03   exact
e118_qmv_probe:     s_bcast         vs base differing=0/139264 max_ulp=0 max_rel=0.000e+00  vs_double rel=1.267e-01 rms=4.422e-03   exact
e118_qmv_probe:     s_bcast_all     vs base differing=0/139264 max_ulp=0 max_rel=0.000e+00  vs_double rel=1.267e-01 rms=4.422e-03   exact
e118_qmv_probe:     s_bcast_scale   vs base differing=0/139264 max_ulp=0 max_rel=0.000e+00  vs_double rel=1.267e-01 rms=4.422e-03   exact
e118_qmv_probe:     p_split_meta    vs base differing=0/139264 max_ulp=0 max_rel=0.000e+00  vs_double rel=1.267e-01 rms=4.422e-03   exact
e118_qmv_probe:     g_pack32        vs base differing=0/139264 max_ulp=0 max_rel=0.000e+00  vs_double rel=1.267e-01 rms=4.422e-03   exact
e118_qmv_probe:     s_bcast_pack32  vs base differing=0/139264 max_ulp=0 max_rel=0.000e+00  vs_double rel=1.267e-01 rms=4.422e-03   exact
e118_qmv_probe:     p_prefetch_w    vs base differing=0/139264 max_ulp=0 max_rel=0.000e+00  vs_double rel=1.267e-01 rms=4.422e-03   exact
e118_qmv_probe:     n_nosums        vs base differing=139264/139264 max_ulp=33388 max_rel=1.957e+00  vs_double rel=4.583e+02 rms=1.043e+01   (diagnostic arm, difference expected)
e118_qmv_probe:     l_loadonly      vs base differing=139111/139264 max_ulp=32987 max_rel=2.000e+00  vs_double rel=7.884e+01 rms=1.645e+00   (diagnostic arm, difference expected)
e118_qmv_probe:     n_nobias        vs base differing=139141/139264 max_ulp=33082 max_rel=2.000e+00  vs_double rel=4.814e+01 rms=1.906e+00   (diagnostic arm, difference expected)
e118_qmv_probe:     d_bias1         vs base differing=139264/139264 max_ulp=34402 max_rel=2.000e+00  vs_double rel=5.087e+04 rms=1.271e+03   (diagnostic arm, difference expected)
e118_qmv_probe:     e_bias6         vs base differing=0/139264 max_ulp=0 max_rel=0.000e+00  vs_double rel=1.267e-01 rms=4.422e-03   exact
e118_qmv_probe:     z_ballast       vs base differing=0/139264 max_ulp=0 max_rel=0.000e+00  vs_double rel=1.267e-01 rms=4.422e-03   exact
e118_qmv_probe:     k_alu8          vs base differing=0/139264 max_ulp=0 max_rel=0.000e+00  vs_double rel=1.267e-01 rms=4.422e-03   exact
e118_qmv_probe:     k_alu16         vs base differing=0/139264 max_ulp=0 max_rel=0.000e+00  vs_double rel=1.267e-01 rms=4.422e-03   exact
e118_qmv_probe:     k_ld8           vs base differing=0/139264 max_ulp=0 max_rel=0.000e+00  vs_double rel=1.267e-01 rms=4.422e-03   exact
e118_qmv_probe:     k_ld16          vs base differing=0/139264 max_ulp=0 max_rel=0.000e+00  vs_double rel=1.267e-01 rms=4.422e-03   exact
e118_qmv_probe:     k_shuf8         vs base differing=0/139264 max_ulp=0 max_rel=0.000e+00  vs_double rel=1.267e-01 rms=4.422e-03   exact
e118_qmv_probe:     k_shuf16        vs base differing=0/139264 max_ulp=0 max_rel=0.000e+00  vs_double rel=1.267e-01 rms=4.422e-03   exact
e118_qmv_probe:     k_alu16w        vs base differing=0/139264 max_ulp=0 max_rel=0.000e+00  vs_double rel=1.267e-01 rms=4.422e-03   exact
e118_qmv_probe:     y_algebra       vs base differing=139145/139264 max_ulp=33080 max_rel=2.000e+00  vs_double rel=4.777e+01 rms=1.894e+00   (diagnostic arm, difference expected)
e118_qmv_probe:     y_hsum_tree     vs base differing=87934/139264 max_ulp=30704 max_rel=2.000e+00  vs_double rel=2.648e-01 rms=4.532e-03   (diagnostic arm, difference expected)
e118_qmv_probe:     n_halfsums      vs base differing=104327/139264 max_ulp=33082 max_rel=2.000e+00  vs_double rel=3.752e+01 rms=1.507e+00   (diagnostic arm, difference expected)
e118_qmv_probe:     x_sumshare_split vs base differing=0/139264 max_ulp=0 max_rel=0.000e+00  vs_double rel=1.267e-01 rms=4.422e-03   exact
e118_qmv_probe:     x_sumshare_owner vs base differing=0/139264 max_ulp=0 max_rel=0.000e+00  vs_double rel=1.267e-01 rms=4.422e-03   exact
e118_qmv_probe:     n_halfsums_free vs base differing=69598/139264 max_ulp=33082 max_rel=2.000e+00  vs_double rel=3.324e+01 rms=1.667e+00   (diagnostic arm, difference expected)
e118_qmv_probe:     x_sumshare_min  vs base differing=0/139264 max_ulp=0 max_rel=0.000e+00  vs_double rel=1.267e-01 rms=4.422e-03   exact
e118_qmv_probe:   fidelity M=5  base_vs_double max_rel=1.115e+00 rms=4.311e-03  base_nonfinite=0/174080
e118_qmv_probe:     q_scaffold      vs base differing=0/174080 max_ulp=0 max_rel=0.000e+00  vs_double rel=1.115e+00 rms=4.311e-03   exact
e118_qmv_probe:     s_bcast         vs base differing=173877/174080 max_ulp=33112 max_rel=2.000e+00  vs_double rel=1.044e+03 rms=1.994e+00   *** EXACTNESS FAILURE ***
e118_qmv_probe:       FIRST MISMATCH m=0 n=0 base=0x3f95 arm=0x3fd7
e118_qmv_probe:     s_bcast_all     vs base differing=173877/174080 max_ulp=33112 max_rel=2.000e+00  vs_double rel=1.044e+03 rms=1.994e+00   *** EXACTNESS FAILURE ***
e118_qmv_probe:       FIRST MISMATCH m=0 n=0 base=0x3f95 arm=0x3fd7
e118_qmv_probe:     s_bcast_scale   vs base differing=0/174080 max_ulp=0 max_rel=0.000e+00  vs_double rel=1.115e+00 rms=4.311e-03   exact
e118_qmv_probe:     p_split_meta    vs base differing=0/174080 max_ulp=0 max_rel=0.000e+00  vs_double rel=1.115e+00 rms=4.311e-03   exact
e118_qmv_probe:     g_pack32        vs base differing=0/174080 max_ulp=0 max_rel=0.000e+00  vs_double rel=1.115e+00 rms=4.311e-03   exact
e118_qmv_probe:     s_bcast_pack32  vs base differing=173870/174080 max_ulp=33125 max_rel=2.000e+00  vs_double rel=1.207e+03 rms=1.989e+00   *** EXACTNESS FAILURE ***
e118_qmv_probe:       FIRST MISMATCH m=0 n=0 base=0x3f95 arm=0x3fd7
e118_qmv_probe:     p_prefetch_w    vs base differing=173952/174080 max_ulp=33205 max_rel=2.000e+00  vs_double rel=1.207e+03 rms=3.315e+00   *** EXACTNESS FAILURE ***
e118_qmv_probe:       FIRST MISMATCH m=0 n=0 base=0x3f95 arm=0x4046
e118_qmv_probe:     n_nosums        vs base differing=174080/174080 max_ulp=33388 max_rel=1.957e+00  vs_double rel=2.574e+03 rms=1.077e+01   (diagnostic arm, difference expected)
e118_qmv_probe:     l_loadonly      vs base differing=173860/174080 max_ulp=32987 max_rel=2.000e+00  vs_double rel=8.887e+01 rms=1.551e+00   (diagnostic arm, difference expected)
e118_qmv_probe:     n_nobias        vs base differing=173897/174080 max_ulp=33082 max_rel=2.000e+00  vs_double rel=4.814e+01 rms=1.809e+00   (diagnostic arm, difference expected)
e118_qmv_probe:     d_bias1         vs base differing=174080/174080 max_ulp=34402 max_rel=2.000e+00  vs_double rel=1.149e+05 rms=1.206e+03   (diagnostic arm, difference expected)
e118_qmv_probe:     e_bias6         vs base differing=0/174080 max_ulp=0 max_rel=0.000e+00  vs_double rel=1.115e+00 rms=4.311e-03   exact
e118_qmv_probe:     z_ballast       vs base differing=174000/174080 max_ulp=33337 max_rel=2.000e+00  vs_double rel=1.207e+03 rms=4.152e+00   *** EXACTNESS FAILURE ***
e118_qmv_probe:       FIRST MISMATCH m=0 n=0 base=0x3f95 arm=0x4130
e118_qmv_probe:     k_alu8          vs base differing=0/174080 max_ulp=0 max_rel=0.000e+00  vs_double rel=1.115e+00 rms=4.311e-03   exact
e118_qmv_probe:     k_alu16         vs base differing=0/174080 max_ulp=0 max_rel=0.000e+00  vs_double rel=1.115e+00 rms=4.311e-03   exact
e118_qmv_probe:     k_ld8           vs base differing=173982/174080 max_ulp=33205 max_rel=2.000e+00  vs_double rel=1.207e+03 rms=3.377e+00   *** EXACTNESS FAILURE ***
e118_qmv_probe:       FIRST MISMATCH m=0 n=0 base=0x3f95 arm=0x4046
e118_qmv_probe:     k_ld16          vs base differing=173988/174080 max_ulp=33205 max_rel=2.000e+00  vs_double rel=1.207e+03 rms=3.366e+00   *** EXACTNESS FAILURE ***
e118_qmv_probe:       FIRST MISMATCH m=0 n=0 base=0x3f95 arm=0x4046
e118_qmv_probe:     k_shuf8         vs base differing=0/174080 max_ulp=0 max_rel=0.000e+00  vs_double rel=1.115e+00 rms=4.311e-03   exact
e118_qmv_probe:     k_shuf16        vs base differing=0/174080 max_ulp=0 max_rel=0.000e+00  vs_double rel=1.115e+00 rms=4.311e-03   exact
e118_qmv_probe:     k_alu16w        vs base differing=0/174080 max_ulp=0 max_rel=0.000e+00  vs_double rel=1.115e+00 rms=4.311e-03   exact
e118_qmv_probe:     y_algebra       vs base differing=173894/174080 max_ulp=33080 max_rel=2.000e+00  vs_double rel=4.777e+01 rms=1.797e+00   (diagnostic arm, difference expected)
e118_qmv_probe:     y_hsum_tree     vs base differing=120286/174080 max_ulp=32470 max_rel=2.000e+00  vs_double rel=1.506e+01 rms=2.206e-01   (diagnostic arm, difference expected)
e118_qmv_probe:     n_halfsums      vs base differing=156485/174080 max_ulp=33091 max_rel=2.000e+00  vs_double rel=8.322e+01 rms=1.636e+00   (diagnostic arm, difference expected)
e118_qmv_probe:     x_sumshare_split vs base differing=104334/174080 max_ulp=33091 max_rel=2.000e+00  vs_double rel=1.335e+02 rms=1.428e+00   *** EXACTNESS FAILURE ***
e118_qmv_probe:       FIRST MISMATCH m=0 n=0 base=0x3f95 arm=0x3fd7
e118_qmv_probe:     x_sumshare_owner vs base differing=34750/174080 max_ulp=32822 max_rel=2.000e+00  vs_double rel=1.422e+01 rms=4.406e-01   *** EXACTNESS FAILURE ***
e118_qmv_probe:       FIRST MISMATCH m=1 n=0 base=0xbf2c arm=0xc06a
e118_qmv_probe:     n_halfsums_free vs base differing=69563/174080 max_ulp=33082 max_rel=2.000e+00  vs_double rel=3.623e+01 rms=1.454e+00   (diagnostic arm, difference expected)
e118_qmv_probe:     x_sumshare_min  vs base differing=0/174080 max_ulp=0 max_rel=0.000e+00  vs_double rel=1.115e+00 rms=4.311e-03   exact
e118_qmv_probe:   control q_scaffold      x_hit=21171 meta_hit=16 restored_diff=0
e118_qmv_probe:   control s_bcast         x_hit=21171 meta_hit=16 restored_diff=0
e118_qmv_probe:   control s_bcast_all     x_hit=21171 meta_hit=16 restored_diff=0
e118_qmv_probe:   control s_bcast_scale   x_hit=21171 meta_hit=16 restored_diff=0
e118_qmv_probe:   control p_split_meta    x_hit=21171 meta_hit=16 restored_diff=0
e118_qmv_probe:   control g_pack32        x_hit=21171 meta_hit=16 restored_diff=0
e118_qmv_probe:   control s_bcast_pack32  x_hit=21171 meta_hit=16 restored_diff=0
e118_qmv_probe:   control p_prefetch_w    x_hit=21171 meta_hit=16 restored_diff=0
e118_qmv_probe:   control e_bias6         x_hit=21171 meta_hit=16 restored_diff=0
e118_qmv_probe:   control z_ballast       x_hit=21171 meta_hit=16 restored_diff=0
e118_qmv_probe:   control k_alu8          x_hit=21171 meta_hit=16 restored_diff=0
e118_qmv_probe:   control k_alu16         x_hit=21171 meta_hit=16 restored_diff=0
e118_qmv_probe:   control k_ld8           x_hit=21171 meta_hit=16 restored_diff=0
e118_qmv_probe:   control k_ld16          x_hit=21171 meta_hit=16 restored_diff=0
e118_qmv_probe:   control k_shuf8         x_hit=21171 meta_hit=16 restored_diff=0
e118_qmv_probe:   control k_shuf16        x_hit=21171 meta_hit=16 restored_diff=0
e118_qmv_probe:   control k_alu16w        x_hit=21171 meta_hit=16 restored_diff=0
e118_qmv_probe:   control x_sumshare_split x_hit=21171 meta_hit=16 restored_diff=0
e118_qmv_probe:   control x_sumshare_owner x_hit=21171 meta_hit=16 restored_diff=0
e118_qmv_probe:   control x_sumshare_min  x_hit=21171 meta_hit=16 restored_diff=0
e118_qmv_probe:   mlp_gate_up_k5120_n34816 M=2 block 0 inner=47  a_base=413.3us  q_scaffold=413.2us  s_bcast=422.1us  s_bcast_all=413.6us  s_bcast_scale=413.5us  p_split_meta=413.3us  g_pack32=412.1us  s_bcast_pack32=413.1us  p_prefetch_w=411.9us  n_nosums=412.2us  l_loadonly=406.5us  n_nobias=390.7us  d_bias1=403.7us  e_bias6=412.2us  z_ballast=415.0us  k_alu8=415.0us  k_alu16=415.5us  k_ld8=415.2us  k_ld16=417.9us  k_shuf8=417.6us  k_shuf16=429.0us  k_alu16w=417.6us  y_algebra=416.4us  y_hsum_tree=419.2us  n_halfsums=416.9us  x_sumshare_split=416.2us  x_sumshare_owner=415.8us  n_halfsums_free=415.9us  x_sumshare_min=413.5us
e118_qmv_probe:   mlp_gate_up_k5120_n34816 M=2 block 1 inner=47  a_base=415.5us  q_scaffold=415.1us  s_bcast=422.8us  s_bcast_all=415.6us  s_bcast_scale=419.5us  p_split_meta=421.3us  g_pack32=421.2us  s_bcast_pack32=421.4us  p_prefetch_w=416.3us  n_nosums=414.7us  l_loadonly=410.3us  n_nobias=394.9us  d_bias1=404.7us  e_bias6=407.9us  z_ballast=413.8us  k_alu8=414.6us  k_alu16=414.6us  k_ld8=413.0us  k_ld16=415.2us  k_shuf8=414.2us  k_shuf16=425.6us  k_alu16w=414.5us  y_algebra=414.9us  y_hsum_tree=415.4us  n_halfsums=415.7us  x_sumshare_split=416.4us  x_sumshare_owner=417.5us  n_halfsums_free=419.1us  x_sumshare_min=417.1us
e118_qmv_probe:   mlp_gate_up_k5120_n34816 M=2 block 2 inner=47  a_base=415.7us  q_scaffold=415.8us  s_bcast=423.0us  s_bcast_all=415.2us  s_bcast_scale=414.5us  p_split_meta=414.2us  g_pack32=412.8us  s_bcast_pack32=413.9us  p_prefetch_w=412.9us  n_nosums=413.5us  l_loadonly=408.2us  n_nobias=392.1us  d_bias1=404.2us  e_bias6=406.5us  z_ballast=413.7us  k_alu8=413.8us  k_alu16=414.3us  k_ld8=412.5us  k_ld16=414.7us  k_shuf8=414.0us  k_shuf16=426.1us  k_alu16w=413.7us  y_algebra=414.8us  y_hsum_tree=414.5us  n_halfsums=413.8us  x_sumshare_split=413.5us  x_sumshare_owner=413.8us  n_halfsums_free=414.5us  x_sumshare_min=412.5us
e118_qmv_probe:   mlp_gate_up_k5120_n34816 M=2 block 3 inner=47  a_base=414.1us  q_scaffold=414.1us  s_bcast=422.4us  s_bcast_all=414.6us  s_bcast_scale=414.0us  p_split_meta=414.5us  g_pack32=413.2us  s_bcast_pack32=413.5us  p_prefetch_w=413.1us  n_nosums=413.6us  l_loadonly=407.9us  n_nobias=391.2us  d_bias1=403.4us  e_bias6=406.2us  z_ballast=412.8us  k_alu8=413.6us  k_alu16=414.0us  k_ld8=412.1us  k_ld16=414.0us  k_shuf8=413.5us  k_shuf16=426.3us  k_alu16w=413.2us  y_algebra=414.5us  y_hsum_tree=413.7us  n_halfsums=413.7us  x_sumshare_split=412.7us  x_sumshare_owner=413.5us  n_halfsums_free=413.6us  x_sumshare_min=412.3us
e118_qmv_probe:   mlp_gate_up_k5120_n34816 M=2 block 4 inner=47  a_base=415.5us  q_scaffold=415.1us  s_bcast=423.0us  s_bcast_all=415.8us  s_bcast_scale=414.8us  p_split_meta=415.7us  g_pack32=414.4us  s_bcast_pack32=414.4us  p_prefetch_w=413.7us  n_nosums=414.1us  l_loadonly=411.6us  n_nobias=397.3us  d_bias1=409.7us  e_bias6=412.0us  z_ballast=415.8us  k_alu8=414.5us  k_alu16=414.6us  k_ld8=412.4us  k_ld16=415.6us  k_shuf8=413.6us  k_shuf16=425.1us  k_alu16w=414.0us  y_algebra=415.3us  y_hsum_tree=415.4us  n_halfsums=414.7us  x_sumshare_split=413.2us  x_sumshare_owner=413.5us  n_halfsums_free=410.8us  x_sumshare_min=408.3us
e118_qmv_probe:   mlp_gate_up_k5120_n34816 M=2 block 5 inner=47  a_base=415.0us  q_scaffold=420.4us  s_bcast=426.6us  s_bcast_all=420.9us  s_bcast_scale=420.3us  p_split_meta=414.7us  g_pack32=413.2us  s_bcast_pack32=414.7us  p_prefetch_w=412.9us  n_nosums=413.7us  l_loadonly=407.4us  n_nobias=391.2us  d_bias1=403.4us  e_bias6=405.9us  z_ballast=412.4us  k_alu8=414.0us  k_alu16=413.5us  k_ld8=411.9us  k_ld16=413.4us  k_shuf8=413.5us  k_shuf16=425.5us  k_alu16w=412.8us  y_algebra=413.8us  y_hsum_tree=413.5us  n_halfsums=413.5us  x_sumshare_split=413.1us  x_sumshare_owner=413.0us  n_halfsums_free=413.3us  x_sumshare_min=411.4us
e118_qmv_probe:   mlp_gate_up_k5120_n34816 M=2 block 6 inner=47  a_base=413.1us  q_scaffold=413.8us  s_bcast=422.3us  s_bcast_all=414.1us  s_bcast_scale=414.1us  p_split_meta=413.5us  g_pack32=412.4us  s_bcast_pack32=413.6us  p_prefetch_w=412.2us  n_nosums=412.4us  l_loadonly=406.4us  n_nobias=391.0us  d_bias1=402.9us  e_bias6=405.3us  z_ballast=412.6us  k_alu8=412.7us  k_alu16=413.1us  k_ld8=411.6us  k_ld16=415.2us  k_shuf8=413.2us  k_shuf16=425.3us  k_alu16w=412.5us  y_algebra=413.7us  y_hsum_tree=413.3us  n_halfsums=412.9us  x_sumshare_split=412.8us  x_sumshare_owner=412.8us  n_halfsums_free=413.4us  x_sumshare_min=411.7us
e118_qmv_probe:   mlp_gate_up_k5120_n34816 M=2 block 7 inner=47  a_base=414.9us  q_scaffold=415.2us  s_bcast=423.0us  s_bcast_all=416.1us  s_bcast_scale=416.5us  p_split_meta=416.1us  g_pack32=415.1us  s_bcast_pack32=414.7us  p_prefetch_w=413.8us  n_nosums=415.2us  l_loadonly=409.0us  n_nobias=392.8us  d_bias1=404.5us  e_bias6=406.0us  z_ballast=414.4us  k_alu8=414.9us  k_alu16=418.9us  k_ld8=420.3us  k_ld16=422.5us  k_shuf8=420.2us  k_shuf16=427.4us  k_alu16w=410.8us  y_algebra=410.7us  y_hsum_tree=410.9us  n_halfsums=410.2us  x_sumshare_split=409.3us  x_sumshare_owner=409.2us  n_halfsums_free=409.9us  x_sumshare_min=408.3us
e118_qmv_probe:   mlp_gate_up_k5120_n34816 M=2 thermal entry=39.2C exit=56.2C
e118_qmv_probe:   mlp_gate_up_k5120_n34816 M=3 block 0 inner=14  a_base=433.3us  q_scaffold=432.4us  s_bcast=497.9us  s_bcast_all=467.1us  s_bcast_scale=470.4us  p_split_meta=431.8us  g_pack32=431.3us  s_bcast_pack32=458.2us  p_prefetch_w=431.4us  n_nosums=424.9us  l_loadonly=416.2us  n_nobias=407.9us  d_bias1=435.1us  e_bias6=450.8us  z_ballast=441.1us  k_alu8=437.5us  k_alu16=439.9us  k_ld8=438.2us  k_ld16=449.4us  k_shuf8=462.8us  k_shuf16=499.5us  k_alu16w=438.4us  y_algebra=437.7us  y_hsum_tree=434.3us  n_halfsums=430.2us  x_sumshare_split=434.9us  x_sumshare_owner=431.9us  n_halfsums_free=426.6us  x_sumshare_min=431.2us
e118_qmv_probe:   mlp_gate_up_k5120_n34816 M=3 block 1 inner=14  a_base=431.5us  q_scaffold=431.6us  s_bcast=497.3us  s_bcast_all=466.5us  s_bcast_scale=469.8us  p_split_meta=432.1us  g_pack32=430.7us  s_bcast_pack32=458.9us  p_prefetch_w=431.0us  n_nosums=423.5us  l_loadonly=415.3us  n_nobias=408.7us  d_bias1=434.2us  e_bias6=451.0us  z_ballast=441.9us  k_alu8=437.1us  k_alu16=440.0us  k_ld8=437.2us  k_ld16=448.1us  k_shuf8=462.7us  k_shuf16=499.2us  k_alu16w=438.4us  y_algebra=437.8us  y_hsum_tree=433.2us  n_halfsums=428.0us  x_sumshare_split=434.0us  x_sumshare_owner=432.2us  n_halfsums_free=425.7us  x_sumshare_min=430.5us
e118_qmv_probe:   mlp_gate_up_k5120_n34816 M=3 block 2 inner=14  a_base=431.6us  q_scaffold=433.2us  s_bcast=497.5us  s_bcast_all=467.4us  s_bcast_scale=470.9us  p_split_meta=432.0us  g_pack32=430.3us  s_bcast_pack32=459.1us  p_prefetch_w=430.6us  n_nosums=424.1us  l_loadonly=415.8us  n_nobias=407.2us  d_bias1=435.7us  e_bias6=450.7us  z_ballast=440.9us  k_alu8=437.9us  k_alu16=440.0us  k_ld8=436.4us  k_ld16=448.7us  k_shuf8=462.7us  k_shuf16=500.5us  k_alu16w=438.3us  y_algebra=438.5us  y_hsum_tree=434.4us  n_halfsums=428.5us  x_sumshare_split=434.0us  x_sumshare_owner=432.2us  n_halfsums_free=425.5us  x_sumshare_min=430.7us
e118_qmv_probe:   mlp_gate_up_k5120_n34816 M=3 block 3 inner=14  a_base=433.6us  q_scaffold=435.6us  s_bcast=497.6us  s_bcast_all=467.4us  s_bcast_scale=470.2us  p_split_meta=435.7us  g_pack32=432.8us  s_bcast_pack32=456.9us  p_prefetch_w=431.8us  n_nosums=423.6us  l_loadonly=416.3us  n_nobias=407.6us  d_bias1=435.1us  e_bias6=453.0us  z_ballast=441.2us  k_alu8=438.8us  k_alu16=440.5us  k_ld8=437.9us  k_ld16=449.7us  k_shuf8=462.7us  k_shuf16=498.0us  k_alu16w=438.9us  y_algebra=439.0us  y_hsum_tree=432.7us  n_halfsums=429.2us  x_sumshare_split=434.1us  x_sumshare_owner=432.7us  n_halfsums_free=425.6us  x_sumshare_min=430.7us
e118_qmv_probe:   mlp_gate_up_k5120_n34816 M=3 block 4 inner=14  a_base=432.5us  q_scaffold=431.5us  s_bcast=496.7us  s_bcast_all=466.4us  s_bcast_scale=469.3us  p_split_meta=429.5us  g_pack32=429.0us  s_bcast_pack32=454.6us  p_prefetch_w=430.0us  n_nosums=422.7us  l_loadonly=414.5us  n_nobias=406.4us  d_bias1=433.9us  e_bias6=449.6us  z_ballast=439.6us  k_alu8=436.1us  k_alu16=440.0us  k_ld8=437.5us  k_ld16=448.3us  k_shuf8=460.9us  k_shuf16=495.7us  k_alu16w=437.8us  y_algebra=437.9us  y_hsum_tree=435.0us  n_halfsums=431.2us  x_sumshare_split=439.0us  x_sumshare_owner=435.9us  n_halfsums_free=430.5us  x_sumshare_min=428.5us
e118_qmv_probe:   mlp_gate_up_k5120_n34816 M=3 block 5 inner=14  a_base=431.5us  q_scaffold=430.4us  s_bcast=494.8us  s_bcast_all=464.9us  s_bcast_scale=468.5us  p_split_meta=429.9us  g_pack32=428.0us  s_bcast_pack32=456.9us  p_prefetch_w=429.6us  n_nosums=422.3us  l_loadonly=415.4us  n_nobias=406.7us  d_bias1=433.0us  e_bias6=448.1us  z_ballast=439.7us  k_alu8=436.0us  k_alu16=438.4us  k_ld8=435.2us  k_ld16=446.9us  k_shuf8=460.1us  k_shuf16=497.4us  k_alu16w=437.1us  y_algebra=438.1us  y_hsum_tree=432.2us  n_halfsums=428.3us  x_sumshare_split=433.5us  x_sumshare_owner=432.1us  n_halfsums_free=426.6us  x_sumshare_min=429.5us
e118_qmv_probe:   mlp_gate_up_k5120_n34816 M=3 block 6 inner=14  a_base=430.0us  q_scaffold=429.9us  s_bcast=495.7us  s_bcast_all=464.5us  s_bcast_scale=468.4us  p_split_meta=429.7us  g_pack32=428.5us  s_bcast_pack32=455.8us  p_prefetch_w=429.3us  n_nosums=422.6us  l_loadonly=415.4us  n_nobias=406.0us  d_bias1=432.8us  e_bias6=448.4us  z_ballast=439.3us  k_alu8=434.9us  k_alu16=438.2us  k_ld8=435.7us  k_ld16=446.2us  k_shuf8=460.0us  k_shuf16=497.1us  k_alu16w=436.4us  y_algebra=436.0us  y_hsum_tree=431.8us  n_halfsums=427.0us  x_sumshare_split=432.7us  x_sumshare_owner=430.0us  n_halfsums_free=424.0us  x_sumshare_min=428.1us
e118_qmv_probe:   mlp_gate_up_k5120_n34816 M=3 block 7 inner=14  a_base=430.6us  q_scaffold=432.0us  s_bcast=496.5us  s_bcast_all=465.8us  s_bcast_scale=469.7us  p_split_meta=431.6us  g_pack32=429.0us  s_bcast_pack32=457.7us  p_prefetch_w=430.0us  n_nosums=423.7us  l_loadonly=415.1us  n_nobias=406.4us  d_bias1=433.7us  e_bias6=449.6us  z_ballast=440.7us  k_alu8=437.0us  k_alu16=438.9us  k_ld8=436.6us  k_ld16=448.8us  k_shuf8=462.3us  k_shuf16=499.8us  k_alu16w=439.1us  y_algebra=438.3us  y_hsum_tree=433.2us  n_halfsums=428.9us  x_sumshare_split=434.4us  x_sumshare_owner=433.1us  n_halfsums_free=427.2us  x_sumshare_min=430.8us
e118_qmv_probe:   mlp_gate_up_k5120_n34816 M=3 thermal entry=53.8C exit=58.8C
e118_qmv_probe:   mlp_gate_up_k5120_n34816 M=4 block 0 inner=13  a_base=501.2us  q_scaffold=501.0us  s_bcast=576.4us  s_bcast_all=537.0us  s_bcast_scale=540.9us  p_split_meta=501.2us  g_pack32=500.9us  s_bcast_pack32=537.7us  p_prefetch_w=499.6us  n_nosums=461.7us  l_loadonly=415.2us  n_nobias=458.1us  d_bias1=504.7us  e_bias6=517.3us  z_ballast=518.6us  k_alu8=506.8us  k_alu16=510.2us  k_ld8=522.8us  k_ld16=546.1us  k_shuf8=540.4us  k_shuf16=580.3us  k_alu16w=512.6us  y_algebra=509.4us  y_hsum_tree=495.1us  n_halfsums=504.8us  x_sumshare_split=514.0us  x_sumshare_owner=518.8us  n_halfsums_free=490.4us  x_sumshare_min=494.6us
e118_qmv_probe:   mlp_gate_up_k5120_n34816 M=4 block 1 inner=13  a_base=501.3us  q_scaffold=501.8us  s_bcast=578.9us  s_bcast_all=538.1us  s_bcast_scale=539.3us  p_split_meta=501.5us  g_pack32=500.7us  s_bcast_pack32=538.7us  p_prefetch_w=501.5us  n_nosums=464.1us  l_loadonly=417.3us  n_nobias=457.2us  d_bias1=504.4us  e_bias6=517.1us  z_ballast=519.4us  k_alu8=506.9us  k_alu16=510.7us  k_ld8=522.8us  k_ld16=545.5us  k_shuf8=541.2us  k_shuf16=579.8us  k_alu16w=512.6us  y_algebra=510.3us  y_hsum_tree=495.9us  n_halfsums=504.7us  x_sumshare_split=514.2us  x_sumshare_owner=519.2us  n_halfsums_free=490.8us  x_sumshare_min=493.3us
e118_qmv_probe:   mlp_gate_up_k5120_n34816 M=4 block 2 inner=13  a_base=498.4us  q_scaffold=498.7us  s_bcast=575.5us  s_bcast_all=534.2us  s_bcast_scale=537.2us  p_split_meta=498.4us  g_pack32=498.2us  s_bcast_pack32=535.0us  p_prefetch_w=499.7us  n_nosums=461.9us  l_loadonly=421.2us  n_nobias=456.5us  d_bias1=504.0us  e_bias6=516.2us  z_ballast=518.2us  k_alu8=506.4us  k_alu16=509.3us  k_ld8=521.7us  k_ld16=545.9us  k_shuf8=540.1us  k_shuf16=579.4us  k_alu16w=512.1us  y_algebra=507.5us  y_hsum_tree=494.1us  n_halfsums=504.0us  x_sumshare_split=513.3us  x_sumshare_owner=517.5us  n_halfsums_free=491.5us  x_sumshare_min=495.8us
e118_qmv_probe:   mlp_gate_up_k5120_n34816 M=4 block 3 inner=13  a_base=497.9us  q_scaffold=498.0us  s_bcast=573.3us  s_bcast_all=531.8us  s_bcast_scale=535.4us  p_split_meta=499.0us  g_pack32=496.2us  s_bcast_pack32=533.5us  p_prefetch_w=497.2us  n_nosums=460.1us  l_loadonly=414.7us  n_nobias=452.9us  d_bias1=499.9us  e_bias6=512.9us  z_ballast=514.9us  k_alu8=502.6us  k_alu16=505.8us  k_ld8=518.1us  k_ld16=542.0us  k_shuf8=537.2us  k_shuf16=574.6us  k_alu16w=507.5us  y_algebra=504.9us  y_hsum_tree=492.1us  n_halfsums=498.7us  x_sumshare_split=509.3us  x_sumshare_owner=513.0us  n_halfsums_free=484.6us  x_sumshare_min=488.4us
e118_qmv_probe:   mlp_gate_up_k5120_n34816 M=4 block 4 inner=13  a_base=499.4us  q_scaffold=499.6us  s_bcast=575.5us  s_bcast_all=534.3us  s_bcast_scale=536.9us  p_split_meta=499.0us  g_pack32=498.0us  s_bcast_pack32=535.6us  p_prefetch_w=500.4us  n_nosums=461.5us  l_loadonly=417.1us  n_nobias=454.4us  d_bias1=501.6us  e_bias6=513.6us  z_ballast=516.6us  k_alu8=504.9us  k_alu16=507.6us  k_ld8=520.5us  k_ld16=543.1us  k_shuf8=538.5us  k_shuf16=577.9us  k_alu16w=510.8us  y_algebra=506.6us  y_hsum_tree=492.1us  n_halfsums=500.8us  x_sumshare_split=511.8us  x_sumshare_owner=516.1us  n_halfsums_free=488.8us  x_sumshare_min=492.2us
e118_qmv_probe:   mlp_gate_up_k5120_n34816 M=4 block 5 inner=13  a_base=500.3us  q_scaffold=499.2us  s_bcast=577.0us  s_bcast_all=536.0us  s_bcast_scale=538.2us  p_split_meta=500.3us  g_pack32=499.7us  s_bcast_pack32=537.9us  p_prefetch_w=500.9us  n_nosums=463.3us  l_loadonly=417.7us  n_nobias=455.3us  d_bias1=502.5us  e_bias6=516.5us  z_ballast=518.2us  k_alu8=505.7us  k_alu16=508.5us  k_ld8=522.2us  k_ld16=548.7us  k_shuf8=541.0us  k_shuf16=579.5us  k_alu16w=512.5us  y_algebra=509.2us  y_hsum_tree=493.9us  n_halfsums=503.8us  x_sumshare_split=514.6us  x_sumshare_owner=519.0us  n_halfsums_free=490.1us  x_sumshare_min=495.7us
e118_qmv_probe:   mlp_gate_up_k5120_n34816 M=4 block 6 inner=13  a_base=502.2us  q_scaffold=501.2us  s_bcast=578.1us  s_bcast_all=537.0us  s_bcast_scale=540.5us  p_split_meta=502.2us  g_pack32=500.9us  s_bcast_pack32=538.1us  p_prefetch_w=501.9us  n_nosums=464.3us  l_loadonly=419.0us  n_nobias=457.3us  d_bias1=504.0us  e_bias6=516.9us  z_ballast=518.2us  k_alu8=506.5us  k_alu16=510.7us  k_ld8=523.4us  k_ld16=545.5us  k_shuf8=540.4us  k_shuf16=579.7us  k_alu16w=512.7us  y_algebra=508.6us  y_hsum_tree=495.6us  n_halfsums=504.5us  x_sumshare_split=514.5us  x_sumshare_owner=518.5us  n_halfsums_free=490.2us  x_sumshare_min=494.2us
e118_qmv_probe:   mlp_gate_up_k5120_n34816 M=4 block 7 inner=13  a_base=502.0us  q_scaffold=501.2us  s_bcast=577.1us  s_bcast_all=536.3us  s_bcast_scale=539.9us  p_split_meta=501.7us  g_pack32=500.8us  s_bcast_pack32=537.9us  p_prefetch_w=502.4us  n_nosums=464.3us  l_loadonly=418.7us  n_nobias=456.9us  d_bias1=504.1us  e_bias6=517.4us  z_ballast=519.0us  k_alu8=506.7us  k_alu16=509.6us  k_ld8=522.5us  k_ld16=546.7us  k_shuf8=541.8us  k_shuf16=579.9us  k_alu16w=513.2us  y_algebra=509.5us  y_hsum_tree=493.6us  n_halfsums=503.9us  x_sumshare_split=514.5us  x_sumshare_owner=518.0us  n_halfsums_free=490.7us  x_sumshare_min=495.6us
e118_qmv_probe:   mlp_gate_up_k5120_n34816 M=4 thermal entry=56.0C exit=76.2C
e118_qmv_probe:   mlp_gate_up_k5120_n34816 M=5 block 0 inner=13  a_base=592.1us  q_scaffold=590.2us  s_bcast=965.9us  s_bcast_all=667.3us  s_bcast_scale=628.2us  p_split_meta=591.3us  g_pack32=590.1us  s_bcast_pack32=945.7us  p_prefetch_w=967.0us  n_nosums=534.7us  l_loadonly=420.0us  n_nobias=520.4us  d_bias1=597.2us  e_bias6=603.0us  z_ballast=1002.5us  k_alu8=610.1us  k_alu16=614.6us  k_ld8=1094.8us  k_ld16=1146.1us  k_shuf8=634.5us  k_shuf16=677.9us  k_alu16w=614.9us  y_algebra=609.2us  y_hsum_tree=588.8us  n_halfsums=593.5us  x_sumshare_split=611.8us  x_sumshare_owner=623.5us  n_halfsums_free=567.7us  x_sumshare_min=778.1us
e118_qmv_probe:   mlp_gate_up_k5120_n34816 M=5 block 1 inner=13  a_base=591.6us  q_scaffold=590.5us  s_bcast=964.7us  s_bcast_all=665.7us  s_bcast_scale=627.4us  p_split_meta=590.6us  g_pack32=588.9us  s_bcast_pack32=944.6us  p_prefetch_w=967.5us  n_nosums=534.1us  l_loadonly=421.7us  n_nobias=519.8us  d_bias1=595.8us  e_bias6=602.4us  z_ballast=1001.0us  k_alu8=610.2us  k_alu16=613.9us  k_ld8=1093.8us  k_ld16=1146.4us  k_shuf8=633.7us  k_shuf16=677.1us  k_alu16w=614.3us  y_algebra=607.2us  y_hsum_tree=588.5us  n_halfsums=591.3us  x_sumshare_split=611.2us  x_sumshare_owner=622.0us  n_halfsums_free=569.2us  x_sumshare_min=779.2us
e118_qmv_probe:   mlp_gate_up_k5120_n34816 M=5 block 2 inner=13  a_base=592.3us  q_scaffold=591.2us  s_bcast=966.4us  s_bcast_all=667.6us  s_bcast_scale=628.6us  p_split_meta=591.2us  g_pack32=591.8us  s_bcast_pack32=945.8us  p_prefetch_w=968.2us  n_nosums=534.8us  l_loadonly=421.0us  n_nobias=522.0us  d_bias1=597.3us  e_bias6=604.2us  z_ballast=1003.2us  k_alu8=610.6us  k_alu16=614.5us  k_ld8=1096.8us  k_ld16=1147.2us  k_shuf8=635.3us  k_shuf16=678.5us  k_alu16w=615.9us  y_algebra=609.3us  y_hsum_tree=588.7us  n_halfsums=593.4us  x_sumshare_split=610.8us  x_sumshare_owner=623.6us  n_halfsums_free=570.0us  x_sumshare_min=778.7us
e118_qmv_probe:   mlp_gate_up_k5120_n34816 M=5 block 3 inner=13  a_base=594.9us  q_scaffold=593.2us  s_bcast=969.7us  s_bcast_all=669.5us  s_bcast_scale=632.9us  p_split_meta=594.3us  g_pack32=592.5us  s_bcast_pack32=948.6us  p_prefetch_w=971.5us  n_nosums=537.8us  l_loadonly=422.5us  n_nobias=523.4us  d_bias1=599.8us  e_bias6=605.8us  z_ballast=1007.6us  k_alu8=613.2us  k_alu16=618.0us  k_ld8=1097.0us  k_ld16=1149.4us  k_shuf8=636.2us  k_shuf16=681.6us  k_alu16w=618.6us  y_algebra=612.7us  y_hsum_tree=590.0us  n_halfsums=595.0us  x_sumshare_split=618.0us  x_sumshare_owner=624.5us  n_halfsums_free=571.3us  x_sumshare_min=779.7us
e118_qmv_probe:   mlp_gate_up_k5120_n34816 M=5 block 4 inner=13  a_base=594.9us  q_scaffold=593.4us  s_bcast=971.6us  s_bcast_all=670.6us  s_bcast_scale=630.5us  p_split_meta=594.1us  g_pack32=592.0us  s_bcast_pack32=948.6us  p_prefetch_w=969.6us  n_nosums=536.9us  l_loadonly=421.5us  n_nobias=522.9us  d_bias1=603.0us  e_bias6=605.4us  z_ballast=1007.2us  k_alu8=614.9us  k_alu16=617.8us  k_ld8=1102.3us  k_ld16=1152.6us  k_shuf8=638.6us  k_shuf16=681.8us  k_alu16w=618.2us  y_algebra=615.8us  y_hsum_tree=593.0us  n_halfsums=595.4us  x_sumshare_split=618.5us  x_sumshare_owner=628.0us  n_halfsums_free=576.8us  x_sumshare_min=781.8us
e118_qmv_probe:   mlp_gate_up_k5120_n34816 M=5 block 5 inner=13  a_base=593.5us  q_scaffold=592.5us  s_bcast=965.6us  s_bcast_all=668.8us  s_bcast_scale=631.5us  p_split_meta=592.6us  g_pack32=590.8us  s_bcast_pack32=945.9us  p_prefetch_w=969.1us  n_nosums=536.1us  l_loadonly=420.3us  n_nobias=521.2us  d_bias1=598.7us  e_bias6=604.2us  z_ballast=1004.8us  k_alu8=611.5us  k_alu16=616.0us  k_ld8=1097.1us  k_ld16=1148.8us  k_shuf8=635.4us  k_shuf16=679.4us  k_alu16w=617.6us  y_algebra=613.3us  y_hsum_tree=592.7us  n_halfsums=594.1us  x_sumshare_split=611.4us  x_sumshare_owner=624.1us  n_halfsums_free=570.3us  x_sumshare_min=776.8us
e118_qmv_probe:   mlp_gate_up_k5120_n34816 M=5 block 6 inner=13  a_base=595.0us  q_scaffold=592.8us  s_bcast=967.6us  s_bcast_all=668.0us  s_bcast_scale=629.5us  p_split_meta=593.3us  g_pack32=592.0us  s_bcast_pack32=946.6us  p_prefetch_w=967.3us  n_nosums=536.5us  l_loadonly=420.4us  n_nobias=521.5us  d_bias1=598.3us  e_bias6=603.2us  z_ballast=1003.5us  k_alu8=612.4us  k_alu16=615.6us  k_ld8=1096.9us  k_ld16=1148.7us  k_shuf8=635.7us  k_shuf16=678.3us  k_alu16w=617.1us  y_algebra=610.1us  y_hsum_tree=589.8us  n_halfsums=593.9us  x_sumshare_split=611.8us  x_sumshare_owner=625.5us  n_halfsums_free=571.3us  x_sumshare_min=779.9us
e118_qmv_probe:   mlp_gate_up_k5120_n34816 M=5 block 7 inner=13  a_base=591.5us  q_scaffold=591.2us  s_bcast=966.4us  s_bcast_all=666.8us  s_bcast_scale=629.1us  p_split_meta=590.8us  g_pack32=589.2us  s_bcast_pack32=943.3us  p_prefetch_w=965.9us  n_nosums=533.0us  l_loadonly=421.4us  n_nobias=518.6us  d_bias1=597.2us  e_bias6=600.8us  z_ballast=1002.0us  k_alu8=608.0us  k_alu16=612.7us  k_ld8=1092.9us  k_ld16=1144.2us  k_shuf8=630.3us  k_shuf16=674.4us  k_alu16w=612.5us  y_algebra=605.2us  y_hsum_tree=584.4us  n_halfsums=588.0us  x_sumshare_split=609.8us  x_sumshare_owner=619.6us  n_halfsums_free=565.6us  x_sumshare_min=774.2us
e118_qmv_probe:   mlp_gate_up_k5120_n34816 M=5 thermal entry=57.2C exit=81.1C
e118_qmv_probe: shape gdn_in_proj_k5120_n16480  w=42.2MB
e118_qmv_probe:   fidelity M=2  base_vs_double max_rel=4.552e-01 rms=3.373e-03  base_nonfinite=0/32960
e118_qmv_probe:     q_scaffold      vs base differing=0/32960 max_ulp=0 max_rel=0.000e+00  vs_double rel=4.552e-01 rms=3.373e-03   exact
e118_qmv_probe:     s_bcast         vs base differing=0/32960 max_ulp=0 max_rel=0.000e+00  vs_double rel=4.552e-01 rms=3.373e-03   exact
e118_qmv_probe:     s_bcast_all     vs base differing=0/32960 max_ulp=0 max_rel=0.000e+00  vs_double rel=4.552e-01 rms=3.373e-03   exact
e118_qmv_probe:     s_bcast_scale   vs base differing=0/32960 max_ulp=0 max_rel=0.000e+00  vs_double rel=4.552e-01 rms=3.373e-03   exact
e118_qmv_probe:     p_split_meta    vs base differing=0/32960 max_ulp=0 max_rel=0.000e+00  vs_double rel=4.552e-01 rms=3.373e-03   exact
e118_qmv_probe:     g_pack32        vs base differing=0/32960 max_ulp=0 max_rel=0.000e+00  vs_double rel=4.552e-01 rms=3.373e-03   exact
e118_qmv_probe:     s_bcast_pack32  vs base differing=0/32960 max_ulp=0 max_rel=0.000e+00  vs_double rel=4.552e-01 rms=3.373e-03   exact
e118_qmv_probe:     p_prefetch_w    vs base differing=0/32960 max_ulp=0 max_rel=0.000e+00  vs_double rel=4.552e-01 rms=3.373e-03   exact
e118_qmv_probe:     n_nosums        vs base differing=32960/32960 max_ulp=33326 max_rel=1.916e+00  vs_double rel=9.441e+02 rms=8.638e+00   (diagnostic arm, difference expected)
e118_qmv_probe:     l_loadonly      vs base differing=32928/32960 max_ulp=32895 max_rel=2.000e+00  vs_double rel=6.524e+01 rms=1.234e+00   (diagnostic arm, difference expected)
e118_qmv_probe:     n_nobias        vs base differing=32948/32960 max_ulp=33011 max_rel=2.000e+00  vs_double rel=9.343e+01 rms=1.936e+00   (diagnostic arm, difference expected)
e118_qmv_probe:     d_bias1         vs base differing=32960/32960 max_ulp=34423 max_rel=1.961e+00  vs_double rel=9.669e+04 rms=1.510e+03   (diagnostic arm, difference expected)
e118_qmv_probe:     e_bias6         vs base differing=0/32960 max_ulp=0 max_rel=0.000e+00  vs_double rel=4.552e-01 rms=3.373e-03   exact
e118_qmv_probe:     z_ballast       vs base differing=0/32960 max_ulp=0 max_rel=0.000e+00  vs_double rel=4.552e-01 rms=3.373e-03   exact
e118_qmv_probe:     k_alu8          vs base differing=0/32960 max_ulp=0 max_rel=0.000e+00  vs_double rel=4.552e-01 rms=3.373e-03   exact
e118_qmv_probe:     k_alu16         vs base differing=0/32960 max_ulp=0 max_rel=0.000e+00  vs_double rel=4.552e-01 rms=3.373e-03   exact
e118_qmv_probe:     k_ld8           vs base differing=0/32960 max_ulp=0 max_rel=0.000e+00  vs_double rel=4.552e-01 rms=3.373e-03   exact
e118_qmv_probe:     k_ld16          vs base differing=0/32960 max_ulp=0 max_rel=0.000e+00  vs_double rel=4.552e-01 rms=3.373e-03   exact
e118_qmv_probe:     k_shuf8         vs base differing=0/32960 max_ulp=0 max_rel=0.000e+00  vs_double rel=4.552e-01 rms=3.373e-03   exact
e118_qmv_probe:     k_shuf16        vs base differing=0/32960 max_ulp=0 max_rel=0.000e+00  vs_double rel=4.552e-01 rms=3.373e-03   exact
e118_qmv_probe:     k_alu16w        vs base differing=0/32960 max_ulp=0 max_rel=0.000e+00  vs_double rel=4.552e-01 rms=3.373e-03   exact
e118_qmv_probe:     y_algebra       vs base differing=32947/32960 max_ulp=33009 max_rel=2.000e+00  vs_double rel=9.299e+01 rms=1.923e+00   (diagnostic arm, difference expected)
e118_qmv_probe:     y_hsum_tree     vs base differing=17417/32960 max_ulp=30493 max_rel=1.993e+00  vs_double rel=1.107e-01 rms=2.485e-03   (diagnostic arm, difference expected)
e118_qmv_probe:     n_halfsums      vs base differing=16475/32960 max_ulp=33011 max_rel=2.000e+00  vs_double rel=9.343e+01 rms=1.399e+00   (diagnostic arm, difference expected)
e118_qmv_probe:     x_sumshare_split vs base differing=0/32960 max_ulp=0 max_rel=0.000e+00  vs_double rel=4.552e-01 rms=3.373e-03   exact
e118_qmv_probe:     x_sumshare_owner vs base differing=0/32960 max_ulp=0 max_rel=0.000e+00  vs_double rel=4.552e-01 rms=3.373e-03   exact
e118_qmv_probe:     n_halfsums_free vs base differing=16468/32960 max_ulp=32915 max_rel=2.000e+00  vs_double rel=9.343e+01 rms=9.940e-01   (diagnostic arm, difference expected)
e118_qmv_probe:     x_sumshare_min  vs base differing=0/32960 max_ulp=0 max_rel=0.000e+00  vs_double rel=4.552e-01 rms=3.373e-03   exact
e118_qmv_probe:   fidelity M=3  base_vs_double max_rel=4.552e-01 rms=3.298e-03  base_nonfinite=0/49440
e118_qmv_probe:     q_scaffold      vs base differing=0/49440 max_ulp=0 max_rel=0.000e+00  vs_double rel=4.552e-01 rms=3.298e-03   exact
e118_qmv_probe:     s_bcast         vs base differing=0/49440 max_ulp=0 max_rel=0.000e+00  vs_double rel=4.552e-01 rms=3.298e-03   exact
e118_qmv_probe:     s_bcast_all     vs base differing=0/49440 max_ulp=0 max_rel=0.000e+00  vs_double rel=4.552e-01 rms=3.298e-03   exact
e118_qmv_probe:     s_bcast_scale   vs base differing=0/49440 max_ulp=0 max_rel=0.000e+00  vs_double rel=4.552e-01 rms=3.298e-03   exact
e118_qmv_probe:     p_split_meta    vs base differing=0/49440 max_ulp=0 max_rel=0.000e+00  vs_double rel=4.552e-01 rms=3.298e-03   exact
e118_qmv_probe:     g_pack32        vs base differing=0/49440 max_ulp=0 max_rel=0.000e+00  vs_double rel=4.552e-01 rms=3.298e-03   exact
e118_qmv_probe:     s_bcast_pack32  vs base differing=0/49440 max_ulp=0 max_rel=0.000e+00  vs_double rel=4.552e-01 rms=3.298e-03   exact
e118_qmv_probe:     p_prefetch_w    vs base differing=0/49440 max_ulp=0 max_rel=0.000e+00  vs_double rel=4.552e-01 rms=3.298e-03   exact
e118_qmv_probe:     n_nosums        vs base differing=49440/49440 max_ulp=33326 max_rel=1.916e+00  vs_double rel=9.441e+02 rms=8.455e+00   (diagnostic arm, difference expected)
e118_qmv_probe:     l_loadonly      vs base differing=49378/49440 max_ulp=32895 max_rel=2.000e+00  vs_double rel=6.524e+01 rms=1.098e+00   (diagnostic arm, difference expected)
e118_qmv_probe:     n_nobias        vs base differing=49402/49440 max_ulp=33011 max_rel=2.000e+00  vs_double rel=9.343e+01 rms=1.691e+00   (diagnostic arm, difference expected)
e118_qmv_probe:     d_bias1         vs base differing=49440/49440 max_ulp=34423 max_rel=1.961e+00  vs_double rel=9.669e+04 rms=1.296e+03   (diagnostic arm, difference expected)
e118_qmv_probe:     e_bias6         vs base differing=0/49440 max_ulp=0 max_rel=0.000e+00  vs_double rel=4.552e-01 rms=3.298e-03   exact
e118_qmv_probe:     z_ballast       vs base differing=0/49440 max_ulp=0 max_rel=0.000e+00  vs_double rel=4.552e-01 rms=3.298e-03   exact
e118_qmv_probe:     k_alu8          vs base differing=0/49440 max_ulp=0 max_rel=0.000e+00  vs_double rel=4.552e-01 rms=3.298e-03   exact
e118_qmv_probe:     k_alu16         vs base differing=0/49440 max_ulp=0 max_rel=0.000e+00  vs_double rel=4.552e-01 rms=3.298e-03   exact
e118_qmv_probe:     k_ld8           vs base differing=0/49440 max_ulp=0 max_rel=0.000e+00  vs_double rel=4.552e-01 rms=3.298e-03   exact
e118_qmv_probe:     k_ld16          vs base differing=0/49440 max_ulp=0 max_rel=0.000e+00  vs_double rel=4.552e-01 rms=3.298e-03   exact
e118_qmv_probe:     k_shuf8         vs base differing=0/49440 max_ulp=0 max_rel=0.000e+00  vs_double rel=4.552e-01 rms=3.298e-03   exact
e118_qmv_probe:     k_shuf16        vs base differing=0/49440 max_ulp=0 max_rel=0.000e+00  vs_double rel=4.552e-01 rms=3.298e-03   exact
e118_qmv_probe:     k_alu16w        vs base differing=0/49440 max_ulp=0 max_rel=0.000e+00  vs_double rel=4.552e-01 rms=3.298e-03   exact
e118_qmv_probe:     y_algebra       vs base differing=49404/49440 max_ulp=33009 max_rel=2.000e+00  vs_double rel=9.299e+01 rms=1.680e+00   (diagnostic arm, difference expected)
e118_qmv_probe:     y_hsum_tree     vs base differing=27306/49440 max_ulp=30580 max_rel=1.993e+00  vs_double rel=1.107e-01 rms=2.966e-03   (diagnostic arm, difference expected)
e118_qmv_probe:     n_halfsums      vs base differing=24701/49440 max_ulp=33011 max_rel=2.000e+00  vs_double rel=5.134e+01 rms=1.243e+00   (diagnostic arm, difference expected)
e118_qmv_probe:     x_sumshare_split vs base differing=0/49440 max_ulp=0 max_rel=0.000e+00  vs_double rel=4.552e-01 rms=3.298e-03   exact
e118_qmv_probe:     x_sumshare_owner vs base differing=0/49440 max_ulp=0 max_rel=0.000e+00  vs_double rel=4.552e-01 rms=3.298e-03   exact
e118_qmv_probe:     n_halfsums_free vs base differing=16454/49440 max_ulp=32855 max_rel=2.000e+00  vs_double rel=4.203e+01 rms=6.269e-01   (diagnostic arm, difference expected)
e118_qmv_probe:     x_sumshare_min  vs base differing=0/49440 max_ulp=0 max_rel=0.000e+00  vs_double rel=4.552e-01 rms=3.298e-03   exact
e118_qmv_probe:   fidelity M=4  base_vs_double max_rel=4.552e-01 rms=3.126e-03  base_nonfinite=0/65920
e118_qmv_probe:     q_scaffold      vs base differing=0/65920 max_ulp=0 max_rel=0.000e+00  vs_double rel=4.552e-01 rms=3.126e-03   exact
e118_qmv_probe:     s_bcast         vs base differing=0/65920 max_ulp=0 max_rel=0.000e+00  vs_double rel=4.552e-01 rms=3.126e-03   exact
e118_qmv_probe:     s_bcast_all     vs base differing=0/65920 max_ulp=0 max_rel=0.000e+00  vs_double rel=4.552e-01 rms=3.126e-03   exact
e118_qmv_probe:     s_bcast_scale   vs base differing=0/65920 max_ulp=0 max_rel=0.000e+00  vs_double rel=4.552e-01 rms=3.126e-03   exact
e118_qmv_probe:     p_split_meta    vs base differing=0/65920 max_ulp=0 max_rel=0.000e+00  vs_double rel=4.552e-01 rms=3.126e-03   exact
e118_qmv_probe:     g_pack32        vs base differing=0/65920 max_ulp=0 max_rel=0.000e+00  vs_double rel=4.552e-01 rms=3.126e-03   exact
e118_qmv_probe:     s_bcast_pack32  vs base differing=0/65920 max_ulp=0 max_rel=0.000e+00  vs_double rel=4.552e-01 rms=3.126e-03   exact
e118_qmv_probe:     p_prefetch_w    vs base differing=0/65920 max_ulp=0 max_rel=0.000e+00  vs_double rel=4.552e-01 rms=3.126e-03   exact
e118_qmv_probe:     n_nosums        vs base differing=65920/65920 max_ulp=33326 max_rel=1.916e+00  vs_double rel=9.441e+02 rms=8.751e+00   (diagnostic arm, difference expected)
e118_qmv_probe:     l_loadonly      vs base differing=65820/65920 max_ulp=32895 max_rel=2.000e+00  vs_double rel=6.524e+01 rms=1.038e+00   (diagnostic arm, difference expected)
e118_qmv_probe:     n_nobias        vs base differing=65849/65920 max_ulp=33011 max_rel=2.000e+00  vs_double rel=9.343e+01 rms=1.617e+00   (diagnostic arm, difference expected)
e118_qmv_probe:     d_bias1         vs base differing=65920/65920 max_ulp=34423 max_rel=1.961e+00  vs_double rel=9.669e+04 rms=1.228e+03   (diagnostic arm, difference expected)
e118_qmv_probe:     e_bias6         vs base differing=0/65920 max_ulp=0 max_rel=0.000e+00  vs_double rel=4.552e-01 rms=3.126e-03   exact
e118_qmv_probe:     z_ballast       vs base differing=0/65920 max_ulp=0 max_rel=0.000e+00  vs_double rel=4.552e-01 rms=3.126e-03   exact
e118_qmv_probe:     k_alu8          vs base differing=0/65920 max_ulp=0 max_rel=0.000e+00  vs_double rel=4.552e-01 rms=3.126e-03   exact
e118_qmv_probe:     k_alu16         vs base differing=0/65920 max_ulp=0 max_rel=0.000e+00  vs_double rel=4.552e-01 rms=3.126e-03   exact
e118_qmv_probe:     k_ld8           vs base differing=0/65920 max_ulp=0 max_rel=0.000e+00  vs_double rel=4.552e-01 rms=3.126e-03   exact
e118_qmv_probe:     k_ld16          vs base differing=0/65920 max_ulp=0 max_rel=0.000e+00  vs_double rel=4.552e-01 rms=3.126e-03   exact
e118_qmv_probe:     k_shuf8         vs base differing=0/65920 max_ulp=0 max_rel=0.000e+00  vs_double rel=4.552e-01 rms=3.126e-03   exact
e118_qmv_probe:     k_shuf16        vs base differing=0/65920 max_ulp=0 max_rel=0.000e+00  vs_double rel=4.552e-01 rms=3.126e-03   exact
e118_qmv_probe:     k_alu16w        vs base differing=0/65920 max_ulp=0 max_rel=0.000e+00  vs_double rel=4.552e-01 rms=3.126e-03   exact
e118_qmv_probe:     y_algebra       vs base differing=65852/65920 max_ulp=33009 max_rel=2.000e+00  vs_double rel=9.299e+01 rms=1.607e+00   (diagnostic arm, difference expected)
e118_qmv_probe:     y_hsum_tree     vs base differing=36792/65920 max_ulp=30580 max_rel=1.993e+00  vs_double rel=1.107e-01 rms=2.795e-03   (diagnostic arm, difference expected)
e118_qmv_probe:     n_halfsums      vs base differing=49391/65920 max_ulp=33160 max_rel=2.000e+00  vs_double rel=8.746e+01 rms=2.367e+00   (diagnostic arm, difference expected)
e118_qmv_probe:     x_sumshare_split vs base differing=0/65920 max_ulp=0 max_rel=0.000e+00  vs_double rel=4.552e-01 rms=3.126e-03   exact
e118_qmv_probe:     x_sumshare_owner vs base differing=0/65920 max_ulp=0 max_rel=0.000e+00  vs_double rel=4.552e-01 rms=3.126e-03   exact
e118_qmv_probe:     n_halfsums_free vs base differing=32901/65920 max_ulp=32872 max_rel=2.000e+00  vs_double rel=8.746e+01 rms=7.774e-01   (diagnostic arm, difference expected)
e118_qmv_probe:     x_sumshare_min  vs base differing=0/65920 max_ulp=0 max_rel=0.000e+00  vs_double rel=4.552e-01 rms=3.126e-03   exact
e118_qmv_probe:   fidelity M=5  base_vs_double max_rel=4.552e-01 rms=3.285e-03  base_nonfinite=0/82400
e118_qmv_probe:     q_scaffold      vs base differing=0/82400 max_ulp=0 max_rel=0.000e+00  vs_double rel=4.552e-01 rms=3.285e-03   exact
e118_qmv_probe:     s_bcast         vs base differing=82333/82400 max_ulp=33249 max_rel=2.000e+00  vs_double rel=1.523e+02 rms=2.936e+00   *** EXACTNESS FAILURE ***
e118_qmv_probe:       FIRST MISMATCH m=0 n=0 base=0xbe94 arm=0xc0a1
e118_qmv_probe:     s_bcast_all     vs base differing=82333/82400 max_ulp=33249 max_rel=2.000e+00  vs_double rel=1.523e+02 rms=2.936e+00   *** EXACTNESS FAILURE ***
e118_qmv_probe:       FIRST MISMATCH m=0 n=0 base=0xbe94 arm=0xc0a1
e118_qmv_probe:     s_bcast_scale   vs base differing=0/82400 max_ulp=0 max_rel=0.000e+00  vs_double rel=4.552e-01 rms=3.285e-03   exact
e118_qmv_probe:     p_split_meta    vs base differing=0/82400 max_ulp=0 max_rel=0.000e+00  vs_double rel=4.552e-01 rms=3.285e-03   exact
e118_qmv_probe:     g_pack32        vs base differing=0/82400 max_ulp=0 max_rel=0.000e+00  vs_double rel=4.552e-01 rms=3.285e-03   exact
e118_qmv_probe:     s_bcast_pack32  vs base differing=82339/82400 max_ulp=33243 max_rel=2.000e+00  vs_double rel=1.474e+02 rms=3.020e+00   *** EXACTNESS FAILURE ***
e118_qmv_probe:       FIRST MISMATCH m=0 n=0 base=0xbe94 arm=0xc0a1
e118_qmv_probe:     p_prefetch_w    vs base differing=82365/82400 max_ulp=33243 max_rel=2.000e+00  vs_double rel=1.981e+02 rms=3.663e+00   *** EXACTNESS FAILURE ***
e118_qmv_probe:       FIRST MISMATCH m=0 n=0 base=0xbe94 arm=0xbf8f
e118_qmv_probe:     n_nosums        vs base differing=82400/82400 max_ulp=33351 max_rel=1.916e+00  vs_double rel=9.441e+02 rms=9.313e+00   (diagnostic arm, difference expected)
e118_qmv_probe:     l_loadonly      vs base differing=82286/82400 max_ulp=32895 max_rel=2.000e+00  vs_double rel=8.122e+01 rms=1.120e+00   (diagnostic arm, difference expected)
e118_qmv_probe:     n_nobias        vs base differing=82328/82400 max_ulp=33055 max_rel=2.000e+00  vs_double rel=1.134e+02 rms=1.804e+00   (diagnostic arm, difference expected)
e118_qmv_probe:     d_bias1         vs base differing=82400/82400 max_ulp=34423 max_rel=1.961e+00  vs_double rel=9.669e+04 rms=1.316e+03   (diagnostic arm, difference expected)
e118_qmv_probe:     e_bias6         vs base differing=0/82400 max_ulp=0 max_rel=0.000e+00  vs_double rel=4.552e-01 rms=3.285e-03   exact
e118_qmv_probe:     z_ballast       vs base differing=82385/82400 max_ulp=33312 max_rel=2.000e+00  vs_double rel=5.839e+02 rms=5.212e+00   *** EXACTNESS FAILURE ***
e118_qmv_probe:       FIRST MISMATCH m=0 n=0 base=0xbe94 arm=0x40da
e118_qmv_probe:     k_alu8          vs base differing=0/82400 max_ulp=0 max_rel=0.000e+00  vs_double rel=4.552e-01 rms=3.285e-03   exact
e118_qmv_probe:     k_alu16         vs base differing=0/82400 max_ulp=0 max_rel=0.000e+00  vs_double rel=4.552e-01 rms=3.285e-03   exact
e118_qmv_probe:     k_ld8           vs base differing=82356/82400 max_ulp=33243 max_rel=2.000e+00  vs_double rel=1.981e+02 rms=3.667e+00   *** EXACTNESS FAILURE ***
e118_qmv_probe:       FIRST MISMATCH m=0 n=0 base=0xbe94 arm=0xbf8f
e118_qmv_probe:     k_ld16          vs base differing=82364/82400 max_ulp=33243 max_rel=2.000e+00  vs_double rel=1.981e+02 rms=3.609e+00   *** EXACTNESS FAILURE ***
e118_qmv_probe:       FIRST MISMATCH m=0 n=0 base=0xbe94 arm=0xbf8f
e118_qmv_probe:     k_shuf8         vs base differing=0/82400 max_ulp=0 max_rel=0.000e+00  vs_double rel=4.552e-01 rms=3.285e-03   exact
e118_qmv_probe:     k_shuf16        vs base differing=0/82400 max_ulp=0 max_rel=0.000e+00  vs_double rel=4.552e-01 rms=3.285e-03   exact
e118_qmv_probe:     k_alu16w        vs base differing=0/82400 max_ulp=0 max_rel=0.000e+00  vs_double rel=4.552e-01 rms=3.285e-03   exact
e118_qmv_probe:     y_algebra       vs base differing=82330/82400 max_ulp=33053 max_rel=2.000e+00  vs_double rel=1.127e+02 rms=1.792e+00   (diagnostic arm, difference expected)
e118_qmv_probe:     y_hsum_tree     vs base differing=52097/82400 max_ulp=32403 max_rel=2.000e+00  vs_double rel=2.034e+01 rms=1.459e-01   (diagnostic arm, difference expected)
e118_qmv_probe:     n_halfsums      vs base differing=74089/82400 max_ulp=33160 max_rel=2.000e+00  vs_double rel=9.989e+01 rms=2.328e+00   (diagnostic arm, difference expected)
e118_qmv_probe:     x_sumshare_split vs base differing=49403/82400 max_ulp=33172 max_rel=2.000e+00  vs_double rel=1.474e+02 rms=2.314e+00   *** EXACTNESS FAILURE ***
e118_qmv_probe:       FIRST MISMATCH m=0 n=0 base=0xbe94 arm=0xc0a1
e118_qmv_probe:     x_sumshare_owner vs base differing=16464/82400 max_ulp=32951 max_rel=2.000e+00  vs_double rel=9.989e+01 rms=6.109e-01   *** EXACTNESS FAILURE ***
e118_qmv_probe:       FIRST MISMATCH m=1 n=0 base=0xc062 arm=0xc0ae
e118_qmv_probe:     n_halfsums_free vs base differing=32926/82400 max_ulp=33055 max_rel=2.000e+00  vs_double rel=1.134e+02 rms=1.197e+00   (diagnostic arm, difference expected)
e118_qmv_probe:     x_sumshare_min  vs base differing=0/82400 max_ulp=0 max_rel=0.000e+00  vs_double rel=4.552e-01 rms=3.285e-03   exact
e118_qmv_probe:   control q_scaffold      x_hit=8397 meta_hit=16 restored_diff=0
e118_qmv_probe:   control s_bcast         x_hit=8397 meta_hit=16 restored_diff=0
e118_qmv_probe:   control s_bcast_all     x_hit=8397 meta_hit=16 restored_diff=0
e118_qmv_probe:   control s_bcast_scale   x_hit=8397 meta_hit=16 restored_diff=0
e118_qmv_probe:   control p_split_meta    x_hit=8397 meta_hit=16 restored_diff=0
e118_qmv_probe:   control g_pack32        x_hit=8397 meta_hit=16 restored_diff=0
e118_qmv_probe:   control s_bcast_pack32  x_hit=8397 meta_hit=16 restored_diff=0
e118_qmv_probe:   control p_prefetch_w    x_hit=8397 meta_hit=16 restored_diff=0
e118_qmv_probe:   control e_bias6         x_hit=8397 meta_hit=16 restored_diff=0
e118_qmv_probe:   control z_ballast       x_hit=8397 meta_hit=16 restored_diff=0
e118_qmv_probe:   control k_alu8          x_hit=8397 meta_hit=16 restored_diff=0
e118_qmv_probe:   control k_alu16         x_hit=8397 meta_hit=16 restored_diff=0
e118_qmv_probe:   control k_ld8           x_hit=8397 meta_hit=16 restored_diff=0
e118_qmv_probe:   control k_ld16          x_hit=8397 meta_hit=16 restored_diff=0
e118_qmv_probe:   control k_shuf8         x_hit=8397 meta_hit=16 restored_diff=0
e118_qmv_probe:   control k_shuf16        x_hit=8397 meta_hit=16 restored_diff=0
e118_qmv_probe:   control k_alu16w        x_hit=8397 meta_hit=16 restored_diff=0
e118_qmv_probe:   control x_sumshare_split x_hit=8397 meta_hit=16 restored_diff=0
e118_qmv_probe:   control x_sumshare_owner x_hit=8397 meta_hit=16 restored_diff=0
e118_qmv_probe:   control x_sumshare_min  x_hit=8397 meta_hit=16 restored_diff=0
e118_qmv_probe:   gdn_in_proj_k5120_n16480 M=2 block 0 inner=64  a_base=205.1us  q_scaffold=205.4us  s_bcast=211.3us  s_bcast_all=206.3us  s_bcast_scale=206.9us  p_split_meta=205.4us  g_pack32=204.3us  s_bcast_pack32=206.4us  p_prefetch_w=204.2us  n_nosums=204.3us  l_loadonly=198.0us  n_nobias=194.1us  d_bias1=200.7us  e_bias6=202.4us  z_ballast=204.7us  k_alu8=205.1us  k_alu16=204.9us  k_ld8=204.4us  k_ld16=206.5us  k_shuf8=205.8us  k_shuf16=212.3us  k_alu16w=205.0us  y_algebra=205.3us  y_hsum_tree=204.9us  n_halfsums=204.7us  x_sumshare_split=205.4us  x_sumshare_owner=204.9us  n_halfsums_free=205.0us  x_sumshare_min=204.1us
e118_qmv_probe:   gdn_in_proj_k5120_n16480 M=2 block 1 inner=64  a_base=204.9us  q_scaffold=205.3us  s_bcast=211.0us  s_bcast_all=206.6us  s_bcast_scale=206.7us  p_split_meta=205.1us  g_pack32=204.7us  s_bcast_pack32=206.3us  p_prefetch_w=204.4us  n_nosums=204.4us  l_loadonly=198.1us  n_nobias=194.4us  d_bias1=200.7us  e_bias6=202.2us  z_ballast=204.6us  k_alu8=204.8us  k_alu16=204.8us  k_ld8=204.4us  k_ld16=206.3us  k_shuf8=205.8us  k_shuf16=212.9us  k_alu16w=204.9us  y_algebra=205.4us  y_hsum_tree=205.0us  n_halfsums=204.8us  x_sumshare_split=204.7us  x_sumshare_owner=205.0us  n_halfsums_free=204.7us  x_sumshare_min=204.4us
e118_qmv_probe:   gdn_in_proj_k5120_n16480 M=2 block 2 inner=64  a_base=205.7us  q_scaffold=205.9us  s_bcast=211.1us  s_bcast_all=206.7us  s_bcast_scale=207.0us  p_split_meta=205.2us  g_pack32=204.0us  s_bcast_pack32=204.7us  p_prefetch_w=203.0us  n_nosums=202.8us  l_loadonly=196.7us  n_nobias=192.3us  d_bias1=198.1us  e_bias6=199.8us  z_ballast=203.1us  k_alu8=203.0us  k_alu16=203.0us  k_ld8=203.6us  k_ld16=205.1us  k_shuf8=205.8us  k_shuf16=212.0us  k_alu16w=206.2us  y_algebra=205.5us  y_hsum_tree=205.9us  n_halfsums=204.6us  x_sumshare_split=204.5us  x_sumshare_owner=203.8us  n_halfsums_free=202.3us  x_sumshare_min=200.9us
e118_qmv_probe:   gdn_in_proj_k5120_n16480 M=2 block 3 inner=64  a_base=205.6us  q_scaffold=205.8us  s_bcast=211.4us  s_bcast_all=206.6us  s_bcast_scale=206.9us  p_split_meta=205.5us  g_pack32=204.1us  s_bcast_pack32=206.0us  p_prefetch_w=204.5us  n_nosums=204.9us  l_loadonly=198.2us  n_nobias=194.7us  d_bias1=200.8us  e_bias6=202.3us  z_ballast=205.2us  k_alu8=205.1us  k_alu16=205.2us  k_ld8=204.7us  k_ld16=206.4us  k_shuf8=206.2us  k_shuf16=212.0us  k_alu16w=206.0us  y_algebra=206.6us  y_hsum_tree=205.3us  n_halfsums=204.8us  x_sumshare_split=205.5us  x_sumshare_owner=204.8us  n_halfsums_free=205.0us  x_sumshare_min=203.5us
e118_qmv_probe:   gdn_in_proj_k5120_n16480 M=2 block 4 inner=64  a_base=205.0us  q_scaffold=205.2us  s_bcast=211.3us  s_bcast_all=206.2us  s_bcast_scale=206.9us  p_split_meta=205.1us  g_pack32=204.3us  s_bcast_pack32=206.4us  p_prefetch_w=204.3us  n_nosums=204.4us  l_loadonly=198.3us  n_nobias=194.0us  d_bias1=200.5us  e_bias6=202.4us  z_ballast=204.7us  k_alu8=204.7us  k_alu16=204.9us  k_ld8=204.2us  k_ld16=206.6us  k_shuf8=206.3us  k_shuf16=212.7us  k_alu16w=205.3us  y_algebra=205.2us  y_hsum_tree=205.3us  n_halfsums=204.7us  x_sumshare_split=205.1us  x_sumshare_owner=205.1us  n_halfsums_free=205.1us  x_sumshare_min=204.0us
e118_qmv_probe:   gdn_in_proj_k5120_n16480 M=2 block 5 inner=64  a_base=205.0us  q_scaffold=204.9us  s_bcast=211.3us  s_bcast_all=206.1us  s_bcast_scale=206.7us  p_split_meta=205.1us  g_pack32=204.4us  s_bcast_pack32=206.3us  p_prefetch_w=204.4us  n_nosums=204.3us  l_loadonly=198.1us  n_nobias=194.1us  d_bias1=200.4us  e_bias6=202.5us  z_ballast=204.7us  k_alu8=204.7us  k_alu16=205.1us  k_ld8=204.5us  k_ld16=206.4us  k_shuf8=205.8us  k_shuf16=212.3us  k_alu16w=204.8us  y_algebra=205.2us  y_hsum_tree=204.9us  n_halfsums=204.8us  x_sumshare_split=205.0us  x_sumshare_owner=205.0us  n_halfsums_free=204.9us  x_sumshare_min=204.2us
e118_qmv_probe:   gdn_in_proj_k5120_n16480 M=2 block 6 inner=64  a_base=207.8us  q_scaffold=207.5us  s_bcast=212.9us  s_bcast_all=207.8us  s_bcast_scale=206.9us  p_split_meta=204.8us  g_pack32=204.6us  s_bcast_pack32=206.7us  p_prefetch_w=204.4us  n_nosums=204.6us  l_loadonly=198.5us  n_nobias=194.2us  d_bias1=200.3us  e_bias6=202.3us  z_ballast=204.9us  k_alu8=204.6us  k_alu16=205.0us  k_ld8=204.3us  k_ld16=206.6us  k_shuf8=206.2us  k_shuf16=211.8us  k_alu16w=204.7us  y_algebra=205.2us  y_hsum_tree=203.9us  n_halfsums=204.3us  x_sumshare_split=205.2us  x_sumshare_owner=205.0us  n_halfsums_free=205.2us  x_sumshare_min=204.1us
e118_qmv_probe:   gdn_in_proj_k5120_n16480 M=2 block 7 inner=64  a_base=206.1us  q_scaffold=206.2us  s_bcast=211.0us  s_bcast_all=204.5us  s_bcast_scale=205.2us  p_split_meta=202.9us  g_pack32=203.1us  s_bcast_pack32=204.8us  p_prefetch_w=203.3us  n_nosums=203.3us  l_loadonly=196.7us  n_nobias=192.8us  d_bias1=199.3us  e_bias6=201.1us  z_ballast=203.7us  k_alu8=204.2us  k_alu16=204.1us  k_ld8=202.9us  k_ld16=204.9us  k_shuf8=204.1us  k_shuf16=210.2us  k_alu16w=203.6us  y_algebra=204.4us  y_hsum_tree=204.4us  n_halfsums=204.0us  x_sumshare_split=204.2us  x_sumshare_owner=204.3us  n_halfsums_free=204.6us  x_sumshare_min=204.8us
e118_qmv_probe:   gdn_in_proj_k5120_n16480 M=2 thermal entry=60.3C exit=78.2C
e118_qmv_probe:   gdn_in_proj_k5120_n16480 M=3 block 0 inner=29  a_base=215.4us  q_scaffold=214.8us  s_bcast=247.0us  s_bcast_all=231.9us  s_bcast_scale=234.1us  p_split_meta=214.9us  g_pack32=213.8us  s_bcast_pack32=227.7us  p_prefetch_w=215.7us  n_nosums=210.9us  l_loadonly=203.3us  n_nobias=203.8us  d_bias1=216.2us  e_bias6=223.4us  z_ballast=219.6us  k_alu8=218.0us  k_alu16=218.6us  k_ld8=216.9us  k_ld16=222.5us  k_shuf8=229.5us  k_shuf16=247.2us  k_alu16w=219.1us  y_algebra=217.5us  y_hsum_tree=215.1us  n_halfsums=213.5us  x_sumshare_split=216.2us  x_sumshare_owner=214.8us  n_halfsums_free=211.8us  x_sumshare_min=213.9us
e118_qmv_probe:   gdn_in_proj_k5120_n16480 M=3 block 1 inner=29  a_base=215.4us  q_scaffold=215.1us  s_bcast=246.9us  s_bcast_all=231.7us  s_bcast_scale=234.0us  p_split_meta=214.9us  g_pack32=214.4us  s_bcast_pack32=227.6us  p_prefetch_w=214.8us  n_nosums=210.3us  l_loadonly=202.2us  n_nobias=202.7us  d_bias1=216.1us  e_bias6=224.1us  z_ballast=219.0us  k_alu8=217.3us  k_alu16=219.0us  k_ld8=217.4us  k_ld16=222.4us  k_shuf8=229.1us  k_shuf16=247.1us  k_alu16w=218.3us  y_algebra=217.4us  y_hsum_tree=215.3us  n_halfsums=212.8us  x_sumshare_split=215.6us  x_sumshare_owner=215.2us  n_halfsums_free=211.7us  x_sumshare_min=214.1us
e118_qmv_probe:   gdn_in_proj_k5120_n16480 M=3 block 2 inner=29  a_base=215.3us  q_scaffold=215.2us  s_bcast=246.5us  s_bcast_all=232.4us  s_bcast_scale=233.7us  p_split_meta=215.0us  g_pack32=213.9us  s_bcast_pack32=227.7us  p_prefetch_w=215.1us  n_nosums=210.1us  l_loadonly=202.4us  n_nobias=202.7us  d_bias1=215.9us  e_bias6=224.7us  z_ballast=219.3us  k_alu8=217.6us  k_alu16=218.8us  k_ld8=217.0us  k_ld16=222.1us  k_shuf8=229.2us  k_shuf16=246.7us  k_alu16w=218.4us  y_algebra=217.7us  y_hsum_tree=213.7us  n_halfsums=211.2us  x_sumshare_split=213.9us  x_sumshare_owner=215.4us  n_halfsums_free=211.9us  x_sumshare_min=213.9us
e118_qmv_probe:   gdn_in_proj_k5120_n16480 M=3 block 3 inner=29  a_base=215.2us  q_scaffold=214.6us  s_bcast=246.4us  s_bcast_all=231.6us  s_bcast_scale=233.4us  p_split_meta=215.2us  g_pack32=213.5us  s_bcast_pack32=227.5us  p_prefetch_w=215.7us  n_nosums=210.1us  l_loadonly=202.4us  n_nobias=202.9us  d_bias1=216.1us  e_bias6=224.3us  z_ballast=219.7us  k_alu8=217.3us  k_alu16=219.1us  k_ld8=217.2us  k_ld16=223.1us  k_shuf8=229.3us  k_shuf16=246.7us  k_alu16w=218.2us  y_algebra=217.6us  y_hsum_tree=215.5us  n_halfsums=213.4us  x_sumshare_split=216.3us  x_sumshare_owner=215.3us  n_halfsums_free=211.6us  x_sumshare_min=214.3us
e118_qmv_probe:   gdn_in_proj_k5120_n16480 M=3 block 4 inner=29  a_base=213.3us  q_scaffold=213.1us  s_bcast=245.4us  s_bcast_all=229.6us  s_bcast_scale=232.3us  p_split_meta=213.2us  g_pack32=212.0us  s_bcast_pack32=225.4us  p_prefetch_w=213.0us  n_nosums=208.2us  l_loadonly=201.2us  n_nobias=200.8us  d_bias1=213.7us  e_bias6=221.0us  z_ballast=216.5us  k_alu8=215.0us  k_alu16=217.3us  k_ld8=216.4us  k_ld16=221.1us  k_shuf8=227.0us  k_shuf16=244.0us  k_alu16w=215.9us  y_algebra=214.5us  y_hsum_tree=212.8us  n_halfsums=210.4us  x_sumshare_split=212.7us  x_sumshare_owner=211.2us  n_halfsums_free=208.5us  x_sumshare_min=210.4us
e118_qmv_probe:   gdn_in_proj_k5120_n16480 M=3 block 5 inner=29  a_base=212.5us  q_scaffold=212.7us  s_bcast=243.7us  s_bcast_all=228.8us  s_bcast_scale=231.7us  p_split_meta=212.7us  g_pack32=211.2us  s_bcast_pack32=224.8us  p_prefetch_w=212.3us  n_nosums=208.0us  l_loadonly=199.9us  n_nobias=200.3us  d_bias1=214.1us  e_bias6=221.2us  z_ballast=216.6us  k_alu8=214.8us  k_alu16=216.0us  k_ld8=214.5us  k_ld16=220.5us  k_shuf8=226.8us  k_shuf16=245.0us  k_alu16w=216.5us  y_algebra=215.9us  y_hsum_tree=214.6us  n_halfsums=211.7us  x_sumshare_split=214.6us  x_sumshare_owner=213.7us  n_halfsums_free=210.0us  x_sumshare_min=212.2us
e118_qmv_probe:   gdn_in_proj_k5120_n16480 M=3 block 6 inner=29  a_base=213.7us  q_scaffold=214.4us  s_bcast=245.3us  s_bcast_all=230.4us  s_bcast_scale=232.7us  p_split_meta=214.0us  g_pack32=212.6us  s_bcast_pack32=226.4us  p_prefetch_w=213.9us  n_nosums=209.7us  l_loadonly=202.0us  n_nobias=201.9us  d_bias1=215.0us  e_bias6=222.1us  z_ballast=217.9us  k_alu8=216.4us  k_alu16=217.4us  k_ld8=215.6us  k_ld16=220.8us  k_shuf8=227.3us  k_shuf16=245.8us  k_alu16w=217.0us  y_algebra=215.9us  y_hsum_tree=214.5us  n_halfsums=212.4us  x_sumshare_split=214.9us  x_sumshare_owner=213.6us  n_halfsums_free=210.8us  x_sumshare_min=213.3us
e118_qmv_probe:   gdn_in_proj_k5120_n16480 M=3 block 7 inner=29  a_base=215.4us  q_scaffold=215.7us  s_bcast=246.5us  s_bcast_all=230.9us  s_bcast_scale=232.9us  p_split_meta=214.7us  g_pack32=213.4us  s_bcast_pack32=227.4us  p_prefetch_w=215.1us  n_nosums=211.1us  l_loadonly=202.7us  n_nobias=203.2us  d_bias1=216.6us  e_bias6=224.2us  z_ballast=219.2us  k_alu8=217.5us  k_alu16=218.6us  k_ld8=217.4us  k_ld16=222.6us  k_shuf8=229.1us  k_shuf16=247.1us  k_alu16w=218.4us  y_algebra=217.6us  y_hsum_tree=216.2us  n_halfsums=213.5us  x_sumshare_split=216.0us  x_sumshare_owner=215.4us  n_halfsums_free=211.9us  x_sumshare_min=214.1us
e118_qmv_probe:   gdn_in_proj_k5120_n16480 M=3 thermal entry=60.0C exit=63.1C
e118_qmv_probe:   gdn_in_proj_k5120_n16480 M=4 block 0 inner=23  a_base=249.1us  q_scaffold=248.9us  s_bcast=287.1us  s_bcast_all=266.1us  s_bcast_scale=267.9us  p_split_meta=249.2us  g_pack32=248.8us  s_bcast_pack32=267.1us  p_prefetch_w=249.0us  n_nosums=230.8us  l_loadonly=205.3us  n_nobias=227.3us  d_bias1=250.2us  e_bias6=256.1us  z_ballast=257.9us  k_alu8=251.5us  k_alu16=253.3us  k_ld8=259.1us  k_ld16=271.0us  k_shuf8=267.5us  k_shuf16=286.4us  k_alu16w=254.3us  y_algebra=252.3us  y_hsum_tree=245.3us  n_halfsums=250.8us  x_sumshare_split=255.8us  x_sumshare_owner=258.3us  n_halfsums_free=243.3us  x_sumshare_min=245.4us
e118_qmv_probe:   gdn_in_proj_k5120_n16480 M=4 block 1 inner=23  a_base=248.7us  q_scaffold=249.3us  s_bcast=285.6us  s_bcast_all=266.1us  s_bcast_scale=268.7us  p_split_meta=248.8us  g_pack32=248.2us  s_bcast_pack32=267.1us  p_prefetch_w=249.5us  n_nosums=230.3us  l_loadonly=205.2us  n_nobias=227.1us  d_bias1=249.9us  e_bias6=257.0us  z_ballast=257.4us  k_alu8=251.0us  k_alu16=253.9us  k_ld8=258.5us  k_ld16=270.8us  k_shuf8=268.0us  k_shuf16=286.8us  k_alu16w=254.5us  y_algebra=251.7us  y_hsum_tree=244.8us  n_halfsums=251.2us  x_sumshare_split=255.3us  x_sumshare_owner=258.9us  n_halfsums_free=243.5us  x_sumshare_min=245.1us
e118_qmv_probe:   gdn_in_proj_k5120_n16480 M=4 block 2 inner=23  a_base=249.1us  q_scaffold=248.7us  s_bcast=285.3us  s_bcast_all=265.0us  s_bcast_scale=266.9us  p_split_meta=248.7us  g_pack32=246.6us  s_bcast_pack32=266.0us  p_prefetch_w=248.3us  n_nosums=229.7us  l_loadonly=205.4us  n_nobias=227.5us  d_bias1=250.4us  e_bias6=256.3us  z_ballast=257.4us  k_alu8=250.9us  k_alu16=253.4us  k_ld8=259.1us  k_ld16=270.3us  k_shuf8=268.0us  k_shuf16=285.6us  k_alu16w=254.5us  y_algebra=253.1us  y_hsum_tree=245.6us  n_halfsums=250.7us  x_sumshare_split=255.6us  x_sumshare_owner=258.8us  n_halfsums_free=243.7us  x_sumshare_min=244.9us
e118_qmv_probe:   gdn_in_proj_k5120_n16480 M=4 block 3 inner=23  a_base=246.8us  q_scaffold=245.1us  s_bcast=282.4us  s_bcast_all=262.4us  s_bcast_scale=263.7us  p_split_meta=245.1us  g_pack32=244.1us  s_bcast_pack32=262.9us  p_prefetch_w=244.9us  n_nosums=225.9us  l_loadonly=200.9us  n_nobias=223.0us  d_bias1=246.1us  e_bias6=252.2us  z_ballast=253.0us  k_alu8=247.0us  k_alu16=249.1us  k_ld8=254.7us  k_ld16=266.4us  k_shuf8=263.3us  k_shuf16=282.8us  k_alu16w=249.9us  y_algebra=248.4us  y_hsum_tree=241.5us  n_halfsums=246.6us  x_sumshare_split=251.5us  x_sumshare_owner=254.5us  n_halfsums_free=239.3us  x_sumshare_min=241.2us
e118_qmv_probe:   gdn_in_proj_k5120_n16480 M=4 block 4 inner=23  a_base=247.4us  q_scaffold=246.8us  s_bcast=284.6us  s_bcast_all=264.9us  s_bcast_scale=265.8us  p_split_meta=247.1us  g_pack32=246.2us  s_bcast_pack32=264.5us  p_prefetch_w=247.0us  n_nosums=229.0us  l_loadonly=203.8us  n_nobias=225.6us  d_bias1=248.4us  e_bias6=254.6us  z_ballast=255.5us  k_alu8=249.1us  k_alu16=251.4us  k_ld8=256.7us  k_ld16=269.3us  k_shuf8=266.4us  k_shuf16=285.0us  k_alu16w=252.9us  y_algebra=250.6us  y_hsum_tree=244.2us  n_halfsums=249.7us  x_sumshare_split=254.6us  x_sumshare_owner=257.2us  n_halfsums_free=241.6us  x_sumshare_min=243.9us
e118_qmv_probe:   gdn_in_proj_k5120_n16480 M=4 block 5 inner=23  a_base=248.3us  q_scaffold=247.6us  s_bcast=286.0us  s_bcast_all=265.0us  s_bcast_scale=267.3us  p_split_meta=248.1us  g_pack32=247.8us  s_bcast_pack32=266.3us  p_prefetch_w=247.7us  n_nosums=230.0us  l_loadonly=204.2us  n_nobias=225.6us  d_bias1=246.8us  e_bias6=252.6us  z_ballast=253.4us  k_alu8=247.4us  k_alu16=249.5us  k_ld8=255.8us  k_ld16=267.3us  k_shuf8=264.6us  k_shuf16=283.8us  k_alu16w=252.8us  y_algebra=250.8us  y_hsum_tree=244.0us  n_halfsums=250.3us  x_sumshare_split=253.9us  x_sumshare_owner=256.5us  n_halfsums_free=238.4us  x_sumshare_min=239.6us
e118_qmv_probe:   gdn_in_proj_k5120_n16480 M=4 block 6 inner=23  a_base=249.0us  q_scaffold=248.7us  s_bcast=286.0us  s_bcast_all=266.3us  s_bcast_scale=267.8us  p_split_meta=248.7us  g_pack32=248.0us  s_bcast_pack32=266.9us  p_prefetch_w=249.3us  n_nosums=230.3us  l_loadonly=205.3us  n_nobias=226.9us  d_bias1=250.0us  e_bias6=256.4us  z_ballast=257.4us  k_alu8=251.3us  k_alu16=252.6us  k_ld8=259.6us  k_ld16=270.1us  k_shuf8=267.9us  k_shuf16=286.7us  k_alu16w=254.1us  y_algebra=252.8us  y_hsum_tree=245.7us  n_halfsums=251.3us  x_sumshare_split=256.2us  x_sumshare_owner=258.6us  n_halfsums_free=243.3us  x_sumshare_min=245.4us
e118_qmv_probe:   gdn_in_proj_k5120_n16480 M=4 block 7 inner=23  a_base=248.6us  q_scaffold=248.8us  s_bcast=286.2us  s_bcast_all=266.6us  s_bcast_scale=268.2us  p_split_meta=249.4us  g_pack32=249.0us  s_bcast_pack32=267.2us  p_prefetch_w=248.6us  n_nosums=230.9us  l_loadonly=205.5us  n_nobias=227.3us  d_bias1=250.7us  e_bias6=257.1us  z_ballast=257.3us  k_alu8=251.0us  k_alu16=253.9us  k_ld8=258.9us  k_ld16=270.8us  k_shuf8=267.7us  k_shuf16=287.0us  k_alu16w=254.6us  y_algebra=253.1us  y_hsum_tree=245.6us  n_halfsums=251.0us  x_sumshare_split=256.6us  x_sumshare_owner=258.7us  n_halfsums_free=243.6us  x_sumshare_min=245.4us
e118_qmv_probe:   gdn_in_proj_k5120_n16480 M=4 thermal entry=60.9C exit=77.8C
e118_qmv_probe:   gdn_in_proj_k5120_n16480 M=5 block 0 inner=19  a_base=294.7us  q_scaffold=294.4us  s_bcast=481.1us  s_bcast_all=332.3us  s_bcast_scale=312.9us  p_split_meta=294.9us  g_pack32=294.2us  s_bcast_pack32=462.8us  p_prefetch_w=477.2us  n_nosums=268.0us  l_loadonly=209.3us  n_nobias=261.4us  d_bias1=298.6us  e_bias6=300.7us  z_ballast=493.5us  k_alu8=305.3us  k_alu16=305.7us  k_ld8=535.8us  k_ld16=559.6us  k_shuf8=315.6us  k_shuf16=337.0us  k_alu16w=306.7us  y_algebra=303.2us  y_hsum_tree=292.5us  n_halfsums=292.8us  x_sumshare_split=303.4us  x_sumshare_owner=311.8us  n_halfsums_free=284.1us  x_sumshare_min=387.9us
e118_qmv_probe:   gdn_in_proj_k5120_n16480 M=5 block 1 inner=19  a_base=292.5us  q_scaffold=292.5us  s_bcast=478.4us  s_bcast_all=330.4us  s_bcast_scale=311.7us  p_split_meta=292.5us  g_pack32=292.5us  s_bcast_pack32=460.9us  p_prefetch_w=475.3us  n_nosums=264.0us  l_loadonly=207.1us  n_nobias=256.9us  d_bias1=297.0us  e_bias6=298.9us  z_ballast=493.0us  k_alu8=303.1us  k_alu16=305.4us  k_ld8=536.7us  k_ld16=560.5us  k_shuf8=315.3us  k_shuf16=335.8us  k_alu16w=305.2us  y_algebra=302.7us  y_hsum_tree=292.6us  n_halfsums=296.4us  x_sumshare_split=306.7us  x_sumshare_owner=314.7us  n_halfsums_free=283.9us  x_sumshare_min=387.1us
e118_qmv_probe:   gdn_in_proj_k5120_n16480 M=5 block 2 inner=19  a_base=291.7us  q_scaffold=290.8us  s_bcast=477.1us  s_bcast_all=328.3us  s_bcast_scale=309.6us  p_split_meta=290.7us  g_pack32=290.3us  s_bcast_pack32=459.6us  p_prefetch_w=473.8us  n_nosums=264.0us  l_loadonly=206.9us  n_nobias=256.9us  d_bias1=294.4us  e_bias6=296.8us  z_ballast=489.6us  k_alu8=300.6us  k_alu16=302.5us  k_ld8=533.4us  k_ld16=555.4us  k_shuf8=311.5us  k_shuf16=331.9us  k_alu16w=301.4us  y_algebra=298.5us  y_hsum_tree=289.3us  n_halfsums=291.0us  x_sumshare_split=302.3us  x_sumshare_owner=310.1us  n_halfsums_free=280.1us  x_sumshare_min=382.6us
e118_qmv_probe:   gdn_in_proj_k5120_n16480 M=5 block 3 inner=19  a_base=293.6us  q_scaffold=293.2us  s_bcast=480.4us  s_bcast_all=330.9us  s_bcast_scale=312.1us  p_split_meta=295.5us  g_pack32=292.2us  s_bcast_pack32=461.2us  p_prefetch_w=476.7us  n_nosums=266.1us  l_loadonly=208.7us  n_nobias=258.9us  d_bias1=295.7us  e_bias6=300.1us  z_ballast=493.7us  k_alu8=302.8us  k_alu16=305.7us  k_ld8=536.0us  k_ld16=559.2us  k_shuf8=314.2us  k_shuf16=334.7us  k_alu16w=304.5us  y_algebra=303.8us  y_hsum_tree=292.6us  n_halfsums=295.4us  x_sumshare_split=307.2us  x_sumshare_owner=314.3us  n_halfsums_free=284.0us  x_sumshare_min=387.5us
e118_qmv_probe:   gdn_in_proj_k5120_n16480 M=5 block 4 inner=19  a_base=294.3us  q_scaffold=293.9us  s_bcast=482.2us  s_bcast_all=332.7us  s_bcast_scale=313.9us  p_split_meta=294.3us  g_pack32=293.6us  s_bcast_pack32=462.0us  p_prefetch_w=478.3us  n_nosums=267.5us  l_loadonly=209.1us  n_nobias=260.1us  d_bias1=297.5us  e_bias6=300.4us  z_ballast=494.9us  k_alu8=306.1us  k_alu16=306.4us  k_ld8=537.4us  k_ld16=560.5us  k_shuf8=314.5us  k_shuf16=337.4us  k_alu16w=306.5us  y_algebra=304.2us  y_hsum_tree=293.0us  n_halfsums=295.5us  x_sumshare_split=307.0us  x_sumshare_owner=314.3us  n_halfsums_free=285.4us  x_sumshare_min=385.8us
e118_qmv_probe:   gdn_in_proj_k5120_n16480 M=5 block 5 inner=19  a_base=295.1us  q_scaffold=295.2us  s_bcast=483.0us  s_bcast_all=332.4us  s_bcast_scale=313.6us  p_split_meta=295.6us  g_pack32=294.3us  s_bcast_pack32=462.5us  p_prefetch_w=477.9us  n_nosums=266.1us  l_loadonly=209.5us  n_nobias=260.5us  d_bias1=298.1us  e_bias6=300.9us  z_ballast=494.5us  k_alu8=303.7us  k_alu16=306.1us  k_ld8=535.8us  k_ld16=560.9us  k_shuf8=315.4us  k_shuf16=336.5us  k_alu16w=306.3us  y_algebra=303.4us  y_hsum_tree=293.4us  n_halfsums=296.0us  x_sumshare_split=307.4us  x_sumshare_owner=315.3us  n_halfsums_free=284.2us  x_sumshare_min=388.4us
e118_qmv_probe:   gdn_in_proj_k5120_n16480 M=5 block 6 inner=19  a_base=294.7us  q_scaffold=294.4us  s_bcast=481.6us  s_bcast_all=331.6us  s_bcast_scale=312.4us  p_split_meta=294.7us  g_pack32=293.9us  s_bcast_pack32=462.9us  p_prefetch_w=477.1us  n_nosums=267.4us  l_loadonly=209.1us  n_nobias=260.4us  d_bias1=298.0us  e_bias6=300.6us  z_ballast=494.6us  k_alu8=304.1us  k_alu16=305.4us  k_ld8=535.5us  k_ld16=558.5us  k_shuf8=314.7us  k_shuf16=336.7us  k_alu16w=306.1us  y_algebra=303.0us  y_hsum_tree=293.6us  n_halfsums=296.5us  x_sumshare_split=306.9us  x_sumshare_owner=314.8us  n_halfsums_free=284.9us  x_sumshare_min=387.1us
e118_qmv_probe:   gdn_in_proj_k5120_n16480 M=5 block 7 inner=19  a_base=294.7us  q_scaffold=294.9us  s_bcast=480.6us  s_bcast_all=331.7us  s_bcast_scale=313.1us  p_split_meta=294.8us  g_pack32=294.7us  s_bcast_pack32=462.5us  p_prefetch_w=477.3us  n_nosums=267.2us  l_loadonly=210.3us  n_nobias=261.6us  d_bias1=298.0us  e_bias6=300.4us  z_ballast=492.3us  k_alu8=304.1us  k_alu16=306.0us  k_ld8=536.4us  k_ld16=558.6us  k_shuf8=312.9us  k_shuf16=335.2us  k_alu16w=305.9us  y_algebra=303.4us  y_hsum_tree=293.1us  n_halfsums=296.5us  x_sumshare_split=306.7us  x_sumshare_owner=313.7us  n_halfsums_free=284.6us  x_sumshare_min=387.6us
e118_qmv_probe:   gdn_in_proj_k5120_n16480 M=5 thermal entry=60.1C exit=63.1C
e118_qmv_probe: shape fa_qkv_k5120_n14336  w=36.7MB
e118_qmv_probe:   fidelity M=2  base_vs_double max_rel=2.476e-01 rms=6.263e-03  base_nonfinite=0/28672
e118_qmv_probe:     q_scaffold      vs base differing=0/28672 max_ulp=0 max_rel=0.000e+00  vs_double rel=2.476e-01 rms=6.263e-03   exact
e118_qmv_probe:     s_bcast         vs base differing=0/28672 max_ulp=0 max_rel=0.000e+00  vs_double rel=2.476e-01 rms=6.263e-03   exact
e118_qmv_probe:     s_bcast_all     vs base differing=0/28672 max_ulp=0 max_rel=0.000e+00  vs_double rel=2.476e-01 rms=6.263e-03   exact
e118_qmv_probe:     s_bcast_scale   vs base differing=0/28672 max_ulp=0 max_rel=0.000e+00  vs_double rel=2.476e-01 rms=6.263e-03   exact
e118_qmv_probe:     p_split_meta    vs base differing=0/28672 max_ulp=0 max_rel=0.000e+00  vs_double rel=2.476e-01 rms=6.263e-03   exact
e118_qmv_probe:     g_pack32        vs base differing=0/28672 max_ulp=0 max_rel=0.000e+00  vs_double rel=2.476e-01 rms=6.263e-03   exact
e118_qmv_probe:     s_bcast_pack32  vs base differing=0/28672 max_ulp=0 max_rel=0.000e+00  vs_double rel=2.476e-01 rms=6.263e-03   exact
e118_qmv_probe:     p_prefetch_w    vs base differing=0/28672 max_ulp=0 max_rel=0.000e+00  vs_double rel=2.476e-01 rms=6.263e-03   exact
e118_qmv_probe:     n_nosums        vs base differing=28672/28672 max_ulp=33328 max_rel=1.604e+00  vs_double rel=4.231e+02 rms=9.870e+00   (diagnostic arm, difference expected)
e118_qmv_probe:     l_loadonly      vs base differing=28624/28672 max_ulp=32889 max_rel=2.000e+00  vs_double rel=5.724e+01 rms=1.006e+00   (diagnostic arm, difference expected)
e118_qmv_probe:     n_nobias        vs base differing=28623/28672 max_ulp=32871 max_rel=2.000e+00  vs_double rel=3.377e+01 rms=1.241e+00   (diagnostic arm, difference expected)
e118_qmv_probe:     d_bias1         vs base differing=28672/28672 max_ulp=34277 max_rel=1.859e+00  vs_double rel=2.615e+04 rms=6.701e+02   (diagnostic arm, difference expected)
e118_qmv_probe:     e_bias6         vs base differing=0/28672 max_ulp=0 max_rel=0.000e+00  vs_double rel=2.476e-01 rms=6.263e-03   exact
e118_qmv_probe:     z_ballast       vs base differing=0/28672 max_ulp=0 max_rel=0.000e+00  vs_double rel=2.476e-01 rms=6.263e-03   exact
e118_qmv_probe:     k_alu8          vs base differing=0/28672 max_ulp=0 max_rel=0.000e+00  vs_double rel=2.476e-01 rms=6.263e-03   exact
e118_qmv_probe:     k_alu16         vs base differing=0/28672 max_ulp=0 max_rel=0.000e+00  vs_double rel=2.476e-01 rms=6.263e-03   exact
e118_qmv_probe:     k_ld8           vs base differing=0/28672 max_ulp=0 max_rel=0.000e+00  vs_double rel=2.476e-01 rms=6.263e-03   exact
e118_qmv_probe:     k_ld16          vs base differing=0/28672 max_ulp=0 max_rel=0.000e+00  vs_double rel=2.476e-01 rms=6.263e-03   exact
e118_qmv_probe:     k_shuf8         vs base differing=0/28672 max_ulp=0 max_rel=0.000e+00  vs_double rel=2.476e-01 rms=6.263e-03   exact
e118_qmv_probe:     k_shuf16        vs base differing=0/28672 max_ulp=0 max_rel=0.000e+00  vs_double rel=2.476e-01 rms=6.263e-03   exact
e118_qmv_probe:     k_alu16w        vs base differing=0/28672 max_ulp=0 max_rel=0.000e+00  vs_double rel=2.476e-01 rms=6.263e-03   exact
e118_qmv_probe:     y_algebra       vs base differing=28620/28672 max_ulp=32869 max_rel=2.000e+00  vs_double rel=3.356e+01 rms=1.233e+00   (diagnostic arm, difference expected)
e118_qmv_probe:     y_hsum_tree     vs base differing=19228/28672 max_ulp=30676 max_rel=1.993e+00  vs_double rel=1.068e-01 rms=3.837e-03   (diagnostic arm, difference expected)
e118_qmv_probe:     n_halfsums      vs base differing=14309/28672 max_ulp=32869 max_rel=2.000e+00  vs_double rel=3.377e+01 rms=7.768e-01   (diagnostic arm, difference expected)
e118_qmv_probe:     x_sumshare_split vs base differing=0/28672 max_ulp=0 max_rel=0.000e+00  vs_double rel=2.476e-01 rms=6.263e-03   exact
e118_qmv_probe:     x_sumshare_owner vs base differing=0/28672 max_ulp=0 max_rel=0.000e+00  vs_double rel=2.476e-01 rms=6.263e-03   exact
e118_qmv_probe:     n_halfsums_free vs base differing=14304/28672 max_ulp=32797 max_rel=2.000e+00  vs_double rel=2.262e+01 rms=5.662e-01   (diagnostic arm, difference expected)
e118_qmv_probe:     x_sumshare_min  vs base differing=0/28672 max_ulp=0 max_rel=0.000e+00  vs_double rel=2.476e-01 rms=6.263e-03   exact
e118_qmv_probe:   fidelity M=3  base_vs_double max_rel=2.476e-01 rms=5.166e-03  base_nonfinite=0/43008
e118_qmv_probe:     q_scaffold      vs base differing=0/43008 max_ulp=0 max_rel=0.000e+00  vs_double rel=2.476e-01 rms=5.166e-03   exact
e118_qmv_probe:     s_bcast         vs base differing=0/43008 max_ulp=0 max_rel=0.000e+00  vs_double rel=2.476e-01 rms=5.166e-03   exact
e118_qmv_probe:     s_bcast_all     vs base differing=0/43008 max_ulp=0 max_rel=0.000e+00  vs_double rel=2.476e-01 rms=5.166e-03   exact
e118_qmv_probe:     s_bcast_scale   vs base differing=0/43008 max_ulp=0 max_rel=0.000e+00  vs_double rel=2.476e-01 rms=5.166e-03   exact
e118_qmv_probe:     p_split_meta    vs base differing=0/43008 max_ulp=0 max_rel=0.000e+00  vs_double rel=2.476e-01 rms=5.166e-03   exact
e118_qmv_probe:     g_pack32        vs base differing=0/43008 max_ulp=0 max_rel=0.000e+00  vs_double rel=2.476e-01 rms=5.166e-03   exact
e118_qmv_probe:     s_bcast_pack32  vs base differing=0/43008 max_ulp=0 max_rel=0.000e+00  vs_double rel=2.476e-01 rms=5.166e-03   exact
e118_qmv_probe:     p_prefetch_w    vs base differing=0/43008 max_ulp=0 max_rel=0.000e+00  vs_double rel=2.476e-01 rms=5.166e-03   exact
e118_qmv_probe:     n_nosums        vs base differing=43008/43008 max_ulp=33377 max_rel=1.604e+00  vs_double rel=4.231e+02 rms=9.959e+00   (diagnostic arm, difference expected)
e118_qmv_probe:     l_loadonly      vs base differing=42951/43008 max_ulp=32912 max_rel=2.000e+00  vs_double rel=5.724e+01 rms=1.201e+00   (diagnostic arm, difference expected)
e118_qmv_probe:     n_nobias        vs base differing=42948/43008 max_ulp=32955 max_rel=2.000e+00  vs_double rel=3.377e+01 rms=1.349e+00   (diagnostic arm, difference expected)
e118_qmv_probe:     d_bias1         vs base differing=43008/43008 max_ulp=34303 max_rel=1.937e+00  vs_double rel=2.615e+04 rms=8.482e+02   (diagnostic arm, difference expected)
e118_qmv_probe:     e_bias6         vs base differing=0/43008 max_ulp=0 max_rel=0.000e+00  vs_double rel=2.476e-01 rms=5.166e-03   exact
e118_qmv_probe:     z_ballast       vs base differing=0/43008 max_ulp=0 max_rel=0.000e+00  vs_double rel=2.476e-01 rms=5.166e-03   exact
e118_qmv_probe:     k_alu8          vs base differing=0/43008 max_ulp=0 max_rel=0.000e+00  vs_double rel=2.476e-01 rms=5.166e-03   exact
e118_qmv_probe:     k_alu16         vs base differing=0/43008 max_ulp=0 max_rel=0.000e+00  vs_double rel=2.476e-01 rms=5.166e-03   exact
e118_qmv_probe:     k_ld8           vs base differing=0/43008 max_ulp=0 max_rel=0.000e+00  vs_double rel=2.476e-01 rms=5.166e-03   exact
e118_qmv_probe:     k_ld16          vs base differing=0/43008 max_ulp=0 max_rel=0.000e+00  vs_double rel=2.476e-01 rms=5.166e-03   exact
e118_qmv_probe:     k_shuf8         vs base differing=0/43008 max_ulp=0 max_rel=0.000e+00  vs_double rel=2.476e-01 rms=5.166e-03   exact
e118_qmv_probe:     k_shuf16        vs base differing=0/43008 max_ulp=0 max_rel=0.000e+00  vs_double rel=2.476e-01 rms=5.166e-03   exact
e118_qmv_probe:     k_alu16w        vs base differing=0/43008 max_ulp=0 max_rel=0.000e+00  vs_double rel=2.476e-01 rms=5.166e-03   exact
e118_qmv_probe:     y_algebra       vs base differing=42945/43008 max_ulp=32952 max_rel=2.000e+00  vs_double rel=3.356e+01 rms=1.341e+00   (diagnostic arm, difference expected)
e118_qmv_probe:     y_hsum_tree     vs base differing=26622/43008 max_ulp=30676 max_rel=1.993e+00  vs_double rel=1.068e-01 rms=3.660e-03   (diagnostic arm, difference expected)
e118_qmv_probe:     n_halfsums      vs base differing=21474/43008 max_ulp=32951 max_rel=2.000e+00  vs_double rel=3.377e+01 rms=8.253e-01   (diagnostic arm, difference expected)
e118_qmv_probe:     x_sumshare_split vs base differing=0/43008 max_ulp=0 max_rel=0.000e+00  vs_double rel=2.476e-01 rms=5.166e-03   exact
e118_qmv_probe:     x_sumshare_owner vs base differing=0/43008 max_ulp=0 max_rel=0.000e+00  vs_double rel=2.476e-01 rms=5.166e-03   exact
e118_qmv_probe:     n_halfsums_free vs base differing=14325/43008 max_ulp=32955 max_rel=2.000e+00  vs_double rel=3.249e+01 rms=9.115e-01   (diagnostic arm, difference expected)
e118_qmv_probe:     x_sumshare_min  vs base differing=0/43008 max_ulp=0 max_rel=0.000e+00  vs_double rel=2.476e-01 rms=5.166e-03   exact
e118_qmv_probe:   fidelity M=4  base_vs_double max_rel=9.629e+00 rms=6.086e-03  base_nonfinite=0/57344
e118_qmv_probe:     q_scaffold      vs base differing=0/57344 max_ulp=0 max_rel=0.000e+00  vs_double rel=9.629e+00 rms=6.086e-03   exact
e118_qmv_probe:     s_bcast         vs base differing=0/57344 max_ulp=0 max_rel=0.000e+00  vs_double rel=9.629e+00 rms=6.086e-03   exact
e118_qmv_probe:     s_bcast_all     vs base differing=0/57344 max_ulp=0 max_rel=0.000e+00  vs_double rel=9.629e+00 rms=6.086e-03   exact
e118_qmv_probe:     s_bcast_scale   vs base differing=0/57344 max_ulp=0 max_rel=0.000e+00  vs_double rel=9.629e+00 rms=6.086e-03   exact
e118_qmv_probe:     p_split_meta    vs base differing=0/57344 max_ulp=0 max_rel=0.000e+00  vs_double rel=9.629e+00 rms=6.086e-03   exact
e118_qmv_probe:     g_pack32        vs base differing=0/57344 max_ulp=0 max_rel=0.000e+00  vs_double rel=9.629e+00 rms=6.086e-03   exact
e118_qmv_probe:     s_bcast_pack32  vs base differing=0/57344 max_ulp=0 max_rel=0.000e+00  vs_double rel=9.629e+00 rms=6.086e-03   exact
e118_qmv_probe:     p_prefetch_w    vs base differing=0/57344 max_ulp=0 max_rel=0.000e+00  vs_double rel=9.629e+00 rms=6.086e-03   exact
e118_qmv_probe:     n_nosums        vs base differing=57344/57344 max_ulp=33377 max_rel=1.604e+00  vs_double rel=1.226e+04 rms=1.036e+01   (diagnostic arm, difference expected)
e118_qmv_probe:     l_loadonly      vs base differing=57264/57344 max_ulp=32912 max_rel=2.000e+00  vs_double rel=9.493e+02 rms=1.211e+00   (diagnostic arm, difference expected)
e118_qmv_probe:     n_nobias        vs base differing=57263/57344 max_ulp=32955 max_rel=2.000e+00  vs_double rel=9.742e+01 rms=1.277e+00   (diagnostic arm, difference expected)
e118_qmv_probe:     d_bias1         vs base differing=57344/57344 max_ulp=34303 max_rel=1.965e+00  vs_double rel=5.981e+05 rms=8.123e+02   (diagnostic arm, difference expected)
e118_qmv_probe:     e_bias6         vs base differing=0/57344 max_ulp=0 max_rel=0.000e+00  vs_double rel=9.629e+00 rms=6.086e-03   exact
e118_qmv_probe:     z_ballast       vs base differing=0/57344 max_ulp=0 max_rel=0.000e+00  vs_double rel=9.629e+00 rms=6.086e-03   exact
e118_qmv_probe:     k_alu8          vs base differing=0/57344 max_ulp=0 max_rel=0.000e+00  vs_double rel=9.629e+00 rms=6.086e-03   exact
e118_qmv_probe:     k_alu16         vs base differing=0/57344 max_ulp=0 max_rel=0.000e+00  vs_double rel=9.629e+00 rms=6.086e-03   exact
e118_qmv_probe:     k_ld8           vs base differing=0/57344 max_ulp=0 max_rel=0.000e+00  vs_double rel=9.629e+00 rms=6.086e-03   exact
e118_qmv_probe:     k_ld16          vs base differing=0/57344 max_ulp=0 max_rel=0.000e+00  vs_double rel=9.629e+00 rms=6.086e-03   exact
e118_qmv_probe:     k_shuf8         vs base differing=0/57344 max_ulp=0 max_rel=0.000e+00  vs_double rel=9.629e+00 rms=6.086e-03   exact
e118_qmv_probe:     k_shuf16        vs base differing=0/57344 max_ulp=0 max_rel=0.000e+00  vs_double rel=9.629e+00 rms=6.086e-03   exact
e118_qmv_probe:     k_alu16w        vs base differing=0/57344 max_ulp=0 max_rel=0.000e+00  vs_double rel=9.629e+00 rms=6.086e-03   exact
e118_qmv_probe:     y_algebra       vs base differing=57251/57344 max_ulp=32952 max_rel=2.000e+00  vs_double rel=9.624e+01 rms=1.270e+00   (diagnostic arm, difference expected)
e118_qmv_probe:     y_hsum_tree     vs base differing=39551/57344 max_ulp=30784 max_rel=1.993e+00  vs_double rel=1.839e+00 rms=3.625e-03   (diagnostic arm, difference expected)
e118_qmv_probe:     n_halfsums      vs base differing=42954/57344 max_ulp=33036 max_rel=2.000e+00  vs_double rel=9.742e+01 rms=1.308e+00   (diagnostic arm, difference expected)
e118_qmv_probe:     x_sumshare_split vs base differing=0/57344 max_ulp=0 max_rel=0.000e+00  vs_double rel=9.629e+00 rms=6.086e-03   exact
e118_qmv_probe:     x_sumshare_owner vs base differing=0/57344 max_ulp=0 max_rel=0.000e+00  vs_double rel=9.629e+00 rms=6.086e-03   exact
e118_qmv_probe:     n_halfsums_free vs base differing=28640/57344 max_ulp=32955 max_rel=2.000e+00  vs_double rel=9.742e+01 rms=8.898e-01   (diagnostic arm, difference expected)
e118_qmv_probe:     x_sumshare_min  vs base differing=0/57344 max_ulp=0 max_rel=0.000e+00  vs_double rel=9.629e+00 rms=6.086e-03   exact
e118_qmv_probe:   fidelity M=5  base_vs_double max_rel=9.629e+00 rms=6.591e-03  base_nonfinite=0/71680
e118_qmv_probe:     q_scaffold      vs base differing=0/71680 max_ulp=0 max_rel=0.000e+00  vs_double rel=9.629e+00 rms=6.591e-03   exact
e118_qmv_probe:     s_bcast         vs base differing=71628/71680 max_ulp=33203 max_rel=2.000e+00  vs_double rel=1.149e+03 rms=3.120e+00   *** EXACTNESS FAILURE ***
e118_qmv_probe:       FIRST MISMATCH m=0 n=0 base=0x3ff8 arm=0x410f
e118_qmv_probe:     s_bcast_all     vs base differing=71628/71680 max_ulp=33203 max_rel=2.000e+00  vs_double rel=1.149e+03 rms=3.120e+00   *** EXACTNESS FAILURE ***
e118_qmv_probe:       FIRST MISMATCH m=0 n=0 base=0x3ff8 arm=0x410f
e118_qmv_probe:     s_bcast_scale   vs base differing=0/71680 max_ulp=0 max_rel=0.000e+00  vs_double rel=9.629e+00 rms=6.591e-03   exact
e118_qmv_probe:     p_split_meta    vs base differing=0/71680 max_ulp=0 max_rel=0.000e+00  vs_double rel=9.629e+00 rms=6.591e-03   exact
e118_qmv_probe:     g_pack32        vs base differing=0/71680 max_ulp=0 max_rel=0.000e+00  vs_double rel=9.629e+00 rms=6.591e-03   exact
e118_qmv_probe:     s_bcast_pack32  vs base differing=71642/71680 max_ulp=33240 max_rel=2.000e+00  vs_double rel=1.149e+03 rms=4.220e+00   *** EXACTNESS FAILURE ***
e118_qmv_probe:       FIRST MISMATCH m=0 n=0 base=0x3ff8 arm=0x410f
e118_qmv_probe:     p_prefetch_w    vs base differing=71648/71680 max_ulp=33246 max_rel=2.000e+00  vs_double rel=4.591e+03 rms=4.645e+00   *** EXACTNESS FAILURE ***
e118_qmv_probe:       FIRST MISMATCH m=0 n=0 base=0x3ff8 arm=0x411f
e118_qmv_probe:     n_nosums        vs base differing=71680/71680 max_ulp=33377 max_rel=1.842e+00  vs_double rel=1.226e+04 rms=9.898e+00   (diagnostic arm, difference expected)
e118_qmv_probe:     l_loadonly      vs base differing=71590/71680 max_ulp=32917 max_rel=2.000e+00  vs_double rel=9.493e+02 rms=1.273e+00   (diagnostic arm, difference expected)
e118_qmv_probe:     n_nobias        vs base differing=71595/71680 max_ulp=32957 max_rel=2.000e+00  vs_double rel=1.683e+02 rms=1.436e+00   (diagnostic arm, difference expected)
e118_qmv_probe:     d_bias1         vs base differing=71680/71680 max_ulp=34324 max_rel=1.965e+00  vs_double rel=5.981e+05 rms=9.467e+02   (diagnostic arm, difference expected)
e118_qmv_probe:     e_bias6         vs base differing=0/71680 max_ulp=0 max_rel=0.000e+00  vs_double rel=9.629e+00 rms=6.591e-03   exact
e118_qmv_probe:     z_ballast       vs base differing=71650/71680 max_ulp=33274 max_rel=2.000e+00  vs_double rel=4.591e+03 rms=4.760e+00   *** EXACTNESS FAILURE ***
e118_qmv_probe:       FIRST MISMATCH m=0 n=0 base=0x3ff8 arm=0x4146
e118_qmv_probe:     k_alu8          vs base differing=0/71680 max_ulp=0 max_rel=0.000e+00  vs_double rel=9.629e+00 rms=6.591e-03   exact
e118_qmv_probe:     k_alu16         vs base differing=0/71680 max_ulp=0 max_rel=0.000e+00  vs_double rel=9.629e+00 rms=6.591e-03   exact
e118_qmv_probe:     k_ld8           vs base differing=71652/71680 max_ulp=33246 max_rel=2.000e+00  vs_double rel=4.591e+03 rms=4.952e+00   *** EXACTNESS FAILURE ***
e118_qmv_probe:       FIRST MISMATCH m=0 n=0 base=0x3ff8 arm=0x411f
e118_qmv_probe:     k_ld16          vs base differing=71642/71680 max_ulp=33246 max_rel=2.000e+00  vs_double rel=1.149e+03 rms=4.698e+00   *** EXACTNESS FAILURE ***
e118_qmv_probe:       FIRST MISMATCH m=0 n=0 base=0x3ff8 arm=0x411f
e118_qmv_probe:     k_shuf8         vs base differing=0/71680 max_ulp=0 max_rel=0.000e+00  vs_double rel=9.629e+00 rms=6.591e-03   exact
e118_qmv_probe:     k_shuf16        vs base differing=0/71680 max_ulp=0 max_rel=0.000e+00  vs_double rel=9.629e+00 rms=6.591e-03   exact
e118_qmv_probe:     k_alu16w        vs base differing=0/71680 max_ulp=0 max_rel=0.000e+00  vs_double rel=9.629e+00 rms=6.591e-03   exact
e118_qmv_probe:     y_algebra       vs base differing=71583/71680 max_ulp=32954 max_rel=2.000e+00  vs_double rel=1.675e+02 rms=1.427e+00   (diagnostic arm, difference expected)
e118_qmv_probe:     y_hsum_tree     vs base differing=54185/71680 max_ulp=32497 max_rel=2.000e+00  vs_double rel=8.081e+00 rms=2.164e-01   (diagnostic arm, difference expected)
e118_qmv_probe:     n_halfsums      vs base differing=64447/71680 max_ulp=33178 max_rel=2.000e+00  vs_double rel=1.683e+02 rms=2.511e+00   (diagnostic arm, difference expected)
e118_qmv_probe:     x_sumshare_split vs base differing=42983/71680 max_ulp=33203 max_rel=2.000e+00  vs_double rel=1.149e+03 rms=2.795e+00   *** EXACTNESS FAILURE ***
e118_qmv_probe:       FIRST MISMATCH m=0 n=0 base=0x3ff8 arm=0x410f
e118_qmv_probe:     x_sumshare_owner vs base differing=14326/71680 max_ulp=33178 max_rel=2.000e+00  vs_double rel=8.320e+01 rms=1.904e+00   *** EXACTNESS FAILURE ***
e118_qmv_probe:       FIRST MISMATCH m=1 n=0 base=0xbfbc arm=0x3e75
e118_qmv_probe:     n_halfsums_free vs base differing=28647/71680 max_ulp=32957 max_rel=2.000e+00  vs_double rel=1.683e+02 rms=9.113e-01   (diagnostic arm, difference expected)
e118_qmv_probe:     x_sumshare_min  vs base differing=0/71680 max_ulp=0 max_rel=0.000e+00  vs_double rel=9.629e+00 rms=6.591e-03   exact
e118_qmv_probe:   control q_scaffold      x_hit=10608 meta_hit=16 restored_diff=0
e118_qmv_probe:   control s_bcast         x_hit=10608 meta_hit=16 restored_diff=0
e118_qmv_probe:   control s_bcast_all     x_hit=10608 meta_hit=16 restored_diff=0
e118_qmv_probe:   control s_bcast_scale   x_hit=10608 meta_hit=16 restored_diff=0
e118_qmv_probe:   control p_split_meta    x_hit=10608 meta_hit=16 restored_diff=0
e118_qmv_probe:   control g_pack32        x_hit=10608 meta_hit=16 restored_diff=0
e118_qmv_probe:   control s_bcast_pack32  x_hit=10608 meta_hit=16 restored_diff=0
e118_qmv_probe:   control p_prefetch_w    x_hit=10608 meta_hit=16 restored_diff=0
e118_qmv_probe:   control e_bias6         x_hit=10608 meta_hit=16 restored_diff=0
e118_qmv_probe:   control z_ballast       x_hit=10608 meta_hit=16 restored_diff=0
e118_qmv_probe:   control k_alu8          x_hit=10608 meta_hit=16 restored_diff=0
e118_qmv_probe:   control k_alu16         x_hit=10608 meta_hit=16 restored_diff=0
e118_qmv_probe:   control k_ld8           x_hit=10608 meta_hit=16 restored_diff=0
e118_qmv_probe:   control k_ld16          x_hit=10608 meta_hit=16 restored_diff=0
e118_qmv_probe:   control k_shuf8         x_hit=10608 meta_hit=16 restored_diff=0
e118_qmv_probe:   control k_shuf16        x_hit=10608 meta_hit=16 restored_diff=0
e118_qmv_probe:   control k_alu16w        x_hit=10608 meta_hit=16 restored_diff=0
e118_qmv_probe:   control x_sumshare_split x_hit=10608 meta_hit=16 restored_diff=0
e118_qmv_probe:   control x_sumshare_owner x_hit=10608 meta_hit=16 restored_diff=0
e118_qmv_probe:   control x_sumshare_min  x_hit=10608 meta_hit=16 restored_diff=0
e118_qmv_probe:   fa_qkv_k5120_n14336 M=2 block 0 inner=64  a_base=178.6us  q_scaffold=178.9us  s_bcast=184.9us  s_bcast_all=180.4us  s_bcast_scale=180.7us  p_split_meta=178.9us  g_pack32=178.3us  s_bcast_pack32=180.3us  p_prefetch_w=179.1us  n_nosums=179.3us  l_loadonly=172.6us  n_nobias=169.9us  d_bias1=175.6us  e_bias6=176.7us  z_ballast=178.8us  k_alu8=178.6us  k_alu16=178.4us  k_ld8=178.1us  k_ld16=182.2us  k_shuf8=181.6us  k_shuf16=187.2us  k_alu16w=180.8us  y_algebra=181.0us  y_hsum_tree=181.1us  n_halfsums=180.5us  x_sumshare_split=180.7us  x_sumshare_owner=180.7us  n_halfsums_free=181.3us  x_sumshare_min=181.1us
e118_qmv_probe:   fa_qkv_k5120_n14336 M=2 block 1 inner=64  a_base=180.1us  q_scaffold=180.4us  s_bcast=186.2us  s_bcast_all=181.7us  s_bcast_scale=181.6us  p_split_meta=179.3us  g_pack32=179.1us  s_bcast_pack32=182.0us  p_prefetch_w=180.7us  n_nosums=180.3us  l_loadonly=173.8us  n_nobias=171.4us  d_bias1=176.6us  e_bias6=178.3us  z_ballast=180.6us  k_alu8=180.7us  k_alu16=180.7us  k_ld8=180.1us  k_ld16=182.1us  k_shuf8=181.6us  k_shuf16=187.7us  k_alu16w=181.0us  y_algebra=181.0us  y_hsum_tree=180.8us  n_halfsums=180.8us  x_sumshare_split=180.5us  x_sumshare_owner=180.9us  n_halfsums_free=180.3us  x_sumshare_min=180.0us
e118_qmv_probe:   fa_qkv_k5120_n14336 M=2 block 2 inner=64  a_base=180.0us  q_scaffold=179.5us  s_bcast=186.4us  s_bcast_all=181.9us  s_bcast_scale=182.0us  p_split_meta=180.6us  g_pack32=180.2us  s_bcast_pack32=181.9us  p_prefetch_w=180.2us  n_nosums=179.9us  l_loadonly=173.5us  n_nobias=171.1us  d_bias1=176.7us  e_bias6=178.4us  z_ballast=180.4us  k_alu8=180.5us  k_alu16=180.7us  k_ld8=180.1us  k_ld16=182.1us  k_shuf8=181.4us  k_shuf16=187.7us  k_alu16w=180.7us  y_algebra=180.8us  y_hsum_tree=180.5us  n_halfsums=180.4us  x_sumshare_split=180.8us  x_sumshare_owner=180.8us  n_halfsums_free=180.8us  x_sumshare_min=180.1us
e118_qmv_probe:   fa_qkv_k5120_n14336 M=2 block 3 inner=64  a_base=178.8us  q_scaffold=179.6us  s_bcast=186.3us  s_bcast_all=181.9us  s_bcast_scale=182.4us  p_split_meta=180.7us  g_pack32=180.1us  s_bcast_pack32=181.9us  p_prefetch_w=180.2us  n_nosums=180.1us  l_loadonly=173.5us  n_nobias=171.3us  d_bias1=176.9us  e_bias6=178.5us  z_ballast=180.5us  k_alu8=180.6us  k_alu16=180.7us  k_ld8=180.1us  k_ld16=181.9us  k_shuf8=181.5us  k_shuf16=187.6us  k_alu16w=180.8us  y_algebra=180.7us  y_hsum_tree=180.5us  n_halfsums=180.5us  x_sumshare_split=180.6us  x_sumshare_owner=180.7us  n_halfsums_free=180.2us  x_sumshare_min=179.8us
e118_qmv_probe:   fa_qkv_k5120_n14336 M=2 block 4 inner=64  a_base=181.4us  q_scaffold=182.6us  s_bcast=187.7us  s_bcast_all=183.6us  s_bcast_scale=183.3us  p_split_meta=180.1us  g_pack32=179.1us  s_bcast_pack32=181.9us  p_prefetch_w=180.2us  n_nosums=179.9us  l_loadonly=173.6us  n_nobias=171.0us  d_bias1=176.6us  e_bias6=178.5us  z_ballast=180.5us  k_alu8=180.6us  k_alu16=180.7us  k_ld8=180.1us  k_ld16=182.2us  k_shuf8=181.3us  k_shuf16=187.9us  k_alu16w=180.4us  y_algebra=180.7us  y_hsum_tree=180.9us  n_halfsums=180.6us  x_sumshare_split=180.6us  x_sumshare_owner=180.7us  n_halfsums_free=180.6us  x_sumshare_min=179.7us
e118_qmv_probe:   fa_qkv_k5120_n14336 M=2 block 5 inner=64  a_base=182.4us  q_scaffold=182.4us  s_bcast=186.6us  s_bcast_all=182.3us  s_bcast_scale=182.3us  p_split_meta=181.5us  g_pack32=181.8us  s_bcast_pack32=183.6us  p_prefetch_w=181.9us  n_nosums=181.9us  l_loadonly=175.3us  n_nobias=172.5us  d_bias1=178.1us  e_bias6=179.5us  z_ballast=182.0us  k_alu8=181.9us  k_alu16=182.2us  k_ld8=181.7us  k_ld16=183.2us  k_shuf8=182.7us  k_shuf16=188.0us  k_alu16w=182.7us  y_algebra=182.6us  y_hsum_tree=182.6us  n_halfsums=182.1us  x_sumshare_split=182.5us  x_sumshare_owner=182.4us  n_halfsums_free=182.6us  x_sumshare_min=181.7us
e118_qmv_probe:   fa_qkv_k5120_n14336 M=2 block 6 inner=64  a_base=181.2us  q_scaffold=180.4us  s_bcast=186.2us  s_bcast_all=181.8us  s_bcast_scale=181.4us  p_split_meta=180.4us  g_pack32=180.0us  s_bcast_pack32=181.8us  p_prefetch_w=180.0us  n_nosums=179.8us  l_loadonly=173.9us  n_nobias=170.9us  d_bias1=176.3us  e_bias6=178.4us  z_ballast=180.4us  k_alu8=180.9us  k_alu16=180.4us  k_ld8=180.0us  k_ld16=181.8us  k_shuf8=182.0us  k_shuf16=187.9us  k_alu16w=181.6us  y_algebra=181.4us  y_hsum_tree=181.1us  n_halfsums=180.6us  x_sumshare_split=180.3us  x_sumshare_owner=180.4us  n_halfsums_free=181.1us  x_sumshare_min=180.5us
e118_qmv_probe:   fa_qkv_k5120_n14336 M=2 block 7 inner=64  a_base=180.9us  q_scaffold=180.8us  s_bcast=186.2us  s_bcast_all=181.8us  s_bcast_scale=182.4us  p_split_meta=180.6us  g_pack32=180.3us  s_bcast_pack32=182.3us  p_prefetch_w=180.2us  n_nosums=180.3us  l_loadonly=173.8us  n_nobias=171.3us  d_bias1=176.9us  e_bias6=178.4us  z_ballast=180.1us  k_alu8=180.7us  k_alu16=180.7us  k_ld8=180.3us  k_ld16=182.0us  k_shuf8=181.6us  k_shuf16=187.9us  k_alu16w=180.4us  y_algebra=180.8us  y_hsum_tree=180.8us  n_halfsums=180.2us  x_sumshare_split=180.7us  x_sumshare_owner=180.9us  n_halfsums_free=180.6us  x_sumshare_min=180.1us
e118_qmv_probe:   fa_qkv_k5120_n14336 M=2 thermal entry=61.5C exit=79.0C
e118_qmv_probe:   fa_qkv_k5120_n14336 M=3 block 0 inner=30  a_base=189.2us  q_scaffold=189.9us  s_bcast=217.6us  s_bcast_all=204.5us  s_bcast_scale=206.1us  p_split_meta=188.7us  g_pack32=188.7us  s_bcast_pack32=201.4us  p_prefetch_w=189.2us  n_nosums=186.6us  l_loadonly=179.0us  n_nobias=178.8us  d_bias1=191.0us  e_bias6=198.1us  z_ballast=193.3us  k_alu8=191.8us  k_alu16=193.2us  k_ld8=191.1us  k_ld16=196.6us  k_shuf8=202.3us  k_shuf16=218.1us  k_alu16w=192.4us  y_algebra=192.4us  y_hsum_tree=190.2us  n_halfsums=188.4us  x_sumshare_split=191.1us  x_sumshare_owner=190.0us  n_halfsums_free=187.1us  x_sumshare_min=189.6us
e118_qmv_probe:   fa_qkv_k5120_n14336 M=3 block 1 inner=30  a_base=188.3us  q_scaffold=187.6us  s_bcast=214.6us  s_bcast_all=200.9us  s_bcast_scale=203.0us  p_split_meta=186.6us  g_pack32=185.2us  s_bcast_pack32=197.8us  p_prefetch_w=185.6us  n_nosums=181.5us  l_loadonly=174.3us  n_nobias=174.9us  d_bias1=187.4us  e_bias6=194.5us  z_ballast=189.3us  k_alu8=188.1us  k_alu16=189.5us  k_ld8=187.8us  k_ld16=193.0us  k_shuf8=198.8us  k_shuf16=214.1us  k_alu16w=188.2us  y_algebra=188.6us  y_hsum_tree=186.9us  n_halfsums=184.4us  x_sumshare_split=187.2us  x_sumshare_owner=186.2us  n_halfsums_free=183.2us  x_sumshare_min=185.2us
e118_qmv_probe:   fa_qkv_k5120_n14336 M=3 block 2 inner=30  a_base=187.7us  q_scaffold=188.2us  s_bcast=216.2us  s_bcast_all=203.2us  s_bcast_scale=205.3us  p_split_meta=188.2us  g_pack32=186.9us  s_bcast_pack32=199.9us  p_prefetch_w=188.3us  n_nosums=184.3us  l_loadonly=176.3us  n_nobias=177.6us  d_bias1=189.2us  e_bias6=196.3us  z_ballast=192.2us  k_alu8=190.4us  k_alu16=191.7us  k_ld8=190.3us  k_ld16=195.1us  k_shuf8=201.0us  k_shuf16=215.9us  k_alu16w=191.2us  y_algebra=191.2us  y_hsum_tree=189.7us  n_halfsums=187.2us  x_sumshare_split=189.6us  x_sumshare_owner=188.7us  n_halfsums_free=185.4us  x_sumshare_min=186.9us
e118_qmv_probe:   fa_qkv_k5120_n14336 M=3 block 3 inner=30  a_base=188.9us  q_scaffold=189.1us  s_bcast=217.7us  s_bcast_all=203.9us  s_bcast_scale=206.5us  p_split_meta=188.8us  g_pack32=188.1us  s_bcast_pack32=201.3us  p_prefetch_w=188.9us  n_nosums=185.4us  l_loadonly=177.3us  n_nobias=178.5us  d_bias1=190.0us  e_bias6=196.8us  z_ballast=192.3us  k_alu8=191.1us  k_alu16=192.3us  k_ld8=190.5us  k_ld16=195.3us  k_shuf8=201.4us  k_shuf16=216.7us  k_alu16w=191.1us  y_algebra=191.2us  y_hsum_tree=189.4us  n_halfsums=187.2us  x_sumshare_split=189.6us  x_sumshare_owner=188.6us  n_halfsums_free=185.8us  x_sumshare_min=188.0us
e118_qmv_probe:   fa_qkv_k5120_n14336 M=3 block 4 inner=30  a_base=189.6us  q_scaffold=190.2us  s_bcast=218.4us  s_bcast_all=204.7us  s_bcast_scale=207.1us  p_split_meta=190.4us  g_pack32=189.2us  s_bcast_pack32=201.6us  p_prefetch_w=189.6us  n_nosums=186.5us  l_loadonly=178.6us  n_nobias=180.0us  d_bias1=191.0us  e_bias6=198.0us  z_ballast=194.2us  k_alu8=192.3us  k_alu16=193.4us  k_ld8=191.8us  k_ld16=196.6us  k_shuf8=202.9us  k_shuf16=218.2us  k_alu16w=192.9us  y_algebra=192.4us  y_hsum_tree=190.2us  n_halfsums=188.3us  x_sumshare_split=190.8us  x_sumshare_owner=190.6us  n_halfsums_free=186.5us  x_sumshare_min=189.3us
e118_qmv_probe:   fa_qkv_k5120_n14336 M=3 block 5 inner=30  a_base=189.6us  q_scaffold=189.7us  s_bcast=218.8us  s_bcast_all=204.8us  s_bcast_scale=207.6us  p_split_meta=189.8us  g_pack32=188.8us  s_bcast_pack32=201.5us  p_prefetch_w=189.5us  n_nosums=185.7us  l_loadonly=177.6us  n_nobias=178.9us  d_bias1=191.3us  e_bias6=197.7us  z_ballast=193.6us  k_alu8=192.6us  k_alu16=193.1us  k_ld8=191.9us  k_ld16=196.9us  k_shuf8=202.5us  k_shuf16=218.0us  k_alu16w=193.2us  y_algebra=192.3us  y_hsum_tree=190.3us  n_halfsums=188.2us  x_sumshare_split=190.8us  x_sumshare_owner=190.2us  n_halfsums_free=186.7us  x_sumshare_min=189.0us
e118_qmv_probe:   fa_qkv_k5120_n14336 M=3 block 6 inner=30  a_base=189.8us  q_scaffold=190.4us  s_bcast=218.5us  s_bcast_all=204.7us  s_bcast_scale=207.0us  p_split_meta=190.1us  g_pack32=188.9us  s_bcast_pack32=201.5us  p_prefetch_w=189.0us  n_nosums=186.1us  l_loadonly=177.6us  n_nobias=178.9us  d_bias1=191.4us  e_bias6=198.1us  z_ballast=193.4us  k_alu8=192.0us  k_alu16=194.0us  k_ld8=191.8us  k_ld16=196.9us  k_shuf8=202.5us  k_shuf16=218.2us  k_alu16w=192.9us  y_algebra=192.6us  y_hsum_tree=190.5us  n_halfsums=188.8us  x_sumshare_split=191.2us  x_sumshare_owner=190.0us  n_halfsums_free=187.2us  x_sumshare_min=188.8us
e118_qmv_probe:   fa_qkv_k5120_n14336 M=3 block 7 inner=30  a_base=190.0us  q_scaffold=190.0us  s_bcast=218.0us  s_bcast_all=204.8us  s_bcast_scale=207.0us  p_split_meta=189.5us  g_pack32=188.8us  s_bcast_pack32=201.4us  p_prefetch_w=189.0us  n_nosums=185.4us  l_loadonly=177.9us  n_nobias=179.0us  d_bias1=192.0us  e_bias6=198.4us  z_ballast=194.0us  k_alu8=192.1us  k_alu16=193.2us  k_ld8=191.7us  k_ld16=196.7us  k_shuf8=202.0us  k_shuf16=218.0us  k_alu16w=192.1us  y_algebra=192.3us  y_hsum_tree=190.2us  n_halfsums=188.3us  x_sumshare_split=190.7us  x_sumshare_owner=189.9us  n_halfsums_free=187.1us  x_sumshare_min=189.8us
e118_qmv_probe:   fa_qkv_k5120_n14336 M=3 thermal entry=61.0C exit=65.8C
e118_qmv_probe:   fa_qkv_k5120_n14336 M=4 block 0 inner=31  a_base=215.9us  q_scaffold=215.7us  s_bcast=247.6us  s_bcast_all=230.5us  s_bcast_scale=231.7us  p_split_meta=215.2us  g_pack32=214.8us  s_bcast_pack32=231.5us  p_prefetch_w=214.6us  n_nosums=199.4us  l_loadonly=177.1us  n_nobias=196.0us  d_bias1=215.5us  e_bias6=220.9us  z_ballast=221.4us  k_alu8=215.7us  k_alu16=217.8us  k_ld8=223.3us  k_ld16=233.1us  k_shuf8=230.9us  k_shuf16=247.1us  k_alu16w=219.0us  y_algebra=217.3us  y_hsum_tree=211.5us  n_halfsums=216.2us  x_sumshare_split=220.3us  x_sumshare_owner=223.6us  n_halfsums_free=209.8us  x_sumshare_min=210.9us
e118_qmv_probe:   fa_qkv_k5120_n14336 M=4 block 1 inner=31  a_base=216.3us  q_scaffold=216.3us  s_bcast=249.5us  s_bcast_all=231.4us  s_bcast_scale=232.9us  p_split_meta=216.6us  g_pack32=215.7us  s_bcast_pack32=232.6us  p_prefetch_w=216.6us  n_nosums=200.4us  l_loadonly=177.7us  n_nobias=197.5us  d_bias1=217.9us  e_bias6=223.0us  z_ballast=223.7us  k_alu8=218.7us  k_alu16=220.1us  k_ld8=225.5us  k_ld16=235.5us  k_shuf8=233.2us  k_shuf16=249.7us  k_alu16w=221.4us  y_algebra=219.4us  y_hsum_tree=213.5us  n_halfsums=218.2us  x_sumshare_split=223.0us  x_sumshare_owner=226.1us  n_halfsums_free=211.9us  x_sumshare_min=213.3us
e118_qmv_probe:   fa_qkv_k5120_n14336 M=4 block 2 inner=31  a_base=217.5us  q_scaffold=217.6us  s_bcast=249.6us  s_bcast_all=232.4us  s_bcast_scale=234.1us  p_split_meta=217.3us  g_pack32=216.7us  s_bcast_pack32=233.6us  p_prefetch_w=217.5us  n_nosums=201.4us  l_loadonly=177.9us  n_nobias=198.8us  d_bias1=218.1us  e_bias6=223.9us  z_ballast=224.8us  k_alu8=219.3us  k_alu16=221.2us  k_ld8=226.3us  k_ld16=236.2us  k_shuf8=234.6us  k_shuf16=251.1us  k_alu16w=223.2us  y_algebra=221.8us  y_hsum_tree=215.1us  n_halfsums=220.4us  x_sumshare_split=224.6us  x_sumshare_owner=227.9us  n_halfsums_free=213.2us  x_sumshare_min=214.8us
e118_qmv_probe:   fa_qkv_k5120_n14336 M=4 block 3 inner=31  a_base=218.3us  q_scaffold=218.1us  s_bcast=250.4us  s_bcast_all=232.7us  s_bcast_scale=235.0us  p_split_meta=218.1us  g_pack32=217.3us  s_bcast_pack32=234.1us  p_prefetch_w=218.0us  n_nosums=202.3us  l_loadonly=178.7us  n_nobias=199.2us  d_bias1=219.1us  e_bias6=225.0us  z_ballast=226.3us  k_alu8=220.4us  k_alu16=221.8us  k_ld8=227.4us  k_ld16=237.2us  k_shuf8=234.4us  k_shuf16=251.0us  k_alu16w=222.9us  y_algebra=221.2us  y_hsum_tree=215.2us  n_halfsums=220.2us  x_sumshare_split=224.0us  x_sumshare_owner=227.7us  n_halfsums_free=213.4us  x_sumshare_min=215.1us
e118_qmv_probe:   fa_qkv_k5120_n14336 M=4 block 4 inner=31  a_base=217.9us  q_scaffold=217.9us  s_bcast=251.0us  s_bcast_all=233.0us  s_bcast_scale=234.3us  p_split_meta=217.5us  g_pack32=217.2us  s_bcast_pack32=234.5us  p_prefetch_w=217.9us  n_nosums=202.1us  l_loadonly=178.3us  n_nobias=199.4us  d_bias1=219.2us  e_bias6=224.7us  z_ballast=226.0us  k_alu8=219.9us  k_alu16=221.6us  k_ld8=227.1us  k_ld16=237.5us  k_shuf8=234.6us  k_shuf16=250.8us  k_alu16w=222.7us  y_algebra=222.0us  y_hsum_tree=215.3us  n_halfsums=220.6us  x_sumshare_split=224.0us  x_sumshare_owner=227.5us  n_halfsums_free=213.4us  x_sumshare_min=215.0us
e118_qmv_probe:   fa_qkv_k5120_n14336 M=4 block 5 inner=31  a_base=217.9us  q_scaffold=217.7us  s_bcast=251.1us  s_bcast_all=232.9us  s_bcast_scale=234.7us  p_split_meta=218.1us  g_pack32=218.2us  s_bcast_pack32=233.9us  p_prefetch_w=218.2us  n_nosums=202.7us  l_loadonly=178.9us  n_nobias=199.3us  d_bias1=219.2us  e_bias6=224.9us  z_ballast=225.2us  k_alu8=220.1us  k_alu16=221.6us  k_ld8=227.3us  k_ld16=236.6us  k_shuf8=234.2us  k_shuf16=251.4us  k_alu16w=223.0us  y_algebra=221.8us  y_hsum_tree=215.3us  n_halfsums=220.8us  x_sumshare_split=224.1us  x_sumshare_owner=228.1us  n_halfsums_free=213.2us  x_sumshare_min=214.9us
e118_qmv_probe:   fa_qkv_k5120_n14336 M=4 block 6 inner=31  a_base=217.9us  q_scaffold=218.2us  s_bcast=250.8us  s_bcast_all=233.0us  s_bcast_scale=234.6us  p_split_meta=218.0us  g_pack32=217.5us  s_bcast_pack32=234.8us  p_prefetch_w=218.8us  n_nosums=201.7us  l_loadonly=178.2us  n_nobias=199.3us  d_bias1=219.6us  e_bias6=224.8us  z_ballast=225.6us  k_alu8=220.4us  k_alu16=221.8us  k_ld8=227.0us  k_ld16=237.0us  k_shuf8=234.8us  k_shuf16=250.3us  k_alu16w=222.6us  y_algebra=221.6us  y_hsum_tree=214.9us  n_halfsums=220.1us  x_sumshare_split=224.6us  x_sumshare_owner=227.7us  n_halfsums_free=212.7us  x_sumshare_min=214.2us
e118_qmv_probe:   fa_qkv_k5120_n14336 M=4 block 7 inner=31  a_base=215.1us  q_scaffold=216.8us  s_bcast=250.7us  s_bcast_all=232.6us  s_bcast_scale=234.6us  p_split_meta=218.1us  g_pack32=218.0us  s_bcast_pack32=234.1us  p_prefetch_w=218.3us  n_nosums=202.2us  l_loadonly=178.7us  n_nobias=199.0us  d_bias1=219.2us  e_bias6=224.1us  z_ballast=224.8us  k_alu8=220.2us  k_alu16=221.7us  k_ld8=227.5us  k_ld16=237.2us  k_shuf8=234.5us  k_shuf16=251.1us  k_alu16w=222.4us  y_algebra=221.2us  y_hsum_tree=215.0us  n_halfsums=220.9us  x_sumshare_split=223.9us  x_sumshare_owner=227.4us  n_halfsums_free=213.1us  x_sumshare_min=215.6us
e118_qmv_probe:   fa_qkv_k5120_n14336 M=4 thermal entry=62.0C exit=66.9C
e118_qmv_probe:   fa_qkv_k5120_n14336 M=5 block 0 inner=25  a_base=257.6us  q_scaffold=257.0us  s_bcast=420.8us  s_bcast_all=289.8us  s_bcast_scale=273.1us  p_split_meta=256.4us  g_pack32=255.7us  s_bcast_pack32=403.2us  p_prefetch_w=415.9us  n_nosums=232.5us  l_loadonly=181.9us  n_nobias=226.2us  d_bias1=258.6us  e_bias6=261.5us  z_ballast=431.5us  k_alu8=264.5us  k_alu16=266.3us  k_ld8=467.7us  k_ld16=487.3us  k_shuf8=274.5us  k_shuf16=292.9us  k_alu16w=266.5us  y_algebra=264.4us  y_hsum_tree=255.0us  n_halfsums=257.7us  x_sumshare_split=267.6us  x_sumshare_owner=274.5us  n_halfsums_free=248.0us  x_sumshare_min=339.4us
e118_qmv_probe:   fa_qkv_k5120_n14336 M=5 block 1 inner=25  a_base=258.0us  q_scaffold=256.9us  s_bcast=421.1us  s_bcast_all=290.5us  s_bcast_scale=274.2us  p_split_meta=258.0us  g_pack32=257.7us  s_bcast_pack32=404.9us  p_prefetch_w=417.3us  n_nosums=234.1us  l_loadonly=182.8us  n_nobias=227.7us  d_bias1=260.3us  e_bias6=262.9us  z_ballast=431.9us  k_alu8=266.5us  k_alu16=267.8us  k_ld8=469.5us  k_ld16=488.7us  k_shuf8=276.6us  k_shuf16=294.6us  k_alu16w=268.0us  y_algebra=265.8us  y_hsum_tree=256.5us  n_halfsums=259.8us  x_sumshare_split=268.4us  x_sumshare_owner=276.6us  n_halfsums_free=248.6us  x_sumshare_min=339.7us
e118_qmv_probe:   fa_qkv_k5120_n14336 M=5 block 2 inner=25  a_base=257.9us  q_scaffold=257.7us  s_bcast=421.8us  s_bcast_all=290.7us  s_bcast_scale=274.7us  p_split_meta=257.7us  g_pack32=258.0us  s_bcast_pack32=404.1us  p_prefetch_w=417.0us  n_nosums=233.7us  l_loadonly=182.6us  n_nobias=227.6us  d_bias1=260.2us  e_bias6=260.9us  z_ballast=430.3us  k_alu8=264.7us  k_alu16=267.7us  k_ld8=469.1us  k_ld16=488.9us  k_shuf8=276.6us  k_shuf16=294.3us  k_alu16w=267.7us  y_algebra=265.6us  y_hsum_tree=257.1us  n_halfsums=259.6us  x_sumshare_split=268.3us  x_sumshare_owner=276.5us  n_halfsums_free=249.0us  x_sumshare_min=340.1us
e118_qmv_probe:   fa_qkv_k5120_n14336 M=5 block 3 inner=25  a_base=258.4us  q_scaffold=258.2us  s_bcast=421.3us  s_bcast_all=290.8us  s_bcast_scale=275.2us  p_split_meta=257.5us  g_pack32=257.1us  s_bcast_pack32=402.9us  p_prefetch_w=417.2us  n_nosums=233.9us  l_loadonly=183.2us  n_nobias=228.3us  d_bias1=260.8us  e_bias6=262.7us  z_ballast=431.8us  k_alu8=266.0us  k_alu16=267.8us  k_ld8=468.4us  k_ld16=488.7us  k_shuf8=275.6us  k_shuf16=294.7us  k_alu16w=268.1us  y_algebra=266.1us  y_hsum_tree=256.6us  n_halfsums=259.2us  x_sumshare_split=269.3us  x_sumshare_owner=276.9us  n_halfsums_free=249.3us  x_sumshare_min=340.4us
e118_qmv_probe:   fa_qkv_k5120_n14336 M=5 block 4 inner=25  a_base=255.9us  q_scaffold=255.4us  s_bcast=420.4us  s_bcast_all=291.0us  s_bcast_scale=275.1us  p_split_meta=257.7us  g_pack32=258.1us  s_bcast_pack32=404.2us  p_prefetch_w=417.3us  n_nosums=233.6us  l_loadonly=182.6us  n_nobias=228.1us  d_bias1=261.0us  e_bias6=263.9us  z_ballast=431.8us  k_alu8=266.7us  k_alu16=267.7us  k_ld8=467.9us  k_ld16=488.9us  k_shuf8=275.9us  k_shuf16=294.4us  k_alu16w=268.1us  y_algebra=265.4us  y_hsum_tree=257.3us  n_halfsums=259.0us  x_sumshare_split=269.6us  x_sumshare_owner=276.2us  n_halfsums_free=249.2us  x_sumshare_min=340.0us
e118_qmv_probe:   fa_qkv_k5120_n14336 M=5 block 5 inner=25  a_base=257.7us  q_scaffold=257.3us  s_bcast=421.9us  s_bcast_all=291.2us  s_bcast_scale=275.2us  p_split_meta=258.1us  g_pack32=257.3us  s_bcast_pack32=404.6us  p_prefetch_w=417.6us  n_nosums=234.0us  l_loadonly=183.2us  n_nobias=227.9us  d_bias1=261.0us  e_bias6=263.3us  z_ballast=433.5us  k_alu8=266.7us  k_alu16=267.9us  k_ld8=468.7us  k_ld16=489.4us  k_shuf8=276.4us  k_shuf16=295.8us  k_alu16w=268.5us  y_algebra=266.6us  y_hsum_tree=257.0us  n_halfsums=259.5us  x_sumshare_split=270.2us  x_sumshare_owner=278.4us  n_halfsums_free=249.3us  x_sumshare_min=340.7us
e118_qmv_probe:   fa_qkv_k5120_n14336 M=5 block 6 inner=25  a_base=256.6us  q_scaffold=256.1us  s_bcast=421.4us  s_bcast_all=290.2us  s_bcast_scale=273.7us  p_split_meta=256.6us  g_pack32=256.5us  s_bcast_pack32=402.7us  p_prefetch_w=416.8us  n_nosums=231.0us  l_loadonly=180.5us  n_nobias=224.8us  d_bias1=257.8us  e_bias6=260.5us  z_ballast=429.1us  k_alu8=264.8us  k_alu16=264.2us  k_ld8=465.8us  k_ld16=486.1us  k_shuf8=272.8us  k_shuf16=291.5us  k_alu16w=265.0us  y_algebra=262.1us  y_hsum_tree=254.0us  n_halfsums=257.4us  x_sumshare_split=266.4us  x_sumshare_owner=274.3us  n_halfsums_free=245.6us  x_sumshare_min=337.9us
e118_qmv_probe:   fa_qkv_k5120_n14336 M=5 block 7 inner=25  a_base=256.1us  q_scaffold=256.5us  s_bcast=420.3us  s_bcast_all=289.5us  s_bcast_scale=272.1us  p_split_meta=256.6us  g_pack32=256.0us  s_bcast_pack32=402.8us  p_prefetch_w=416.0us  n_nosums=232.4us  l_loadonly=183.1us  n_nobias=226.1us  d_bias1=259.1us  e_bias6=261.3us  z_ballast=430.4us  k_alu8=264.6us  k_alu16=266.1us  k_ld8=466.1us  k_ld16=486.6us  k_shuf8=274.9us  k_shuf16=292.3us  k_alu16w=266.2us  y_algebra=264.9us  y_hsum_tree=255.2us  n_halfsums=257.8us  x_sumshare_split=268.0us  x_sumshare_owner=275.7us  n_halfsums_free=247.5us  x_sumshare_min=340.2us
e118_qmv_probe:   fa_qkv_k5120_n14336 M=5 thermal entry=62.7C exit=65.3C
e118_qmv_probe: shape mlp_down_k17408_n5120  w=44.6MB
e118_qmv_probe:   fidelity M=2  base_vs_double max_rel=4.626e-02 rms=3.541e-03  base_nonfinite=0/10240
e118_qmv_probe:     q_scaffold      vs base differing=0/10240 max_ulp=0 max_rel=0.000e+00  vs_double rel=4.626e-02 rms=3.541e-03   exact
e118_qmv_probe:     s_bcast         vs base differing=0/10240 max_ulp=0 max_rel=0.000e+00  vs_double rel=4.626e-02 rms=3.541e-03   exact
e118_qmv_probe:     s_bcast_all     vs base differing=0/10240 max_ulp=0 max_rel=0.000e+00  vs_double rel=4.626e-02 rms=3.541e-03   exact
e118_qmv_probe:     s_bcast_scale   vs base differing=0/10240 max_ulp=0 max_rel=0.000e+00  vs_double rel=4.626e-02 rms=3.541e-03   exact
e118_qmv_probe:     p_split_meta    vs base differing=0/10240 max_ulp=0 max_rel=0.000e+00  vs_double rel=4.626e-02 rms=3.541e-03   exact
e118_qmv_probe:     g_pack32        vs base differing=0/10240 max_ulp=0 max_rel=0.000e+00  vs_double rel=4.626e-02 rms=3.541e-03   exact
e118_qmv_probe:     s_bcast_pack32  vs base differing=0/10240 max_ulp=0 max_rel=0.000e+00  vs_double rel=4.626e-02 rms=3.541e-03   exact
e118_qmv_probe:     p_prefetch_w    vs base differing=0/10240 max_ulp=0 max_rel=0.000e+00  vs_double rel=4.626e-02 rms=3.541e-03   exact
e118_qmv_probe:     n_nosums        vs base differing=10240/10240 max_ulp=33602 max_rel=1.323e+00  vs_double rel=6.145e+02 rms=1.283e+01   (diagnostic arm, difference expected)
e118_qmv_probe:     l_loadonly      vs base differing=10230/10240 max_ulp=33102 max_rel=2.000e+00  vs_double rel=1.020e+01 rms=1.105e+00   (diagnostic arm, difference expected)
e118_qmv_probe:     n_nobias        vs base differing=10232/10240 max_ulp=33258 max_rel=2.000e+00  vs_double rel=2.297e+01 rms=1.647e+00   (diagnostic arm, difference expected)
e118_qmv_probe:     d_bias1         vs base differing=10240/10240 max_ulp=34603 max_rel=1.878e+00  vs_double rel=2.194e+04 rms=1.234e+03   (diagnostic arm, difference expected)
e118_qmv_probe:     e_bias6         vs base differing=0/10240 max_ulp=0 max_rel=0.000e+00  vs_double rel=4.626e-02 rms=3.541e-03   exact
e118_qmv_probe:     z_ballast       vs base differing=0/10240 max_ulp=0 max_rel=0.000e+00  vs_double rel=4.626e-02 rms=3.541e-03   exact
e118_qmv_probe:     k_alu8          vs base differing=0/10240 max_ulp=0 max_rel=0.000e+00  vs_double rel=4.626e-02 rms=3.541e-03   exact
e118_qmv_probe:     k_alu16         vs base differing=0/10240 max_ulp=0 max_rel=0.000e+00  vs_double rel=4.626e-02 rms=3.541e-03   exact
e118_qmv_probe:     k_ld8           vs base differing=0/10240 max_ulp=0 max_rel=0.000e+00  vs_double rel=4.626e-02 rms=3.541e-03   exact
e118_qmv_probe:     k_ld16          vs base differing=0/10240 max_ulp=0 max_rel=0.000e+00  vs_double rel=4.626e-02 rms=3.541e-03   exact
e118_qmv_probe:     k_shuf8         vs base differing=0/10240 max_ulp=0 max_rel=0.000e+00  vs_double rel=4.626e-02 rms=3.541e-03   exact
e118_qmv_probe:     k_shuf16        vs base differing=0/10240 max_ulp=0 max_rel=0.000e+00  vs_double rel=4.626e-02 rms=3.541e-03   exact
e118_qmv_probe:     k_alu16w        vs base differing=0/10240 max_ulp=0 max_rel=0.000e+00  vs_double rel=4.626e-02 rms=3.541e-03   exact
e118_qmv_probe:     y_algebra       vs base differing=10235/10240 max_ulp=33254 max_rel=2.000e+00  vs_double rel=2.287e+01 rms=1.636e+00   (diagnostic arm, difference expected)
e118_qmv_probe:     y_hsum_tree     vs base differing=7191/10240 max_ulp=30911 max_rel=1.724e+00  vs_double rel=5.156e-02 rms=3.009e-03   (diagnostic arm, difference expected)
e118_qmv_probe:     n_halfsums      vs base differing=5117/10240 max_ulp=33230 max_rel=2.000e+00  vs_double rel=2.297e+01 rms=1.214e+00   (diagnostic arm, difference expected)
e118_qmv_probe:     x_sumshare_split vs base differing=0/10240 max_ulp=0 max_rel=0.000e+00  vs_double rel=4.626e-02 rms=3.541e-03   exact
e118_qmv_probe:     x_sumshare_owner vs base differing=0/10240 max_ulp=0 max_rel=0.000e+00  vs_double rel=4.626e-02 rms=3.541e-03   exact
e118_qmv_probe:     n_halfsums_free vs base differing=5119/10240 max_ulp=33258 max_rel=2.000e+00  vs_double rel=1.980e+01 rms=1.525e+00   (diagnostic arm, difference expected)
e118_qmv_probe:     x_sumshare_min  vs base differing=0/10240 max_ulp=0 max_rel=0.000e+00  vs_double rel=4.626e-02 rms=3.541e-03   exact
e118_qmv_probe:   fidelity M=3  base_vs_double max_rel=4.626e-02 rms=3.298e-03  base_nonfinite=0/15360
e118_qmv_probe:     q_scaffold      vs base differing=0/15360 max_ulp=0 max_rel=0.000e+00  vs_double rel=4.626e-02 rms=3.298e-03   exact
e118_qmv_probe:     s_bcast         vs base differing=0/15360 max_ulp=0 max_rel=0.000e+00  vs_double rel=4.626e-02 rms=3.298e-03   exact
e118_qmv_probe:     s_bcast_all     vs base differing=0/15360 max_ulp=0 max_rel=0.000e+00  vs_double rel=4.626e-02 rms=3.298e-03   exact
e118_qmv_probe:     s_bcast_scale   vs base differing=0/15360 max_ulp=0 max_rel=0.000e+00  vs_double rel=4.626e-02 rms=3.298e-03   exact
e118_qmv_probe:     p_split_meta    vs base differing=0/15360 max_ulp=0 max_rel=0.000e+00  vs_double rel=4.626e-02 rms=3.298e-03   exact
e118_qmv_probe:     g_pack32        vs base differing=0/15360 max_ulp=0 max_rel=0.000e+00  vs_double rel=4.626e-02 rms=3.298e-03   exact
e118_qmv_probe:     s_bcast_pack32  vs base differing=0/15360 max_ulp=0 max_rel=0.000e+00  vs_double rel=4.626e-02 rms=3.298e-03   exact
e118_qmv_probe:     p_prefetch_w    vs base differing=0/15360 max_ulp=0 max_rel=0.000e+00  vs_double rel=4.626e-02 rms=3.298e-03   exact
e118_qmv_probe:     n_nosums        vs base differing=15360/15360 max_ulp=33647 max_rel=1.323e+00  vs_double rel=6.145e+02 rms=1.381e+01   (diagnostic arm, difference expected)
e118_qmv_probe:     l_loadonly      vs base differing=15341/15360 max_ulp=33102 max_rel=2.000e+00  vs_double rel=1.020e+01 rms=9.810e-01   (diagnostic arm, difference expected)
e118_qmv_probe:     n_nobias        vs base differing=15342/15360 max_ulp=33258 max_rel=2.000e+00  vs_double rel=2.297e+01 rms=1.455e+00   (diagnostic arm, difference expected)
e118_qmv_probe:     d_bias1         vs base differing=15360/15360 max_ulp=34603 max_rel=1.939e+00  vs_double rel=2.194e+04 rms=1.072e+03   (diagnostic arm, difference expected)
e118_qmv_probe:     e_bias6         vs base differing=0/15360 max_ulp=0 max_rel=0.000e+00  vs_double rel=4.626e-02 rms=3.298e-03   exact
e118_qmv_probe:     z_ballast       vs base differing=0/15360 max_ulp=0 max_rel=0.000e+00  vs_double rel=4.626e-02 rms=3.298e-03   exact
e118_qmv_probe:     k_alu8          vs base differing=0/15360 max_ulp=0 max_rel=0.000e+00  vs_double rel=4.626e-02 rms=3.298e-03   exact
e118_qmv_probe:     k_alu16         vs base differing=0/15360 max_ulp=0 max_rel=0.000e+00  vs_double rel=4.626e-02 rms=3.298e-03   exact
e118_qmv_probe:     k_ld8           vs base differing=0/15360 max_ulp=0 max_rel=0.000e+00  vs_double rel=4.626e-02 rms=3.298e-03   exact
e118_qmv_probe:     k_ld16          vs base differing=0/15360 max_ulp=0 max_rel=0.000e+00  vs_double rel=4.626e-02 rms=3.298e-03   exact
e118_qmv_probe:     k_shuf8         vs base differing=0/15360 max_ulp=0 max_rel=0.000e+00  vs_double rel=4.626e-02 rms=3.298e-03   exact
e118_qmv_probe:     k_shuf16        vs base differing=0/15360 max_ulp=0 max_rel=0.000e+00  vs_double rel=4.626e-02 rms=3.298e-03   exact
e118_qmv_probe:     k_alu16w        vs base differing=0/15360 max_ulp=0 max_rel=0.000e+00  vs_double rel=4.626e-02 rms=3.298e-03   exact
e118_qmv_probe:     y_algebra       vs base differing=15345/15360 max_ulp=33254 max_rel=2.000e+00  vs_double rel=2.287e+01 rms=1.446e+00   (diagnostic arm, difference expected)
e118_qmv_probe:     y_hsum_tree     vs base differing=10021/15360 max_ulp=30911 max_rel=1.871e+00  vs_double rel=5.156e-02 rms=2.753e-03   (diagnostic arm, difference expected)
e118_qmv_probe:     n_halfsums      vs base differing=7673/15360 max_ulp=33258 max_rel=2.000e+00  vs_double rel=2.297e+01 rms=9.826e-01   (diagnostic arm, difference expected)
e118_qmv_probe:     x_sumshare_split vs base differing=0/15360 max_ulp=0 max_rel=0.000e+00  vs_double rel=4.626e-02 rms=3.298e-03   exact
e118_qmv_probe:     x_sumshare_owner vs base differing=0/15360 max_ulp=0 max_rel=0.000e+00  vs_double rel=4.626e-02 rms=3.298e-03   exact
e118_qmv_probe:     n_halfsums_free vs base differing=5110/15360 max_ulp=33010 max_rel=2.000e+00  vs_double rel=4.248e+00 rms=4.360e-01   (diagnostic arm, difference expected)
e118_qmv_probe:     x_sumshare_min  vs base differing=0/15360 max_ulp=0 max_rel=0.000e+00  vs_double rel=4.626e-02 rms=3.298e-03   exact
e118_qmv_probe:   fidelity M=4  base_vs_double max_rel=4.960e-02 rms=3.139e-03  base_nonfinite=0/20480
e118_qmv_probe:     q_scaffold      vs base differing=0/20480 max_ulp=0 max_rel=0.000e+00  vs_double rel=4.960e-02 rms=3.139e-03   exact
e118_qmv_probe:     s_bcast         vs base differing=0/20480 max_ulp=0 max_rel=0.000e+00  vs_double rel=4.960e-02 rms=3.139e-03   exact
e118_qmv_probe:     s_bcast_all     vs base differing=0/20480 max_ulp=0 max_rel=0.000e+00  vs_double rel=4.960e-02 rms=3.139e-03   exact
e118_qmv_probe:     s_bcast_scale   vs base differing=0/20480 max_ulp=0 max_rel=0.000e+00  vs_double rel=4.960e-02 rms=3.139e-03   exact
e118_qmv_probe:     p_split_meta    vs base differing=0/20480 max_ulp=0 max_rel=0.000e+00  vs_double rel=4.960e-02 rms=3.139e-03   exact
e118_qmv_probe:     g_pack32        vs base differing=0/20480 max_ulp=0 max_rel=0.000e+00  vs_double rel=4.960e-02 rms=3.139e-03   exact
e118_qmv_probe:     s_bcast_pack32  vs base differing=0/20480 max_ulp=0 max_rel=0.000e+00  vs_double rel=4.960e-02 rms=3.139e-03   exact
e118_qmv_probe:     p_prefetch_w    vs base differing=0/20480 max_ulp=0 max_rel=0.000e+00  vs_double rel=4.960e-02 rms=3.139e-03   exact
e118_qmv_probe:     n_nosums        vs base differing=20480/20480 max_ulp=33647 max_rel=1.323e+00  vs_double rel=6.145e+02 rms=1.384e+01   (diagnostic arm, difference expected)
e118_qmv_probe:     l_loadonly      vs base differing=20453/20480 max_ulp=33102 max_rel=2.000e+00  vs_double rel=1.830e+01 rms=9.237e-01   (diagnostic arm, difference expected)
e118_qmv_probe:     n_nobias        vs base differing=20458/20480 max_ulp=33258 max_rel=2.000e+00  vs_double rel=2.297e+01 rms=1.329e+00   (diagnostic arm, difference expected)
e118_qmv_probe:     d_bias1         vs base differing=20480/20480 max_ulp=34603 max_rel=1.939e+00  vs_double rel=2.194e+04 rms=9.800e+02   (diagnostic arm, difference expected)
e118_qmv_probe:     e_bias6         vs base differing=0/20480 max_ulp=0 max_rel=0.000e+00  vs_double rel=4.960e-02 rms=3.139e-03   exact
e118_qmv_probe:     z_ballast       vs base differing=0/20480 max_ulp=0 max_rel=0.000e+00  vs_double rel=4.960e-02 rms=3.139e-03   exact
e118_qmv_probe:     k_alu8          vs base differing=0/20480 max_ulp=0 max_rel=0.000e+00  vs_double rel=4.960e-02 rms=3.139e-03   exact
e118_qmv_probe:     k_alu16         vs base differing=0/20480 max_ulp=0 max_rel=0.000e+00  vs_double rel=4.960e-02 rms=3.139e-03   exact
e118_qmv_probe:     k_ld8           vs base differing=0/20480 max_ulp=0 max_rel=0.000e+00  vs_double rel=4.960e-02 rms=3.139e-03   exact
e118_qmv_probe:     k_ld16          vs base differing=0/20480 max_ulp=0 max_rel=0.000e+00  vs_double rel=4.960e-02 rms=3.139e-03   exact
e118_qmv_probe:     k_shuf8         vs base differing=0/20480 max_ulp=0 max_rel=0.000e+00  vs_double rel=4.960e-02 rms=3.139e-03   exact
e118_qmv_probe:     k_shuf16        vs base differing=0/20480 max_ulp=0 max_rel=0.000e+00  vs_double rel=4.960e-02 rms=3.139e-03   exact
e118_qmv_probe:     k_alu16w        vs base differing=0/20480 max_ulp=0 max_rel=0.000e+00  vs_double rel=4.960e-02 rms=3.139e-03   exact
e118_qmv_probe:     y_algebra       vs base differing=20460/20480 max_ulp=33254 max_rel=2.000e+00  vs_double rel=2.287e+01 rms=1.320e+00   (diagnostic arm, difference expected)
e118_qmv_probe:     y_hsum_tree     vs base differing=12852/20480 max_ulp=30911 max_rel=1.871e+00  vs_double rel=5.156e-02 rms=2.619e-03   (diagnostic arm, difference expected)
e118_qmv_probe:     n_halfsums      vs base differing=15350/20480 max_ulp=33284 max_rel=2.000e+00  vs_double rel=2.433e+01 rms=1.280e+00   (diagnostic arm, difference expected)
e118_qmv_probe:     x_sumshare_split vs base differing=0/20480 max_ulp=0 max_rel=0.000e+00  vs_double rel=4.960e-02 rms=3.139e-03   exact
e118_qmv_probe:     x_sumshare_owner vs base differing=0/20480 max_ulp=0 max_rel=0.000e+00  vs_double rel=4.960e-02 rms=3.139e-03   exact
e118_qmv_probe:     n_halfsums_free vs base differing=10226/20480 max_ulp=33069 max_rel=2.000e+00  vs_double rel=1.801e+01 rms=5.678e-01   (diagnostic arm, difference expected)
e118_qmv_probe:     x_sumshare_min  vs base differing=0/20480 max_ulp=0 max_rel=0.000e+00  vs_double rel=4.960e-02 rms=3.139e-03   exact
e118_qmv_probe:   fidelity M=5  base_vs_double max_rel=4.960e-02 rms=3.041e-03  base_nonfinite=0/25600
e118_qmv_probe:     q_scaffold      vs base differing=0/25600 max_ulp=0 max_rel=0.000e+00  vs_double rel=4.960e-02 rms=3.041e-03   exact
e118_qmv_probe:     s_bcast         vs base differing=25587/25600 max_ulp=33415 max_rel=2.000e+00  vs_double rel=1.297e+02 rms=2.331e+00   *** EXACTNESS FAILURE ***
e118_qmv_probe:       FIRST MISMATCH m=0 n=0 base=0xc089 arm=0x40b0
e118_qmv_probe:     s_bcast_all     vs base differing=25587/25600 max_ulp=33415 max_rel=2.000e+00  vs_double rel=1.297e+02 rms=2.331e+00   *** EXACTNESS FAILURE ***
e118_qmv_probe:       FIRST MISMATCH m=0 n=0 base=0xc089 arm=0x40b0
e118_qmv_probe:     s_bcast_scale   vs base differing=0/25600 max_ulp=0 max_rel=0.000e+00  vs_double rel=4.960e-02 rms=3.041e-03   exact
e118_qmv_probe:     p_split_meta    vs base differing=0/25600 max_ulp=0 max_rel=0.000e+00  vs_double rel=4.960e-02 rms=3.041e-03   exact
e118_qmv_probe:     g_pack32        vs base differing=0/25600 max_ulp=0 max_rel=0.000e+00  vs_double rel=4.960e-02 rms=3.041e-03   exact
e118_qmv_probe:     s_bcast_pack32  vs base differing=25588/25600 max_ulp=33415 max_rel=2.000e+00  vs_double rel=1.297e+02 rms=2.434e+00   *** EXACTNESS FAILURE ***
e118_qmv_probe:       FIRST MISMATCH m=0 n=0 base=0xc089 arm=0x40b0
e118_qmv_probe:     p_prefetch_w    vs base differing=25586/25600 max_ulp=33472 max_rel=2.000e+00  vs_double rel=5.730e+01 rms=3.442e+00   *** EXACTNESS FAILURE ***
e118_qmv_probe:       FIRST MISMATCH m=0 n=0 base=0xc089 arm=0x416c
e118_qmv_probe:     n_nosums        vs base differing=25600/25600 max_ulp=33647 max_rel=1.323e+00  vs_double rel=6.145e+02 rms=1.390e+01   (diagnostic arm, difference expected)
e118_qmv_probe:     l_loadonly      vs base differing=25563/25600 max_ulp=33102 max_rel=2.000e+00  vs_double rel=1.830e+01 rms=9.011e-01   (diagnostic arm, difference expected)
e118_qmv_probe:     n_nobias        vs base differing=25569/25600 max_ulp=33258 max_rel=2.000e+00  vs_double rel=2.297e+01 rms=1.244e+00   (diagnostic arm, difference expected)
e118_qmv_probe:     d_bias1         vs base differing=25600/25600 max_ulp=34603 max_rel=1.939e+00  vs_double rel=2.194e+04 rms=9.093e+02   (diagnostic arm, difference expected)
e118_qmv_probe:     e_bias6         vs base differing=0/25600 max_ulp=0 max_rel=0.000e+00  vs_double rel=4.960e-02 rms=3.041e-03   exact
e118_qmv_probe:     z_ballast       vs base differing=25588/25600 max_ulp=33537 max_rel=2.000e+00  vs_double rel=1.641e+02 rms=4.969e+00   *** EXACTNESS FAILURE ***
e118_qmv_probe:       FIRST MISMATCH m=0 n=0 base=0xc089 arm=0x41bb
e118_qmv_probe:     k_alu8          vs base differing=0/25600 max_ulp=0 max_rel=0.000e+00  vs_double rel=4.960e-02 rms=3.041e-03   exact
e118_qmv_probe:     k_alu16         vs base differing=0/25600 max_ulp=0 max_rel=0.000e+00  vs_double rel=4.960e-02 rms=3.041e-03   exact
e118_qmv_probe:     k_ld8           vs base differing=25587/25600 max_ulp=33505 max_rel=2.000e+00  vs_double rel=6.921e+01 rms=3.908e+00   *** EXACTNESS FAILURE ***
e118_qmv_probe:       FIRST MISMATCH m=0 n=0 base=0xc089 arm=0x416c
e118_qmv_probe:     k_ld16          vs base differing=25588/25600 max_ulp=33505 max_rel=2.000e+00  vs_double rel=6.921e+01 rms=3.325e+00   *** EXACTNESS FAILURE ***
e118_qmv_probe:       FIRST MISMATCH m=0 n=0 base=0xc089 arm=0x416c
e118_qmv_probe:     k_shuf8         vs base differing=0/25600 max_ulp=0 max_rel=0.000e+00  vs_double rel=4.960e-02 rms=3.041e-03   exact
e118_qmv_probe:     k_shuf16        vs base differing=0/25600 max_ulp=0 max_rel=0.000e+00  vs_double rel=4.960e-02 rms=3.041e-03   exact
e118_qmv_probe:     k_alu16w        vs base differing=0/25600 max_ulp=0 max_rel=0.000e+00  vs_double rel=4.960e-02 rms=3.041e-03   exact
e118_qmv_probe:     y_algebra       vs base differing=25571/25600 max_ulp=33254 max_rel=2.000e+00  vs_double rel=2.287e+01 rms=1.236e+00   (diagnostic arm, difference expected)
e118_qmv_probe:     y_hsum_tree     vs base differing=18191/25600 max_ulp=32756 max_rel=2.000e+00  vs_double rel=3.842e+00 rms=2.072e-01   (diagnostic arm, difference expected)
e118_qmv_probe:     n_halfsums      vs base differing=23020/25600 max_ulp=33395 max_rel=2.000e+00  vs_double rel=2.553e+01 rms=1.714e+00   (diagnostic arm, difference expected)
e118_qmv_probe:     x_sumshare_split vs base differing=15354/25600 max_ulp=33415 max_rel=2.000e+00  vs_double rel=1.297e+02 rms=2.125e+00   *** EXACTNESS FAILURE ***
e118_qmv_probe:       FIRST MISMATCH m=0 n=0 base=0xc089 arm=0x40b0
e118_qmv_probe:     x_sumshare_owner vs base differing=5119/25600 max_ulp=33415 max_rel=2.000e+00  vs_double rel=3.578e+01 rms=1.486e+00   *** EXACTNESS FAILURE ***
e118_qmv_probe:       FIRST MISMATCH m=1 n=0 base=0xc007 arm=0xc039
e118_qmv_probe:     n_halfsums_free vs base differing=10227/25600 max_ulp=33069 max_rel=2.000e+00  vs_double rel=1.801e+01 rms=5.290e-01   (diagnostic arm, difference expected)
e118_qmv_probe:     x_sumshare_min  vs base differing=0/25600 max_ulp=0 max_rel=0.000e+00  vs_double rel=4.960e-02 rms=3.041e-03   exact
e118_qmv_probe:   control q_scaffold      x_hit=2851 meta_hit=16 restored_diff=0
e118_qmv_probe:   control s_bcast         x_hit=2851 meta_hit=16 restored_diff=0
e118_qmv_probe:   control s_bcast_all     x_hit=2851 meta_hit=16 restored_diff=0
e118_qmv_probe:   control s_bcast_scale   x_hit=2851 meta_hit=16 restored_diff=0
e118_qmv_probe:   control p_split_meta    x_hit=2851 meta_hit=16 restored_diff=0
e118_qmv_probe:   control g_pack32        x_hit=2851 meta_hit=16 restored_diff=0
e118_qmv_probe:   control s_bcast_pack32  x_hit=2851 meta_hit=16 restored_diff=0
e118_qmv_probe:   control p_prefetch_w    x_hit=2851 meta_hit=16 restored_diff=0
e118_qmv_probe:   control e_bias6         x_hit=2851 meta_hit=16 restored_diff=0
e118_qmv_probe:   control z_ballast       x_hit=2851 meta_hit=16 restored_diff=0
e118_qmv_probe:   control k_alu8          x_hit=2851 meta_hit=16 restored_diff=0
e118_qmv_probe:   control k_alu16         x_hit=2851 meta_hit=16 restored_diff=0
e118_qmv_probe:   control k_ld8           x_hit=2851 meta_hit=16 restored_diff=0
e118_qmv_probe:   control k_ld16          x_hit=2851 meta_hit=16 restored_diff=0
e118_qmv_probe:   control k_shuf8         x_hit=2851 meta_hit=16 restored_diff=0
e118_qmv_probe:   control k_shuf16        x_hit=2851 meta_hit=16 restored_diff=0
e118_qmv_probe:   control k_alu16w        x_hit=2851 meta_hit=16 restored_diff=0
e118_qmv_probe:   control x_sumshare_split x_hit=2851 meta_hit=16 restored_diff=0
e118_qmv_probe:   control x_sumshare_owner x_hit=2851 meta_hit=16 restored_diff=0
e118_qmv_probe:   control x_sumshare_min  x_hit=2851 meta_hit=16 restored_diff=0
e118_qmv_probe:   mlp_down_k17408_n5120 M=2 block 0 inner=64  a_base=244.7us  q_scaffold=244.5us  s_bcast=272.4us  s_bcast_all=249.5us  s_bcast_scale=258.4us  p_split_meta=244.9us  g_pack32=240.2us  s_bcast_pack32=256.5us  p_prefetch_w=244.0us  n_nosums=241.6us  l_loadonly=213.7us  n_nobias=229.0us  d_bias1=240.1us  e_bias6=244.8us  z_ballast=246.2us  k_alu8=244.6us  k_alu16=246.2us  k_ld8=247.6us  k_ld16=286.0us  k_shuf8=249.8us  k_shuf16=268.6us  k_alu16w=247.6us  y_algebra=243.5us  y_hsum_tree=243.0us  n_halfsums=245.6us  x_sumshare_split=239.9us  x_sumshare_owner=238.9us  n_halfsums_free=243.3us  x_sumshare_min=239.6us
e118_qmv_probe:   mlp_down_k17408_n5120 M=2 block 1 inner=64  a_base=245.2us  q_scaffold=245.2us  s_bcast=273.8us  s_bcast_all=250.5us  s_bcast_scale=258.6us  p_split_meta=244.7us  g_pack32=240.9us  s_bcast_pack32=256.9us  p_prefetch_w=241.5us  n_nosums=238.5us  l_loadonly=212.1us  n_nobias=227.6us  d_bias1=238.5us  e_bias6=241.7us  z_ballast=246.1us  k_alu8=244.4us  k_alu16=243.9us  k_ld8=245.3us  k_ld16=284.6us  k_shuf8=249.0us  k_shuf16=264.5us  k_alu16w=245.6us  y_algebra=242.4us  y_hsum_tree=241.9us  n_halfsums=244.6us  x_sumshare_split=240.6us  x_sumshare_owner=239.7us  n_halfsums_free=243.8us  x_sumshare_min=239.2us
e118_qmv_probe:   mlp_down_k17408_n5120 M=2 block 2 inner=64  a_base=244.9us  q_scaffold=244.6us  s_bcast=274.5us  s_bcast_all=251.5us  s_bcast_scale=258.6us  p_split_meta=244.3us  g_pack32=241.7us  s_bcast_pack32=257.7us  p_prefetch_w=243.7us  n_nosums=239.3us  l_loadonly=213.9us  n_nobias=228.7us  d_bias1=238.8us  e_bias6=244.1us  z_ballast=248.0us  k_alu8=245.7us  k_alu16=246.9us  k_ld8=248.1us  k_ld16=285.8us  k_shuf8=249.3us  k_shuf16=267.6us  k_alu16w=247.2us  y_algebra=244.4us  y_hsum_tree=243.3us  n_halfsums=244.4us  x_sumshare_split=239.6us  x_sumshare_owner=238.8us  n_halfsums_free=241.9us  x_sumshare_min=238.9us
e118_qmv_probe:   mlp_down_k17408_n5120 M=2 block 3 inner=64  a_base=244.6us  q_scaffold=244.5us  s_bcast=274.1us  s_bcast_all=250.4us  s_bcast_scale=258.3us  p_split_meta=244.0us  g_pack32=240.4us  s_bcast_pack32=256.8us  p_prefetch_w=243.2us  n_nosums=240.3us  l_loadonly=213.5us  n_nobias=229.0us  d_bias1=239.0us  e_bias6=243.8us  z_ballast=247.3us  k_alu8=244.9us  k_alu16=246.3us  k_ld8=246.6us  k_ld16=286.7us  k_shuf8=250.4us  k_shuf16=266.9us  k_alu16w=247.2us  y_algebra=244.3us  y_hsum_tree=243.9us  n_halfsums=244.7us  x_sumshare_split=240.4us  x_sumshare_owner=239.8us  n_halfsums_free=242.5us  x_sumshare_min=239.5us
e118_qmv_probe:   mlp_down_k17408_n5120 M=2 block 4 inner=64  a_base=243.4us  q_scaffold=246.4us  s_bcast=274.8us  s_bcast_all=250.7us  s_bcast_scale=259.1us  p_split_meta=244.1us  g_pack32=240.6us  s_bcast_pack32=256.8us  p_prefetch_w=243.7us  n_nosums=240.2us  l_loadonly=213.6us  n_nobias=228.5us  d_bias1=239.8us  e_bias6=244.8us  z_ballast=248.5us  k_alu8=245.3us  k_alu16=245.9us  k_ld8=246.7us  k_ld16=286.2us  k_shuf8=250.6us  k_shuf16=267.5us  k_alu16w=245.9us  y_algebra=244.3us  y_hsum_tree=243.4us  n_halfsums=245.5us  x_sumshare_split=239.3us  x_sumshare_owner=239.8us  n_halfsums_free=243.0us  x_sumshare_min=239.4us
e118_qmv_probe:   mlp_down_k17408_n5120 M=2 block 5 inner=64  a_base=245.0us  q_scaffold=244.5us  s_bcast=272.9us  s_bcast_all=249.9us  s_bcast_scale=257.5us  p_split_meta=244.3us  g_pack32=241.7us  s_bcast_pack32=258.5us  p_prefetch_w=244.0us  n_nosums=241.3us  l_loadonly=214.1us  n_nobias=229.2us  d_bias1=240.6us  e_bias6=245.8us  z_ballast=250.4us  k_alu8=247.7us  k_alu16=249.0us  k_ld8=248.7us  k_ld16=286.5us  k_shuf8=247.1us  k_shuf16=265.8us  k_alu16w=243.9us  y_algebra=242.1us  y_hsum_tree=240.2us  n_halfsums=241.7us  x_sumshare_split=236.4us  x_sumshare_owner=235.5us  n_halfsums_free=238.9us  x_sumshare_min=235.9us
e118_qmv_probe:   mlp_down_k17408_n5120 M=2 block 6 inner=64  a_base=244.5us  q_scaffold=245.3us  s_bcast=274.7us  s_bcast_all=251.0us  s_bcast_scale=258.2us  p_split_meta=244.2us  g_pack32=241.4us  s_bcast_pack32=257.4us  p_prefetch_w=242.6us  n_nosums=240.2us  l_loadonly=213.8us  n_nobias=229.3us  d_bias1=238.8us  e_bias6=243.6us  z_ballast=247.7us  k_alu8=243.4us  k_alu16=245.0us  k_ld8=247.2us  k_ld16=285.1us  k_shuf8=250.3us  k_shuf16=268.8us  k_alu16w=247.1us  y_algebra=243.6us  y_hsum_tree=243.8us  n_halfsums=243.5us  x_sumshare_split=240.3us  x_sumshare_owner=239.8us  n_halfsums_free=242.4us  x_sumshare_min=239.2us
e118_qmv_probe:   mlp_down_k17408_n5120 M=2 block 7 inner=64  a_base=243.7us  q_scaffold=244.5us  s_bcast=274.5us  s_bcast_all=251.6us  s_bcast_scale=258.1us  p_split_meta=244.7us  g_pack32=240.7us  s_bcast_pack32=256.5us  p_prefetch_w=243.5us  n_nosums=240.0us  l_loadonly=213.4us  n_nobias=229.1us  d_bias1=240.1us  e_bias6=244.9us  z_ballast=248.5us  k_alu8=245.1us  k_alu16=245.8us  k_ld8=245.8us  k_ld16=284.8us  k_shuf8=250.1us  k_shuf16=265.2us  k_alu16w=246.6us  y_algebra=246.2us  y_hsum_tree=243.5us  n_halfsums=244.3us  x_sumshare_split=240.6us  x_sumshare_owner=239.5us  n_halfsums_free=243.2us  x_sumshare_min=239.4us
e118_qmv_probe:   mlp_down_k17408_n5120 M=2 thermal entry=63.2C exit=63.6C
e118_qmv_probe:   mlp_down_k17408_n5120 M=3 block 0 inner=23  a_base=256.8us  q_scaffold=257.6us  s_bcast=287.2us  s_bcast_all=271.2us  s_bcast_scale=276.1us  p_split_meta=259.4us  g_pack32=257.6us  s_bcast_pack32=266.4us  p_prefetch_w=244.3us  n_nosums=251.8us  l_loadonly=223.9us  n_nobias=244.5us  d_bias1=257.4us  e_bias6=266.8us  z_ballast=249.0us  k_alu8=246.3us  k_alu16=249.6us  k_ld8=254.8us  k_ld16=269.6us  k_shuf8=265.0us  k_shuf16=301.0us  k_alu16w=250.7us  y_algebra=262.7us  y_hsum_tree=252.9us  n_halfsums=257.4us  x_sumshare_split=260.9us  x_sumshare_owner=261.0us  n_halfsums_free=258.1us  x_sumshare_min=254.2us
e118_qmv_probe:   mlp_down_k17408_n5120 M=3 block 1 inner=23  a_base=257.9us  q_scaffold=257.8us  s_bcast=288.2us  s_bcast_all=272.0us  s_bcast_scale=277.4us  p_split_meta=259.2us  g_pack32=257.4us  s_bcast_pack32=265.9us  p_prefetch_w=244.4us  n_nosums=253.6us  l_loadonly=223.9us  n_nobias=243.8us  d_bias1=259.0us  e_bias6=271.3us  z_ballast=250.7us  k_alu8=248.3us  k_alu16=250.9us  k_ld8=254.3us  k_ld16=270.0us  k_shuf8=264.1us  k_shuf16=300.0us  k_alu16w=249.3us  y_algebra=260.9us  y_hsum_tree=250.8us  n_halfsums=256.0us  x_sumshare_split=258.9us  x_sumshare_owner=258.2us  n_halfsums_free=254.2us  x_sumshare_min=254.2us
e118_qmv_probe:   mlp_down_k17408_n5120 M=3 block 2 inner=23  a_base=258.4us  q_scaffold=258.9us  s_bcast=289.5us  s_bcast_all=271.1us  s_bcast_scale=275.9us  p_split_meta=257.8us  g_pack32=257.6us  s_bcast_pack32=266.2us  p_prefetch_w=246.2us  n_nosums=254.0us  l_loadonly=223.3us  n_nobias=244.6us  d_bias1=257.5us  e_bias6=270.9us  z_ballast=250.9us  k_alu8=246.8us  k_alu16=251.0us  k_ld8=255.1us  k_ld16=271.5us  k_shuf8=264.1us  k_shuf16=301.1us  k_alu16w=248.9us  y_algebra=261.9us  y_hsum_tree=252.6us  n_halfsums=254.2us  x_sumshare_split=257.6us  x_sumshare_owner=257.8us  n_halfsums_free=253.9us  x_sumshare_min=254.9us
e118_qmv_probe:   mlp_down_k17408_n5120 M=3 block 3 inner=23  a_base=260.1us  q_scaffold=259.4us  s_bcast=288.1us  s_bcast_all=273.5us  s_bcast_scale=276.6us  p_split_meta=259.7us  g_pack32=257.6us  s_bcast_pack32=267.6us  p_prefetch_w=246.2us  n_nosums=251.6us  l_loadonly=223.6us  n_nobias=244.4us  d_bias1=260.5us  e_bias6=272.7us  z_ballast=250.5us  k_alu8=249.3us  k_alu16=252.2us  k_ld8=257.6us  k_ld16=272.0us  k_shuf8=266.9us  k_shuf16=300.5us  k_alu16w=248.8us  y_algebra=262.8us  y_hsum_tree=254.7us  n_halfsums=256.1us  x_sumshare_split=260.7us  x_sumshare_owner=261.9us  n_halfsums_free=255.5us  x_sumshare_min=256.5us
e118_qmv_probe:   mlp_down_k17408_n5120 M=3 block 4 inner=23  a_base=258.5us  q_scaffold=259.2us  s_bcast=289.7us  s_bcast_all=272.8us  s_bcast_scale=278.5us  p_split_meta=258.0us  g_pack32=257.3us  s_bcast_pack32=264.6us  p_prefetch_w=243.0us  n_nosums=252.5us  l_loadonly=225.0us  n_nobias=245.3us  d_bias1=259.2us  e_bias6=271.0us  z_ballast=250.9us  k_alu8=249.4us  k_alu16=252.0us  k_ld8=258.4us  k_ld16=271.5us  k_shuf8=266.8us  k_shuf16=302.0us  k_alu16w=249.7us  y_algebra=263.2us  y_hsum_tree=253.4us  n_halfsums=256.3us  x_sumshare_split=260.3us  x_sumshare_owner=261.5us  n_halfsums_free=253.4us  x_sumshare_min=256.2us
e118_qmv_probe:   mlp_down_k17408_n5120 M=3 block 5 inner=23  a_base=258.7us  q_scaffold=258.1us  s_bcast=290.1us  s_bcast_all=272.7us  s_bcast_scale=277.6us  p_split_meta=258.9us  g_pack32=258.9us  s_bcast_pack32=268.5us  p_prefetch_w=245.3us  n_nosums=251.7us  l_loadonly=224.1us  n_nobias=245.7us  d_bias1=259.7us  e_bias6=272.3us  z_ballast=251.1us  k_alu8=249.4us  k_alu16=250.3us  k_ld8=255.1us  k_ld16=271.0us  k_shuf8=266.9us  k_shuf16=300.6us  k_alu16w=250.0us  y_algebra=262.7us  y_hsum_tree=253.7us  n_halfsums=256.6us  x_sumshare_split=259.2us  x_sumshare_owner=259.6us  n_halfsums_free=254.5us  x_sumshare_min=255.8us
e118_qmv_probe:   mlp_down_k17408_n5120 M=3 block 6 inner=23  a_base=258.8us  q_scaffold=258.8us  s_bcast=289.3us  s_bcast_all=272.0us  s_bcast_scale=278.6us  p_split_meta=258.5us  g_pack32=259.1us  s_bcast_pack32=266.3us  p_prefetch_w=245.4us  n_nosums=254.4us  l_loadonly=223.1us  n_nobias=244.3us  d_bias1=259.6us  e_bias6=271.0us  z_ballast=252.0us  k_alu8=249.1us  k_alu16=251.0us  k_ld8=256.3us  k_ld16=271.7us  k_shuf8=266.1us  k_shuf16=302.5us  k_alu16w=249.4us  y_algebra=261.3us  y_hsum_tree=254.6us  n_halfsums=256.8us  x_sumshare_split=260.0us  x_sumshare_owner=260.0us  n_halfsums_free=255.9us  x_sumshare_min=255.7us
e118_qmv_probe:   mlp_down_k17408_n5120 M=3 block 7 inner=23  a_base=258.7us  q_scaffold=257.7us  s_bcast=290.6us  s_bcast_all=272.1us  s_bcast_scale=277.6us  p_split_meta=260.3us  g_pack32=257.8us  s_bcast_pack32=266.9us  p_prefetch_w=244.6us  n_nosums=253.2us  l_loadonly=223.5us  n_nobias=243.8us  d_bias1=259.6us  e_bias6=273.5us  z_ballast=251.4us  k_alu8=248.3us  k_alu16=251.6us  k_ld8=255.8us  k_ld16=268.9us  k_shuf8=262.7us  k_shuf16=299.0us  k_alu16w=251.3us  y_algebra=261.3us  y_hsum_tree=253.3us  n_halfsums=255.9us  x_sumshare_split=260.0us  x_sumshare_owner=260.1us  n_halfsums_free=255.4us  x_sumshare_min=258.6us
e118_qmv_probe:   mlp_down_k17408_n5120 M=3 thermal entry=61.6C exit=80.3C
e118_qmv_probe:   mlp_down_k17408_n5120 M=4 block 0 inner=23  a_base=297.4us  q_scaffold=295.6us  s_bcast=342.9us  s_bcast_all=315.2us  s_bcast_scale=324.4us  p_split_meta=295.9us  g_pack32=293.1us  s_bcast_pack32=320.0us  p_prefetch_w=294.8us  n_nosums=273.6us  l_loadonly=225.3us  n_nobias=271.1us  d_bias1=298.2us  e_bias6=303.9us  z_ballast=306.2us  k_alu8=299.3us  k_alu16=298.7us  k_ld8=305.9us  k_ld16=318.0us  k_shuf8=312.7us  k_shuf16=335.3us  k_alu16w=302.5us  y_algebra=300.1us  y_hsum_tree=293.2us  n_halfsums=295.9us  x_sumshare_split=299.9us  x_sumshare_owner=321.9us  n_halfsums_free=289.6us  x_sumshare_min=283.2us
e118_qmv_probe:   mlp_down_k17408_n5120 M=4 block 1 inner=23  a_base=296.1us  q_scaffold=296.5us  s_bcast=343.3us  s_bcast_all=317.7us  s_bcast_scale=325.5us  p_split_meta=297.5us  g_pack32=294.8us  s_bcast_pack32=321.6us  p_prefetch_w=296.5us  n_nosums=273.5us  l_loadonly=225.5us  n_nobias=269.7us  d_bias1=298.8us  e_bias6=303.4us  z_ballast=306.4us  k_alu8=298.4us  k_alu16=300.8us  k_ld8=306.8us  k_ld16=320.6us  k_shuf8=316.5us  k_shuf16=336.4us  k_alu16w=303.2us  y_algebra=298.9us  y_hsum_tree=291.8us  n_halfsums=293.9us  x_sumshare_split=299.8us  x_sumshare_owner=321.2us  n_halfsums_free=291.7us  x_sumshare_min=285.6us
e118_qmv_probe:   mlp_down_k17408_n5120 M=4 block 2 inner=23  a_base=296.8us  q_scaffold=298.6us  s_bcast=344.1us  s_bcast_all=316.5us  s_bcast_scale=325.4us  p_split_meta=298.0us  g_pack32=293.0us  s_bcast_pack32=323.1us  p_prefetch_w=297.5us  n_nosums=275.9us  l_loadonly=226.7us  n_nobias=273.5us  d_bias1=300.6us  e_bias6=304.2us  z_ballast=306.9us  k_alu8=299.1us  k_alu16=301.8us  k_ld8=305.2us  k_ld16=320.0us  k_shuf8=315.8us  k_shuf16=337.9us  k_alu16w=305.0us  y_algebra=301.2us  y_hsum_tree=294.6us  n_halfsums=296.5us  x_sumshare_split=301.0us  x_sumshare_owner=324.1us  n_halfsums_free=291.0us  x_sumshare_min=285.6us
e118_qmv_probe:   mlp_down_k17408_n5120 M=4 block 3 inner=23  a_base=299.0us  q_scaffold=298.3us  s_bcast=345.1us  s_bcast_all=318.0us  s_bcast_scale=326.6us  p_split_meta=296.7us  g_pack32=293.0us  s_bcast_pack32=322.2us  p_prefetch_w=298.5us  n_nosums=275.9us  l_loadonly=226.3us  n_nobias=272.0us  d_bias1=300.4us  e_bias6=306.0us  z_ballast=309.0us  k_alu8=300.3us  k_alu16=302.2us  k_ld8=309.1us  k_ld16=319.7us  k_shuf8=315.2us  k_shuf16=335.9us  k_alu16w=305.2us  y_algebra=301.2us  y_hsum_tree=293.9us  n_halfsums=296.3us  x_sumshare_split=300.4us  x_sumshare_owner=322.5us  n_halfsums_free=290.9us  x_sumshare_min=285.6us
e118_qmv_probe:   mlp_down_k17408_n5120 M=4 block 4 inner=23  a_base=297.8us  q_scaffold=298.8us  s_bcast=345.6us  s_bcast_all=317.8us  s_bcast_scale=327.1us  p_split_meta=297.6us  g_pack32=293.2us  s_bcast_pack32=323.2us  p_prefetch_w=296.6us  n_nosums=275.1us  l_loadonly=226.9us  n_nobias=272.1us  d_bias1=299.7us  e_bias6=305.3us  z_ballast=306.3us  k_alu8=301.4us  k_alu16=301.9us  k_ld8=308.9us  k_ld16=319.7us  k_shuf8=315.0us  k_shuf16=336.6us  k_alu16w=304.9us  y_algebra=302.6us  y_hsum_tree=293.7us  n_halfsums=296.4us  x_sumshare_split=300.4us  x_sumshare_owner=322.4us  n_halfsums_free=290.8us  x_sumshare_min=287.0us
e118_qmv_probe:   mlp_down_k17408_n5120 M=4 block 5 inner=23  a_base=299.6us  q_scaffold=297.2us  s_bcast=343.6us  s_bcast_all=317.7us  s_bcast_scale=326.1us  p_split_meta=297.7us  g_pack32=294.4us  s_bcast_pack32=322.7us  p_prefetch_w=297.1us  n_nosums=275.3us  l_loadonly=226.7us  n_nobias=272.2us  d_bias1=299.7us  e_bias6=306.5us  z_ballast=306.6us  k_alu8=300.2us  k_alu16=302.4us  k_ld8=306.9us  k_ld16=319.1us  k_shuf8=315.9us  k_shuf16=336.4us  k_alu16w=303.2us  y_algebra=300.9us  y_hsum_tree=294.5us  n_halfsums=296.4us  x_sumshare_split=300.6us  x_sumshare_owner=323.2us  n_halfsums_free=291.6us  x_sumshare_min=285.2us
e118_qmv_probe:   mlp_down_k17408_n5120 M=4 block 6 inner=23  a_base=295.9us  q_scaffold=297.7us  s_bcast=342.5us  s_bcast_all=314.9us  s_bcast_scale=322.9us  p_split_meta=297.7us  g_pack32=293.7us  s_bcast_pack32=324.0us  p_prefetch_w=299.1us  n_nosums=275.1us  l_loadonly=227.2us  n_nobias=272.6us  d_bias1=300.6us  e_bias6=305.3us  z_ballast=307.7us  k_alu8=301.2us  k_alu16=302.6us  k_ld8=305.4us  k_ld16=319.9us  k_shuf8=314.7us  k_shuf16=338.1us  k_alu16w=304.3us  y_algebra=302.6us  y_hsum_tree=294.9us  n_halfsums=296.6us  x_sumshare_split=301.3us  x_sumshare_owner=324.6us  n_halfsums_free=291.7us  x_sumshare_min=285.7us
e118_qmv_probe:   mlp_down_k17408_n5120 M=4 block 7 inner=23  a_base=295.4us  q_scaffold=296.4us  s_bcast=342.2us  s_bcast_all=314.4us  s_bcast_scale=323.2us  p_split_meta=295.8us  g_pack32=293.4us  s_bcast_pack32=320.2us  p_prefetch_w=296.1us  n_nosums=271.9us  l_loadonly=227.4us  n_nobias=270.1us  d_bias1=295.7us  e_bias6=302.4us  z_ballast=304.1us  k_alu8=298.2us  k_alu16=299.8us  k_ld8=305.4us  k_ld16=315.8us  k_shuf8=312.5us  k_shuf16=335.5us  k_alu16w=299.5us  y_algebra=297.3us  y_hsum_tree=290.9us  n_halfsums=292.6us  x_sumshare_split=296.2us  x_sumshare_owner=317.4us  n_halfsums_free=286.8us  x_sumshare_min=282.7us
e118_qmv_probe:   mlp_down_k17408_n5120 M=4 thermal entry=61.1C exit=82.7C
e118_qmv_probe:   mlp_down_k17408_n5120 M=5 block 0 inner=19  a_base=343.0us  q_scaffold=345.9us  s_bcast=627.4us  s_bcast_all=452.4us  s_bcast_scale=364.0us  p_split_meta=345.4us  g_pack32=343.3us  s_bcast_pack32=568.8us  p_prefetch_w=612.7us  n_nosums=315.7us  l_loadonly=230.3us  n_nobias=308.0us  d_bias1=348.1us  e_bias6=352.8us  z_ballast=636.6us  k_alu8=366.3us  k_alu16=364.5us  k_ld8=681.3us  k_ld16=693.8us  k_shuf8=383.9us  k_shuf16=395.1us  k_alu16w=377.5us  y_algebra=356.8us  y_hsum_tree=349.2us  n_halfsums=355.6us  x_sumshare_split=364.2us  x_sumshare_owner=367.0us  n_halfsums_free=333.6us  x_sumshare_min=422.5us
e118_qmv_probe:   mlp_down_k17408_n5120 M=5 block 1 inner=19  a_base=343.3us  q_scaffold=342.0us  s_bcast=630.8us  s_bcast_all=451.0us  s_bcast_scale=364.7us  p_split_meta=343.4us  g_pack32=345.7us  s_bcast_pack32=565.2us  p_prefetch_w=607.2us  n_nosums=317.5us  l_loadonly=231.9us  n_nobias=309.2us  d_bias1=350.9us  e_bias6=353.0us  z_ballast=636.4us  k_alu8=366.3us  k_alu16=365.6us  k_ld8=676.4us  k_ld16=694.5us  k_shuf8=382.6us  k_shuf16=395.9us  k_alu16w=378.6us  y_algebra=357.7us  y_hsum_tree=347.5us  n_halfsums=355.5us  x_sumshare_split=364.3us  x_sumshare_owner=368.2us  n_halfsums_free=334.5us  x_sumshare_min=422.9us
e118_qmv_probe:   mlp_down_k17408_n5120 M=5 block 2 inner=19  a_base=343.6us  q_scaffold=342.4us  s_bcast=628.8us  s_bcast_all=451.6us  s_bcast_scale=363.3us  p_split_meta=345.0us  g_pack32=342.9us  s_bcast_pack32=564.4us  p_prefetch_w=611.3us  n_nosums=315.7us  l_loadonly=231.9us  n_nobias=307.5us  d_bias1=350.1us  e_bias6=355.3us  z_ballast=634.0us  k_alu8=363.6us  k_alu16=366.2us  k_ld8=673.3us  k_ld16=690.1us  k_shuf8=385.7us  k_shuf16=398.8us  k_alu16w=378.0us  y_algebra=358.9us  y_hsum_tree=347.6us  n_halfsums=352.6us  x_sumshare_split=361.8us  x_sumshare_owner=367.8us  n_halfsums_free=333.7us  x_sumshare_min=426.2us
e118_qmv_probe:   mlp_down_k17408_n5120 M=5 block 3 inner=19  a_base=344.4us  q_scaffold=344.3us  s_bcast=625.3us  s_bcast_all=452.7us  s_bcast_scale=362.9us  p_split_meta=345.7us  g_pack32=341.4us  s_bcast_pack32=567.4us  p_prefetch_w=609.3us  n_nosums=315.6us  l_loadonly=231.2us  n_nobias=308.8us  d_bias1=351.3us  e_bias6=352.7us  z_ballast=638.7us  k_alu8=364.7us  k_alu16=364.7us  k_ld8=675.4us  k_ld16=692.5us  k_shuf8=384.7us  k_shuf16=395.7us  k_alu16w=377.8us  y_algebra=357.3us  y_hsum_tree=349.9us  n_halfsums=357.4us  x_sumshare_split=364.1us  x_sumshare_owner=368.0us  n_halfsums_free=334.6us  x_sumshare_min=425.5us
e118_qmv_probe:   mlp_down_k17408_n5120 M=5 block 4 inner=19  a_base=342.7us  q_scaffold=342.8us  s_bcast=624.7us  s_bcast_all=453.2us  s_bcast_scale=363.5us  p_split_meta=343.8us  g_pack32=341.9us  s_bcast_pack32=567.2us  p_prefetch_w=608.8us  n_nosums=314.1us  l_loadonly=230.3us  n_nobias=306.5us  d_bias1=348.2us  e_bias6=349.3us  z_ballast=631.8us  k_alu8=364.1us  k_alu16=364.6us  k_ld8=670.3us  k_ld16=689.3us  k_shuf8=383.1us  k_shuf16=395.4us  k_alu16w=376.3us  y_algebra=357.0us  y_hsum_tree=348.6us  n_halfsums=355.6us  x_sumshare_split=360.1us  x_sumshare_owner=367.2us  n_halfsums_free=329.6us  x_sumshare_min=420.2us
e118_qmv_probe:   mlp_down_k17408_n5120 M=5 block 5 inner=19  a_base=343.0us  q_scaffold=339.7us  s_bcast=624.8us  s_bcast_all=449.4us  s_bcast_scale=361.3us  p_split_meta=342.6us  g_pack32=341.3us  s_bcast_pack32=565.9us  p_prefetch_w=607.8us  n_nosums=312.5us  l_loadonly=229.8us  n_nobias=303.0us  d_bias1=346.8us  e_bias6=351.2us  z_ballast=634.1us  k_alu8=363.9us  k_alu16=363.1us  k_ld8=672.0us  k_ld16=689.7us  k_shuf8=380.1us  k_shuf16=394.6us  k_alu16w=375.5us  y_algebra=355.8us  y_hsum_tree=348.2us  n_halfsums=354.3us  x_sumshare_split=361.3us  x_sumshare_owner=365.5us  n_halfsums_free=331.1us  x_sumshare_min=423.0us
e118_qmv_probe:   mlp_down_k17408_n5120 M=5 block 6 inner=19  a_base=343.4us  q_scaffold=343.9us  s_bcast=629.1us  s_bcast_all=451.3us  s_bcast_scale=362.6us  p_split_meta=345.5us  g_pack32=343.2us  s_bcast_pack32=566.6us  p_prefetch_w=612.0us  n_nosums=315.3us  l_loadonly=230.9us  n_nobias=311.2us  d_bias1=348.7us  e_bias6=353.0us  z_ballast=633.1us  k_alu8=365.5us  k_alu16=365.6us  k_ld8=678.7us  k_ld16=689.6us  k_shuf8=382.2us  k_shuf16=396.6us  k_alu16w=379.1us  y_algebra=356.0us  y_hsum_tree=348.1us  n_halfsums=357.0us  x_sumshare_split=362.2us  x_sumshare_owner=365.6us  n_halfsums_free=332.4us  x_sumshare_min=423.2us
e118_qmv_probe:   mlp_down_k17408_n5120 M=5 block 7 inner=19  a_base=346.2us  q_scaffold=346.2us  s_bcast=628.8us  s_bcast_all=454.1us  s_bcast_scale=365.3us  p_split_meta=344.9us  g_pack32=342.3us  s_bcast_pack32=566.3us  p_prefetch_w=610.7us  n_nosums=315.8us  l_loadonly=231.3us  n_nobias=304.9us  d_bias1=347.9us  e_bias6=349.7us  z_ballast=637.7us  k_alu8=365.7us  k_alu16=363.0us  k_ld8=673.0us  k_ld16=693.8us  k_shuf8=381.2us  k_shuf16=400.2us  k_alu16w=380.4us  y_algebra=358.3us  y_hsum_tree=350.6us  n_halfsums=356.7us  x_sumshare_split=363.3us  x_sumshare_owner=369.3us  n_halfsums_free=334.2us  x_sumshare_min=425.1us
e118_qmv_probe:   mlp_down_k17408_n5120 M=5 thermal entry=61.7C exit=65.8C
e118_qmv_probe: shape lm_head_k5120_n248320  w=635.7MB
e118_qmv_probe:   fidelity M=2  base_vs_double max_rel=1.711e-01 rms=3.077e-03  base_nonfinite=0/496640
e118_qmv_probe:     q_scaffold      vs base differing=0/496640 max_ulp=0 max_rel=0.000e+00  vs_double rel=1.711e-01 rms=3.077e-03   exact
e118_qmv_probe:     s_bcast         vs base differing=0/496640 max_ulp=0 max_rel=0.000e+00  vs_double rel=1.711e-01 rms=3.077e-03   exact
e118_qmv_probe:     s_bcast_all     vs base differing=0/496640 max_ulp=0 max_rel=0.000e+00  vs_double rel=1.711e-01 rms=3.077e-03   exact
e118_qmv_probe:     s_bcast_scale   vs base differing=0/496640 max_ulp=0 max_rel=0.000e+00  vs_double rel=1.711e-01 rms=3.077e-03   exact
e118_qmv_probe:     p_split_meta    vs base differing=0/496640 max_ulp=0 max_rel=0.000e+00  vs_double rel=1.711e-01 rms=3.077e-03   exact
e118_qmv_probe:     g_pack32        vs base differing=0/496640 max_ulp=0 max_rel=0.000e+00  vs_double rel=1.711e-01 rms=3.077e-03   exact
e118_qmv_probe:     s_bcast_pack32  vs base differing=0/496640 max_ulp=0 max_rel=0.000e+00  vs_double rel=1.711e-01 rms=3.077e-03   exact
e118_qmv_probe:     p_prefetch_w    vs base differing=0/496640 max_ulp=0 max_rel=0.000e+00  vs_double rel=1.711e-01 rms=3.077e-03   exact
e118_qmv_probe:     n_nosums        vs base differing=496640/496640 max_ulp=33366 max_rel=1.802e+00  vs_double rel=5.444e+02 rms=9.891e+00   (diagnostic arm, difference expected)
e118_qmv_probe:     l_loadonly      vs base differing=495611/496640 max_ulp=32836 max_rel=2.000e+00  vs_double rel=2.917e+01 rms=8.423e-01   (diagnostic arm, difference expected)
e118_qmv_probe:     n_nobias        vs base differing=495949/496640 max_ulp=32944 max_rel=2.000e+00  vs_double rel=5.236e+01 rms=1.392e+00   (diagnostic arm, difference expected)
e118_qmv_probe:     d_bias1         vs base differing=496638/496640 max_ulp=34390 max_rel=2.000e+00  vs_double rel=2.156e+04 rms=9.156e+02   (diagnostic arm, difference expected)
e118_qmv_probe:     e_bias6         vs base differing=0/496640 max_ulp=0 max_rel=0.000e+00  vs_double rel=1.711e-01 rms=3.077e-03   exact
e118_qmv_probe:     z_ballast       vs base differing=0/496640 max_ulp=0 max_rel=0.000e+00  vs_double rel=1.711e-01 rms=3.077e-03   exact
e118_qmv_probe:     k_alu8          vs base differing=0/496640 max_ulp=0 max_rel=0.000e+00  vs_double rel=1.711e-01 rms=3.077e-03   exact
e118_qmv_probe:     k_alu16         vs base differing=0/496640 max_ulp=0 max_rel=0.000e+00  vs_double rel=1.711e-01 rms=3.077e-03   exact
e118_qmv_probe:     k_ld8           vs base differing=0/496640 max_ulp=0 max_rel=0.000e+00  vs_double rel=1.711e-01 rms=3.077e-03   exact
e118_qmv_probe:     k_ld16          vs base differing=0/496640 max_ulp=0 max_rel=0.000e+00  vs_double rel=1.711e-01 rms=3.077e-03   exact
e118_qmv_probe:     k_shuf8         vs base differing=0/496640 max_ulp=0 max_rel=0.000e+00  vs_double rel=1.711e-01 rms=3.077e-03   exact
e118_qmv_probe:     k_shuf16        vs base differing=0/496640 max_ulp=0 max_rel=0.000e+00  vs_double rel=1.711e-01 rms=3.077e-03   exact
e118_qmv_probe:     k_alu16w        vs base differing=0/496640 max_ulp=0 max_rel=0.000e+00  vs_double rel=1.711e-01 rms=3.077e-03   exact
e118_qmv_probe:     y_algebra       vs base differing=495951/496640 max_ulp=32941 max_rel=2.000e+00  vs_double rel=5.208e+01 rms=1.384e+00   (diagnostic arm, difference expected)
e118_qmv_probe:     y_hsum_tree     vs base differing=341613/496640 max_ulp=30795 max_rel=2.000e+00  vs_double rel=3.142e-01 rms=6.608e-03   (diagnostic arm, difference expected)
e118_qmv_probe:     n_halfsums      vs base differing=247968/496640 max_ulp=32944 max_rel=2.000e+00  vs_double rel=1.507e+01 rms=1.022e+00   (diagnostic arm, difference expected)
e118_qmv_probe:     x_sumshare_split vs base differing=0/496640 max_ulp=0 max_rel=0.000e+00  vs_double rel=1.711e-01 rms=3.077e-03   exact
e118_qmv_probe:     x_sumshare_owner vs base differing=0/496640 max_ulp=0 max_rel=0.000e+00  vs_double rel=1.711e-01 rms=3.077e-03   exact
e118_qmv_probe:     n_halfsums_free vs base differing=247986/496640 max_ulp=32925 max_rel=2.000e+00  vs_double rel=5.236e+01 rms=1.054e+00   (diagnostic arm, difference expected)
e118_qmv_probe:     x_sumshare_min  vs base differing=0/496640 max_ulp=0 max_rel=0.000e+00  vs_double rel=1.711e-01 rms=3.077e-03   exact
e118_qmv_probe:   fidelity M=3  base_vs_double max_rel=1.711e-01 rms=3.408e-03  base_nonfinite=0/744960
e118_qmv_probe:     q_scaffold      vs base differing=0/744960 max_ulp=0 max_rel=0.000e+00  vs_double rel=1.711e-01 rms=3.408e-03   exact
e118_qmv_probe:     s_bcast         vs base differing=0/744960 max_ulp=0 max_rel=0.000e+00  vs_double rel=1.711e-01 rms=3.408e-03   exact
e118_qmv_probe:     s_bcast_all     vs base differing=0/744960 max_ulp=0 max_rel=0.000e+00  vs_double rel=1.711e-01 rms=3.408e-03   exact
e118_qmv_probe:     s_bcast_scale   vs base differing=0/744960 max_ulp=0 max_rel=0.000e+00  vs_double rel=1.711e-01 rms=3.408e-03   exact
e118_qmv_probe:     p_split_meta    vs base differing=0/744960 max_ulp=0 max_rel=0.000e+00  vs_double rel=1.711e-01 rms=3.408e-03   exact
e118_qmv_probe:     g_pack32        vs base differing=0/744960 max_ulp=0 max_rel=0.000e+00  vs_double rel=1.711e-01 rms=3.408e-03   exact
e118_qmv_probe:     s_bcast_pack32  vs base differing=0/744960 max_ulp=0 max_rel=0.000e+00  vs_double rel=1.711e-01 rms=3.408e-03   exact
e118_qmv_probe:     p_prefetch_w    vs base differing=0/744960 max_ulp=0 max_rel=0.000e+00  vs_double rel=1.711e-01 rms=3.408e-03   exact
e118_qmv_probe:     n_nosums        vs base differing=744960/744960 max_ulp=33366 max_rel=1.891e+00  vs_double rel=5.444e+02 rms=9.999e+00   (diagnostic arm, difference expected)
e118_qmv_probe:     l_loadonly      vs base differing=743753/744960 max_ulp=32940 max_rel=2.000e+00  vs_double rel=3.855e+01 rms=1.165e+00   (diagnostic arm, difference expected)
e118_qmv_probe:     n_nobias        vs base differing=743987/744960 max_ulp=32951 max_rel=2.000e+00  vs_double rel=5.236e+01 rms=1.406e+00   (diagnostic arm, difference expected)
e118_qmv_probe:     d_bias1         vs base differing=744958/744960 max_ulp=34390 max_rel=2.000e+00  vs_double rel=4.578e+04 rms=9.654e+02   (diagnostic arm, difference expected)
e118_qmv_probe:     e_bias6         vs base differing=0/744960 max_ulp=0 max_rel=0.000e+00  vs_double rel=1.711e-01 rms=3.408e-03   exact
e118_qmv_probe:     z_ballast       vs base differing=0/744960 max_ulp=0 max_rel=0.000e+00  vs_double rel=1.711e-01 rms=3.408e-03   exact
e118_qmv_probe:     k_alu8          vs base differing=0/744960 max_ulp=0 max_rel=0.000e+00  vs_double rel=1.711e-01 rms=3.408e-03   exact
e118_qmv_probe:     k_alu16         vs base differing=0/744960 max_ulp=0 max_rel=0.000e+00  vs_double rel=1.711e-01 rms=3.408e-03   exact
e118_qmv_probe:     k_ld8           vs base differing=0/744960 max_ulp=0 max_rel=0.000e+00  vs_double rel=1.711e-01 rms=3.408e-03   exact
e118_qmv_probe:     k_ld16          vs base differing=0/744960 max_ulp=0 max_rel=0.000e+00  vs_double rel=1.711e-01 rms=3.408e-03   exact
e118_qmv_probe:     k_shuf8         vs base differing=0/744960 max_ulp=0 max_rel=0.000e+00  vs_double rel=1.711e-01 rms=3.408e-03   exact
e118_qmv_probe:     k_shuf16        vs base differing=0/744960 max_ulp=0 max_rel=0.000e+00  vs_double rel=1.711e-01 rms=3.408e-03   exact
e118_qmv_probe:     k_alu16w        vs base differing=0/744960 max_ulp=0 max_rel=0.000e+00  vs_double rel=1.711e-01 rms=3.408e-03   exact
e118_qmv_probe:     y_algebra       vs base differing=743987/744960 max_ulp=32948 max_rel=2.000e+00  vs_double rel=5.208e+01 rms=1.397e+00   (diagnostic arm, difference expected)
e118_qmv_probe:     y_hsum_tree     vs base differing=494054/744960 max_ulp=30795 max_rel=2.000e+00  vs_double rel=3.142e-01 rms=6.262e-03   (diagnostic arm, difference expected)
e118_qmv_probe:     n_halfsums      vs base differing=372005/744960 max_ulp=32944 max_rel=2.000e+00  vs_double rel=5.236e+01 rms=9.570e-01   (diagnostic arm, difference expected)
e118_qmv_probe:     x_sumshare_split vs base differing=0/744960 max_ulp=0 max_rel=0.000e+00  vs_double rel=1.711e-01 rms=3.408e-03   exact
e118_qmv_probe:     x_sumshare_owner vs base differing=0/744960 max_ulp=0 max_rel=0.000e+00  vs_double rel=1.711e-01 rms=3.408e-03   exact
e118_qmv_probe:     n_halfsums_free vs base differing=248038/744960 max_ulp=32951 max_rel=2.000e+00  vs_double rel=4.243e+01 rms=7.524e-01   (diagnostic arm, difference expected)
e118_qmv_probe:     x_sumshare_min  vs base differing=0/744960 max_ulp=0 max_rel=0.000e+00  vs_double rel=1.711e-01 rms=3.408e-03   exact
e118_qmv_probe:   fidelity M=4  base_vs_double max_rel=1.711e-01 rms=3.085e-03  base_nonfinite=0/993280
e118_qmv_probe:     q_scaffold      vs base differing=0/993280 max_ulp=0 max_rel=0.000e+00  vs_double rel=1.711e-01 rms=3.085e-03   exact
e118_qmv_probe:     s_bcast         vs base differing=0/993280 max_ulp=0 max_rel=0.000e+00  vs_double rel=1.711e-01 rms=3.085e-03   exact
e118_qmv_probe:     s_bcast_all     vs base differing=0/993280 max_ulp=0 max_rel=0.000e+00  vs_double rel=1.711e-01 rms=3.085e-03   exact
e118_qmv_probe:     s_bcast_scale   vs base differing=0/993280 max_ulp=0 max_rel=0.000e+00  vs_double rel=1.711e-01 rms=3.085e-03   exact
e118_qmv_probe:     p_split_meta    vs base differing=0/993280 max_ulp=0 max_rel=0.000e+00  vs_double rel=1.711e-01 rms=3.085e-03   exact
e118_qmv_probe:     g_pack32        vs base differing=0/993280 max_ulp=0 max_rel=0.000e+00  vs_double rel=1.711e-01 rms=3.085e-03   exact
e118_qmv_probe:     s_bcast_pack32  vs base differing=0/993280 max_ulp=0 max_rel=0.000e+00  vs_double rel=1.711e-01 rms=3.085e-03   exact
e118_qmv_probe:     p_prefetch_w    vs base differing=0/993280 max_ulp=0 max_rel=0.000e+00  vs_double rel=1.711e-01 rms=3.085e-03   exact
e118_qmv_probe:     n_nosums        vs base differing=993280/993280 max_ulp=33366 max_rel=1.891e+00  vs_double rel=5.444e+02 rms=9.238e+00   (diagnostic arm, difference expected)
e118_qmv_probe:     l_loadonly      vs base differing=991722/993280 max_ulp=32940 max_rel=2.000e+00  vs_double rel=3.855e+01 rms=1.046e+00   (diagnostic arm, difference expected)
e118_qmv_probe:     n_nobias        vs base differing=991867/993280 max_ulp=32951 max_rel=2.000e+00  vs_double rel=5.236e+01 rms=1.188e+00   (diagnostic arm, difference expected)
e118_qmv_probe:     d_bias1         vs base differing=993277/993280 max_ulp=34390 max_rel=2.000e+00  vs_double rel=4.578e+04 rms=8.308e+02   (diagnostic arm, difference expected)
e118_qmv_probe:     e_bias6         vs base differing=0/993280 max_ulp=0 max_rel=0.000e+00  vs_double rel=1.711e-01 rms=3.085e-03   exact
e118_qmv_probe:     z_ballast       vs base differing=0/993280 max_ulp=0 max_rel=0.000e+00  vs_double rel=1.711e-01 rms=3.085e-03   exact
e118_qmv_probe:     k_alu8          vs base differing=0/993280 max_ulp=0 max_rel=0.000e+00  vs_double rel=1.711e-01 rms=3.085e-03   exact
e118_qmv_probe:     k_alu16         vs base differing=0/993280 max_ulp=0 max_rel=0.000e+00  vs_double rel=1.711e-01 rms=3.085e-03   exact
e118_qmv_probe:     k_ld8           vs base differing=0/993280 max_ulp=0 max_rel=0.000e+00  vs_double rel=1.711e-01 rms=3.085e-03   exact
e118_qmv_probe:     k_ld16          vs base differing=0/993280 max_ulp=0 max_rel=0.000e+00  vs_double rel=1.711e-01 rms=3.085e-03   exact
e118_qmv_probe:     k_shuf8         vs base differing=0/993280 max_ulp=0 max_rel=0.000e+00  vs_double rel=1.711e-01 rms=3.085e-03   exact
e118_qmv_probe:     k_shuf16        vs base differing=0/993280 max_ulp=0 max_rel=0.000e+00  vs_double rel=1.711e-01 rms=3.085e-03   exact
e118_qmv_probe:     k_alu16w        vs base differing=0/993280 max_ulp=0 max_rel=0.000e+00  vs_double rel=1.711e-01 rms=3.085e-03   exact
e118_qmv_probe:     y_algebra       vs base differing=991873/993280 max_ulp=32948 max_rel=2.000e+00  vs_double rel=5.208e+01 rms=1.180e+00   (diagnostic arm, difference expected)
e118_qmv_probe:     y_hsum_tree     vs base differing=691376/993280 max_ulp=30805 max_rel=2.000e+00  vs_double rel=3.142e-01 rms=5.589e-03   (diagnostic arm, difference expected)
e118_qmv_probe:     n_halfsums      vs base differing=744208/993280 max_ulp=33198 max_rel=2.000e+00  vs_double rel=7.727e+01 rms=1.700e+00   (diagnostic arm, difference expected)
e118_qmv_probe:     x_sumshare_split vs base differing=0/993280 max_ulp=0 max_rel=0.000e+00  vs_double rel=1.711e-01 rms=3.085e-03   exact
e118_qmv_probe:     x_sumshare_owner vs base differing=0/993280 max_ulp=0 max_rel=0.000e+00  vs_double rel=1.711e-01 rms=3.085e-03   exact
e118_qmv_probe:     n_halfsums_free vs base differing=495918/993280 max_ulp=32951 max_rel=2.000e+00  vs_double rel=4.243e+01 rms=7.175e-01   (diagnostic arm, difference expected)
e118_qmv_probe:     x_sumshare_min  vs base differing=0/993280 max_ulp=0 max_rel=0.000e+00  vs_double rel=1.711e-01 rms=3.085e-03   exact
e118_qmv_probe:   fidelity M=5  base_vs_double max_rel=1.711e-01 rms=3.125e-03  base_nonfinite=0/1241600
e118_qmv_probe:     q_scaffold      vs base differing=0/1241600 max_ulp=0 max_rel=0.000e+00  vs_double rel=1.711e-01 rms=3.125e-03   exact
e118_qmv_probe:     s_bcast         vs base differing=1241288/1241600 max_ulp=33263 max_rel=2.000e+00  vs_double rel=1.820e+02 rms=3.628e+00   *** EXACTNESS FAILURE ***
e118_qmv_probe:       FIRST MISMATCH m=0 n=0 base=0xbd22 arm=0x4076
e118_qmv_probe:     s_bcast_all     vs base differing=1241288/1241600 max_ulp=33263 max_rel=2.000e+00  vs_double rel=1.820e+02 rms=3.628e+00   *** EXACTNESS FAILURE ***
e118_qmv_probe:       FIRST MISMATCH m=0 n=0 base=0xbd22 arm=0x4076
e118_qmv_probe:     s_bcast_scale   vs base differing=0/1241600 max_ulp=0 max_rel=0.000e+00  vs_double rel=1.711e-01 rms=3.125e-03   exact
e118_qmv_probe:     p_split_meta    vs base differing=0/1241600 max_ulp=0 max_rel=0.000e+00  vs_double rel=1.711e-01 rms=3.125e-03   exact
e118_qmv_probe:     g_pack32        vs base differing=0/1241600 max_ulp=0 max_rel=0.000e+00  vs_double rel=1.711e-01 rms=3.125e-03   exact
e118_qmv_probe:     s_bcast_pack32  vs base differing=1241352/1241600 max_ulp=33263 max_rel=2.000e+00  vs_double rel=1.820e+02 rms=3.766e+00   *** EXACTNESS FAILURE ***
e118_qmv_probe:       FIRST MISMATCH m=0 n=0 base=0xbd22 arm=0x4076
e118_qmv_probe:     p_prefetch_w    vs base differing=1241099/1241600 max_ulp=33216 max_rel=2.000e+00  vs_double rel=2.125e+02 rms=3.357e+00   *** EXACTNESS FAILURE ***
e118_qmv_probe:       FIRST MISMATCH m=0 n=0 base=0xbd22 arm=0xc10b
e118_qmv_probe:     n_nosums        vs base differing=1241600/1241600 max_ulp=33366 max_rel=1.891e+00  vs_double rel=5.444e+02 rms=9.217e+00   (diagnostic arm, difference expected)
e118_qmv_probe:     l_loadonly      vs base differing=1239774/1241600 max_ulp=32940 max_rel=2.000e+00  vs_double rel=3.855e+01 rms=1.077e+00   (diagnostic arm, difference expected)
e118_qmv_probe:     n_nobias        vs base differing=1239751/1241600 max_ulp=32951 max_rel=2.000e+00  vs_double rel=5.236e+01 rms=1.144e+00   (diagnostic arm, difference expected)
e118_qmv_probe:     d_bias1         vs base differing=1241594/1241600 max_ulp=34390 max_rel=2.000e+00  vs_double rel=4.578e+04 rms=7.817e+02   (diagnostic arm, difference expected)
e118_qmv_probe:     e_bias6         vs base differing=0/1241600 max_ulp=0 max_rel=0.000e+00  vs_double rel=1.711e-01 rms=3.125e-03   exact
e118_qmv_probe:     z_ballast       vs base differing=1240933/1241600 max_ulp=33216 max_rel=2.000e+00  vs_double rel=1.718e+02 rms=3.109e+00   *** EXACTNESS FAILURE ***
e118_qmv_probe:       FIRST MISMATCH m=0 n=0 base=0xbd22 arm=0xc0e1
e118_qmv_probe:     k_alu8          vs base differing=0/1241600 max_ulp=0 max_rel=0.000e+00  vs_double rel=1.711e-01 rms=3.125e-03   exact
e118_qmv_probe:     k_alu16         vs base differing=0/1241600 max_ulp=0 max_rel=0.000e+00  vs_double rel=1.711e-01 rms=3.125e-03   exact
e118_qmv_probe:     k_ld8           vs base differing=1240986/1241600 max_ulp=33216 max_rel=2.000e+00  vs_double rel=2.125e+02 rms=3.141e+00   *** EXACTNESS FAILURE ***
e118_qmv_probe:       FIRST MISMATCH m=0 n=0 base=0xbd22 arm=0xc10b
e118_qmv_probe:     k_ld16          vs base differing=1241022/1241600 max_ulp=33216 max_rel=2.000e+00  vs_double rel=2.125e+02 rms=3.180e+00   *** EXACTNESS FAILURE ***
e118_qmv_probe:       FIRST MISMATCH m=0 n=0 base=0xbd22 arm=0xc10b
e118_qmv_probe:     k_shuf8         vs base differing=0/1241600 max_ulp=0 max_rel=0.000e+00  vs_double rel=1.711e-01 rms=3.125e-03   exact
e118_qmv_probe:     k_shuf16        vs base differing=0/1241600 max_ulp=0 max_rel=0.000e+00  vs_double rel=1.711e-01 rms=3.125e-03   exact
e118_qmv_probe:     k_alu16w        vs base differing=0/1241600 max_ulp=0 max_rel=0.000e+00  vs_double rel=1.711e-01 rms=3.125e-03   exact
e118_qmv_probe:     y_algebra       vs base differing=1239756/1241600 max_ulp=32948 max_rel=2.000e+00  vs_double rel=5.208e+01 rms=1.137e+00   (diagnostic arm, difference expected)
e118_qmv_probe:     y_hsum_tree     vs base differing=981409/1241600 max_ulp=32513 max_rel=2.000e+00  vs_double rel=1.710e+01 rms=1.496e-01   (diagnostic arm, difference expected)
e118_qmv_probe:     n_halfsums      vs base differing=1116423/1241600 max_ulp=33263 max_rel=2.000e+00  vs_double rel=9.548e+01 rms=2.765e+00   (diagnostic arm, difference expected)
e118_qmv_probe:     x_sumshare_split vs base differing=744791/1241600 max_ulp=33263 max_rel=2.000e+00  vs_double rel=1.820e+02 rms=3.043e+00   *** EXACTNESS FAILURE ***
e118_qmv_probe:       FIRST MISMATCH m=0 n=0 base=0xbd22 arm=0x4076
e118_qmv_probe:     x_sumshare_owner vs base differing=248313/1241600 max_ulp=33195 max_rel=2.000e+00  vs_double rel=1.820e+02 rms=1.752e+00   *** EXACTNESS FAILURE ***
e118_qmv_probe:       FIRST MISMATCH m=1 n=0 base=0x3fc3 arm=0x402f
e118_qmv_probe:     n_halfsums_free vs base differing=495764/1241600 max_ulp=32850 max_rel=2.000e+00  vs_double rel=7.276e+00 rms=5.766e-01   (diagnostic arm, difference expected)
e118_qmv_probe:     x_sumshare_min  vs base differing=0/1241600 max_ulp=0 max_rel=0.000e+00  vs_double rel=1.711e-01 rms=3.125e-03   exact
e118_qmv_probe:   control q_scaffold      x_hit=177004 meta_hit=16 restored_diff=0
e118_qmv_probe:   control s_bcast         x_hit=177004 meta_hit=16 restored_diff=0
e118_qmv_probe:   control s_bcast_all     x_hit=177004 meta_hit=16 restored_diff=0
e118_qmv_probe:   control s_bcast_scale   x_hit=177004 meta_hit=16 restored_diff=0
e118_qmv_probe:   control p_split_meta    x_hit=177004 meta_hit=16 restored_diff=0
e118_qmv_probe:   control g_pack32        x_hit=177004 meta_hit=16 restored_diff=0
e118_qmv_probe:   control s_bcast_pack32  x_hit=177004 meta_hit=16 restored_diff=0
e118_qmv_probe:   control p_prefetch_w    x_hit=177004 meta_hit=16 restored_diff=0
e118_qmv_probe:   control e_bias6         x_hit=177004 meta_hit=16 restored_diff=0
e118_qmv_probe:   control z_ballast       x_hit=177004 meta_hit=16 restored_diff=0
e118_qmv_probe:   control k_alu8          x_hit=177004 meta_hit=16 restored_diff=0
e118_qmv_probe:   control k_alu16         x_hit=177004 meta_hit=16 restored_diff=0
e118_qmv_probe:   control k_ld8           x_hit=177004 meta_hit=16 restored_diff=0
e118_qmv_probe:   control k_ld16          x_hit=177004 meta_hit=16 restored_diff=0
e118_qmv_probe:   control k_shuf8         x_hit=177004 meta_hit=16 restored_diff=0
e118_qmv_probe:   control k_shuf16        x_hit=177004 meta_hit=16 restored_diff=0
e118_qmv_probe:   control k_alu16w        x_hit=177004 meta_hit=16 restored_diff=0
e118_qmv_probe:   control x_sumshare_split x_hit=177004 meta_hit=16 restored_diff=0
e118_qmv_probe:   control x_sumshare_owner x_hit=177004 meta_hit=16 restored_diff=0
e118_qmv_probe:   control x_sumshare_min  x_hit=177004 meta_hit=16 restored_diff=0
e118_qmv_probe:   lm_head_k5120_n248320 M=2 block 0 inner=13  a_base=2842.6us  q_scaffold=2884.6us  s_bcast=2927.3us  s_bcast_all=2860.3us  s_bcast_scale=2837.6us  p_split_meta=2844.5us  g_pack32=2850.3us  s_bcast_pack32=2838.4us  p_prefetch_w=2850.5us  n_nosums=2846.8us  l_loadonly=2843.1us  n_nobias=2688.1us  d_bias1=2790.1us  e_bias6=2795.6us  z_ballast=2855.7us  k_alu8=2862.9us  k_alu16=2860.1us  k_ld8=2854.9us  k_ld16=2858.2us  k_shuf8=2853.6us  k_shuf16=2921.5us  k_alu16w=2855.8us  y_algebra=2866.9us  y_hsum_tree=2854.8us  n_halfsums=2857.8us  x_sumshare_split=2840.2us  x_sumshare_owner=2849.1us  n_halfsums_free=2859.1us  x_sumshare_min=2848.8us
e118_qmv_probe:   lm_head_k5120_n248320 M=2 block 1 inner=13  a_base=2862.8us  q_scaffold=2859.6us  s_bcast=2898.3us  s_bcast_all=2861.5us  s_bcast_scale=2861.1us  p_split_meta=2863.0us  g_pack32=2870.4us  s_bcast_pack32=2864.7us  p_prefetch_w=2861.7us  n_nosums=2867.1us  l_loadonly=2857.8us  n_nobias=2707.5us  d_bias1=2790.0us  e_bias6=2796.3us  z_ballast=2861.4us  k_alu8=2864.3us  k_alu16=2864.8us  k_ld8=2870.1us  k_ld16=2882.7us  k_shuf8=2884.7us  k_shuf16=2921.2us  k_alu16w=2839.6us  y_algebra=2844.8us  y_hsum_tree=2843.7us  n_halfsums=2840.8us  x_sumshare_split=2832.5us  x_sumshare_owner=2832.9us  n_halfsums_free=2843.3us  x_sumshare_min=2829.3us
e118_qmv_probe:   lm_head_k5120_n248320 M=2 block 2 inner=13  a_base=2862.7us  q_scaffold=2855.0us  s_bcast=2897.4us  s_bcast_all=2859.7us  s_bcast_scale=2857.4us  p_split_meta=2853.9us  g_pack32=2860.4us  s_bcast_pack32=2853.0us  p_prefetch_w=2854.9us  n_nosums=2844.3us  l_loadonly=2840.9us  n_nobias=2686.9us  d_bias1=2774.3us  e_bias6=2776.0us  z_ballast=2835.7us  k_alu8=2836.8us  k_alu16=2841.6us  k_ld8=2834.1us  k_ld16=2850.4us  k_shuf8=2838.0us  k_shuf16=2913.8us  k_alu16w=2840.1us  y_algebra=2844.2us  y_hsum_tree=2841.6us  n_halfsums=2838.7us  x_sumshare_split=2833.8us  x_sumshare_owner=2833.0us  n_halfsums_free=2843.1us  x_sumshare_min=2829.4us
e118_qmv_probe:   lm_head_k5120_n248320 M=2 block 3 inner=13  a_base=2858.0us  q_scaffold=2860.7us  s_bcast=2884.1us  s_bcast_all=2838.3us  s_bcast_scale=2838.3us  p_split_meta=2842.2us  g_pack32=2846.8us  s_bcast_pack32=2840.0us  p_prefetch_w=2840.0us  n_nosums=2841.5us  l_loadonly=2838.5us  n_nobias=2683.9us  d_bias1=2771.4us  e_bias6=2790.2us  z_ballast=2852.1us  k_alu8=2860.9us  k_alu16=2912.3us  k_ld8=2900.4us  k_ld16=2860.7us  k_shuf8=2845.7us  k_shuf16=2923.4us  k_alu16w=2851.2us  y_algebra=2860.3us  y_hsum_tree=2859.0us  n_halfsums=2854.1us  x_sumshare_split=2850.5us  x_sumshare_owner=2873.2us  n_halfsums_free=2879.8us  x_sumshare_min=2866.4us
e118_qmv_probe:   lm_head_k5120_n248320 M=2 block 4 inner=13  a_base=2845.3us  q_scaffold=2843.9us  s_bcast=2885.7us  s_bcast_all=2871.2us  s_bcast_scale=2888.8us  p_split_meta=2867.6us  g_pack32=2846.1us  s_bcast_pack32=2870.5us  p_prefetch_w=2841.0us  n_nosums=2845.8us  l_loadonly=2840.7us  n_nobias=2683.9us  d_bias1=2764.3us  e_bias6=2774.3us  z_ballast=2835.7us  k_alu8=2840.8us  k_alu16=2839.0us  k_ld8=2835.6us  k_ld16=2843.8us  k_shuf8=2842.8us  k_shuf16=2915.2us  k_alu16w=2841.2us  y_algebra=2843.5us  y_hsum_tree=2841.7us  n_halfsums=2839.6us  x_sumshare_split=2829.8us  x_sumshare_owner=2831.0us  n_halfsums_free=2841.8us  x_sumshare_min=2829.4us
e118_qmv_probe:   lm_head_k5120_n248320 M=2 block 5 inner=13  a_base=2842.4us  q_scaffold=2843.4us  s_bcast=2883.6us  s_bcast_all=2838.0us  s_bcast_scale=2838.0us  p_split_meta=2861.0us  g_pack32=2871.4us  s_bcast_pack32=2859.9us  p_prefetch_w=2861.9us  n_nosums=2862.3us  l_loadonly=2857.0us  n_nobias=2701.1us  d_bias1=2783.2us  e_bias6=2791.4us  z_ballast=2859.5us  k_alu8=2863.3us  k_alu16=2865.0us  k_ld8=2851.6us  k_ld16=2859.1us  k_shuf8=2855.3us  k_shuf16=2923.7us  k_alu16w=2850.2us  y_algebra=2854.4us  y_hsum_tree=2853.4us  n_halfsums=2841.3us  x_sumshare_split=2835.6us  x_sumshare_owner=2831.7us  n_halfsums_free=2840.3us  x_sumshare_min=2828.6us
e118_qmv_probe:   lm_head_k5120_n248320 M=2 block 6 inner=13  a_base=2852.5us  q_scaffold=2858.6us  s_bcast=2892.7us  s_bcast_all=2848.9us  s_bcast_scale=2854.6us  p_split_meta=2860.3us  g_pack32=2863.1us  s_bcast_pack32=2855.2us  p_prefetch_w=2849.1us  n_nosums=2860.6us  l_loadonly=2859.0us  n_nobias=2704.9us  d_bias1=2784.2us  e_bias6=2792.3us  z_ballast=2857.8us  k_alu8=2860.3us  k_alu16=2843.2us  k_ld8=2834.1us  k_ld16=2842.6us  k_shuf8=2846.6us  k_shuf16=2912.6us  k_alu16w=2836.5us  y_algebra=2842.3us  y_hsum_tree=2843.1us  n_halfsums=2858.9us  x_sumshare_split=2876.7us  x_sumshare_owner=2881.9us  n_halfsums_free=2847.8us  x_sumshare_min=2827.9us
e118_qmv_probe:   lm_head_k5120_n248320 M=2 block 7 inner=13  a_base=2859.1us  q_scaffold=2846.9us  s_bcast=2884.8us  s_bcast_all=2840.3us  s_bcast_scale=2837.3us  p_split_meta=2842.5us  g_pack32=2848.4us  s_bcast_pack32=2842.0us  p_prefetch_w=2841.0us  n_nosums=2844.2us  l_loadonly=2867.4us  n_nobias=2702.8us  d_bias1=2787.3us  e_bias6=2787.3us  z_ballast=2856.6us  k_alu8=2859.8us  k_alu16=2854.6us  k_ld8=2851.6us  k_ld16=2885.6us  k_shuf8=2863.1us  k_shuf16=2929.9us  k_alu16w=2854.6us  y_algebra=2857.7us  y_hsum_tree=2863.1us  n_halfsums=2856.2us  x_sumshare_split=2844.8us  x_sumshare_owner=2843.4us  n_halfsums_free=2850.4us  x_sumshare_min=2831.0us
e118_qmv_probe:   lm_head_k5120_n248320 M=2 thermal entry=76.2C exit=71.1C
e118_qmv_probe:   lm_head_k5120_n248320 M=3 block 0 inner=3  a_base=2939.6us  q_scaffold=2943.1us  s_bcast=3386.6us  s_bcast_all=3172.1us  s_bcast_scale=3182.2us  p_split_meta=2938.2us  g_pack32=2928.5us  s_bcast_pack32=3150.4us  p_prefetch_w=2938.5us  n_nosums=2892.9us  l_loadonly=2882.0us  n_nobias=2765.9us  d_bias1=2943.3us  e_bias6=3055.0us  z_ballast=3009.7us  k_alu8=2970.1us  k_alu16=2989.2us  k_ld8=2980.6us  k_ld16=3048.5us  k_shuf8=3137.0us  k_shuf16=3405.2us  k_alu16w=2981.4us  y_algebra=2984.2us  y_hsum_tree=2948.0us  n_halfsums=2919.5us  x_sumshare_split=2955.2us  x_sumshare_owner=2941.8us  n_halfsums_free=2902.4us  x_sumshare_min=2925.4us
e118_qmv_probe:   lm_head_k5120_n248320 M=3 block 1 inner=3  a_base=2939.6us  q_scaffold=2937.8us  s_bcast=3389.9us  s_bcast_all=3178.8us  s_bcast_scale=3181.1us  p_split_meta=2934.5us  g_pack32=2927.8us  s_bcast_pack32=3110.0us  p_prefetch_w=2933.0us  n_nosums=2895.1us  l_loadonly=2887.9us  n_nobias=2770.1us  d_bias1=2951.6us  e_bias6=3056.9us  z_ballast=3000.9us  k_alu8=2970.8us  k_alu16=2987.8us  k_ld8=2979.2us  k_ld16=3055.8us  k_shuf8=3145.5us  k_shuf16=3407.8us  k_alu16w=2982.6us  y_algebra=2975.0us  y_hsum_tree=2943.9us  n_halfsums=2923.2us  x_sumshare_split=2957.1us  x_sumshare_owner=2937.6us  n_halfsums_free=2902.3us  x_sumshare_min=2928.2us
e118_qmv_probe:   lm_head_k5120_n248320 M=3 block 2 inner=3  a_base=2934.0us  q_scaffold=2944.5us  s_bcast=3387.7us  s_bcast_all=3176.2us  s_bcast_scale=3185.7us  p_split_meta=2941.7us  g_pack32=2929.0us  s_bcast_pack32=3114.5us  p_prefetch_w=2935.3us  n_nosums=2889.5us  l_loadonly=2884.0us  n_nobias=2766.3us  d_bias1=2949.4us  e_bias6=3059.7us  z_ballast=3004.5us  k_alu8=2970.9us  k_alu16=2991.2us  k_ld8=2981.2us  k_ld16=3057.9us  k_shuf8=3146.8us  k_shuf16=3405.7us  k_alu16w=2977.8us  y_algebra=2976.3us  y_hsum_tree=2942.9us  n_halfsums=2916.3us  x_sumshare_split=2953.2us  x_sumshare_owner=2942.6us  n_halfsums_free=2898.0us  x_sumshare_min=2927.6us
e118_qmv_probe:   lm_head_k5120_n248320 M=3 block 3 inner=3  a_base=2939.5us  q_scaffold=2938.5us  s_bcast=3392.0us  s_bcast_all=3176.7us  s_bcast_scale=3184.1us  p_split_meta=2939.5us  g_pack32=2925.8us  s_bcast_pack32=3149.0us  p_prefetch_w=2936.6us  n_nosums=2887.0us  l_loadonly=2883.9us  n_nobias=2765.4us  d_bias1=2953.5us  e_bias6=3058.0us  z_ballast=2999.0us  k_alu8=2976.5us  k_alu16=2985.7us  k_ld8=2975.1us  k_ld16=3052.6us  k_shuf8=3142.6us  k_shuf16=3403.1us  k_alu16w=2976.8us  y_algebra=2976.4us  y_hsum_tree=2944.1us  n_halfsums=2917.7us  x_sumshare_split=2950.9us  x_sumshare_owner=2940.0us  n_halfsums_free=2901.9us  x_sumshare_min=2927.8us
e118_qmv_probe:   lm_head_k5120_n248320 M=3 block 4 inner=3  a_base=2939.3us  q_scaffold=2940.9us  s_bcast=3389.5us  s_bcast_all=3176.1us  s_bcast_scale=3182.5us  p_split_meta=2934.2us  g_pack32=2930.2us  s_bcast_pack32=3155.0us  p_prefetch_w=2933.2us  n_nosums=2889.8us  l_loadonly=2882.1us  n_nobias=2772.1us  d_bias1=2952.6us  e_bias6=3062.9us  z_ballast=3004.3us  k_alu8=2971.2us  k_alu16=2986.3us  k_ld8=2971.7us  k_ld16=3060.2us  k_shuf8=3144.5us  k_shuf16=3409.1us  k_alu16w=2988.7us  y_algebra=2980.6us  y_hsum_tree=2941.0us  n_halfsums=2921.9us  x_sumshare_split=2955.8us  x_sumshare_owner=2936.6us  n_halfsums_free=2905.7us  x_sumshare_min=2931.9us
e118_qmv_probe:   lm_head_k5120_n248320 M=3 block 5 inner=3  a_base=2946.9us  q_scaffold=2934.3us  s_bcast=3383.7us  s_bcast_all=3174.4us  s_bcast_scale=3183.4us  p_split_meta=2948.9us  g_pack32=2929.7us  s_bcast_pack32=3113.4us  p_prefetch_w=2941.5us  n_nosums=2930.1us  l_loadonly=2912.9us  n_nobias=2798.1us  d_bias1=2960.6us  e_bias6=3056.4us  z_ballast=3032.6us  k_alu8=2988.7us  k_alu16=2993.3us  k_ld8=2985.8us  k_ld16=3067.4us  k_shuf8=3145.7us  k_shuf16=3397.7us  k_alu16w=2979.9us  y_algebra=2974.9us  y_hsum_tree=2950.2us  n_halfsums=2914.6us  x_sumshare_split=2947.9us  x_sumshare_owner=2934.5us  n_halfsums_free=2898.8us  x_sumshare_min=2920.9us
e118_qmv_probe:   lm_head_k5120_n248320 M=3 block 6 inner=3  a_base=2953.5us  q_scaffold=2952.3us  s_bcast=3383.9us  s_bcast_all=3170.3us  s_bcast_scale=3177.8us  p_split_meta=2937.3us  g_pack32=2927.0us  s_bcast_pack32=3109.4us  p_prefetch_w=2939.8us  n_nosums=2903.8us  l_loadonly=2896.0us  n_nobias=2775.1us  d_bias1=2948.0us  e_bias6=3055.8us  z_ballast=3010.8us  k_alu8=3005.8us  k_alu16=3008.9us  k_ld8=3000.8us  k_ld16=3070.0us  k_shuf8=3157.4us  k_shuf16=3402.9us  k_alu16w=2979.1us  y_algebra=2974.4us  y_hsum_tree=2943.0us  n_halfsums=2927.0us  x_sumshare_split=2951.8us  x_sumshare_owner=2940.6us  n_halfsums_free=2900.2us  x_sumshare_min=2927.5us
e118_qmv_probe:   lm_head_k5120_n248320 M=3 block 7 inner=3  a_base=2937.0us  q_scaffold=2934.0us  s_bcast=3384.4us  s_bcast_all=3174.9us  s_bcast_scale=3180.4us  p_split_meta=2945.2us  g_pack32=2929.5us  s_bcast_pack32=3146.1us  p_prefetch_w=2934.4us  n_nosums=2895.1us  l_loadonly=2883.5us  n_nobias=2763.8us  d_bias1=2947.3us  e_bias6=3053.3us  z_ballast=3000.8us  k_alu8=2970.5us  k_alu16=2987.0us  k_ld8=2975.5us  k_ld16=3056.7us  k_shuf8=3148.1us  k_shuf16=3404.7us  k_alu16w=3006.6us  y_algebra=3007.9us  y_hsum_tree=2985.4us  n_halfsums=2967.5us  x_sumshare_split=2974.2us  x_sumshare_owner=2946.1us  n_halfsums_free=2895.6us  x_sumshare_min=2927.7us
e118_qmv_probe:   lm_head_k5120_n248320 M=3 thermal entry=68.7C exit=71.8C
e118_qmv_probe:   lm_head_k5120_n248320 M=4 block 0 inner=3  a_base=3414.0us  q_scaffold=3415.4us  s_bcast=3956.6us  s_bcast_all=3669.9us  s_bcast_scale=3687.8us  p_split_meta=3418.3us  g_pack32=3415.5us  s_bcast_pack32=3709.4us  p_prefetch_w=3419.6us  n_nosums=3163.7us  l_loadonly=2883.1us  n_nobias=3111.7us  d_bias1=3436.2us  e_bias6=3525.4us  z_ballast=3542.8us  k_alu8=3453.2us  k_alu16=3478.3us  k_ld8=3571.6us  k_ld16=3732.9us  k_shuf8=3701.0us  k_shuf16=3969.6us  k_alu16w=3506.0us  y_algebra=3473.6us  y_hsum_tree=3368.7us  n_halfsums=3421.5us  x_sumshare_split=3499.3us  x_sumshare_owner=3517.2us  n_halfsums_free=3339.8us  x_sumshare_min=3370.7us
e118_qmv_probe:   lm_head_k5120_n248320 M=4 block 1 inner=3  a_base=3414.4us  q_scaffold=3421.2us  s_bcast=3959.6us  s_bcast_all=3666.0us  s_bcast_scale=3676.6us  p_split_meta=3416.2us  g_pack32=3415.9us  s_bcast_pack32=3698.2us  p_prefetch_w=3420.8us  n_nosums=3155.8us  l_loadonly=2880.5us  n_nobias=3105.3us  d_bias1=3427.1us  e_bias6=3515.9us  z_ballast=3539.3us  k_alu8=3447.6us  k_alu16=3475.5us  k_ld8=3564.9us  k_ld16=3734.4us  k_shuf8=3696.7us  k_shuf16=3963.0us  k_alu16w=3497.6us  y_algebra=3473.9us  y_hsum_tree=3373.9us  n_halfsums=3423.2us  x_sumshare_split=3495.9us  x_sumshare_owner=3521.4us  n_halfsums_free=3335.5us  x_sumshare_min=3364.2us
e118_qmv_probe:   lm_head_k5120_n248320 M=4 block 2 inner=3  a_base=3416.3us  q_scaffold=3414.5us  s_bcast=3946.7us  s_bcast_all=3663.3us  s_bcast_scale=3673.3us  p_split_meta=3413.7us  g_pack32=3407.1us  s_bcast_pack32=3694.5us  p_prefetch_w=3415.5us  n_nosums=3155.5us  l_loadonly=2896.6us  n_nobias=3103.5us  d_bias1=3424.6us  e_bias6=3515.3us  z_ballast=3539.6us  k_alu8=3447.9us  k_alu16=3471.5us  k_ld8=3564.8us  k_ld16=3732.0us  k_shuf8=3686.9us  k_shuf16=3963.1us  k_alu16w=3493.4us  y_algebra=3466.3us  y_hsum_tree=3362.8us  n_halfsums=3416.4us  x_sumshare_split=3487.3us  x_sumshare_owner=3504.7us  n_halfsums_free=3334.7us  x_sumshare_min=3362.2us
e118_qmv_probe:   lm_head_k5120_n248320 M=4 block 3 inner=3  a_base=3424.6us  q_scaffold=3416.8us  s_bcast=3953.5us  s_bcast_all=3668.6us  s_bcast_scale=3680.5us  p_split_meta=3415.9us  g_pack32=3410.8us  s_bcast_pack32=3732.6us  p_prefetch_w=3429.3us  n_nosums=3161.2us  l_loadonly=2883.4us  n_nobias=3109.8us  d_bias1=3428.2us  e_bias6=3517.9us  z_ballast=3539.7us  k_alu8=3450.2us  k_alu16=3476.9us  k_ld8=3567.0us  k_ld16=3732.8us  k_shuf8=3695.4us  k_shuf16=3972.1us  k_alu16w=3502.0us  y_algebra=3472.4us  y_hsum_tree=3370.9us  n_halfsums=3421.7us  x_sumshare_split=3491.5us  x_sumshare_owner=3513.3us  n_halfsums_free=3337.9us  x_sumshare_min=3370.2us
e118_qmv_probe:   lm_head_k5120_n248320 M=4 block 4 inner=3  a_base=3421.8us  q_scaffold=3417.8us  s_bcast=3955.7us  s_bcast_all=3667.0us  s_bcast_scale=3680.5us  p_split_meta=3416.5us  g_pack32=3411.5us  s_bcast_pack32=3699.2us  p_prefetch_w=3420.6us  n_nosums=3155.8us  l_loadonly=2885.8us  n_nobias=3106.9us  d_bias1=3435.2us  e_bias6=3523.3us  z_ballast=3542.3us  k_alu8=3452.5us  k_alu16=3477.2us  k_ld8=3566.8us  k_ld16=3732.1us  k_shuf8=3696.1us  k_shuf16=3968.8us  k_alu16w=3504.1us  y_algebra=3476.6us  y_hsum_tree=3374.4us  n_halfsums=3423.2us  x_sumshare_split=3495.5us  x_sumshare_owner=3514.2us  n_halfsums_free=3342.5us  x_sumshare_min=3371.7us
e118_qmv_probe:   lm_head_k5120_n248320 M=4 block 5 inner=3  a_base=3419.1us  q_scaffold=3418.2us  s_bcast=3953.0us  s_bcast_all=3671.0us  s_bcast_scale=3677.4us  p_split_meta=3417.2us  g_pack32=3411.3us  s_bcast_pack32=3705.0us  p_prefetch_w=3420.1us  n_nosums=3159.1us  l_loadonly=2883.6us  n_nobias=3109.7us  d_bias1=3427.6us  e_bias6=3522.9us  z_ballast=3545.6us  k_alu8=3457.4us  k_alu16=3482.4us  k_ld8=3567.9us  k_ld16=3726.2us  k_shuf8=3690.3us  k_shuf16=3968.5us  k_alu16w=3497.9us  y_algebra=3476.7us  y_hsum_tree=3368.3us  n_halfsums=3422.2us  x_sumshare_split=3496.1us  x_sumshare_owner=3516.7us  n_halfsums_free=3340.9us  x_sumshare_min=3375.3us
e118_qmv_probe:   lm_head_k5120_n248320 M=4 block 6 inner=3  a_base=3418.2us  q_scaffold=3420.2us  s_bcast=3951.9us  s_bcast_all=3670.7us  s_bcast_scale=3678.0us  p_split_meta=3415.0us  g_pack32=3412.1us  s_bcast_pack32=3698.9us  p_prefetch_w=3417.4us  n_nosums=3164.4us  l_loadonly=2881.3us  n_nobias=3108.3us  d_bias1=3429.0us  e_bias6=3525.3us  z_ballast=3541.2us  k_alu8=3452.2us  k_alu16=3476.3us  k_ld8=3567.3us  k_ld16=3735.5us  k_shuf8=3699.4us  k_shuf16=3972.8us  k_alu16w=3501.4us  y_algebra=3475.3us  y_hsum_tree=3368.3us  n_halfsums=3423.5us  x_sumshare_split=3489.6us  x_sumshare_owner=3512.1us  n_halfsums_free=3341.2us  x_sumshare_min=3376.1us
e118_qmv_probe:   lm_head_k5120_n248320 M=4 block 7 inner=3  a_base=3415.1us  q_scaffold=3411.0us  s_bcast=3950.7us  s_bcast_all=3672.6us  s_bcast_scale=3682.1us  p_split_meta=3412.0us  g_pack32=3412.7us  s_bcast_pack32=3697.8us  p_prefetch_w=3419.6us  n_nosums=3162.6us  l_loadonly=2935.7us  n_nobias=3106.0us  d_bias1=3425.3us  e_bias6=3518.0us  z_ballast=3543.9us  k_alu8=3448.2us  k_alu16=3467.4us  k_ld8=3555.8us  k_ld16=3722.6us  k_shuf8=3689.0us  k_shuf16=3961.6us  k_alu16w=3493.0us  y_algebra=3464.7us  y_hsum_tree=3371.5us  n_halfsums=3411.2us  x_sumshare_split=3484.9us  x_sumshare_owner=3501.1us  n_halfsums_free=3329.6us  x_sumshare_min=3360.3us
e118_qmv_probe:   lm_head_k5120_n248320 M=4 thermal entry=69.0C exit=73.7C
e118_qmv_probe:   lm_head_k5120_n248320 M=5 block 0 inner=4  a_base=4051.6us  q_scaffold=4040.9us  s_bcast=6602.7us  s_bcast_all=4567.9us  s_bcast_scale=4305.3us  p_split_meta=4045.9us  g_pack32=4044.1us  s_bcast_pack32=6598.4us  p_prefetch_w=6676.5us  n_nosums=3652.9us  l_loadonly=2876.5us  n_nobias=3553.5us  d_bias1=4089.6us  e_bias6=4148.1us  z_ballast=6934.8us  k_alu8=4179.3us  k_alu16=4206.8us  k_ld8=7604.4us  k_ld16=7988.8us  k_shuf8=4350.4us  k_shuf16=4655.5us  k_alu16w=4212.8us  y_algebra=4167.0us  y_hsum_tree=4025.3us  n_halfsums=4042.9us  x_sumshare_split=4152.5us  x_sumshare_owner=4215.3us  n_halfsums_free=3899.6us  x_sumshare_min=5310.7us
e118_qmv_probe:   lm_head_k5120_n248320 M=5 block 1 inner=4  a_base=4048.7us  q_scaffold=4040.6us  s_bcast=6596.3us  s_bcast_all=4565.4us  s_bcast_scale=4300.4us  p_split_meta=4042.2us  g_pack32=4034.6us  s_bcast_pack32=6603.9us  p_prefetch_w=6677.8us  n_nosums=3648.3us  l_loadonly=2875.3us  n_nobias=3552.0us  d_bias1=4105.9us  e_bias6=4148.9us  z_ballast=6941.6us  k_alu8=4178.1us  k_alu16=4206.1us  k_ld8=7599.3us  k_ld16=7982.0us  k_shuf8=4344.4us  k_shuf16=4658.0us  k_alu16w=4209.4us  y_algebra=4159.9us  y_hsum_tree=4026.1us  n_halfsums=4051.0us  x_sumshare_split=4153.7us  x_sumshare_owner=4213.2us  n_halfsums_free=3894.6us  x_sumshare_min=5315.2us
e118_qmv_probe:   lm_head_k5120_n248320 M=5 block 2 inner=4  a_base=4049.2us  q_scaffold=4040.2us  s_bcast=6600.2us  s_bcast_all=4567.9us  s_bcast_scale=4305.4us  p_split_meta=4050.3us  g_pack32=4034.5us  s_bcast_pack32=6595.3us  p_prefetch_w=6680.3us  n_nosums=3655.2us  l_loadonly=2884.5us  n_nobias=3553.0us  d_bias1=4098.3us  e_bias6=4137.6us  z_ballast=6939.0us  k_alu8=4175.8us  k_alu16=4207.6us  k_ld8=7608.7us  k_ld16=7981.5us  k_shuf8=4346.4us  k_shuf16=4657.8us  k_alu16w=4211.1us  y_algebra=4164.7us  y_hsum_tree=4021.0us  n_halfsums=4041.0us  x_sumshare_split=4151.8us  x_sumshare_owner=4214.9us  n_halfsums_free=3895.5us  x_sumshare_min=5312.3us
e118_qmv_probe:   lm_head_k5120_n248320 M=5 block 3 inner=4  a_base=4051.0us  q_scaffold=4045.2us  s_bcast=6599.8us  s_bcast_all=4574.1us  s_bcast_scale=4303.1us  p_split_meta=4041.7us  g_pack32=4033.4us  s_bcast_pack32=6595.0us  p_prefetch_w=6680.0us  n_nosums=3653.1us  l_loadonly=2877.9us  n_nobias=3554.4us  d_bias1=4103.2us  e_bias6=4141.5us  z_ballast=6933.3us  k_alu8=4177.9us  k_alu16=4203.5us  k_ld8=7603.5us  k_ld16=7989.5us  k_shuf8=4347.2us  k_shuf16=4664.7us  k_alu16w=4211.5us  y_algebra=4166.0us  y_hsum_tree=4024.9us  n_halfsums=4042.2us  x_sumshare_split=4157.4us  x_sumshare_owner=4218.6us  n_halfsums_free=3895.0us  x_sumshare_min=5311.8us
e118_qmv_probe:   lm_head_k5120_n248320 M=5 block 4 inner=4  a_base=4051.8us  q_scaffold=4052.9us  s_bcast=6600.4us  s_bcast_all=4563.3us  s_bcast_scale=4297.4us  p_split_meta=4043.5us  g_pack32=4034.4us  s_bcast_pack32=6598.8us  p_prefetch_w=6677.7us  n_nosums=3656.3us  l_loadonly=2879.7us  n_nobias=3551.9us  d_bias1=4096.7us  e_bias6=4142.0us  z_ballast=6941.4us  k_alu8=4179.3us  k_alu16=4206.0us  k_ld8=7612.5us  k_ld16=7986.8us  k_shuf8=4346.8us  k_shuf16=4661.3us  k_alu16w=4212.0us  y_algebra=4166.8us  y_hsum_tree=4021.8us  n_halfsums=4040.8us  x_sumshare_split=4154.7us  x_sumshare_owner=4215.1us  n_halfsums_free=3894.4us  x_sumshare_min=5313.9us
e118_qmv_probe:   lm_head_k5120_n248320 M=5 block 5 inner=4  a_base=4057.2us  q_scaffold=4042.1us  s_bcast=6600.3us  s_bcast_all=4563.8us  s_bcast_scale=4301.4us  p_split_meta=4047.1us  g_pack32=4055.8us  s_bcast_pack32=6603.5us  p_prefetch_w=6701.3us  n_nosums=3667.3us  l_loadonly=2908.3us  n_nobias=3564.8us  d_bias1=4115.4us  e_bias6=4158.2us  z_ballast=6972.2us  k_alu8=4185.2us  k_alu16=4215.0us  k_ld8=7623.2us  k_ld16=8012.0us  k_shuf8=4370.7us  k_shuf16=4681.0us  k_alu16w=4230.8us  y_algebra=4191.4us  y_hsum_tree=4038.8us  n_halfsums=4080.0us  x_sumshare_split=4178.5us  x_sumshare_owner=4241.1us  n_halfsums_free=3914.8us  x_sumshare_min=5333.7us
e118_qmv_probe:   lm_head_k5120_n248320 M=5 block 6 inner=4  a_base=4054.3us  q_scaffold=4044.4us  s_bcast=6595.1us  s_bcast_all=4566.4us  s_bcast_scale=4301.5us  p_split_meta=4043.3us  g_pack32=4040.1us  s_bcast_pack32=6602.6us  p_prefetch_w=6683.5us  n_nosums=3659.6us  l_loadonly=2887.7us  n_nobias=3557.4us  d_bias1=4105.9us  e_bias6=4140.5us  z_ballast=6935.5us  k_alu8=4175.9us  k_alu16=4203.8us  k_ld8=7599.9us  k_ld16=7987.6us  k_shuf8=4347.8us  k_shuf16=4661.6us  k_alu16w=4213.6us  y_algebra=4168.9us  y_hsum_tree=4028.1us  n_halfsums=4044.7us  x_sumshare_split=4157.9us  x_sumshare_owner=4211.1us  n_halfsums_free=3896.8us  x_sumshare_min=5310.7us
e118_qmv_probe:   lm_head_k5120_n248320 M=5 block 7 inner=4  a_base=4044.9us  q_scaffold=4038.0us  s_bcast=6597.2us  s_bcast_all=4576.2us  s_bcast_scale=4313.7us  p_split_meta=4042.7us  g_pack32=4038.9us  s_bcast_pack32=6599.9us  p_prefetch_w=6683.4us  n_nosums=3653.5us  l_loadonly=2880.4us  n_nobias=3558.5us  d_bias1=4101.9us  e_bias6=4141.6us  z_ballast=6931.6us  k_alu8=4178.7us  k_alu16=4206.7us  k_ld8=7600.5us  k_ld16=7982.9us  k_shuf8=4350.7us  k_shuf16=4658.2us  k_alu16w=4211.4us  y_algebra=4165.3us  y_hsum_tree=4025.2us  n_halfsums=4041.4us  x_sumshare_split=4158.3us  x_sumshare_owner=4215.0us  n_halfsums_free=3898.0us  x_sumshare_min=5310.8us
e118_qmv_probe:   lm_head_k5120_n248320 M=5 thermal entry=70.0C exit=75.9C
e118_qmv_probe: wrote /Users/ec2-user/.senpai/native/qwen38-mlx-senpai-r2/roles/student-qwen-askeladd/workspace/target/research/out/e118-full4/rate.json
