e72_rung2 head=de9ab030f96e7310676705a3eaa2048697027b5a dirty=1
e72_rung2 host=ip-10-231-2-12 chip=Apple M4 Pro
e72_rung2 na_list=6 reps=1 target_bytes=24e9
e72_rung2 started=2026-08-20T10:17:54Z
research/generated/e72_wide_arms.h is in sync with Vendor/mlx-swift/Source/Cmlx/mlx/mlx/backend/metal/kernels/quantized.h
wrote research/e72-artifacts/rung2-air.json
 NA arm            allocas peak_live  alloca_types
  6 plain                2       182  ['[4 x <6 x float>]', '[4 x [4 x i16]]']
  6 tailfull             1       146  ['[4 x [4 x i16]]']
  6 mfull                1       169  ['[4 x <6 x float>]']
  6 rfull                1       146  ['[4 x [4 x i16]]']
  6 allfull              0       133  []
  6 split                2       215  ['[4 x [2 x <4 x float>]]', '[4 x [4 x i16]]']
  6 shift                2       182  ['[4 x <6 x float>]', '[4 x [4 x i16]]']
  6 xvec                 2       191  ['[4 x <6 x float>]', '[4 x [4 x i16]]']
  6 tailfullxvec         1       155  ['[4 x [4 x i16]]']
checks: 22 pass, 0 fail
wrote /tmp/e72-build/arms_na6.metal na=6 bytes=250029 sha256=e14eb26f7bbbebb2 arms=9
e72_rung2 na=6 cool_gate=skipped_by_request cool_gate_passed_real_gate=false gate_qualified_for_timing=false
e72_rung2 na=6 entry_thermal gpu_temp=37.006858825683594C cpu_temp=39.34889602661133C gpu_power=0.0067238397896289825W
ARM na=6 arm=plain max_total_threads_per_threadgroup=1024 static_threadgroup_memory_bytes=0 thread_execution_width=32
ARM na=6 arm=tailfull max_total_threads_per_threadgroup=1024 static_threadgroup_memory_bytes=0 thread_execution_width=32
ARM na=6 arm=mfull max_total_threads_per_threadgroup=1024 static_threadgroup_memory_bytes=0 thread_execution_width=32
ARM na=6 arm=rfull max_total_threads_per_threadgroup=1024 static_threadgroup_memory_bytes=0 thread_execution_width=32
ARM na=6 arm=allfull max_total_threads_per_threadgroup=1024 static_threadgroup_memory_bytes=0 thread_execution_width=32
ARM na=6 arm=split max_total_threads_per_threadgroup=1024 static_threadgroup_memory_bytes=0 thread_execution_width=32
ARM na=6 arm=shift max_total_threads_per_threadgroup=1024 static_threadgroup_memory_bytes=0 thread_execution_width=32
ARM na=6 arm=xvec max_total_threads_per_threadgroup=1024 static_threadgroup_memory_bytes=0 thread_execution_width=32
ARM na=6 arm=tailfullxvec max_total_threads_per_threadgroup=1024 static_threadgroup_memory_bytes=0 thread_execution_width=32
e69_cell_ab: session entry gpu_temp_c=36.72
PARITY na=6 shape=linear_attn.out_proj arm=tailfull differing=0 elements=30720
PARITY na=6 shape=linear_attn.out_proj arm=mfull differing=30720 elements=30720
PARITY na=6 shape=linear_attn.out_proj arm=rfull differing=0 elements=30720
PARITY na=6 shape=linear_attn.out_proj arm=allfull differing=30720 elements=30720
PARITY na=6 shape=linear_attn.out_proj arm=split differing=0 elements=30720
PARITY na=6 shape=linear_attn.out_proj arm=shift differing=0 elements=30720
PARITY na=6 shape=linear_attn.out_proj arm=xvec differing=0 elements=30720
PARITY na=6 shape=linear_attn.out_proj arm=tailfullxvec differing=0 elements=30720
LEG na=6 shape=linear_attn.out_proj rep=0 position=0 arm=plain inner=1525 gpu_seconds=0.215664417 wall_seconds=0.216063708 seconds_per_dispatch=0.000141419290 gbps=111.219905
LEG na=6 shape=linear_attn.out_proj rep=0 position=1 arm=tailfull inner=1525 gpu_seconds=0.215702458 wall_seconds=0.216090208 seconds_per_dispatch=0.000141444235 gbps=111.200290
LEG na=6 shape=linear_attn.out_proj rep=0 position=2 arm=mfull inner=1525 gpu_seconds=0.349286500 wall_seconds=0.349689000 seconds_per_dispatch=0.000229040328 gbps=68.671924
LEG na=6 shape=linear_attn.out_proj rep=0 position=3 arm=rfull inner=1525 gpu_seconds=0.214753333 wall_seconds=0.215131958 seconds_per_dispatch=0.000140821858 gbps=111.691752
LEG na=6 shape=linear_attn.out_proj rep=0 position=4 arm=allfull inner=1525 gpu_seconds=0.349404000 wall_seconds=0.349790000 seconds_per_dispatch=0.000229117377 gbps=68.648831
LEG na=6 shape=linear_attn.out_proj rep=0 position=5 arm=split inner=1525 gpu_seconds=1.034455375 wall_seconds=1.034882500 seconds_per_dispatch=0.000678331393 gbps=23.187251
LEG na=6 shape=linear_attn.out_proj rep=0 position=6 arm=shift inner=1525 gpu_seconds=0.210509833 wall_seconds=0.211328458 seconds_per_dispatch=0.000138039235 gbps=113.943257
LEG na=6 shape=linear_attn.out_proj rep=0 position=7 arm=xvec inner=1525 gpu_seconds=0.210799000 wall_seconds=0.211235667 seconds_per_dispatch=0.000138228852 gbps=113.786953
LEG na=6 shape=linear_attn.out_proj rep=0 position=8 arm=tailfullxvec inner=1525 gpu_seconds=0.209957875 wall_seconds=0.210421208 seconds_per_dispatch=0.000137677295 gbps=114.242802
LEG na=6 shape=linear_attn.out_proj rep=0 position=9 arm=tailfullxvec inner=1525 gpu_seconds=0.209907000 wall_seconds=0.210335458 seconds_per_dispatch=0.000137643935 gbps=114.270491
LEG na=6 shape=linear_attn.out_proj rep=0 position=10 arm=xvec inner=1525 gpu_seconds=0.210730083 wall_seconds=0.211186917 seconds_per_dispatch=0.000138183661 gbps=113.824166
LEG na=6 shape=linear_attn.out_proj rep=0 position=11 arm=shift inner=1525 gpu_seconds=0.214145083 wall_seconds=0.214538458 seconds_per_dispatch=0.000140423005 gbps=112.008997
LEG na=6 shape=linear_attn.out_proj rep=0 position=12 arm=split inner=1525 gpu_seconds=1.033072708 wall_seconds=1.033456083 seconds_per_dispatch=0.000677424727 gbps=23.218284
LEG na=6 shape=linear_attn.out_proj rep=0 position=13 arm=allfull inner=1525 gpu_seconds=0.348520292 wall_seconds=0.348900083 seconds_per_dispatch=0.000228537896 gbps=68.822897
LEG na=6 shape=linear_attn.out_proj rep=0 position=14 arm=rfull inner=1525 gpu_seconds=0.214885042 wall_seconds=0.215261083 seconds_per_dispatch=0.000140908224 gbps=111.623293
LEG na=6 shape=linear_attn.out_proj rep=0 position=15 arm=mfull inner=1525 gpu_seconds=0.348329625 wall_seconds=0.348703708 seconds_per_dispatch=0.000228412869 gbps=68.860568
LEG na=6 shape=linear_attn.out_proj rep=0 position=16 arm=tailfull inner=1525 gpu_seconds=0.215599250 wall_seconds=0.215972833 seconds_per_dispatch=0.000141376557 gbps=111.253522
LEG na=6 shape=linear_attn.out_proj rep=0 position=17 arm=plain inner=1525 gpu_seconds=0.215367833 wall_seconds=0.215719500 seconds_per_dispatch=0.000141224809 gbps=111.373066
SHAPE na=6 shape=linear_attn.out_proj inner=1525 legs=18 entry_gpu_temp_c=36.69 exit_gpu_temp_c=45.94
e69_cell_ab: linear_attn.out_proj inner=1525 legs=18 entry=36.69C exit=45.94C
e69_cell_ab: wrote research/e72-artifacts/rung2-na6-bisect.json
e72_rung2 na=6 exit_thermal gpu_temp=43.289161682128906C cpu_temp=43.49913024902344C gpu_power=0.008199846372008324W status=0
e72_rung2 finished=2026-08-20T10:18:22Z status=0
e72_rung2 head=f4385d942dcc4a6a33a04694dcd261d8dc4c3b93 dirty=0
e72_rung2 host=ip-10-231-2-12 chip=Apple M4 Pro
e72_rung2 na_list=5 6 reps=21 target_bytes=24e9
e72_rung2 started=2026-08-20T10:24:22Z
research/generated/e72_wide_arms.h is in sync with Vendor/mlx-swift/Source/Cmlx/mlx/mlx/backend/metal/kernels/quantized.h
wrote research/e72-artifacts/rung2-air-session.json
 NA arm            allocas peak_live  alloca_types
  5 plain                1       130  ['[4 x [4 x i16]]']
  5 tailfull             1       130  ['[4 x [4 x i16]]']
  5 mfull                0       117  []
  5 rfull                1       130  ['[4 x [4 x i16]]']
  5 allfull              0       117  []
  5 split                1       174  ['[4 x [4 x i16]]']
  5 shift                1       130  ['[4 x [4 x i16]]']
  5 xvec                 1       140  ['[4 x [4 x i16]]']
  5 tailfullxvec         1       140  ['[4 x [4 x i16]]']
  6 plain                2       182  ['[4 x <6 x float>]', '[4 x [4 x i16]]']
  6 tailfull             1       146  ['[4 x [4 x i16]]']
  6 mfull                1       169  ['[4 x <6 x float>]']
  6 rfull                1       146  ['[4 x [4 x i16]]']
  6 allfull              0       133  []
  6 split                2       215  ['[4 x [2 x <4 x float>]]', '[4 x [4 x i16]]']
  6 shift                2       182  ['[4 x <6 x float>]', '[4 x [4 x i16]]']
  6 xvec                 2       191  ['[4 x <6 x float>]', '[4 x [4 x i16]]']
  6 tailfullxvec         1       155  ['[4 x [4 x i16]]']
checks: 44 pass, 0 fail
wrote /tmp/e72-build/arms_na5.metal na=5 bytes=250029 sha256=5379d3a0950fa2f6 arms=9
e72_rung2 na=5 cool_gate before=gpu_temp=36.61014175415039C cpu_temp=39.088871002197266C gpu_power=0.004585096146911383W
benchmark.sh: GPU cool-down gate passed (current 36.6C, target <=40C, waited 0s)
e72_rung2 na=5 cool_gate_passed_real_gate=true gate_qualified_for_timing=true
e72_rung2 na=5 entry_thermal gpu_temp=36.537235260009766C cpu_temp=39.022056579589844C gpu_power=0.005830614827573299W
wandb: [wandb.login()] Loaded credentials for https://api.wandb.ai from WANDB_API_KEY.
wandb: W&B API key is configured. Use `wandb login --relogin` to force relogin
e69_cell_ab: session entry gpu_temp_c=36.75
wandb: setting up run 0imlch0s
wandb: Tracking run with wandb version 0.28.1
wandb: Run data is saved locally in /Users/ec2-user/.senpai/native/qwen38-mlx-senpai-r2/roles/student-qwen-edward/workspace/target/wandb/run-20260820_102431-0imlch0s
wandb: Run `wandb offline` to turn off syncing.
wandb: Syncing run e72-rung2-na5
wandb: ⭐️ View project at https://wandb.ai/wandb-applied-ai-team/qwen38-mlx-challenge-senpai
wandb: 🚀 View run at https://wandb.ai/wandb-applied-ai-team/qwen38-mlx-challenge-senpai/runs/0imlch0s
ARM na=5 arm=plain max_total_threads_per_threadgroup=1024 static_threadgroup_memory_bytes=0 thread_execution_width=32
ARM na=5 arm=tailfull max_total_threads_per_threadgroup=1024 static_threadgroup_memory_bytes=0 thread_execution_width=32
ARM na=5 arm=rfull max_total_threads_per_threadgroup=1024 static_threadgroup_memory_bytes=0 thread_execution_width=32
ARM na=5 arm=shift max_total_threads_per_threadgroup=1024 static_threadgroup_memory_bytes=0 thread_execution_width=32
ARM na=5 arm=xvec max_total_threads_per_threadgroup=1024 static_threadgroup_memory_bytes=0 thread_execution_width=32
ARM na=5 arm=tailfullxvec max_total_threads_per_threadgroup=1024 static_threadgroup_memory_bytes=0 thread_execution_width=32
PARITY na=5 shape=linear_attn.in_proj_fused_qkvzba arm=tailfull differing=0 elements=82400
PARITY na=5 shape=linear_attn.in_proj_fused_qkvzba arm=rfull differing=0 elements=82400
PARITY na=5 shape=linear_attn.in_proj_fused_qkvzba arm=shift differing=0 elements=82400
PARITY na=5 shape=linear_attn.in_proj_fused_qkvzba arm=xvec differing=0 elements=82400
PARITY na=5 shape=linear_attn.in_proj_fused_qkvzba arm=tailfullxvec differing=0 elements=82400
LEG na=5 shape=linear_attn.in_proj_fused_qkvzba rep=0 position=0 arm=plain inner=568 gpu_seconds=0.158495375 wall_seconds=0.158785208 seconds_per_dispatch=0.000279041153 gbps=151.192036
LEG na=5 shape=linear_attn.in_proj_fused_qkvzba rep=0 position=1 arm=tailfull inner=568 gpu_seconds=0.158348625 wall_seconds=0.158633750 seconds_per_dispatch=0.000278782791 gbps=151.332153
LEG na=5 shape=linear_attn.in_proj_fused_qkvzba rep=0 position=2 arm=rfull inner=568 gpu_seconds=0.157433583 wall_seconds=0.157734875 seconds_per_dispatch=0.000277171801 gbps=152.211732
LEG na=5 shape=linear_attn.in_proj_fused_qkvzba rep=0 position=3 arm=shift inner=568 gpu_seconds=0.158186167 wall_seconds=0.158471583 seconds_per_dispatch=0.000278496772 gbps=151.487573
LEG na=5 shape=linear_attn.in_proj_fused_qkvzba rep=0 position=4 arm=xvec inner=568 gpu_seconds=0.153586375 wall_seconds=0.153891875 seconds_per_dispatch=0.000270398548 gbps=156.024507
LEG na=5 shape=linear_attn.in_proj_fused_qkvzba rep=0 position=5 arm=tailfullxvec inner=568 gpu_seconds=0.153913958 wall_seconds=0.154214000 seconds_per_dispatch=0.000270975279 gbps=155.692431
LEG na=5 shape=linear_attn.in_proj_fused_qkvzba rep=0 position=6 arm=tailfullxvec inner=568 gpu_seconds=0.154068500 wall_seconds=0.154354792 seconds_per_dispatch=0.000271247359 gbps=155.536261
LEG na=5 shape=linear_attn.in_proj_fused_qkvzba rep=0 position=7 arm=xvec inner=568 gpu_seconds=0.153846875 wall_seconds=0.154136167 seconds_per_dispatch=0.000270857174 gbps=155.760319
LEG na=5 shape=linear_attn.in_proj_fused_qkvzba rep=0 position=8 arm=shift inner=568 gpu_seconds=0.158387583 wall_seconds=0.158681958 seconds_per_dispatch=0.000278851379 gbps=151.294930
LEG na=5 shape=linear_attn.in_proj_fused_qkvzba rep=0 position=9 arm=rfull inner=568 gpu_seconds=0.158456333 wall_seconds=0.158771333 seconds_per_dispatch=0.000278972418 gbps=151.229288
LEG na=5 shape=linear_attn.in_proj_fused_qkvzba rep=0 position=10 arm=tailfull inner=568 gpu_seconds=0.158438875 wall_seconds=0.158740292 seconds_per_dispatch=0.000278941682 gbps=151.245951
LEG na=5 shape=linear_attn.in_proj_fused_qkvzba rep=0 position=11 arm=plain inner=568 gpu_seconds=0.158345750 wall_seconds=0.158634250 seconds_per_dispatch=0.000278777729 gbps=151.334901
LEG na=5 shape=linear_attn.in_proj_fused_qkvzba rep=1 position=0 arm=plain inner=568 gpu_seconds=0.158464917 wall_seconds=0.158751625 seconds_per_dispatch=0.000278987529 gbps=151.221096
LEG na=5 shape=linear_attn.in_proj_fused_qkvzba rep=1 position=1 arm=tailfull inner=568 gpu_seconds=0.158397125 wall_seconds=0.158694208 seconds_per_dispatch=0.000278868178 gbps=151.285817
LEG na=5 shape=linear_attn.in_proj_fused_qkvzba rep=1 position=2 arm=rfull inner=568 gpu_seconds=0.158463833 wall_seconds=0.158770000 seconds_per_dispatch=0.000278985622 gbps=151.222130
LEG na=5 shape=linear_attn.in_proj_fused_qkvzba rep=1 position=3 arm=shift inner=568 gpu_seconds=0.158281583 wall_seconds=0.158571750 seconds_per_dispatch=0.000278664759 gbps=151.396252
LEG na=5 shape=linear_attn.in_proj_fused_qkvzba rep=1 position=4 arm=xvec inner=568 gpu_seconds=0.152572667 wall_seconds=0.152868917 seconds_per_dispatch=0.000268613850 gbps=157.061150
LEG na=5 shape=linear_attn.in_proj_fused_qkvzba rep=1 position=5 arm=tailfullxvec inner=568 gpu_seconds=0.152255625 wall_seconds=0.152714542 seconds_per_dispatch=0.000268055678 gbps=157.388198
LEG na=5 shape=linear_attn.in_proj_fused_qkvzba rep=1 position=6 arm=tailfullxvec inner=568 gpu_seconds=0.152301542 wall_seconds=0.152613375 seconds_per_dispatch=0.000268136517 gbps=157.340748
LEG na=5 shape=linear_attn.in_proj_fused_qkvzba rep=1 position=7 arm=xvec inner=568 gpu_seconds=0.152049583 wall_seconds=0.152340625 seconds_per_dispatch=0.000267692928 gbps=157.601474
LEG na=5 shape=linear_attn.in_proj_fused_qkvzba rep=1 position=8 arm=shift inner=568 gpu_seconds=0.156445584 wall_seconds=0.156729625 seconds_per_dispatch=0.000275432365 gbps=153.172994
LEG na=5 shape=linear_attn.in_proj_fused_qkvzba rep=1 position=9 arm=rfull inner=568 gpu_seconds=0.156308667 wall_seconds=0.156604417 seconds_per_dispatch=0.000275191315 gbps=153.307164
LEG na=5 shape=linear_attn.in_proj_fused_qkvzba rep=1 position=10 arm=tailfull inner=568 gpu_seconds=0.156555917 wall_seconds=0.156845542 seconds_per_dispatch=0.000275626614 gbps=153.065045
LEG na=5 shape=linear_attn.in_proj_fused_qkvzba rep=1 position=11 arm=plain inner=568 gpu_seconds=0.156718292 wall_seconds=0.157015917 seconds_per_dispatch=0.000275912486 gbps=152.906455
LEG na=5 shape=linear_attn.in_proj_fused_qkvzba rep=2 position=0 arm=plain inner=568 gpu_seconds=0.158089292 wall_seconds=0.158394250 seconds_per_dispatch=0.000278326217 gbps=151.580402
LEG na=5 shape=linear_attn.in_proj_fused_qkvzba rep=2 position=1 arm=tailfull inner=568 gpu_seconds=0.158354625 wall_seconds=0.158635875 seconds_per_dispatch=0.000278793354 gbps=151.326420
LEG na=5 shape=linear_attn.in_proj_fused_qkvzba rep=2 position=2 arm=rfull inner=568 gpu_seconds=0.158190125 wall_seconds=0.158459750 seconds_per_dispatch=0.000278503741 gbps=151.483782
LEG na=5 shape=linear_attn.in_proj_fused_qkvzba rep=2 position=3 arm=shift inner=568 gpu_seconds=0.157061917 wall_seconds=0.157339625 seconds_per_dispatch=0.000276517459 gbps=152.571921
LEG na=5 shape=linear_attn.in_proj_fused_qkvzba rep=2 position=4 arm=xvec inner=568 gpu_seconds=0.153446083 wall_seconds=0.153728917 seconds_per_dispatch=0.000270151555 gbps=156.167156
LEG na=5 shape=linear_attn.in_proj_fused_qkvzba rep=2 position=5 arm=tailfullxvec inner=568 gpu_seconds=0.153716042 wall_seconds=0.154000000 seconds_per_dispatch=0.000270626834 gbps=155.892893
LEG na=5 shape=linear_attn.in_proj_fused_qkvzba rep=2 position=6 arm=tailfullxvec inner=568 gpu_seconds=0.153700875 wall_seconds=0.153970375 seconds_per_dispatch=0.000270600132 gbps=155.908276
LEG na=5 shape=linear_attn.in_proj_fused_qkvzba rep=2 position=7 arm=xvec inner=568 gpu_seconds=0.153532708 wall_seconds=0.153795708 seconds_per_dispatch=0.000270304064 gbps=156.079044
LEG na=5 shape=linear_attn.in_proj_fused_qkvzba rep=2 position=8 arm=shift inner=568 gpu_seconds=0.158555792 wall_seconds=0.158826250 seconds_per_dispatch=0.000279147521 gbps=151.134425
LEG na=5 shape=linear_attn.in_proj_fused_qkvzba rep=2 position=9 arm=rfull inner=568 gpu_seconds=0.158442583 wall_seconds=0.158726292 seconds_per_dispatch=0.000278948210 gbps=151.242412
LEG na=5 shape=linear_attn.in_proj_fused_qkvzba rep=2 position=10 arm=tailfull inner=568 gpu_seconds=0.158735750 wall_seconds=0.159002833 seconds_per_dispatch=0.000279464348 gbps=150.963084
LEG na=5 shape=linear_attn.in_proj_fused_qkvzba rep=2 position=11 arm=plain inner=568 gpu_seconds=0.158507500 wall_seconds=0.158783292 seconds_per_dispatch=0.000279062500 gbps=151.180470
LEG na=5 shape=linear_attn.in_proj_fused_qkvzba rep=3 position=0 arm=plain inner=568 gpu_seconds=0.158040667 wall_seconds=0.158335208 seconds_per_dispatch=0.000278240610 gbps=151.627039
LEG na=5 shape=linear_attn.in_proj_fused_qkvzba rep=3 position=1 arm=tailfull inner=568 gpu_seconds=0.158580458 wall_seconds=0.158856333 seconds_per_dispatch=0.000279190948 gbps=151.110917
LEG na=5 shape=linear_attn.in_proj_fused_qkvzba rep=3 position=2 arm=rfull inner=568 gpu_seconds=0.157464375 wall_seconds=0.157747083 seconds_per_dispatch=0.000277226012 gbps=152.181967
LEG na=5 shape=linear_attn.in_proj_fused_qkvzba rep=3 position=3 arm=shift inner=568 gpu_seconds=0.158265083 wall_seconds=0.158552500 seconds_per_dispatch=0.000278635710 gbps=151.412035
LEG na=5 shape=linear_attn.in_proj_fused_qkvzba rep=3 position=4 arm=xvec inner=568 gpu_seconds=0.153584333 wall_seconds=0.153852500 seconds_per_dispatch=0.000270394953 gbps=156.026581
LEG na=5 shape=linear_attn.in_proj_fused_qkvzba rep=3 position=5 arm=tailfullxvec inner=568 gpu_seconds=0.153833750 wall_seconds=0.154116083 seconds_per_dispatch=0.000270834067 gbps=155.773609
LEG na=5 shape=linear_attn.in_proj_fused_qkvzba rep=3 position=6 arm=tailfullxvec inner=568 gpu_seconds=0.153745458 wall_seconds=0.154038375 seconds_per_dispatch=0.000270678624 gbps=155.863065
LEG na=5 shape=linear_attn.in_proj_fused_qkvzba rep=3 position=7 arm=xvec inner=568 gpu_seconds=0.153528917 wall_seconds=0.153889958 seconds_per_dispatch=0.000270297388 gbps=156.082899
LEG na=5 shape=linear_attn.in_proj_fused_qkvzba rep=3 position=8 arm=shift inner=568 gpu_seconds=0.156805000 wall_seconds=0.157052875 seconds_per_dispatch=0.000276065141 gbps=152.821902
LEG na=5 shape=linear_attn.in_proj_fused_qkvzba rep=3 position=9 arm=rfull inner=568 gpu_seconds=0.156434500 wall_seconds=0.156752958 seconds_per_dispatch=0.000275412852 gbps=153.183846
LEG na=5 shape=linear_attn.in_proj_fused_qkvzba rep=3 position=10 arm=tailfull inner=568 gpu_seconds=0.156559125 wall_seconds=0.156830583 seconds_per_dispatch=0.000275632262 gbps=153.061908
LEG na=5 shape=linear_attn.in_proj_fused_qkvzba rep=3 position=11 arm=plain inner=568 gpu_seconds=0.157411750 wall_seconds=0.157723542 seconds_per_dispatch=0.000277133363 gbps=152.232844
LEG na=5 shape=linear_attn.in_proj_fused_qkvzba rep=4 position=0 arm=plain inner=568 gpu_seconds=0.157502208 wall_seconds=0.157771125 seconds_per_dispatch=0.000277292620 gbps=152.145412
LEG na=5 shape=linear_attn.in_proj_fused_qkvzba rep=4 position=1 arm=tailfull inner=568 gpu_seconds=0.157621875 wall_seconds=0.157864208 seconds_per_dispatch=0.000277503301 gbps=152.029903
LEG na=5 shape=linear_attn.in_proj_fused_qkvzba rep=4 position=2 arm=rfull inner=568 gpu_seconds=0.157526167 wall_seconds=0.157766875 seconds_per_dispatch=0.000277334800 gbps=152.122272
LEG na=5 shape=linear_attn.in_proj_fused_qkvzba rep=4 position=3 arm=shift inner=568 gpu_seconds=0.157451000 wall_seconds=0.157704500 seconds_per_dispatch=0.000277202464 gbps=152.194895
LEG na=5 shape=linear_attn.in_proj_fused_qkvzba rep=4 position=4 arm=xvec inner=568 gpu_seconds=0.153118292 wall_seconds=0.153423750 seconds_per_dispatch=0.000269574457 gbps=156.501474
LEG na=5 shape=linear_attn.in_proj_fused_qkvzba rep=4 position=5 arm=tailfullxvec inner=568 gpu_seconds=0.153523625 wall_seconds=0.153782167 seconds_per_dispatch=0.000270288072 gbps=156.088279
LEG na=5 shape=linear_attn.in_proj_fused_qkvzba rep=4 position=6 arm=tailfullxvec inner=568 gpu_seconds=0.153681208 wall_seconds=0.153986917 seconds_per_dispatch=0.000270565507 gbps=155.928228
LEG na=5 shape=linear_attn.in_proj_fused_qkvzba rep=4 position=7 arm=xvec inner=568 gpu_seconds=0.153736750 wall_seconds=0.154041917 seconds_per_dispatch=0.000270663292 gbps=155.871894
LEG na=5 shape=linear_attn.in_proj_fused_qkvzba rep=4 position=8 arm=shift inner=568 gpu_seconds=0.158207875 wall_seconds=0.158500875 seconds_per_dispatch=0.000278534991 gbps=151.466786
LEG na=5 shape=linear_attn.in_proj_fused_qkvzba rep=4 position=9 arm=rfull inner=568 gpu_seconds=0.158284500 wall_seconds=0.158581958 seconds_per_dispatch=0.000278669894 gbps=151.393462
LEG na=5 shape=linear_attn.in_proj_fused_qkvzba rep=4 position=10 arm=tailfull inner=568 gpu_seconds=0.156881625 wall_seconds=0.157169333 seconds_per_dispatch=0.000276200044 gbps=152.747260
LEG na=5 shape=linear_attn.in_proj_fused_qkvzba rep=4 position=11 arm=plain inner=568 gpu_seconds=0.157649500 wall_seconds=0.157964625 seconds_per_dispatch=0.000277551936 gbps=152.003263
LEG na=5 shape=linear_attn.in_proj_fused_qkvzba rep=5 position=0 arm=plain inner=568 gpu_seconds=0.158310500 wall_seconds=0.158602833 seconds_per_dispatch=0.000278715669 gbps=151.368598
LEG na=5 shape=linear_attn.in_proj_fused_qkvzba rep=5 position=1 arm=tailfull inner=568 gpu_seconds=0.157454292 wall_seconds=0.157747875 seconds_per_dispatch=0.000277208260 gbps=152.191713
LEG na=5 shape=linear_attn.in_proj_fused_qkvzba rep=5 position=2 arm=rfull inner=568 gpu_seconds=0.156328000 wall_seconds=0.156669250 seconds_per_dispatch=0.000275225352 gbps=153.288204
LEG na=5 shape=linear_attn.in_proj_fused_qkvzba rep=5 position=3 arm=shift inner=568 gpu_seconds=0.156489125 wall_seconds=0.156784417 seconds_per_dispatch=0.000275509023 gbps=153.130375
LEG na=5 shape=linear_attn.in_proj_fused_qkvzba rep=5 position=4 arm=xvec inner=568 gpu_seconds=0.153045125 wall_seconds=0.153345958 seconds_per_dispatch=0.000269445642 gbps=156.576294
LEG na=5 shape=linear_attn.in_proj_fused_qkvzba rep=5 position=5 arm=tailfullxvec inner=568 gpu_seconds=0.153516000 wall_seconds=0.153778125 seconds_per_dispatch=0.000270274648 gbps=156.096032
LEG na=5 shape=linear_attn.in_proj_fused_qkvzba rep=5 position=6 arm=tailfullxvec inner=568 gpu_seconds=0.153387292 wall_seconds=0.153675375 seconds_per_dispatch=0.000270048049 gbps=156.227013
LEG na=5 shape=linear_attn.in_proj_fused_qkvzba rep=5 position=7 arm=xvec inner=568 gpu_seconds=0.153179792 wall_seconds=0.153458083 seconds_per_dispatch=0.000269682732 gbps=156.438641
LEG na=5 shape=linear_attn.in_proj_fused_qkvzba rep=5 position=8 arm=shift inner=568 gpu_seconds=0.157523500 wall_seconds=0.157786917 seconds_per_dispatch=0.000277330106 gbps=152.124847
LEG na=5 shape=linear_attn.in_proj_fused_qkvzba rep=5 position=9 arm=rfull inner=568 gpu_seconds=0.157491125 wall_seconds=0.157716500 seconds_per_dispatch=0.000277273108 gbps=152.156119
LEG na=5 shape=linear_attn.in_proj_fused_qkvzba rep=5 position=10 arm=tailfull inner=568 gpu_seconds=0.157853833 wall_seconds=0.158124583 seconds_per_dispatch=0.000277911678 gbps=151.806503
LEG na=5 shape=linear_attn.in_proj_fused_qkvzba rep=5 position=11 arm=plain inner=568 gpu_seconds=0.158136917 wall_seconds=0.158416708 seconds_per_dispatch=0.000278410065 gbps=151.534752
LEG na=5 shape=linear_attn.in_proj_fused_qkvzba rep=6 position=0 arm=plain inner=568 gpu_seconds=0.158527042 wall_seconds=0.158811792 seconds_per_dispatch=0.000279096905 gbps=151.161834
LEG na=5 shape=linear_attn.in_proj_fused_qkvzba rep=6 position=1 arm=tailfull inner=568 gpu_seconds=0.158399917 wall_seconds=0.158687375 seconds_per_dispatch=0.000278873093 gbps=151.283150
LEG na=5 shape=linear_attn.in_proj_fused_qkvzba rep=6 position=2 arm=rfull inner=568 gpu_seconds=0.158328333 wall_seconds=0.158623917 seconds_per_dispatch=0.000278747065 gbps=151.351549
LEG na=5 shape=linear_attn.in_proj_fused_qkvzba rep=6 position=3 arm=shift inner=568 gpu_seconds=0.158274750 wall_seconds=0.158572958 seconds_per_dispatch=0.000278652729 gbps=151.402788
LEG na=5 shape=linear_attn.in_proj_fused_qkvzba rep=6 position=4 arm=xvec inner=568 gpu_seconds=0.153773709 wall_seconds=0.154063542 seconds_per_dispatch=0.000270728360 gbps=155.834431
LEG na=5 shape=linear_attn.in_proj_fused_qkvzba rep=6 position=5 arm=tailfullxvec inner=568 gpu_seconds=0.154016958 wall_seconds=0.154309833 seconds_per_dispatch=0.000271156617 gbps=155.588311
LEG na=5 shape=linear_attn.in_proj_fused_qkvzba rep=6 position=6 arm=tailfullxvec inner=568 gpu_seconds=0.153022167 wall_seconds=0.153286500 seconds_per_dispatch=0.000269405223 gbps=156.599785
LEG na=5 shape=linear_attn.in_proj_fused_qkvzba rep=6 position=7 arm=xvec inner=568 gpu_seconds=0.152062333 wall_seconds=0.152334083 seconds_per_dispatch=0.000267715376 gbps=157.588259
LEG na=5 shape=linear_attn.in_proj_fused_qkvzba rep=6 position=8 arm=shift inner=568 gpu_seconds=0.156455583 wall_seconds=0.156732750 seconds_per_dispatch=0.000275449971 gbps=153.163204
LEG na=5 shape=linear_attn.in_proj_fused_qkvzba rep=6 position=9 arm=rfull inner=568 gpu_seconds=0.157428792 wall_seconds=0.157701417 seconds_per_dispatch=0.000277163366 gbps=152.216365
LEG na=5 shape=linear_attn.in_proj_fused_qkvzba rep=6 position=10 arm=tailfull inner=568 gpu_seconds=0.157416042 wall_seconds=0.157681833 seconds_per_dispatch=0.000277140918 gbps=152.228694
LEG na=5 shape=linear_attn.in_proj_fused_qkvzba rep=6 position=11 arm=plain inner=568 gpu_seconds=0.156622750 wall_seconds=0.156875792 seconds_per_dispatch=0.000275744278 gbps=152.999730
LEG na=5 shape=linear_attn.in_proj_fused_qkvzba rep=7 position=0 arm=plain inner=568 gpu_seconds=0.156361208 wall_seconds=0.156645167 seconds_per_dispatch=0.000275283817 gbps=153.255649
LEG na=5 shape=linear_attn.in_proj_fused_qkvzba rep=7 position=1 arm=tailfull inner=568 gpu_seconds=0.156921000 wall_seconds=0.157289208 seconds_per_dispatch=0.000276269366 gbps=152.708933
LEG na=5 shape=linear_attn.in_proj_fused_qkvzba rep=7 position=2 arm=rfull inner=568 gpu_seconds=0.156336875 wall_seconds=0.156618875 seconds_per_dispatch=0.000275240977 gbps=153.279502
LEG na=5 shape=linear_attn.in_proj_fused_qkvzba rep=7 position=3 arm=shift inner=568 gpu_seconds=0.156540833 wall_seconds=0.156806500 seconds_per_dispatch=0.000275600058 gbps=153.079793
LEG na=5 shape=linear_attn.in_proj_fused_qkvzba rep=7 position=4 arm=xvec inner=568 gpu_seconds=0.152155833 wall_seconds=0.152480583 seconds_per_dispatch=0.000267879988 gbps=157.491421
LEG na=5 shape=linear_attn.in_proj_fused_qkvzba rep=7 position=5 arm=tailfullxvec inner=568 gpu_seconds=0.152376583 wall_seconds=0.152719292 seconds_per_dispatch=0.000268268633 gbps=157.263261
LEG na=5 shape=linear_attn.in_proj_fused_qkvzba rep=7 position=6 arm=tailfullxvec inner=568 gpu_seconds=0.152564500 wall_seconds=0.152941750 seconds_per_dispatch=0.000268599472 gbps=157.069557
LEG na=5 shape=linear_attn.in_proj_fused_qkvzba rep=7 position=7 arm=xvec inner=568 gpu_seconds=0.153246125 wall_seconds=0.153550500 seconds_per_dispatch=0.000269799516 gbps=156.370926
LEG na=5 shape=linear_attn.in_proj_fused_qkvzba rep=7 position=8 arm=shift inner=568 gpu_seconds=0.158418542 wall_seconds=0.158695958 seconds_per_dispatch=0.000278905883 gbps=151.265364
LEG na=5 shape=linear_attn.in_proj_fused_qkvzba rep=7 position=9 arm=rfull inner=568 gpu_seconds=0.158427375 wall_seconds=0.158697750 seconds_per_dispatch=0.000278921435 gbps=151.256930
LEG na=5 shape=linear_attn.in_proj_fused_qkvzba rep=7 position=10 arm=tailfull inner=568 gpu_seconds=0.156893583 wall_seconds=0.157163500 seconds_per_dispatch=0.000276221098 gbps=152.735618
LEG na=5 shape=linear_attn.in_proj_fused_qkvzba rep=7 position=11 arm=plain inner=568 gpu_seconds=0.158569291 wall_seconds=0.158834292 seconds_per_dispatch=0.000279171288 gbps=151.121558
LEG na=5 shape=linear_attn.in_proj_fused_qkvzba rep=8 position=0 arm=plain inner=568 gpu_seconds=0.158508750 wall_seconds=0.158797583 seconds_per_dispatch=0.000279064701 gbps=151.179278
LEG na=5 shape=linear_attn.in_proj_fused_qkvzba rep=8 position=1 arm=tailfull inner=568 gpu_seconds=0.158606917 wall_seconds=0.158901667 seconds_per_dispatch=0.000279237529 gbps=151.085709
LEG na=5 shape=linear_attn.in_proj_fused_qkvzba rep=8 position=2 arm=rfull inner=568 gpu_seconds=0.158682625 wall_seconds=0.158965958 seconds_per_dispatch=0.000279370819 gbps=151.013625
LEG na=5 shape=linear_attn.in_proj_fused_qkvzba rep=8 position=3 arm=shift inner=568 gpu_seconds=0.158570917 wall_seconds=0.158861833 seconds_per_dispatch=0.000279174149 gbps=151.120009
LEG na=5 shape=linear_attn.in_proj_fused_qkvzba rep=8 position=4 arm=xvec inner=568 gpu_seconds=0.153534375 wall_seconds=0.153832875 seconds_per_dispatch=0.000270306998 gbps=156.077350
LEG na=5 shape=linear_attn.in_proj_fused_qkvzba rep=8 position=5 arm=tailfullxvec inner=568 gpu_seconds=0.153808917 wall_seconds=0.154099625 seconds_per_dispatch=0.000270790346 gbps=155.798759
LEG na=5 shape=linear_attn.in_proj_fused_qkvzba rep=8 position=6 arm=tailfullxvec inner=568 gpu_seconds=0.153857500 wall_seconds=0.154144583 seconds_per_dispatch=0.000270875880 gbps=155.749563
LEG na=5 shape=linear_attn.in_proj_fused_qkvzba rep=8 position=7 arm=xvec inner=568 gpu_seconds=0.153611750 wall_seconds=0.153900625 seconds_per_dispatch=0.000270443222 gbps=155.998733
LEG na=5 shape=linear_attn.in_proj_fused_qkvzba rep=8 position=8 arm=shift inner=568 gpu_seconds=0.157830458 wall_seconds=0.158099292 seconds_per_dispatch=0.000277870525 gbps=151.828986
LEG na=5 shape=linear_attn.in_proj_fused_qkvzba rep=8 position=9 arm=rfull inner=568 gpu_seconds=0.158625833 wall_seconds=0.158909750 seconds_per_dispatch=0.000279270833 gbps=151.067691
LEG na=5 shape=linear_attn.in_proj_fused_qkvzba rep=8 position=10 arm=tailfull inner=568 gpu_seconds=0.158634417 wall_seconds=0.158928667 seconds_per_dispatch=0.000279285945 gbps=151.059517
LEG na=5 shape=linear_attn.in_proj_fused_qkvzba rep=8 position=11 arm=plain inner=568 gpu_seconds=0.158526750 wall_seconds=0.158830375 seconds_per_dispatch=0.000279096391 gbps=151.162112
LEG na=5 shape=linear_attn.in_proj_fused_qkvzba rep=9 position=0 arm=plain inner=568 gpu_seconds=0.158341167 wall_seconds=0.158714375 seconds_per_dispatch=0.000278769659 gbps=151.339282
LEG na=5 shape=linear_attn.in_proj_fused_qkvzba rep=9 position=1 arm=tailfull inner=568 gpu_seconds=0.158530792 wall_seconds=0.158818167 seconds_per_dispatch=0.000279103507 gbps=151.158258
LEG na=5 shape=linear_attn.in_proj_fused_qkvzba rep=9 position=2 arm=rfull inner=568 gpu_seconds=0.158330333 wall_seconds=0.158688208 seconds_per_dispatch=0.000278750587 gbps=151.349636
LEG na=5 shape=linear_attn.in_proj_fused_qkvzba rep=9 position=3 arm=shift inner=568 gpu_seconds=0.158433375 wall_seconds=0.158780292 seconds_per_dispatch=0.000278931998 gbps=151.251202
LEG na=5 shape=linear_attn.in_proj_fused_qkvzba rep=9 position=4 arm=xvec inner=568 gpu_seconds=0.153806750 wall_seconds=0.154111917 seconds_per_dispatch=0.000270786532 gbps=155.800954
LEG na=5 shape=linear_attn.in_proj_fused_qkvzba rep=9 position=5 arm=tailfullxvec inner=568 gpu_seconds=0.154020958 wall_seconds=0.154323958 seconds_per_dispatch=0.000271163659 gbps=155.584270
LEG na=5 shape=linear_attn.in_proj_fused_qkvzba rep=9 position=6 arm=tailfullxvec inner=568 gpu_seconds=0.154058958 wall_seconds=0.154362792 seconds_per_dispatch=0.000271230560 gbps=155.545894
LEG na=5 shape=linear_attn.in_proj_fused_qkvzba rep=9 position=7 arm=xvec inner=568 gpu_seconds=0.153795500 wall_seconds=0.154104125 seconds_per_dispatch=0.000270766725 gbps=155.812351
LEG na=5 shape=linear_attn.in_proj_fused_qkvzba rep=9 position=8 arm=shift inner=568 gpu_seconds=0.158322375 wall_seconds=0.158616917 seconds_per_dispatch=0.000278736576 gbps=151.357244
LEG na=5 shape=linear_attn.in_proj_fused_qkvzba rep=9 position=9 arm=rfull inner=568 gpu_seconds=0.157132416 wall_seconds=0.157404333 seconds_per_dispatch=0.000276641578 gbps=152.503468
LEG na=5 shape=linear_attn.in_proj_fused_qkvzba rep=9 position=10 arm=tailfull inner=568 gpu_seconds=0.156470250 wall_seconds=0.156784917 seconds_per_dispatch=0.000275475792 gbps=153.148847
LEG na=5 shape=linear_attn.in_proj_fused_qkvzba rep=9 position=11 arm=plain inner=568 gpu_seconds=0.156457708 wall_seconds=0.156889958 seconds_per_dispatch=0.000275453712 gbps=153.161124
LEG na=5 shape=linear_attn.in_proj_fused_qkvzba rep=10 position=0 arm=plain inner=568 gpu_seconds=0.158149000 wall_seconds=0.158502333 seconds_per_dispatch=0.000278431338 gbps=151.523174
LEG na=5 shape=linear_attn.in_proj_fused_qkvzba rep=10 position=1 arm=tailfull inner=568 gpu_seconds=0.158404083 wall_seconds=0.158701792 seconds_per_dispatch=0.000278880428 gbps=151.279171
LEG na=5 shape=linear_attn.in_proj_fused_qkvzba rep=10 position=2 arm=rfull inner=568 gpu_seconds=0.158362250 wall_seconds=0.158657500 seconds_per_dispatch=0.000278806778 gbps=151.319133
LEG na=5 shape=linear_attn.in_proj_fused_qkvzba rep=10 position=3 arm=shift inner=568 gpu_seconds=0.158262208 wall_seconds=0.158553333 seconds_per_dispatch=0.000278630648 gbps=151.414786
LEG na=5 shape=linear_attn.in_proj_fused_qkvzba rep=10 position=4 arm=xvec inner=568 gpu_seconds=0.153734125 wall_seconds=0.154024292 seconds_per_dispatch=0.000270658671 gbps=155.874555
LEG na=5 shape=linear_attn.in_proj_fused_qkvzba rep=10 position=5 arm=tailfullxvec inner=568 gpu_seconds=0.154047625 wall_seconds=0.154346542 seconds_per_dispatch=0.000271210607 gbps=155.557338
LEG na=5 shape=linear_attn.in_proj_fused_qkvzba rep=10 position=6 arm=tailfullxvec inner=568 gpu_seconds=0.153999250 wall_seconds=0.154294875 seconds_per_dispatch=0.000271125440 gbps=155.606202
LEG na=5 shape=linear_attn.in_proj_fused_qkvzba rep=10 position=7 arm=xvec inner=568 gpu_seconds=0.153807250 wall_seconds=0.154097583 seconds_per_dispatch=0.000270787412 gbps=155.800448
LEG na=5 shape=linear_attn.in_proj_fused_qkvzba rep=10 position=8 arm=shift inner=568 gpu_seconds=0.158303750 wall_seconds=0.158680250 seconds_per_dispatch=0.000278703785 gbps=151.375052
LEG na=5 shape=linear_attn.in_proj_fused_qkvzba rep=10 position=9 arm=rfull inner=568 gpu_seconds=0.158374000 wall_seconds=0.158657583 seconds_per_dispatch=0.000278827465 gbps=151.307907
LEG na=5 shape=linear_attn.in_proj_fused_qkvzba rep=10 position=10 arm=tailfull inner=568 gpu_seconds=0.157640250 wall_seconds=0.157967875 seconds_per_dispatch=0.000277535651 gbps=152.012182
LEG na=5 shape=linear_attn.in_proj_fused_qkvzba rep=10 position=11 arm=plain inner=568 gpu_seconds=0.158410750 wall_seconds=0.158710292 seconds_per_dispatch=0.000278892166 gbps=151.272804
LEG na=5 shape=linear_attn.in_proj_fused_qkvzba rep=11 position=0 arm=plain inner=568 gpu_seconds=0.158295042 wall_seconds=0.158586167 seconds_per_dispatch=0.000278688454 gbps=151.383380
LEG na=5 shape=linear_attn.in_proj_fused_qkvzba rep=11 position=1 arm=tailfull inner=568 gpu_seconds=0.158523958 wall_seconds=0.158818750 seconds_per_dispatch=0.000279091476 gbps=151.164775
LEG na=5 shape=linear_attn.in_proj_fused_qkvzba rep=11 position=2 arm=rfull inner=568 gpu_seconds=0.158505667 wall_seconds=0.158798250 seconds_per_dispatch=0.000279059272 gbps=151.182219
LEG na=5 shape=linear_attn.in_proj_fused_qkvzba rep=11 position=3 arm=shift inner=568 gpu_seconds=0.158377625 wall_seconds=0.158675750 seconds_per_dispatch=0.000278833847 gbps=151.304443
LEG na=5 shape=linear_attn.in_proj_fused_qkvzba rep=11 position=4 arm=xvec inner=568 gpu_seconds=0.153819000 wall_seconds=0.154115458 seconds_per_dispatch=0.000270808099 gbps=155.788546
LEG na=5 shape=linear_attn.in_proj_fused_qkvzba rep=11 position=5 arm=tailfullxvec inner=568 gpu_seconds=0.153392958 wall_seconds=0.153689000 seconds_per_dispatch=0.000270058025 gbps=156.221241
LEG na=5 shape=linear_attn.in_proj_fused_qkvzba rep=11 position=6 arm=tailfullxvec inner=568 gpu_seconds=0.154680375 wall_seconds=0.154954250 seconds_per_dispatch=0.000272324604 gbps=154.921000
LEG na=5 shape=linear_attn.in_proj_fused_qkvzba rep=11 position=7 arm=xvec inner=568 gpu_seconds=0.154295000 wall_seconds=0.154600458 seconds_per_dispatch=0.000271646127 gbps=155.307939
LEG na=5 shape=linear_attn.in_proj_fused_qkvzba rep=11 position=8 arm=shift inner=568 gpu_seconds=0.159074833 wall_seconds=0.159374500 seconds_per_dispatch=0.000280061326 gbps=150.641292
LEG na=5 shape=linear_attn.in_proj_fused_qkvzba rep=11 position=9 arm=rfull inner=568 gpu_seconds=0.159454250 wall_seconds=0.159758875 seconds_per_dispatch=0.000280729313 gbps=150.282845
LEG na=5 shape=linear_attn.in_proj_fused_qkvzba rep=11 position=10 arm=tailfull inner=568 gpu_seconds=0.159275125 wall_seconds=0.159575667 seconds_per_dispatch=0.000280413952 gbps=150.451857
LEG na=5 shape=linear_attn.in_proj_fused_qkvzba rep=11 position=11 arm=plain inner=568 gpu_seconds=0.159014334 wall_seconds=0.159328750 seconds_per_dispatch=0.000279954813 gbps=150.698606
LEG na=5 shape=linear_attn.in_proj_fused_qkvzba rep=12 position=0 arm=plain inner=568 gpu_seconds=0.159434375 wall_seconds=0.159746750 seconds_per_dispatch=0.000280694322 gbps=150.301579
LEG na=5 shape=linear_attn.in_proj_fused_qkvzba rep=12 position=1 arm=tailfull inner=568 gpu_seconds=0.158974958 wall_seconds=0.159303917 seconds_per_dispatch=0.000279885490 gbps=150.735931
LEG na=5 shape=linear_attn.in_proj_fused_qkvzba rep=12 position=2 arm=rfull inner=568 gpu_seconds=0.159171375 wall_seconds=0.159464208 seconds_per_dispatch=0.000280231294 gbps=150.549924
LEG na=5 shape=linear_attn.in_proj_fused_qkvzba rep=12 position=3 arm=shift inner=568 gpu_seconds=0.159133875 wall_seconds=0.159427667 seconds_per_dispatch=0.000280165273 gbps=150.585401
LEG na=5 shape=linear_attn.in_proj_fused_qkvzba rep=12 position=4 arm=xvec inner=568 gpu_seconds=0.154148375 wall_seconds=0.154444292 seconds_per_dispatch=0.000271387984 gbps=155.455667
LEG na=5 shape=linear_attn.in_proj_fused_qkvzba rep=12 position=5 arm=tailfullxvec inner=568 gpu_seconds=0.153160583 wall_seconds=0.153455542 seconds_per_dispatch=0.000269648914 gbps=156.458260
LEG na=5 shape=linear_attn.in_proj_fused_qkvzba rep=12 position=6 arm=tailfullxvec inner=568 gpu_seconds=0.153760625 wall_seconds=0.154054292 seconds_per_dispatch=0.000270705326 gbps=155.847691
LEG na=5 shape=linear_attn.in_proj_fused_qkvzba rep=12 position=7 arm=xvec inner=568 gpu_seconds=0.153497542 wall_seconds=0.153775500 seconds_per_dispatch=0.000270242151 gbps=156.114803
LEG na=5 shape=linear_attn.in_proj_fused_qkvzba rep=12 position=8 arm=shift inner=568 gpu_seconds=0.158693375 wall_seconds=0.158965417 seconds_per_dispatch=0.000279389744 gbps=151.003395
LEG na=5 shape=linear_attn.in_proj_fused_qkvzba rep=12 position=9 arm=rfull inner=568 gpu_seconds=0.158670250 wall_seconds=0.158939625 seconds_per_dispatch=0.000279349031 gbps=151.025403
LEG na=5 shape=linear_attn.in_proj_fused_qkvzba rep=12 position=10 arm=tailfull inner=568 gpu_seconds=0.158643500 wall_seconds=0.158928917 seconds_per_dispatch=0.000279301937 gbps=151.050868
LEG na=5 shape=linear_attn.in_proj_fused_qkvzba rep=12 position=11 arm=plain inner=568 gpu_seconds=0.157945958 wall_seconds=0.158221083 seconds_per_dispatch=0.000278073870 gbps=151.717959
LEG na=5 shape=linear_attn.in_proj_fused_qkvzba rep=13 position=0 arm=plain inner=568 gpu_seconds=0.158562667 wall_seconds=0.158839042 seconds_per_dispatch=0.000279159625 gbps=151.127872
LEG na=5 shape=linear_attn.in_proj_fused_qkvzba rep=13 position=1 arm=tailfull inner=568 gpu_seconds=0.158633083 wall_seconds=0.158930000 seconds_per_dispatch=0.000279283597 gbps=151.060787
LEG na=5 shape=linear_attn.in_proj_fused_qkvzba rep=13 position=2 arm=rfull inner=568 gpu_seconds=0.158525334 wall_seconds=0.158785042 seconds_per_dispatch=0.000279093897 gbps=151.163463
LEG na=5 shape=linear_attn.in_proj_fused_qkvzba rep=13 position=3 arm=shift inner=568 gpu_seconds=0.158666042 wall_seconds=0.158939583 seconds_per_dispatch=0.000279341623 gbps=151.029408
LEG na=5 shape=linear_attn.in_proj_fused_qkvzba rep=13 position=4 arm=xvec inner=568 gpu_seconds=0.153643167 wall_seconds=0.153907458 seconds_per_dispatch=0.000270498533 gbps=155.966835
LEG na=5 shape=linear_attn.in_proj_fused_qkvzba rep=13 position=5 arm=tailfullxvec inner=568 gpu_seconds=0.153847791 wall_seconds=0.154144083 seconds_per_dispatch=0.000270858788 gbps=155.759392
LEG na=5 shape=linear_attn.in_proj_fused_qkvzba rep=13 position=6 arm=tailfullxvec inner=568 gpu_seconds=0.153961792 wall_seconds=0.154203167 seconds_per_dispatch=0.000271059492 gbps=155.644060
LEG na=5 shape=linear_attn.in_proj_fused_qkvzba rep=13 position=7 arm=xvec inner=568 gpu_seconds=0.153608250 wall_seconds=0.153866333 seconds_per_dispatch=0.000270437060 gbps=156.002288
LEG na=5 shape=linear_attn.in_proj_fused_qkvzba rep=13 position=8 arm=shift inner=568 gpu_seconds=0.158554958 wall_seconds=0.158833458 seconds_per_dispatch=0.000279146054 gbps=151.135219
LEG na=5 shape=linear_attn.in_proj_fused_qkvzba rep=13 position=9 arm=rfull inner=568 gpu_seconds=0.158541000 wall_seconds=0.158821000 seconds_per_dispatch=0.000279121479 gbps=151.148526
LEG na=5 shape=linear_attn.in_proj_fused_qkvzba rep=13 position=10 arm=tailfull inner=568 gpu_seconds=0.158598542 wall_seconds=0.158860167 seconds_per_dispatch=0.000279222785 gbps=151.093687
LEG na=5 shape=linear_attn.in_proj_fused_qkvzba rep=13 position=11 arm=plain inner=568 gpu_seconds=0.158778500 wall_seconds=0.159054708 seconds_per_dispatch=0.000279539613 gbps=150.922438
LEG na=5 shape=linear_attn.in_proj_fused_qkvzba rep=14 position=0 arm=plain inner=568 gpu_seconds=0.158683667 wall_seconds=0.158973917 seconds_per_dispatch=0.000279372653 gbps=151.012633
LEG na=5 shape=linear_attn.in_proj_fused_qkvzba rep=14 position=1 arm=tailfull inner=568 gpu_seconds=0.158613125 wall_seconds=0.158891667 seconds_per_dispatch=0.000279248459 gbps=151.079795
LEG na=5 shape=linear_attn.in_proj_fused_qkvzba rep=14 position=2 arm=rfull inner=568 gpu_seconds=0.158515500 wall_seconds=0.158792458 seconds_per_dispatch=0.000279076585 gbps=151.172840
LEG na=5 shape=linear_attn.in_proj_fused_qkvzba rep=14 position=3 arm=shift inner=568 gpu_seconds=0.158646083 wall_seconds=0.158894917 seconds_per_dispatch=0.000279306485 gbps=151.048409
LEG na=5 shape=linear_attn.in_proj_fused_qkvzba rep=14 position=4 arm=xvec inner=568 gpu_seconds=0.153597792 wall_seconds=0.153850875 seconds_per_dispatch=0.000270418647 gbps=156.012910
LEG na=5 shape=linear_attn.in_proj_fused_qkvzba rep=14 position=5 arm=tailfullxvec inner=568 gpu_seconds=0.153817625 wall_seconds=0.154093333 seconds_per_dispatch=0.000270805678 gbps=155.789939
LEG na=5 shape=linear_attn.in_proj_fused_qkvzba rep=14 position=6 arm=tailfullxvec inner=568 gpu_seconds=0.153948250 wall_seconds=0.154212292 seconds_per_dispatch=0.000271035651 gbps=155.657751
LEG na=5 shape=linear_attn.in_proj_fused_qkvzba rep=14 position=7 arm=xvec inner=568 gpu_seconds=0.153622500 wall_seconds=0.153905167 seconds_per_dispatch=0.000270462148 gbps=155.987817
LEG na=5 shape=linear_attn.in_proj_fused_qkvzba rep=14 position=8 arm=shift inner=568 gpu_seconds=0.158664125 wall_seconds=0.158943958 seconds_per_dispatch=0.000279338248 gbps=151.031233
LEG na=5 shape=linear_attn.in_proj_fused_qkvzba rep=14 position=9 arm=rfull inner=568 gpu_seconds=0.158513917 wall_seconds=0.158790792 seconds_per_dispatch=0.000279073797 gbps=151.174351
LEG na=5 shape=linear_attn.in_proj_fused_qkvzba rep=14 position=10 arm=tailfull inner=568 gpu_seconds=0.158781583 wall_seconds=0.159070167 seconds_per_dispatch=0.000279545041 gbps=150.919508
LEG na=5 shape=linear_attn.in_proj_fused_qkvzba rep=14 position=11 arm=plain inner=568 gpu_seconds=0.158146750 wall_seconds=0.158453042 seconds_per_dispatch=0.000278427377 gbps=151.525330
LEG na=5 shape=linear_attn.in_proj_fused_qkvzba rep=15 position=0 arm=plain inner=568 gpu_seconds=0.158431875 wall_seconds=0.158723125 seconds_per_dispatch=0.000278929357 gbps=151.252634
LEG na=5 shape=linear_attn.in_proj_fused_qkvzba rep=15 position=1 arm=tailfull inner=568 gpu_seconds=0.158517375 wall_seconds=0.158826750 seconds_per_dispatch=0.000279079885 gbps=151.171052
LEG na=5 shape=linear_attn.in_proj_fused_qkvzba rep=15 position=2 arm=rfull inner=568 gpu_seconds=0.158304500 wall_seconds=0.158622167 seconds_per_dispatch=0.000278705106 gbps=151.374335
LEG na=5 shape=linear_attn.in_proj_fused_qkvzba rep=15 position=3 arm=shift inner=568 gpu_seconds=0.158352625 wall_seconds=0.158661000 seconds_per_dispatch=0.000278789832 gbps=151.328331
LEG na=5 shape=linear_attn.in_proj_fused_qkvzba rep=15 position=4 arm=xvec inner=568 gpu_seconds=0.153827917 wall_seconds=0.154126958 seconds_per_dispatch=0.000270823797 gbps=155.779516
LEG na=5 shape=linear_attn.in_proj_fused_qkvzba rep=15 position=5 arm=tailfullxvec inner=568 gpu_seconds=0.154099583 wall_seconds=0.154380792 seconds_per_dispatch=0.000271302083 gbps=155.504888
LEG na=5 shape=linear_attn.in_proj_fused_qkvzba rep=15 position=6 arm=tailfullxvec inner=568 gpu_seconds=0.152962458 wall_seconds=0.153206500 seconds_per_dispatch=0.000269300103 gbps=156.660913
LEG na=5 shape=linear_attn.in_proj_fused_qkvzba rep=15 position=7 arm=xvec inner=568 gpu_seconds=0.153768500 wall_seconds=0.154036042 seconds_per_dispatch=0.000270719190 gbps=155.839710
LEG na=5 shape=linear_attn.in_proj_fused_qkvzba rep=15 position=8 arm=shift inner=568 gpu_seconds=0.158090875 wall_seconds=0.158391958 seconds_per_dispatch=0.000278329005 gbps=151.578884
LEG na=5 shape=linear_attn.in_proj_fused_qkvzba rep=15 position=9 arm=rfull inner=568 gpu_seconds=0.158332917 wall_seconds=0.158638208 seconds_per_dispatch=0.000278755135 gbps=151.347167
LEG na=5 shape=linear_attn.in_proj_fused_qkvzba rep=15 position=10 arm=tailfull inner=568 gpu_seconds=0.158515708 wall_seconds=0.158828375 seconds_per_dispatch=0.000279076951 gbps=151.172642
LEG na=5 shape=linear_attn.in_proj_fused_qkvzba rep=15 position=11 arm=plain inner=568 gpu_seconds=0.158505125 wall_seconds=0.158788000 seconds_per_dispatch=0.000279058319 gbps=151.182736
LEG na=5 shape=linear_attn.in_proj_fused_qkvzba rep=16 position=0 arm=plain inner=568 gpu_seconds=0.158444375 wall_seconds=0.158747292 seconds_per_dispatch=0.000278951364 gbps=151.240701
LEG na=5 shape=linear_attn.in_proj_fused_qkvzba rep=16 position=1 arm=tailfull inner=568 gpu_seconds=0.158566375 wall_seconds=0.158865792 seconds_per_dispatch=0.000279166153 gbps=151.124338
LEG na=5 shape=linear_attn.in_proj_fused_qkvzba rep=16 position=2 arm=rfull inner=568 gpu_seconds=0.158320042 wall_seconds=0.158610583 seconds_per_dispatch=0.000278732468 gbps=151.359475
LEG na=5 shape=linear_attn.in_proj_fused_qkvzba rep=16 position=3 arm=shift inner=568 gpu_seconds=0.158237250 wall_seconds=0.158563500 seconds_per_dispatch=0.000278586708 gbps=151.438668
LEG na=5 shape=linear_attn.in_proj_fused_qkvzba rep=16 position=4 arm=xvec inner=568 gpu_seconds=0.153691292 wall_seconds=0.153984875 seconds_per_dispatch=0.000270583260 gbps=155.917997
LEG na=5 shape=linear_attn.in_proj_fused_qkvzba rep=16 position=5 arm=tailfullxvec inner=568 gpu_seconds=0.154059708 wall_seconds=0.154376667 seconds_per_dispatch=0.000271231881 gbps=155.545137
LEG na=5 shape=linear_attn.in_proj_fused_qkvzba rep=16 position=6 arm=tailfullxvec inner=568 gpu_seconds=0.153309375 wall_seconds=0.153590458 seconds_per_dispatch=0.000269910871 gbps=156.306413
LEG na=5 shape=linear_attn.in_proj_fused_qkvzba rep=16 position=7 arm=xvec inner=568 gpu_seconds=0.152172375 wall_seconds=0.152497375 seconds_per_dispatch=0.000267909111 gbps=157.474301
LEG na=5 shape=linear_attn.in_proj_fused_qkvzba rep=16 position=8 arm=shift inner=568 gpu_seconds=0.156920500 wall_seconds=0.157261625 seconds_per_dispatch=0.000276268486 gbps=152.709419
LEG na=5 shape=linear_attn.in_proj_fused_qkvzba rep=16 position=9 arm=rfull inner=568 gpu_seconds=0.157952125 wall_seconds=0.158272917 seconds_per_dispatch=0.000278084727 gbps=151.712036
LEG na=5 shape=linear_attn.in_proj_fused_qkvzba rep=16 position=10 arm=tailfull inner=568 gpu_seconds=0.158397500 wall_seconds=0.158724458 seconds_per_dispatch=0.000278868838 gbps=151.285458
LEG na=5 shape=linear_attn.in_proj_fused_qkvzba rep=16 position=11 arm=plain inner=568 gpu_seconds=0.158432125 wall_seconds=0.158726875 seconds_per_dispatch=0.000278929797 gbps=151.252395
LEG na=5 shape=linear_attn.in_proj_fused_qkvzba rep=17 position=0 arm=plain inner=568 gpu_seconds=0.158438875 wall_seconds=0.158730708 seconds_per_dispatch=0.000278941682 gbps=151.245951
LEG na=5 shape=linear_attn.in_proj_fused_qkvzba rep=17 position=1 arm=tailfull inner=568 gpu_seconds=0.158438333 wall_seconds=0.158736125 seconds_per_dispatch=0.000278940728 gbps=151.246469
LEG na=5 shape=linear_attn.in_proj_fused_qkvzba rep=17 position=2 arm=rfull inner=568 gpu_seconds=0.158509125 wall_seconds=0.158791167 seconds_per_dispatch=0.000279065361 gbps=151.178920
LEG na=5 shape=linear_attn.in_proj_fused_qkvzba rep=17 position=3 arm=shift inner=568 gpu_seconds=0.158352000 wall_seconds=0.158647792 seconds_per_dispatch=0.000278788732 gbps=151.328928
LEG na=5 shape=linear_attn.in_proj_fused_qkvzba rep=17 position=4 arm=xvec inner=568 gpu_seconds=0.153735167 wall_seconds=0.154041167 seconds_per_dispatch=0.000270660505 gbps=155.873499
LEG na=5 shape=linear_attn.in_proj_fused_qkvzba rep=17 position=5 arm=tailfullxvec inner=568 gpu_seconds=0.154078625 wall_seconds=0.154367042 seconds_per_dispatch=0.000271265185 gbps=155.526040
LEG na=5 shape=linear_attn.in_proj_fused_qkvzba rep=17 position=6 arm=tailfullxvec inner=568 gpu_seconds=0.154071250 wall_seconds=0.154370917 seconds_per_dispatch=0.000271252201 gbps=155.533485
LEG na=5 shape=linear_attn.in_proj_fused_qkvzba rep=17 position=7 arm=xvec inner=568 gpu_seconds=0.153765917 wall_seconds=0.154065833 seconds_per_dispatch=0.000270714642 gbps=155.842328
LEG na=5 shape=linear_attn.in_proj_fused_qkvzba rep=17 position=8 arm=shift inner=568 gpu_seconds=0.158272584 wall_seconds=0.158645083 seconds_per_dispatch=0.000278648915 gbps=151.404860
LEG na=5 shape=linear_attn.in_proj_fused_qkvzba rep=17 position=9 arm=rfull inner=568 gpu_seconds=0.158354875 wall_seconds=0.158659833 seconds_per_dispatch=0.000278793794 gbps=151.326181
LEG na=5 shape=linear_attn.in_proj_fused_qkvzba rep=17 position=10 arm=tailfull inner=568 gpu_seconds=0.158583667 wall_seconds=0.158870958 seconds_per_dispatch=0.000279196596 gbps=151.107859
LEG na=5 shape=linear_attn.in_proj_fused_qkvzba rep=17 position=11 arm=plain inner=568 gpu_seconds=0.158205333 wall_seconds=0.158543875 seconds_per_dispatch=0.000278530517 gbps=151.469220
LEG na=5 shape=linear_attn.in_proj_fused_qkvzba rep=18 position=0 arm=plain inner=568 gpu_seconds=0.157586708 wall_seconds=0.157855708 seconds_per_dispatch=0.000277441388 gbps=152.063830
LEG na=5 shape=linear_attn.in_proj_fused_qkvzba rep=18 position=1 arm=tailfull inner=568 gpu_seconds=0.156640750 wall_seconds=0.156956500 seconds_per_dispatch=0.000275775968 gbps=152.982148
LEG na=5 shape=linear_attn.in_proj_fused_qkvzba rep=18 position=2 arm=rfull inner=568 gpu_seconds=0.156425917 wall_seconds=0.156716500 seconds_per_dispatch=0.000275397740 gbps=153.192252
LEG na=5 shape=linear_attn.in_proj_fused_qkvzba rep=18 position=3 arm=shift inner=568 gpu_seconds=0.156471708 wall_seconds=0.156765250 seconds_per_dispatch=0.000275478360 gbps=153.147420
LEG na=5 shape=linear_attn.in_proj_fused_qkvzba rep=18 position=4 arm=xvec inner=568 gpu_seconds=0.152036792 wall_seconds=0.152323458 seconds_per_dispatch=0.000267670408 gbps=157.614733
LEG na=5 shape=linear_attn.in_proj_fused_qkvzba rep=18 position=5 arm=tailfullxvec inner=568 gpu_seconds=0.152243458 wall_seconds=0.152524833 seconds_per_dispatch=0.000268034257 gbps=157.400776
LEG na=5 shape=linear_attn.in_proj_fused_qkvzba rep=18 position=6 arm=tailfullxvec inner=568 gpu_seconds=0.152365875 wall_seconds=0.152657500 seconds_per_dispatch=0.000268249780 gbps=157.274314
LEG na=5 shape=linear_attn.in_proj_fused_qkvzba rep=18 position=7 arm=xvec inner=568 gpu_seconds=0.153095792 wall_seconds=0.153386958 seconds_per_dispatch=0.000269534844 gbps=156.524475
LEG na=5 shape=linear_attn.in_proj_fused_qkvzba rep=18 position=8 arm=shift inner=568 gpu_seconds=0.157231875 wall_seconds=0.157512375 seconds_per_dispatch=0.000276816681 gbps=152.407000
LEG na=5 shape=linear_attn.in_proj_fused_qkvzba rep=18 position=9 arm=rfull inner=568 gpu_seconds=0.157424833 wall_seconds=0.157714333 seconds_per_dispatch=0.000277156397 gbps=152.220192
LEG na=5 shape=linear_attn.in_proj_fused_qkvzba rep=18 position=10 arm=tailfull inner=568 gpu_seconds=0.158466833 wall_seconds=0.158756250 seconds_per_dispatch=0.000278990904 gbps=151.219267
LEG na=5 shape=linear_attn.in_proj_fused_qkvzba rep=18 position=11 arm=plain inner=568 gpu_seconds=0.158444125 wall_seconds=0.158736083 seconds_per_dispatch=0.000278950924 gbps=151.240940
LEG na=5 shape=linear_attn.in_proj_fused_qkvzba rep=19 position=0 arm=plain inner=568 gpu_seconds=0.157226875 wall_seconds=0.157499125 seconds_per_dispatch=0.000276807878 gbps=152.411847
LEG na=5 shape=linear_attn.in_proj_fused_qkvzba rep=19 position=1 arm=tailfull inner=568 gpu_seconds=0.156623584 wall_seconds=0.156919125 seconds_per_dispatch=0.000275745746 gbps=152.998915
LEG na=5 shape=linear_attn.in_proj_fused_qkvzba rep=19 position=2 arm=rfull inner=568 gpu_seconds=0.158054750 wall_seconds=0.158398042 seconds_per_dispatch=0.000278265405 gbps=151.613529
LEG na=5 shape=linear_attn.in_proj_fused_qkvzba rep=19 position=3 arm=shift inner=568 gpu_seconds=0.158443833 wall_seconds=0.158737583 seconds_per_dispatch=0.000278950411 gbps=151.241218
LEG na=5 shape=linear_attn.in_proj_fused_qkvzba rep=19 position=4 arm=xvec inner=568 gpu_seconds=0.153039792 wall_seconds=0.153313208 seconds_per_dispatch=0.000269436253 gbps=156.581750
LEG na=5 shape=linear_attn.in_proj_fused_qkvzba rep=19 position=5 arm=tailfullxvec inner=568 gpu_seconds=0.152815375 wall_seconds=0.153156000 seconds_per_dispatch=0.000269041153 gbps=156.811698
LEG na=5 shape=linear_attn.in_proj_fused_qkvzba rep=19 position=6 arm=tailfullxvec inner=568 gpu_seconds=0.153491125 wall_seconds=0.153834958 seconds_per_dispatch=0.000270230854 gbps=156.121329
LEG na=5 shape=linear_attn.in_proj_fused_qkvzba rep=19 position=7 arm=xvec inner=568 gpu_seconds=0.153554667 wall_seconds=0.153910417 seconds_per_dispatch=0.000270342723 gbps=156.056725
LEG na=5 shape=linear_attn.in_proj_fused_qkvzba rep=19 position=8 arm=shift inner=568 gpu_seconds=0.158610875 wall_seconds=0.158870625 seconds_per_dispatch=0.000279244498 gbps=151.081938
LEG na=5 shape=linear_attn.in_proj_fused_qkvzba rep=19 position=9 arm=rfull inner=568 gpu_seconds=0.158628250 wall_seconds=0.158906167 seconds_per_dispatch=0.000279275088 gbps=151.065390
LEG na=5 shape=linear_attn.in_proj_fused_qkvzba rep=19 position=10 arm=tailfull inner=568 gpu_seconds=0.158595583 wall_seconds=0.158870375 seconds_per_dispatch=0.000279217576 gbps=151.096505
LEG na=5 shape=linear_attn.in_proj_fused_qkvzba rep=19 position=11 arm=plain inner=568 gpu_seconds=0.158551125 wall_seconds=0.158836667 seconds_per_dispatch=0.000279139305 gbps=151.138873
LEG na=5 shape=linear_attn.in_proj_fused_qkvzba rep=20 position=0 arm=plain inner=568 gpu_seconds=0.158387417 wall_seconds=0.158678958 seconds_per_dispatch=0.000278851086 gbps=151.295090
LEG na=5 shape=linear_attn.in_proj_fused_qkvzba rep=20 position=1 arm=tailfull inner=568 gpu_seconds=0.158601708 wall_seconds=0.158872750 seconds_per_dispatch=0.000279228360 gbps=151.090670
LEG na=5 shape=linear_attn.in_proj_fused_qkvzba rep=20 position=2 arm=rfull inner=568 gpu_seconds=0.158651750 wall_seconds=0.158921458 seconds_per_dispatch=0.000279316461 gbps=151.043013
LEG na=5 shape=linear_attn.in_proj_fused_qkvzba rep=20 position=3 arm=shift inner=568 gpu_seconds=0.158712250 wall_seconds=0.158994042 seconds_per_dispatch=0.000279422976 gbps=150.985437
LEG na=5 shape=linear_attn.in_proj_fused_qkvzba rep=20 position=4 arm=xvec inner=568 gpu_seconds=0.153541458 wall_seconds=0.153845625 seconds_per_dispatch=0.000270319469 gbps=156.070150
LEG na=5 shape=linear_attn.in_proj_fused_qkvzba rep=20 position=5 arm=tailfullxvec inner=568 gpu_seconds=0.154064125 wall_seconds=0.154364958 seconds_per_dispatch=0.000271239657 gbps=155.540677
LEG na=5 shape=linear_attn.in_proj_fused_qkvzba rep=20 position=6 arm=tailfullxvec inner=568 gpu_seconds=0.154035833 wall_seconds=0.154308000 seconds_per_dispatch=0.000271189848 gbps=155.569246
LEG na=5 shape=linear_attn.in_proj_fused_qkvzba rep=20 position=7 arm=xvec inner=568 gpu_seconds=0.153737875 wall_seconds=0.153999417 seconds_per_dispatch=0.000270665273 gbps=155.870753
LEG na=5 shape=linear_attn.in_proj_fused_qkvzba rep=20 position=8 arm=shift inner=568 gpu_seconds=0.157627292 wall_seconds=0.157926292 seconds_per_dispatch=0.000277512838 gbps=152.024679
LEG na=5 shape=linear_attn.in_proj_fused_qkvzba rep=20 position=9 arm=rfull inner=568 gpu_seconds=0.158317917 wall_seconds=0.158622250 seconds_per_dispatch=0.000278728726 gbps=151.361507
LEG na=5 shape=linear_attn.in_proj_fused_qkvzba rep=20 position=10 arm=tailfull inner=568 gpu_seconds=0.158509500 wall_seconds=0.158819625 seconds_per_dispatch=0.000279066021 gbps=151.178563
LEG na=5 shape=linear_attn.in_proj_fused_qkvzba rep=20 position=11 arm=plain inner=568 gpu_seconds=0.158425625 wall_seconds=0.158724750 seconds_per_dispatch=0.000278918354 gbps=151.258601
e69_cell_ab: linear_attn.in_proj_fused_qkvzba inner=568 legs=252 entry=36.74C exit=59.34C
SHAPE na=5 shape=linear_attn.in_proj_fused_qkvzba inner=568 legs=252 entry_gpu_temp_c=36.74 exit_gpu_temp_c=59.34
PARITY na=5 shape=linear_attn.out_proj arm=tailfull differing=0 elements=25600
PARITY na=5 shape=linear_attn.out_proj arm=rfull differing=0 elements=25600
PARITY na=5 shape=linear_attn.out_proj arm=shift differing=0 elements=25600
PARITY na=5 shape=linear_attn.out_proj arm=xvec differing=0 elements=25600
PARITY na=5 shape=linear_attn.out_proj arm=tailfullxvec differing=0 elements=25600
LEG na=5 shape=linear_attn.out_proj rep=0 position=0 arm=plain inner=1525 gpu_seconds=0.171278000 wall_seconds=0.171667000 seconds_per_dispatch=0.000112313443 gbps=140.042364
LEG na=5 shape=linear_attn.out_proj rep=0 position=1 arm=tailfull inner=1525 gpu_seconds=0.167636750 wall_seconds=0.168061125 seconds_per_dispatch=0.000109925738 gbps=143.084234
LEG na=5 shape=linear_attn.out_proj rep=0 position=2 arm=rfull inner=1525 gpu_seconds=0.165118709 wall_seconds=0.165649083 seconds_per_dispatch=0.000108274563 gbps=145.266252
LEG na=5 shape=linear_attn.out_proj rep=0 position=3 arm=shift inner=1525 gpu_seconds=0.170818625 wall_seconds=0.171431708 seconds_per_dispatch=0.000112012213 gbps=140.418974
LEG na=5 shape=linear_attn.out_proj rep=0 position=4 arm=xvec inner=1525 gpu_seconds=0.161951542 wall_seconds=0.162377625 seconds_per_dispatch=0.000106197732 gbps=148.107117
LEG na=5 shape=linear_attn.out_proj rep=0 position=5 arm=tailfullxvec inner=1525 gpu_seconds=0.162172125 wall_seconds=0.162646667 seconds_per_dispatch=0.000106342377 gbps=147.905665
LEG na=5 shape=linear_attn.out_proj rep=0 position=6 arm=tailfullxvec inner=1525 gpu_seconds=0.162235500 wall_seconds=0.162669000 seconds_per_dispatch=0.000106383934 gbps=147.847888
LEG na=5 shape=linear_attn.out_proj rep=0 position=7 arm=xvec inner=1525 gpu_seconds=0.162038458 wall_seconds=0.162482792 seconds_per_dispatch=0.000106254727 gbps=148.027674
LEG na=5 shape=linear_attn.out_proj rep=0 position=8 arm=shift inner=1525 gpu_seconds=0.171199000 wall_seconds=0.171619708 seconds_per_dispatch=0.000112261639 gbps=140.106986
LEG na=5 shape=linear_attn.out_proj rep=0 position=9 arm=rfull inner=1525 gpu_seconds=0.170965625 wall_seconds=0.171402250 seconds_per_dispatch=0.000112108607 gbps=140.298238
LEG na=5 shape=linear_attn.out_proj rep=0 position=10 arm=tailfull inner=1525 gpu_seconds=0.171093125 wall_seconds=0.171519625 seconds_per_dispatch=0.000112192213 gbps=140.193687
LEG na=5 shape=linear_attn.out_proj rep=0 position=11 arm=plain inner=1525 gpu_seconds=0.170889125 wall_seconds=0.171309417 seconds_per_dispatch=0.000112058443 gbps=140.361044
LEG na=5 shape=linear_attn.out_proj rep=1 position=0 arm=plain inner=1525 gpu_seconds=0.171187125 wall_seconds=0.171600917 seconds_per_dispatch=0.000112253853 gbps=140.116706
LEG na=5 shape=linear_attn.out_proj rep=1 position=1 arm=tailfull inner=1525 gpu_seconds=0.171294083 wall_seconds=0.171716750 seconds_per_dispatch=0.000112323989 gbps=140.029215
LEG na=5 shape=linear_attn.out_proj rep=1 position=2 arm=rfull inner=1525 gpu_seconds=0.170885292 wall_seconds=0.171329208 seconds_per_dispatch=0.000112055929 gbps=140.364193
LEG na=5 shape=linear_attn.out_proj rep=1 position=3 arm=shift inner=1525 gpu_seconds=0.170462833 wall_seconds=0.170914375 seconds_per_dispatch=0.000111778907 gbps=140.712058
LEG na=5 shape=linear_attn.out_proj rep=1 position=4 arm=xvec inner=1525 gpu_seconds=0.160571750 wall_seconds=0.161031167 seconds_per_dispatch=0.000105292951 gbps=149.379801
LEG na=5 shape=linear_attn.out_proj rep=1 position=5 arm=tailfullxvec inner=1525 gpu_seconds=0.162963500 wall_seconds=0.163424083 seconds_per_dispatch=0.000106861311 gbps=147.187413
LEG na=5 shape=linear_attn.out_proj rep=1 position=6 arm=tailfullxvec inner=1525 gpu_seconds=0.162923875 wall_seconds=0.163373917 seconds_per_dispatch=0.000106835328 gbps=147.223211
LEG na=5 shape=linear_attn.out_proj rep=1 position=7 arm=xvec inner=1525 gpu_seconds=0.162770917 wall_seconds=0.163222750 seconds_per_dispatch=0.000106735027 gbps=147.361559
LEG na=5 shape=linear_attn.out_proj rep=1 position=8 arm=shift inner=1525 gpu_seconds=0.170426958 wall_seconds=0.170840125 seconds_per_dispatch=0.000111755382 gbps=140.741678
LEG na=5 shape=linear_attn.out_proj rep=1 position=9 arm=rfull inner=1525 gpu_seconds=0.170620917 wall_seconds=0.171043958 seconds_per_dispatch=0.000111882568 gbps=140.581685
LEG na=5 shape=linear_attn.out_proj rep=1 position=10 arm=tailfull inner=1525 gpu_seconds=0.170751500 wall_seconds=0.171211458 seconds_per_dispatch=0.000111968197 gbps=140.474175
LEG na=5 shape=linear_attn.out_proj rep=1 position=11 arm=plain inner=1525 gpu_seconds=0.170383958 wall_seconds=0.170836625 seconds_per_dispatch=0.000111727186 gbps=140.777197
LEG na=5 shape=linear_attn.out_proj rep=2 position=0 arm=plain inner=1525 gpu_seconds=0.170688208 wall_seconds=0.171106083 seconds_per_dispatch=0.000111926694 gbps=140.526263
LEG na=5 shape=linear_attn.out_proj rep=2 position=1 arm=tailfull inner=1525 gpu_seconds=0.169730333 wall_seconds=0.170178250 seconds_per_dispatch=0.000111298579 gbps=141.319324
LEG na=5 shape=linear_attn.out_proj rep=2 position=2 arm=rfull inner=1525 gpu_seconds=0.170503625 wall_seconds=0.170961167 seconds_per_dispatch=0.000111805656 gbps=140.678393
LEG na=5 shape=linear_attn.out_proj rep=2 position=3 arm=shift inner=1525 gpu_seconds=0.170264000 wall_seconds=0.170710042 seconds_per_dispatch=0.000111648525 gbps=140.876380
LEG na=5 shape=linear_attn.out_proj rep=2 position=4 arm=xvec inner=1525 gpu_seconds=0.162786833 wall_seconds=0.163236125 seconds_per_dispatch=0.000106745464 gbps=147.347150
LEG na=5 shape=linear_attn.out_proj rep=2 position=5 arm=tailfullxvec inner=1525 gpu_seconds=0.162989250 wall_seconds=0.163447250 seconds_per_dispatch=0.000106878197 gbps=147.164160
LEG na=5 shape=linear_attn.out_proj rep=2 position=6 arm=tailfullxvec inner=1525 gpu_seconds=0.162920500 wall_seconds=0.163374167 seconds_per_dispatch=0.000106833115 gbps=147.226261
LEG na=5 shape=linear_attn.out_proj rep=2 position=7 arm=xvec inner=1525 gpu_seconds=0.162720666 wall_seconds=0.163172083 seconds_per_dispatch=0.000106702076 gbps=147.407066
LEG na=5 shape=linear_attn.out_proj rep=2 position=8 arm=shift inner=1525 gpu_seconds=0.170557125 wall_seconds=0.171012167 seconds_per_dispatch=0.000111840738 gbps=140.634265
LEG na=5 shape=linear_attn.out_proj rep=2 position=9 arm=rfull inner=1525 gpu_seconds=0.170674500 wall_seconds=0.171201250 seconds_per_dispatch=0.000111917705 gbps=140.537550
LEG na=5 shape=linear_attn.out_proj rep=2 position=10 arm=tailfull inner=1525 gpu_seconds=0.170730542 wall_seconds=0.171191250 seconds_per_dispatch=0.000111954454 gbps=140.491419
LEG na=5 shape=linear_attn.out_proj rep=2 position=11 arm=plain inner=1525 gpu_seconds=0.170761000 wall_seconds=0.171204958 seconds_per_dispatch=0.000111974426 gbps=140.466359
LEG na=5 shape=linear_attn.out_proj rep=3 position=0 arm=plain inner=1525 gpu_seconds=0.170895375 wall_seconds=0.171354542 seconds_per_dispatch=0.000112062541 gbps=140.355911
LEG na=5 shape=linear_attn.out_proj rep=3 position=1 arm=tailfull inner=1525 gpu_seconds=0.171048125 wall_seconds=0.171508208 seconds_per_dispatch=0.000112162705 gbps=140.230570
LEG na=5 shape=linear_attn.out_proj rep=3 position=2 arm=rfull inner=1525 gpu_seconds=0.170798250 wall_seconds=0.171259708 seconds_per_dispatch=0.000111998852 gbps=140.435725
LEG na=5 shape=linear_attn.out_proj rep=3 position=3 arm=shift inner=1525 gpu_seconds=0.170641208 wall_seconds=0.171082292 seconds_per_dispatch=0.000111895874 gbps=140.564968
LEG na=5 shape=linear_attn.out_proj rep=3 position=4 arm=xvec inner=1525 gpu_seconds=0.162765958 wall_seconds=0.163219958 seconds_per_dispatch=0.000106731776 gbps=147.366048
LEG na=5 shape=linear_attn.out_proj rep=3 position=5 arm=tailfullxvec inner=1525 gpu_seconds=0.162978875 wall_seconds=0.163436125 seconds_per_dispatch=0.000106871393 gbps=147.173528
LEG na=5 shape=linear_attn.out_proj rep=3 position=6 arm=tailfullxvec inner=1525 gpu_seconds=0.162917833 wall_seconds=0.163358542 seconds_per_dispatch=0.000106831366 gbps=147.228671
LEG na=5 shape=linear_attn.out_proj rep=3 position=7 arm=xvec inner=1525 gpu_seconds=0.158675333 wall_seconds=0.159113625 seconds_per_dispatch=0.000104049399 gbps=151.165121
LEG na=5 shape=linear_attn.out_proj rep=3 position=8 arm=shift inner=1525 gpu_seconds=0.165693375 wall_seconds=0.166144042 seconds_per_dispatch=0.000108651393 gbps=144.762432
LEG na=5 shape=linear_attn.out_proj rep=3 position=9 arm=rfull inner=1525 gpu_seconds=0.165424000 wall_seconds=0.165911333 seconds_per_dispatch=0.000108474754 gbps=144.998162
LEG na=5 shape=linear_attn.out_proj rep=3 position=10 arm=tailfull inner=1525 gpu_seconds=0.169110333 wall_seconds=0.169594875 seconds_per_dispatch=0.000110892022 gbps=141.837436
LEG na=5 shape=linear_attn.out_proj rep=3 position=11 arm=plain inner=1525 gpu_seconds=0.168962250 wall_seconds=0.169399958 seconds_per_dispatch=0.000110794918 gbps=141.961746
LEG na=5 shape=linear_attn.out_proj rep=4 position=0 arm=plain inner=1525 gpu_seconds=0.164397333 wall_seconds=0.164840875 seconds_per_dispatch=0.000107801530 gbps=145.903681
LEG na=5 shape=linear_attn.out_proj rep=4 position=1 arm=tailfull inner=1525 gpu_seconds=0.164374000 wall_seconds=0.164871000 seconds_per_dispatch=0.000107786229 gbps=145.924392
LEG na=5 shape=linear_attn.out_proj rep=4 position=2 arm=rfull inner=1525 gpu_seconds=0.164261500 wall_seconds=0.164711042 seconds_per_dispatch=0.000107712459 gbps=146.024333
LEG na=5 shape=linear_attn.out_proj rep=4 position=3 arm=shift inner=1525 gpu_seconds=0.164676667 wall_seconds=0.165132042 seconds_per_dispatch=0.000107984699 gbps=145.656191
LEG na=5 shape=linear_attn.out_proj rep=4 position=4 arm=xvec inner=1525 gpu_seconds=0.157782250 wall_seconds=0.158226750 seconds_per_dispatch=0.000103463771 gbps=152.020750
LEG na=5 shape=linear_attn.out_proj rep=4 position=5 arm=tailfullxvec inner=1525 gpu_seconds=0.157988500 wall_seconds=0.158409083 seconds_per_dispatch=0.000103599016 gbps=151.822291
LEG na=5 shape=linear_attn.out_proj rep=4 position=6 arm=tailfullxvec inner=1525 gpu_seconds=0.158791125 wall_seconds=0.159229083 seconds_per_dispatch=0.000104125328 gbps=151.054890
LEG na=5 shape=linear_attn.out_proj rep=4 position=7 arm=xvec inner=1525 gpu_seconds=0.160947500 wall_seconds=0.161397333 seconds_per_dispatch=0.000105539344 gbps=149.031057
LEG na=5 shape=linear_attn.out_proj rep=4 position=8 arm=shift inner=1525 gpu_seconds=0.169226292 wall_seconds=0.169680125 seconds_per_dispatch=0.000110968060 gbps=141.740245
LEG na=5 shape=linear_attn.out_proj rep=4 position=9 arm=rfull inner=1525 gpu_seconds=0.169859833 wall_seconds=0.170299208 seconds_per_dispatch=0.000111383497 gbps=141.211583
LEG na=5 shape=linear_attn.out_proj rep=4 position=10 arm=tailfull inner=1525 gpu_seconds=0.170234750 wall_seconds=0.170655875 seconds_per_dispatch=0.000111629344 gbps=140.900586
LEG na=5 shape=linear_attn.out_proj rep=4 position=11 arm=plain inner=1525 gpu_seconds=0.170254125 wall_seconds=0.170675458 seconds_per_dispatch=0.000111642049 gbps=140.884551
LEG na=5 shape=linear_attn.out_proj rep=5 position=0 arm=plain inner=1525 gpu_seconds=0.170607500 wall_seconds=0.171032167 seconds_per_dispatch=0.000111873770 gbps=140.592741
LEG na=5 shape=linear_attn.out_proj rep=5 position=1 arm=tailfull inner=1525 gpu_seconds=0.170731750 wall_seconds=0.171158667 seconds_per_dispatch=0.000111955246 gbps=140.490424
LEG na=5 shape=linear_attn.out_proj rep=5 position=2 arm=rfull inner=1525 gpu_seconds=0.167235125 wall_seconds=0.167642208 seconds_per_dispatch=0.000109662377 gbps=143.427860
LEG na=5 shape=linear_attn.out_proj rep=5 position=3 arm=shift inner=1525 gpu_seconds=0.164842583 wall_seconds=0.165284958 seconds_per_dispatch=0.000108093497 gbps=145.509586
LEG na=5 shape=linear_attn.out_proj rep=5 position=4 arm=xvec inner=1525 gpu_seconds=0.160873625 wall_seconds=0.161313333 seconds_per_dispatch=0.000105490902 gbps=149.099494
LEG na=5 shape=linear_attn.out_proj rep=5 position=5 arm=tailfullxvec inner=1525 gpu_seconds=0.161747042 wall_seconds=0.162517042 seconds_per_dispatch=0.000106063634 gbps=148.294372
LEG na=5 shape=linear_attn.out_proj rep=5 position=6 arm=tailfullxvec inner=1525 gpu_seconds=0.159837708 wall_seconds=0.160289958 seconds_per_dispatch=0.000104811612 gbps=150.065815
LEG na=5 shape=linear_attn.out_proj rep=5 position=7 arm=xvec inner=1525 gpu_seconds=0.158745625 wall_seconds=0.159232833 seconds_per_dispatch=0.000104095492 gbps=151.098186
LEG na=5 shape=linear_attn.out_proj rep=5 position=8 arm=shift inner=1525 gpu_seconds=0.169337625 wall_seconds=0.169994708 seconds_per_dispatch=0.000111041066 gbps=141.647056
LEG na=5 shape=linear_attn.out_proj rep=5 position=9 arm=rfull inner=1525 gpu_seconds=0.170543042 wall_seconds=0.170970792 seconds_per_dispatch=0.000111831503 gbps=140.645879
LEG na=5 shape=linear_attn.out_proj rep=5 position=10 arm=tailfull inner=1525 gpu_seconds=0.170825500 wall_seconds=0.171261542 seconds_per_dispatch=0.000112016721 gbps=140.413322
LEG na=5 shape=linear_attn.out_proj rep=5 position=11 arm=plain inner=1525 gpu_seconds=0.170738958 wall_seconds=0.171159250 seconds_per_dispatch=0.000111959973 gbps=140.484493
LEG na=5 shape=linear_attn.out_proj rep=6 position=0 arm=plain inner=1525 gpu_seconds=0.170832625 wall_seconds=0.171259542 seconds_per_dispatch=0.000112021393 gbps=140.407466
LEG na=5 shape=linear_attn.out_proj rep=6 position=1 arm=tailfull inner=1525 gpu_seconds=0.167099208 wall_seconds=0.167555792 seconds_per_dispatch=0.000109573251 gbps=143.544522
LEG na=5 shape=linear_attn.out_proj rep=6 position=2 arm=rfull inner=1525 gpu_seconds=0.170587875 wall_seconds=0.171053875 seconds_per_dispatch=0.000111860902 gbps=140.608915
LEG na=5 shape=linear_attn.out_proj rep=6 position=3 arm=shift inner=1525 gpu_seconds=0.169905792 wall_seconds=0.170368458 seconds_per_dispatch=0.000111413634 gbps=141.173387
LEG na=5 shape=linear_attn.out_proj rep=6 position=4 arm=xvec inner=1525 gpu_seconds=0.162656042 wall_seconds=0.163109708 seconds_per_dispatch=0.000106659699 gbps=147.465632
LEG na=5 shape=linear_attn.out_proj rep=6 position=5 arm=tailfullxvec inner=1525 gpu_seconds=0.162799583 wall_seconds=0.163262250 seconds_per_dispatch=0.000106753825 gbps=147.335611
LEG na=5 shape=linear_attn.out_proj rep=6 position=6 arm=tailfullxvec inner=1525 gpu_seconds=0.162778000 wall_seconds=0.163241500 seconds_per_dispatch=0.000106739672 gbps=147.355146
LEG na=5 shape=linear_attn.out_proj rep=6 position=7 arm=xvec inner=1525 gpu_seconds=0.162570292 wall_seconds=0.163014792 seconds_per_dispatch=0.000106603470 gbps=147.543415
LEG na=5 shape=linear_attn.out_proj rep=6 position=8 arm=shift inner=1525 gpu_seconds=0.170501500 wall_seconds=0.170969792 seconds_per_dispatch=0.000111804262 gbps=140.680146
LEG na=5 shape=linear_attn.out_proj rep=6 position=9 arm=rfull inner=1525 gpu_seconds=0.170461542 wall_seconds=0.170920917 seconds_per_dispatch=0.000111778060 gbps=140.713124
LEG na=5 shape=linear_attn.out_proj rep=6 position=10 arm=tailfull inner=1525 gpu_seconds=0.170772792 wall_seconds=0.171289500 seconds_per_dispatch=0.000111982158 gbps=140.456660
LEG na=5 shape=linear_attn.out_proj rep=6 position=11 arm=plain inner=1525 gpu_seconds=0.170407458 wall_seconds=0.170866208 seconds_per_dispatch=0.000111742596 gbps=140.757783
LEG na=5 shape=linear_attn.out_proj rep=7 position=0 arm=plain inner=1525 gpu_seconds=0.170804125 wall_seconds=0.171259292 seconds_per_dispatch=0.000112002705 gbps=140.430894
LEG na=5 shape=linear_attn.out_proj rep=7 position=1 arm=tailfull inner=1525 gpu_seconds=0.170873000 wall_seconds=0.171351958 seconds_per_dispatch=0.000112047869 gbps=140.374290
LEG na=5 shape=linear_attn.out_proj rep=7 position=2 arm=rfull inner=1525 gpu_seconds=0.170704875 wall_seconds=0.171150333 seconds_per_dispatch=0.000111937623 gbps=140.512543
LEG na=5 shape=linear_attn.out_proj rep=7 position=3 arm=shift inner=1525 gpu_seconds=0.168541750 wall_seconds=0.168991625 seconds_per_dispatch=0.000110519180 gbps=142.315930
LEG na=5 shape=linear_attn.out_proj rep=7 position=4 arm=xvec inner=1525 gpu_seconds=0.162694458 wall_seconds=0.163166875 seconds_per_dispatch=0.000106684891 gbps=147.430811
LEG na=5 shape=linear_attn.out_proj rep=7 position=5 arm=tailfullxvec inner=1525 gpu_seconds=0.162908250 wall_seconds=0.163364167 seconds_per_dispatch=0.000106825082 gbps=147.237331
LEG na=5 shape=linear_attn.out_proj rep=7 position=6 arm=tailfullxvec inner=1525 gpu_seconds=0.162883250 wall_seconds=0.163345833 seconds_per_dispatch=0.000106808689 gbps=147.259930
LEG na=5 shape=linear_attn.out_proj rep=7 position=7 arm=xvec inner=1525 gpu_seconds=0.162667875 wall_seconds=0.163115792 seconds_per_dispatch=0.000106667459 gbps=147.454905
LEG na=5 shape=linear_attn.out_proj rep=7 position=8 arm=shift inner=1525 gpu_seconds=0.170673792 wall_seconds=0.171096500 seconds_per_dispatch=0.000111917240 gbps=140.538133
LEG na=5 shape=linear_attn.out_proj rep=7 position=9 arm=rfull inner=1525 gpu_seconds=0.170729292 wall_seconds=0.171175083 seconds_per_dispatch=0.000111953634 gbps=140.492447
LEG na=5 shape=linear_attn.out_proj rep=7 position=10 arm=tailfull inner=1525 gpu_seconds=0.170719333 wall_seconds=0.171188333 seconds_per_dispatch=0.000111947104 gbps=140.500642
LEG na=5 shape=linear_attn.out_proj rep=7 position=11 arm=plain inner=1525 gpu_seconds=0.170779083 wall_seconds=0.171218250 seconds_per_dispatch=0.000111986284 gbps=140.451486
LEG na=5 shape=linear_attn.out_proj rep=8 position=0 arm=plain inner=1525 gpu_seconds=0.170946292 wall_seconds=0.171407208 seconds_per_dispatch=0.000112095929 gbps=140.314105
LEG na=5 shape=linear_attn.out_proj rep=8 position=1 arm=tailfull inner=1525 gpu_seconds=0.171011500 wall_seconds=0.171467500 seconds_per_dispatch=0.000112138689 gbps=140.260602
LEG na=5 shape=linear_attn.out_proj rep=8 position=2 arm=rfull inner=1525 gpu_seconds=0.168454500 wall_seconds=0.168912542 seconds_per_dispatch=0.000110461967 gbps=142.389642
LEG na=5 shape=linear_attn.out_proj rep=8 position=3 arm=shift inner=1525 gpu_seconds=0.170627958 wall_seconds=0.171079333 seconds_per_dispatch=0.000111887186 gbps=140.575884
LEG na=5 shape=linear_attn.out_proj rep=8 position=4 arm=xvec inner=1525 gpu_seconds=0.162710750 wall_seconds=0.163179000 seconds_per_dispatch=0.000106695574 gbps=147.416050
LEG na=5 shape=linear_attn.out_proj rep=8 position=5 arm=tailfullxvec inner=1525 gpu_seconds=0.162937500 wall_seconds=0.163380500 seconds_per_dispatch=0.000106844262 gbps=147.210900
LEG na=5 shape=linear_attn.out_proj rep=8 position=6 arm=tailfullxvec inner=1525 gpu_seconds=0.162941500 wall_seconds=0.163404583 seconds_per_dispatch=0.000106846885 gbps=147.207286
LEG na=5 shape=linear_attn.out_proj rep=8 position=7 arm=xvec inner=1525 gpu_seconds=0.162644625 wall_seconds=0.163101875 seconds_per_dispatch=0.000106652213 gbps=147.475983
LEG na=5 shape=linear_attn.out_proj rep=8 position=8 arm=shift inner=1525 gpu_seconds=0.170652375 wall_seconds=0.171106375 seconds_per_dispatch=0.000111903197 gbps=140.555770
LEG na=5 shape=linear_attn.out_proj rep=8 position=9 arm=rfull inner=1525 gpu_seconds=0.170940625 wall_seconds=0.171396708 seconds_per_dispatch=0.000112092213 gbps=140.318757
LEG na=5 shape=linear_attn.out_proj rep=8 position=10 arm=tailfull inner=1525 gpu_seconds=0.170854667 wall_seconds=0.171307708 seconds_per_dispatch=0.000112035847 gbps=140.389352
LEG na=5 shape=linear_attn.out_proj rep=8 position=11 arm=plain inner=1525 gpu_seconds=0.170895917 wall_seconds=0.171381917 seconds_per_dispatch=0.000112062896 gbps=140.355466
LEG na=5 shape=linear_attn.out_proj rep=9 position=0 arm=plain inner=1525 gpu_seconds=0.170971000 wall_seconds=0.171394167 seconds_per_dispatch=0.000112112131 gbps=140.293828
LEG na=5 shape=linear_attn.out_proj rep=9 position=1 arm=tailfull inner=1525 gpu_seconds=0.170239125 wall_seconds=0.170687708 seconds_per_dispatch=0.000111632213 gbps=140.896965
LEG na=5 shape=linear_attn.out_proj rep=9 position=2 arm=rfull inner=1525 gpu_seconds=0.169725875 wall_seconds=0.170144208 seconds_per_dispatch=0.000111295656 gbps=141.323036
LEG na=5 shape=linear_attn.out_proj rep=9 position=3 arm=shift inner=1525 gpu_seconds=0.165335833 wall_seconds=0.165761333 seconds_per_dispatch=0.000108416940 gbps=145.075484
LEG na=5 shape=linear_attn.out_proj rep=9 position=4 arm=xvec inner=1525 gpu_seconds=0.157850542 wall_seconds=0.158288792 seconds_per_dispatch=0.000103508552 gbps=151.954981
LEG na=5 shape=linear_attn.out_proj rep=9 position=5 arm=tailfullxvec inner=1525 gpu_seconds=0.158160583 wall_seconds=0.158590750 seconds_per_dispatch=0.000103711858 gbps=151.657104
LEG na=5 shape=linear_attn.out_proj rep=9 position=6 arm=tailfullxvec inner=1525 gpu_seconds=0.158137375 wall_seconds=0.158584667 seconds_per_dispatch=0.000103696639 gbps=151.679361
LEG na=5 shape=linear_attn.out_proj rep=9 position=7 arm=xvec inner=1525 gpu_seconds=0.157846542 wall_seconds=0.158287125 seconds_per_dispatch=0.000103505929 gbps=151.958831
LEG na=5 shape=linear_attn.out_proj rep=9 position=8 arm=shift inner=1525 gpu_seconds=0.165130750 wall_seconds=0.165563292 seconds_per_dispatch=0.000108282459 gbps=145.255659
LEG na=5 shape=linear_attn.out_proj rep=9 position=9 arm=rfull inner=1525 gpu_seconds=0.167839875 wall_seconds=0.168275542 seconds_per_dispatch=0.000110058934 gbps=142.911069
LEG na=5 shape=linear_attn.out_proj rep=9 position=10 arm=tailfull inner=1525 gpu_seconds=0.170134792 wall_seconds=0.170582125 seconds_per_dispatch=0.000111563798 gbps=140.983368
LEG na=5 shape=linear_attn.out_proj rep=9 position=11 arm=plain inner=1525 gpu_seconds=0.169838125 wall_seconds=0.170271667 seconds_per_dispatch=0.000111369262 gbps=141.229633
LEG na=5 shape=linear_attn.out_proj rep=10 position=0 arm=plain inner=1525 gpu_seconds=0.170277750 wall_seconds=0.170687333 seconds_per_dispatch=0.000111657541 gbps=140.865004
LEG na=5 shape=linear_attn.out_proj rep=10 position=1 arm=tailfull inner=1525 gpu_seconds=0.170507375 wall_seconds=0.170921333 seconds_per_dispatch=0.000111808115 gbps=140.675299
LEG na=5 shape=linear_attn.out_proj rep=10 position=2 arm=rfull inner=1525 gpu_seconds=0.170684458 wall_seconds=0.171094500 seconds_per_dispatch=0.000111924235 gbps=140.529350
LEG na=5 shape=linear_attn.out_proj rep=10 position=3 arm=shift inner=1525 gpu_seconds=0.171399167 wall_seconds=0.171807250 seconds_per_dispatch=0.000112392896 gbps=139.943364
LEG na=5 shape=linear_attn.out_proj rep=10 position=4 arm=xvec inner=1525 gpu_seconds=0.161685875 wall_seconds=0.162121208 seconds_per_dispatch=0.000106023525 gbps=148.350473
LEG na=5 shape=linear_attn.out_proj rep=10 position=5 arm=tailfullxvec inner=1525 gpu_seconds=0.162056792 wall_seconds=0.162481792 seconds_per_dispatch=0.000106266749 gbps=148.010927
LEG na=5 shape=linear_attn.out_proj rep=10 position=6 arm=tailfullxvec inner=1525 gpu_seconds=0.160805292 wall_seconds=0.161239875 seconds_per_dispatch=0.000105446093 gbps=149.162852
LEG na=5 shape=linear_attn.out_proj rep=10 position=7 arm=xvec inner=1525 gpu_seconds=0.161898875 wall_seconds=0.162307708 seconds_per_dispatch=0.000106163197 gbps=148.155298
LEG na=5 shape=linear_attn.out_proj rep=10 position=8 arm=shift inner=1525 gpu_seconds=0.169754250 wall_seconds=0.170159292 seconds_per_dispatch=0.000111314262 gbps=141.299414
LEG na=5 shape=linear_attn.out_proj rep=10 position=9 arm=rfull inner=1525 gpu_seconds=0.165909792 wall_seconds=0.166322042 seconds_per_dispatch=0.000108793306 gbps=144.573601
LEG na=5 shape=linear_attn.out_proj rep=10 position=10 arm=tailfull inner=1525 gpu_seconds=0.171245375 wall_seconds=0.171706000 seconds_per_dispatch=0.000112292049 gbps=140.069044
LEG na=5 shape=linear_attn.out_proj rep=10 position=11 arm=plain inner=1525 gpu_seconds=0.171274542 wall_seconds=0.171719167 seconds_per_dispatch=0.000112311175 gbps=140.045192
LEG na=5 shape=linear_attn.out_proj rep=11 position=0 arm=plain inner=1525 gpu_seconds=0.171577917 wall_seconds=0.171988792 seconds_per_dispatch=0.000112510109 gbps=139.797571
LEG na=5 shape=linear_attn.out_proj rep=11 position=1 arm=tailfull inner=1525 gpu_seconds=0.171458792 wall_seconds=0.171876292 seconds_per_dispatch=0.000112431995 gbps=139.894699
LEG na=5 shape=linear_attn.out_proj rep=11 position=2 arm=rfull inner=1525 gpu_seconds=0.171558583 wall_seconds=0.171990625 seconds_per_dispatch=0.000112497432 gbps=139.813325
LEG na=5 shape=linear_attn.out_proj rep=11 position=3 arm=shift inner=1525 gpu_seconds=0.171859375 wall_seconds=0.172279667 seconds_per_dispatch=0.000112694672 gbps=139.568621
LEG na=5 shape=linear_attn.out_proj rep=11 position=4 arm=xvec inner=1525 gpu_seconds=0.162095875 wall_seconds=0.162533458 seconds_per_dispatch=0.000106292377 gbps=147.975240
LEG na=5 shape=linear_attn.out_proj rep=11 position=5 arm=tailfullxvec inner=1525 gpu_seconds=0.162860958 wall_seconds=0.163281292 seconds_per_dispatch=0.000106794071 gbps=147.280086
LEG na=5 shape=linear_attn.out_proj rep=11 position=6 arm=tailfullxvec inner=1525 gpu_seconds=0.162965000 wall_seconds=0.163388875 seconds_per_dispatch=0.000106862295 gbps=147.186058
LEG na=5 shape=linear_attn.out_proj rep=11 position=7 arm=xvec inner=1525 gpu_seconds=0.162624250 wall_seconds=0.163086125 seconds_per_dispatch=0.000106638852 gbps=147.494460
LEG na=5 shape=linear_attn.out_proj rep=11 position=8 arm=shift inner=1525 gpu_seconds=0.170733167 wall_seconds=0.171194000 seconds_per_dispatch=0.000111956175 gbps=140.489259
LEG na=5 shape=linear_attn.out_proj rep=11 position=9 arm=rfull inner=1525 gpu_seconds=0.170890000 wall_seconds=0.171352208 seconds_per_dispatch=0.000112059017 gbps=140.360325
LEG na=5 shape=linear_attn.out_proj rep=11 position=10 arm=tailfull inner=1525 gpu_seconds=0.170696250 wall_seconds=0.171166208 seconds_per_dispatch=0.000111931967 gbps=140.519642
LEG na=5 shape=linear_attn.out_proj rep=11 position=11 arm=plain inner=1525 gpu_seconds=0.170745208 wall_seconds=0.171197750 seconds_per_dispatch=0.000111964071 gbps=140.479351
LEG na=5 shape=linear_attn.out_proj rep=12 position=0 arm=plain inner=1525 gpu_seconds=0.170095125 wall_seconds=0.170554000 seconds_per_dispatch=0.000111537787 gbps=141.016246
LEG na=5 shape=linear_attn.out_proj rep=12 position=1 arm=tailfull inner=1525 gpu_seconds=0.169623708 wall_seconds=0.170068875 seconds_per_dispatch=0.000111228661 gbps=141.408157
LEG na=5 shape=linear_attn.out_proj rep=12 position=2 arm=rfull inner=1525 gpu_seconds=0.165602833 wall_seconds=0.166031333 seconds_per_dispatch=0.000108592022 gbps=144.841580
LEG na=5 shape=linear_attn.out_proj rep=12 position=3 arm=shift inner=1525 gpu_seconds=0.169503750 wall_seconds=0.169974917 seconds_per_dispatch=0.000111150000 gbps=141.508232
LEG na=5 shape=linear_attn.out_proj rep=12 position=4 arm=xvec inner=1525 gpu_seconds=0.162292000 wall_seconds=0.162749667 seconds_per_dispatch=0.000106420984 gbps=147.796416
LEG na=5 shape=linear_attn.out_proj rep=12 position=5 arm=tailfullxvec inner=1525 gpu_seconds=0.162884917 wall_seconds=0.163340125 seconds_per_dispatch=0.000106809781 gbps=147.258423
LEG na=5 shape=linear_attn.out_proj rep=12 position=6 arm=tailfullxvec inner=1525 gpu_seconds=0.162564833 wall_seconds=0.162994792 seconds_per_dispatch=0.000106599891 gbps=147.548369
LEG na=5 shape=linear_attn.out_proj rep=12 position=7 arm=xvec inner=1525 gpu_seconds=0.162662250 wall_seconds=0.163116833 seconds_per_dispatch=0.000106663770 gbps=147.460004
LEG na=5 shape=linear_attn.out_proj rep=12 position=8 arm=shift inner=1525 gpu_seconds=0.170651792 wall_seconds=0.171110375 seconds_per_dispatch=0.000111902814 gbps=140.556251
LEG na=5 shape=linear_attn.out_proj rep=12 position=9 arm=rfull inner=1525 gpu_seconds=0.168611917 wall_seconds=0.169052125 seconds_per_dispatch=0.000110565191 gbps=142.256707
LEG na=5 shape=linear_attn.out_proj rep=12 position=10 arm=tailfull inner=1525 gpu_seconds=0.170684875 wall_seconds=0.171078500 seconds_per_dispatch=0.000111924508 gbps=140.529007
LEG na=5 shape=linear_attn.out_proj rep=12 position=11 arm=plain inner=1525 gpu_seconds=0.170998875 wall_seconds=0.171411208 seconds_per_dispatch=0.000112130410 gbps=140.270958
LEG na=5 shape=linear_attn.out_proj rep=13 position=0 arm=plain inner=1525 gpu_seconds=0.170855250 wall_seconds=0.171309458 seconds_per_dispatch=0.000112036229 gbps=140.388873
LEG na=5 shape=linear_attn.out_proj rep=13 position=1 arm=tailfull inner=1525 gpu_seconds=0.170925375 wall_seconds=0.171392708 seconds_per_dispatch=0.000112082213 gbps=140.331276
LEG na=5 shape=linear_attn.out_proj rep=13 position=2 arm=rfull inner=1525 gpu_seconds=0.170832167 wall_seconds=0.171285458 seconds_per_dispatch=0.000112021093 gbps=140.407843
LEG na=5 shape=linear_attn.out_proj rep=13 position=3 arm=shift inner=1525 gpu_seconds=0.170581250 wall_seconds=0.171044542 seconds_per_dispatch=0.000111856557 gbps=140.614376
LEG na=5 shape=linear_attn.out_proj rep=13 position=4 arm=xvec inner=1525 gpu_seconds=0.162650542 wall_seconds=0.163098000 seconds_per_dispatch=0.000106656093 gbps=147.470619
LEG na=5 shape=linear_attn.out_proj rep=13 position=5 arm=tailfullxvec inner=1525 gpu_seconds=0.163035792 wall_seconds=0.163472750 seconds_per_dispatch=0.000106908716 gbps=147.122149
LEG na=5 shape=linear_attn.out_proj rep=13 position=6 arm=tailfullxvec inner=1525 gpu_seconds=0.162897875 wall_seconds=0.163336458 seconds_per_dispatch=0.000106818279 gbps=147.246709
LEG na=5 shape=linear_attn.out_proj rep=13 position=7 arm=xvec inner=1525 gpu_seconds=0.158815333 wall_seconds=0.159279500 seconds_per_dispatch=0.000104141202 gbps=151.031865
LEG na=5 shape=linear_attn.out_proj rep=13 position=8 arm=shift inner=1525 gpu_seconds=0.170583625 wall_seconds=0.171039583 seconds_per_dispatch=0.000111858115 gbps=140.612418
LEG na=5 shape=linear_attn.out_proj rep=13 position=9 arm=rfull inner=1525 gpu_seconds=0.170801375 wall_seconds=0.171264292 seconds_per_dispatch=0.000112000902 gbps=140.433155
LEG na=5 shape=linear_attn.out_proj rep=13 position=10 arm=tailfull inner=1525 gpu_seconds=0.170834375 wall_seconds=0.171303458 seconds_per_dispatch=0.000112022541 gbps=140.406028
LEG na=5 shape=linear_attn.out_proj rep=13 position=11 arm=plain inner=1525 gpu_seconds=0.170892458 wall_seconds=0.171350042 seconds_per_dispatch=0.000112060628 gbps=140.358306
LEG na=5 shape=linear_attn.out_proj rep=14 position=0 arm=plain inner=1525 gpu_seconds=0.170912000 wall_seconds=0.171357000 seconds_per_dispatch=0.000112073443 gbps=140.342258
LEG na=5 shape=linear_attn.out_proj rep=14 position=1 arm=tailfull inner=1525 gpu_seconds=0.170976917 wall_seconds=0.171425292 seconds_per_dispatch=0.000112116011 gbps=140.288973
LEG na=5 shape=linear_attn.out_proj rep=14 position=2 arm=rfull inner=1525 gpu_seconds=0.170920750 wall_seconds=0.171345833 seconds_per_dispatch=0.000112079180 gbps=140.335074
LEG na=5 shape=linear_attn.out_proj rep=14 position=3 arm=shift inner=1525 gpu_seconds=0.170904500 wall_seconds=0.171362042 seconds_per_dispatch=0.000112068525 gbps=140.348417
LEG na=5 shape=linear_attn.out_proj rep=14 position=4 arm=xvec inner=1525 gpu_seconds=0.161029292 wall_seconds=0.161486417 seconds_per_dispatch=0.000105592978 gbps=148.955359
LEG na=5 shape=linear_attn.out_proj rep=14 position=5 arm=tailfullxvec inner=1525 gpu_seconds=0.160273625 wall_seconds=0.160713042 seconds_per_dispatch=0.000105097459 gbps=149.657662
LEG na=5 shape=linear_attn.out_proj rep=14 position=6 arm=tailfullxvec inner=1525 gpu_seconds=0.158095500 wall_seconds=0.158999500 seconds_per_dispatch=0.000103669180 gbps=151.719537
LEG na=5 shape=linear_attn.out_proj rep=14 position=7 arm=xvec inner=1525 gpu_seconds=0.157831250 wall_seconds=0.158257875 seconds_per_dispatch=0.000103495902 gbps=151.973554
LEG na=5 shape=linear_attn.out_proj rep=14 position=8 arm=shift inner=1525 gpu_seconds=0.164597708 wall_seconds=0.165035375 seconds_per_dispatch=0.000107932924 gbps=145.726063
LEG na=5 shape=linear_attn.out_proj rep=14 position=9 arm=rfull inner=1525 gpu_seconds=0.164356750 wall_seconds=0.164792292 seconds_per_dispatch=0.000107774918 gbps=145.939707
LEG na=5 shape=linear_attn.out_proj rep=14 position=10 arm=tailfull inner=1525 gpu_seconds=0.168453166 wall_seconds=0.168902042 seconds_per_dispatch=0.000110461093 gbps=142.390769
LEG na=5 shape=linear_attn.out_proj rep=14 position=11 arm=plain inner=1525 gpu_seconds=0.164800583 wall_seconds=0.165349542 seconds_per_dispatch=0.000108065956 gbps=145.546669
LEG na=5 shape=linear_attn.out_proj rep=15 position=0 arm=plain inner=1525 gpu_seconds=0.168598625 wall_seconds=0.169018000 seconds_per_dispatch=0.000110556475 gbps=142.267922
LEG na=5 shape=linear_attn.out_proj rep=15 position=1 arm=tailfull inner=1525 gpu_seconds=0.164737750 wall_seconds=0.165185833 seconds_per_dispatch=0.000108024754 gbps=145.602183
LEG na=5 shape=linear_attn.out_proj rep=15 position=2 arm=rfull inner=1525 gpu_seconds=0.169314584 wall_seconds=0.169791917 seconds_per_dispatch=0.000111025956 gbps=141.666332
LEG na=5 shape=linear_attn.out_proj rep=15 position=3 arm=shift inner=1525 gpu_seconds=0.170642708 wall_seconds=0.171082167 seconds_per_dispatch=0.000111896858 gbps=140.563733
LEG na=5 shape=linear_attn.out_proj rep=15 position=4 arm=xvec inner=1525 gpu_seconds=0.161564750 wall_seconds=0.162013750 seconds_per_dispatch=0.000105944098 gbps=148.461691
LEG na=5 shape=linear_attn.out_proj rep=15 position=5 arm=tailfullxvec inner=1525 gpu_seconds=0.162152167 wall_seconds=0.162585708 seconds_per_dispatch=0.000106329290 gbps=147.923870
LEG na=5 shape=linear_attn.out_proj rep=15 position=6 arm=tailfullxvec inner=1525 gpu_seconds=0.158971250 wall_seconds=0.159389000 seconds_per_dispatch=0.000104243443 gbps=150.883735
LEG na=5 shape=linear_attn.out_proj rep=15 position=7 arm=xvec inner=1525 gpu_seconds=0.161995125 wall_seconds=0.162430583 seconds_per_dispatch=0.000106226311 gbps=148.067271
LEG na=5 shape=linear_attn.out_proj rep=15 position=8 arm=shift inner=1525 gpu_seconds=0.170909625 wall_seconds=0.171334375 seconds_per_dispatch=0.000112071885 gbps=140.344208
LEG na=5 shape=linear_attn.out_proj rep=15 position=9 arm=rfull inner=1525 gpu_seconds=0.170693000 wall_seconds=0.171127417 seconds_per_dispatch=0.000111929836 gbps=140.522318
LEG na=5 shape=linear_attn.out_proj rep=15 position=10 arm=tailfull inner=1525 gpu_seconds=0.170757875 wall_seconds=0.171205292 seconds_per_dispatch=0.000111972377 gbps=140.468930
LEG na=5 shape=linear_attn.out_proj rep=15 position=11 arm=plain inner=1525 gpu_seconds=0.171039625 wall_seconds=0.171533792 seconds_per_dispatch=0.000112157131 gbps=140.237538
LEG na=5 shape=linear_attn.out_proj rep=16 position=0 arm=plain inner=1525 gpu_seconds=0.171158875 wall_seconds=0.171570833 seconds_per_dispatch=0.000112235328 gbps=140.139832
LEG na=5 shape=linear_attn.out_proj rep=16 position=1 arm=tailfull inner=1525 gpu_seconds=0.171147125 wall_seconds=0.171572833 seconds_per_dispatch=0.000112227623 gbps=140.149453
LEG na=5 shape=linear_attn.out_proj rep=16 position=2 arm=rfull inner=1525 gpu_seconds=0.170990375 wall_seconds=0.171383042 seconds_per_dispatch=0.000112124836 gbps=140.277931
LEG na=5 shape=linear_attn.out_proj rep=16 position=3 arm=shift inner=1525 gpu_seconds=0.171550375 wall_seconds=0.171986250 seconds_per_dispatch=0.000112492049 gbps=139.820015
LEG na=5 shape=linear_attn.out_proj rep=16 position=4 arm=xvec inner=1525 gpu_seconds=0.162022375 wall_seconds=0.162456375 seconds_per_dispatch=0.000106244180 gbps=148.042368
LEG na=5 shape=linear_attn.out_proj rep=16 position=5 arm=tailfullxvec inner=1525 gpu_seconds=0.162337667 wall_seconds=0.162762750 seconds_per_dispatch=0.000106450929 gbps=147.754840
LEG na=5 shape=linear_attn.out_proj rep=16 position=6 arm=tailfullxvec inner=1525 gpu_seconds=0.162511500 wall_seconds=0.162955458 seconds_per_dispatch=0.000106564918 gbps=147.596792
LEG na=5 shape=linear_attn.out_proj rep=16 position=7 arm=xvec inner=1525 gpu_seconds=0.162599917 wall_seconds=0.163053583 seconds_per_dispatch=0.000106622896 gbps=147.516533
LEG na=5 shape=linear_attn.out_proj rep=16 position=8 arm=shift inner=1525 gpu_seconds=0.170325875 wall_seconds=0.170796667 seconds_per_dispatch=0.000111689098 gbps=140.825203
LEG na=5 shape=linear_attn.out_proj rep=16 position=9 arm=rfull inner=1525 gpu_seconds=0.170517458 wall_seconds=0.170984708 seconds_per_dispatch=0.000111814727 gbps=140.666981
LEG na=5 shape=linear_attn.out_proj rep=16 position=10 arm=tailfull inner=1525 gpu_seconds=0.170572167 wall_seconds=0.171005542 seconds_per_dispatch=0.000111850601 gbps=140.621864
LEG na=5 shape=linear_attn.out_proj rep=16 position=11 arm=plain inner=1525 gpu_seconds=0.170400583 wall_seconds=0.170857250 seconds_per_dispatch=0.000111738087 gbps=140.763462
LEG na=5 shape=linear_attn.out_proj rep=17 position=0 arm=plain inner=1525 gpu_seconds=0.170421167 wall_seconds=0.170886417 seconds_per_dispatch=0.000111751585 gbps=140.746460
LEG na=5 shape=linear_attn.out_proj rep=17 position=1 arm=tailfull inner=1525 gpu_seconds=0.170449458 wall_seconds=0.170924708 seconds_per_dispatch=0.000111770137 gbps=140.723099
LEG na=5 shape=linear_attn.out_proj rep=17 position=2 arm=rfull inner=1525 gpu_seconds=0.167918125 wall_seconds=0.168389000 seconds_per_dispatch=0.000110110246 gbps=142.844473
LEG na=5 shape=linear_attn.out_proj rep=17 position=3 arm=shift inner=1525 gpu_seconds=0.166380000 wall_seconds=0.166810583 seconds_per_dispatch=0.000109101639 gbps=144.165020
LEG na=5 shape=linear_attn.out_proj rep=17 position=4 arm=xvec inner=1525 gpu_seconds=0.161040167 wall_seconds=0.161466583 seconds_per_dispatch=0.000105600109 gbps=148.945300
LEG na=5 shape=linear_attn.out_proj rep=17 position=5 arm=tailfullxvec inner=1525 gpu_seconds=0.158523584 wall_seconds=0.158965208 seconds_per_dispatch=0.000103949891 gbps=151.309827
LEG na=5 shape=linear_attn.out_proj rep=17 position=6 arm=tailfullxvec inner=1525 gpu_seconds=0.161411958 wall_seconds=0.161860042 seconds_per_dispatch=0.000105843907 gbps=148.602224
LEG na=5 shape=linear_attn.out_proj rep=17 position=7 arm=xvec inner=1525 gpu_seconds=0.162394708 wall_seconds=0.162957583 seconds_per_dispatch=0.000106488333 gbps=147.702941
LEG na=5 shape=linear_attn.out_proj rep=17 position=8 arm=shift inner=1525 gpu_seconds=0.168649333 wall_seconds=0.169117667 seconds_per_dispatch=0.000110589727 gbps=142.225146
LEG na=5 shape=linear_attn.out_proj rep=17 position=9 arm=rfull inner=1525 gpu_seconds=0.166530625 wall_seconds=0.167023667 seconds_per_dispatch=0.000109200410 gbps=144.034624
LEG na=5 shape=linear_attn.out_proj rep=17 position=10 arm=tailfull inner=1525 gpu_seconds=0.167421916 wall_seconds=0.167977875 seconds_per_dispatch=0.000109784863 gbps=143.267838
LEG na=5 shape=linear_attn.out_proj rep=17 position=11 arm=plain inner=1525 gpu_seconds=0.170063708 wall_seconds=0.170698333 seconds_per_dispatch=0.000111517186 gbps=141.042297
LEG na=5 shape=linear_attn.out_proj rep=18 position=0 arm=plain inner=1525 gpu_seconds=0.170630125 wall_seconds=0.171080167 seconds_per_dispatch=0.000111888607 gbps=140.574098
LEG na=5 shape=linear_attn.out_proj rep=18 position=1 arm=tailfull inner=1525 gpu_seconds=0.170436083 wall_seconds=0.170885667 seconds_per_dispatch=0.000111761366 gbps=140.734142
LEG na=5 shape=linear_attn.out_proj rep=18 position=2 arm=rfull inner=1525 gpu_seconds=0.169265375 wall_seconds=0.169728417 seconds_per_dispatch=0.000110993689 gbps=141.707517
LEG na=5 shape=linear_attn.out_proj rep=18 position=3 arm=shift inner=1525 gpu_seconds=0.170129250 wall_seconds=0.170597917 seconds_per_dispatch=0.000111560164 gbps=140.987961
LEG na=5 shape=linear_attn.out_proj rep=18 position=4 arm=xvec inner=1525 gpu_seconds=0.162409334 wall_seconds=0.162864250 seconds_per_dispatch=0.000106497924 gbps=147.689640
LEG na=5 shape=linear_attn.out_proj rep=18 position=5 arm=tailfullxvec inner=1525 gpu_seconds=0.162822208 wall_seconds=0.163265917 seconds_per_dispatch=0.000106768661 gbps=147.315137
LEG na=5 shape=linear_attn.out_proj rep=18 position=6 arm=tailfullxvec inner=1525 gpu_seconds=0.162827625 wall_seconds=0.163268833 seconds_per_dispatch=0.000106772213 gbps=147.310237
LEG na=5 shape=linear_attn.out_proj rep=18 position=7 arm=xvec inner=1525 gpu_seconds=0.162570750 wall_seconds=0.163024375 seconds_per_dispatch=0.000106603771 gbps=147.542999
LEG na=5 shape=linear_attn.out_proj rep=18 position=8 arm=shift inner=1525 gpu_seconds=0.170206417 wall_seconds=0.170705625 seconds_per_dispatch=0.000111610765 gbps=140.924041
LEG na=5 shape=linear_attn.out_proj rep=18 position=9 arm=rfull inner=1525 gpu_seconds=0.170270209 wall_seconds=0.170771375 seconds_per_dispatch=0.000111652596 gbps=140.871243
LEG na=5 shape=linear_attn.out_proj rep=18 position=10 arm=tailfull inner=1525 gpu_seconds=0.170399958 wall_seconds=0.170839083 seconds_per_dispatch=0.000111737678 gbps=140.763978
LEG na=5 shape=linear_attn.out_proj rep=18 position=11 arm=plain inner=1525 gpu_seconds=0.170518250 wall_seconds=0.170967833 seconds_per_dispatch=0.000111815246 gbps=140.666328
LEG na=5 shape=linear_attn.out_proj rep=19 position=0 arm=plain inner=1525 gpu_seconds=0.170607917 wall_seconds=0.171053542 seconds_per_dispatch=0.000111874044 gbps=140.592397
LEG na=5 shape=linear_attn.out_proj rep=19 position=1 arm=tailfull inner=1525 gpu_seconds=0.170611958 wall_seconds=0.171071000 seconds_per_dispatch=0.000111876694 gbps=140.589067
LEG na=5 shape=linear_attn.out_proj rep=19 position=2 arm=rfull inner=1525 gpu_seconds=0.170545750 wall_seconds=0.171062708 seconds_per_dispatch=0.000111833279 gbps=140.643645
LEG na=5 shape=linear_attn.out_proj rep=19 position=3 arm=shift inner=1525 gpu_seconds=0.170488250 wall_seconds=0.170929083 seconds_per_dispatch=0.000111795574 gbps=140.691080
LEG na=5 shape=linear_attn.out_proj rep=19 position=4 arm=xvec inner=1525 gpu_seconds=0.162590208 wall_seconds=0.163041750 seconds_per_dispatch=0.000106616530 gbps=147.525341
LEG na=5 shape=linear_attn.out_proj rep=19 position=5 arm=tailfullxvec inner=1525 gpu_seconds=0.161443208 wall_seconds=0.161892000 seconds_per_dispatch=0.000105864399 gbps=148.573460
LEG na=5 shape=linear_attn.out_proj rep=19 position=6 arm=tailfullxvec inner=1525 gpu_seconds=0.162480292 wall_seconds=0.162929167 seconds_per_dispatch=0.000106544454 gbps=147.625141
LEG na=5 shape=linear_attn.out_proj rep=19 position=7 arm=xvec inner=1525 gpu_seconds=0.161421083 wall_seconds=0.161848375 seconds_per_dispatch=0.000105849891 gbps=148.593824
LEG na=5 shape=linear_attn.out_proj rep=19 position=8 arm=shift inner=1525 gpu_seconds=0.165452167 wall_seconds=0.165879417 seconds_per_dispatch=0.000108493224 gbps=144.973478
LEG na=5 shape=linear_attn.out_proj rep=19 position=9 arm=rfull inner=1525 gpu_seconds=0.164562042 wall_seconds=0.165038667 seconds_per_dispatch=0.000107909536 gbps=145.757647
LEG na=5 shape=linear_attn.out_proj rep=19 position=10 arm=tailfull inner=1525 gpu_seconds=0.164789750 wall_seconds=0.165236500 seconds_per_dispatch=0.000108058852 gbps=145.556238
LEG na=5 shape=linear_attn.out_proj rep=19 position=11 arm=plain inner=1525 gpu_seconds=0.164947875 wall_seconds=0.165400542 seconds_per_dispatch=0.000108162541 gbps=145.416702
LEG na=5 shape=linear_attn.out_proj rep=20 position=0 arm=plain inner=1525 gpu_seconds=0.164727833 wall_seconds=0.165149208 seconds_per_dispatch=0.000108018251 gbps=145.610948
LEG na=5 shape=linear_attn.out_proj rep=20 position=1 arm=tailfull inner=1525 gpu_seconds=0.164422000 wall_seconds=0.164868583 seconds_per_dispatch=0.000107817705 gbps=145.881792
LEG na=5 shape=linear_attn.out_proj rep=20 position=2 arm=rfull inner=1525 gpu_seconds=0.165015083 wall_seconds=0.165461542 seconds_per_dispatch=0.000108206612 gbps=145.357476
LEG na=5 shape=linear_attn.out_proj rep=20 position=3 arm=shift inner=1525 gpu_seconds=0.169398083 wall_seconds=0.169865292 seconds_per_dispatch=0.000111080710 gbps=141.596502
LEG na=5 shape=linear_attn.out_proj rep=20 position=4 arm=xvec inner=1525 gpu_seconds=0.160865583 wall_seconds=0.161300292 seconds_per_dispatch=0.000105485628 gbps=149.106947
LEG na=5 shape=linear_attn.out_proj rep=20 position=5 arm=tailfullxvec inner=1525 gpu_seconds=0.161663417 wall_seconds=0.162080208 seconds_per_dispatch=0.000106008798 gbps=148.371082
LEG na=5 shape=linear_attn.out_proj rep=20 position=6 arm=tailfullxvec inner=1525 gpu_seconds=0.161703917 wall_seconds=0.162097542 seconds_per_dispatch=0.000106035355 gbps=148.333921
LEG na=5 shape=linear_attn.out_proj rep=20 position=7 arm=xvec inner=1525 gpu_seconds=0.161566667 wall_seconds=0.161984583 seconds_per_dispatch=0.000105945355 gbps=148.459930
LEG na=5 shape=linear_attn.out_proj rep=20 position=8 arm=shift inner=1525 gpu_seconds=0.171077208 wall_seconds=0.171502458 seconds_per_dispatch=0.000112181776 gbps=140.206730
LEG na=5 shape=linear_attn.out_proj rep=20 position=9 arm=rfull inner=1525 gpu_seconds=0.170590875 wall_seconds=0.171027750 seconds_per_dispatch=0.000111862869 gbps=140.606442
LEG na=5 shape=linear_attn.out_proj rep=20 position=10 arm=tailfull inner=1525 gpu_seconds=0.170973500 wall_seconds=0.171379833 seconds_per_dispatch=0.000112113770 gbps=140.291776
LEG na=5 shape=linear_attn.out_proj rep=20 position=11 arm=plain inner=1525 gpu_seconds=0.170998000 wall_seconds=0.171411375 seconds_per_dispatch=0.000112129836 gbps=140.271676
e69_cell_ab: linear_attn.out_proj inner=1525 legs=252 entry=55.85C exit=63.97C
SHAPE na=5 shape=linear_attn.out_proj inner=1525 legs=252 entry_gpu_temp_c=55.85 exit_gpu_temp_c=63.97
PARITY na=5 shape=full_attn.qkv_proj_fused arm=tailfull differing=0 elements=71680
PARITY na=5 shape=full_attn.qkv_proj_fused arm=rfull differing=0 elements=71680
PARITY na=5 shape=full_attn.qkv_proj_fused arm=shift differing=0 elements=71680
PARITY na=5 shape=full_attn.qkv_proj_fused arm=xvec differing=0 elements=71680
PARITY na=5 shape=full_attn.qkv_proj_fused arm=tailfullxvec differing=0 elements=71680
LEG na=5 shape=full_attn.qkv_proj_fused rep=0 position=0 arm=plain inner=653 gpu_seconds=0.160114333 wall_seconds=0.160409417 seconds_per_dispatch=0.000245198060 gbps=149.675572
LEG na=5 shape=full_attn.qkv_proj_fused rep=0 position=1 arm=tailfull inner=653 gpu_seconds=0.160018208 wall_seconds=0.160317250 seconds_per_dispatch=0.000245050855 gbps=149.765484
LEG na=5 shape=full_attn.qkv_proj_fused rep=0 position=2 arm=rfull inner=653 gpu_seconds=0.159783292 wall_seconds=0.160092000 seconds_per_dispatch=0.000244691105 gbps=149.985673
LEG na=5 shape=full_attn.qkv_proj_fused rep=0 position=3 arm=shift inner=653 gpu_seconds=0.158206250 wall_seconds=0.158471583 seconds_per_dispatch=0.000242276033 gbps=151.480770
LEG na=5 shape=full_attn.qkv_proj_fused rep=0 position=4 arm=xvec inner=653 gpu_seconds=0.152252167 wall_seconds=0.152582458 seconds_per_dispatch=0.000233157989 gbps=157.404686
LEG na=5 shape=full_attn.qkv_proj_fused rep=0 position=5 arm=tailfullxvec inner=653 gpu_seconds=0.152417708 wall_seconds=0.152730375 seconds_per_dispatch=0.000233411498 gbps=157.233728
LEG na=5 shape=full_attn.qkv_proj_fused rep=0 position=6 arm=tailfullxvec inner=653 gpu_seconds=0.152462625 wall_seconds=0.152783125 seconds_per_dispatch=0.000233480284 gbps=157.187405
LEG na=5 shape=full_attn.qkv_proj_fused rep=0 position=7 arm=xvec inner=653 gpu_seconds=0.152242042 wall_seconds=0.152542000 seconds_per_dispatch=0.000233142483 gbps=157.415154
LEG na=5 shape=full_attn.qkv_proj_fused rep=0 position=8 arm=shift inner=653 gpu_seconds=0.157808625 wall_seconds=0.158149125 seconds_per_dispatch=0.000241667114 gbps=151.862450
LEG na=5 shape=full_attn.qkv_proj_fused rep=0 position=9 arm=rfull inner=653 gpu_seconds=0.157671500 wall_seconds=0.157982833 seconds_per_dispatch=0.000241457121 gbps=151.994523
LEG na=5 shape=full_attn.qkv_proj_fused rep=0 position=10 arm=tailfull inner=653 gpu_seconds=0.159580000 wall_seconds=0.159883333 seconds_per_dispatch=0.000244379786 gbps=150.176742
LEG na=5 shape=full_attn.qkv_proj_fused rep=0 position=11 arm=plain inner=653 gpu_seconds=0.159746750 wall_seconds=0.160039667 seconds_per_dispatch=0.000244635146 gbps=150.019981
LEG na=5 shape=full_attn.qkv_proj_fused rep=1 position=0 arm=plain inner=653 gpu_seconds=0.159781083 wall_seconds=0.160079458 seconds_per_dispatch=0.000244687723 gbps=149.987746
LEG na=5 shape=full_attn.qkv_proj_fused rep=1 position=1 arm=tailfull inner=653 gpu_seconds=0.160004917 wall_seconds=0.160298833 seconds_per_dispatch=0.000245030500 gbps=149.777926
LEG na=5 shape=full_attn.qkv_proj_fused rep=1 position=2 arm=rfull inner=653 gpu_seconds=0.159890417 wall_seconds=0.160181750 seconds_per_dispatch=0.000244855156 gbps=149.885184
LEG na=5 shape=full_attn.qkv_proj_fused rep=1 position=3 arm=shift inner=653 gpu_seconds=0.159950375 wall_seconds=0.160237500 seconds_per_dispatch=0.000244946976 gbps=149.828998
LEG na=5 shape=full_attn.qkv_proj_fused rep=1 position=4 arm=xvec inner=653 gpu_seconds=0.153791708 wall_seconds=0.154072167 seconds_per_dispatch=0.000235515633 gbps=155.828976
LEG na=5 shape=full_attn.qkv_proj_fused rep=1 position=5 arm=tailfullxvec inner=653 gpu_seconds=0.154197250 wall_seconds=0.154465458 seconds_per_dispatch=0.000236136677 gbps=155.419143
LEG na=5 shape=full_attn.qkv_proj_fused rep=1 position=6 arm=tailfullxvec inner=653 gpu_seconds=0.154028250 wall_seconds=0.154319458 seconds_per_dispatch=0.000235877871 gbps=155.589669
LEG na=5 shape=full_attn.qkv_proj_fused rep=1 position=7 arm=xvec inner=653 gpu_seconds=0.153829583 wall_seconds=0.154130625 seconds_per_dispatch=0.000235573634 gbps=155.790609
LEG na=5 shape=full_attn.qkv_proj_fused rep=1 position=8 arm=shift inner=653 gpu_seconds=0.160090750 wall_seconds=0.160380167 seconds_per_dispatch=0.000245161945 gbps=149.697622
LEG na=5 shape=full_attn.qkv_proj_fused rep=1 position=9 arm=rfull inner=653 gpu_seconds=0.159979375 wall_seconds=0.160273708 seconds_per_dispatch=0.000244991386 gbps=149.801838
LEG na=5 shape=full_attn.qkv_proj_fused rep=1 position=10 arm=tailfull inner=653 gpu_seconds=0.160202000 wall_seconds=0.160497500 seconds_per_dispatch=0.000245332312 gbps=149.593666
LEG na=5 shape=full_attn.qkv_proj_fused rep=1 position=11 arm=plain inner=653 gpu_seconds=0.160123250 wall_seconds=0.160397500 seconds_per_dispatch=0.000245211715 gbps=149.667237
LEG na=5 shape=full_attn.qkv_proj_fused rep=2 position=0 arm=plain inner=653 gpu_seconds=0.160302500 wall_seconds=0.160611042 seconds_per_dispatch=0.000245486217 gbps=149.499880
LEG na=5 shape=full_attn.qkv_proj_fused rep=2 position=1 arm=tailfull inner=653 gpu_seconds=0.160181541 wall_seconds=0.160458875 seconds_per_dispatch=0.000245300982 gbps=149.612772
LEG na=5 shape=full_attn.qkv_proj_fused rep=2 position=2 arm=rfull inner=653 gpu_seconds=0.160180208 wall_seconds=0.160465125 seconds_per_dispatch=0.000245298941 gbps=149.614017
LEG na=5 shape=full_attn.qkv_proj_fused rep=2 position=3 arm=shift inner=653 gpu_seconds=0.160188375 wall_seconds=0.160484125 seconds_per_dispatch=0.000245311447 gbps=149.606390
LEG na=5 shape=full_attn.qkv_proj_fused rep=2 position=4 arm=xvec inner=653 gpu_seconds=0.153896667 wall_seconds=0.154184750 seconds_per_dispatch=0.000235676365 gbps=155.722700
LEG na=5 shape=full_attn.qkv_proj_fused rep=2 position=5 arm=tailfullxvec inner=653 gpu_seconds=0.154181625 wall_seconds=0.154467125 seconds_per_dispatch=0.000236112749 gbps=155.434894
LEG na=5 shape=full_attn.qkv_proj_fused rep=2 position=6 arm=tailfullxvec inner=653 gpu_seconds=0.154116917 wall_seconds=0.154409292 seconds_per_dispatch=0.000236013655 gbps=155.500155
LEG na=5 shape=full_attn.qkv_proj_fused rep=2 position=7 arm=xvec inner=653 gpu_seconds=0.154123792 wall_seconds=0.154444833 seconds_per_dispatch=0.000236024183 gbps=155.493219
LEG na=5 shape=full_attn.qkv_proj_fused rep=2 position=8 arm=shift inner=653 gpu_seconds=0.159014458 wall_seconds=0.159305417 seconds_per_dispatch=0.000243513719 gbps=150.710852
LEG na=5 shape=full_attn.qkv_proj_fused rep=2 position=9 arm=rfull inner=653 gpu_seconds=0.159879042 wall_seconds=0.160201083 seconds_per_dispatch=0.000244837736 gbps=149.895848
LEG na=5 shape=full_attn.qkv_proj_fused rep=2 position=10 arm=tailfull inner=653 gpu_seconds=0.159920167 wall_seconds=0.160239125 seconds_per_dispatch=0.000244900715 gbps=149.857301
LEG na=5 shape=full_attn.qkv_proj_fused rep=2 position=11 arm=plain inner=653 gpu_seconds=0.160131875 wall_seconds=0.160453167 seconds_per_dispatch=0.000245224923 gbps=149.659176
LEG na=5 shape=full_attn.qkv_proj_fused rep=3 position=0 arm=plain inner=653 gpu_seconds=0.159618125 wall_seconds=0.159922083 seconds_per_dispatch=0.000244438170 gbps=150.140872
LEG na=5 shape=full_attn.qkv_proj_fused rep=3 position=1 arm=tailfull inner=653 gpu_seconds=0.159999125 wall_seconds=0.160305583 seconds_per_dispatch=0.000245021631 gbps=149.783347
LEG na=5 shape=full_attn.qkv_proj_fused rep=3 position=2 arm=rfull inner=653 gpu_seconds=0.159463250 wall_seconds=0.159790833 seconds_per_dispatch=0.000244200995 gbps=150.286693
LEG na=5 shape=full_attn.qkv_proj_fused rep=3 position=3 arm=shift inner=653 gpu_seconds=0.159669250 wall_seconds=0.159966042 seconds_per_dispatch=0.000244516463 gbps=150.092798
LEG na=5 shape=full_attn.qkv_proj_fused rep=3 position=4 arm=xvec inner=653 gpu_seconds=0.154121791 wall_seconds=0.154450583 seconds_per_dispatch=0.000236021120 gbps=155.495237
LEG na=5 shape=full_attn.qkv_proj_fused rep=3 position=5 arm=tailfullxvec inner=653 gpu_seconds=0.154411625 wall_seconds=0.154715875 seconds_per_dispatch=0.000236464970 gbps=155.203369
LEG na=5 shape=full_attn.qkv_proj_fused rep=3 position=6 arm=tailfullxvec inner=653 gpu_seconds=0.154436875 wall_seconds=0.154812958 seconds_per_dispatch=0.000236503637 gbps=155.177994
LEG na=5 shape=full_attn.qkv_proj_fused rep=3 position=7 arm=xvec inner=653 gpu_seconds=0.154098000 wall_seconds=0.154411292 seconds_per_dispatch=0.000235984686 gbps=155.519244
LEG na=5 shape=full_attn.qkv_proj_fused rep=3 position=8 arm=shift inner=653 gpu_seconds=0.159818375 wall_seconds=0.160131792 seconds_per_dispatch=0.000244744832 gbps=149.952748
LEG na=5 shape=full_attn.qkv_proj_fused rep=3 position=9 arm=rfull inner=653 gpu_seconds=0.159985833 wall_seconds=0.160309167 seconds_per_dispatch=0.000245001276 gbps=149.795791
LEG na=5 shape=full_attn.qkv_proj_fused rep=3 position=10 arm=tailfull inner=653 gpu_seconds=0.160040458 wall_seconds=0.160344667 seconds_per_dispatch=0.000245084929 gbps=149.744663
LEG na=5 shape=full_attn.qkv_proj_fused rep=3 position=11 arm=plain inner=653 gpu_seconds=0.159906125 wall_seconds=0.160223042 seconds_per_dispatch=0.000244879211 gbps=149.870460
LEG na=5 shape=full_attn.qkv_proj_fused rep=4 position=0 arm=plain inner=653 gpu_seconds=0.159949792 wall_seconds=0.160270875 seconds_per_dispatch=0.000244946082 gbps=149.829545
LEG na=5 shape=full_attn.qkv_proj_fused rep=4 position=1 arm=tailfull inner=653 gpu_seconds=0.159262042 wall_seconds=0.159567625 seconds_per_dispatch=0.000243892866 gbps=150.476562
LEG na=5 shape=full_attn.qkv_proj_fused rep=4 position=2 arm=rfull inner=653 gpu_seconds=0.159713833 wall_seconds=0.160027375 seconds_per_dispatch=0.000244584737 gbps=150.050900
LEG na=5 shape=full_attn.qkv_proj_fused rep=4 position=3 arm=shift inner=653 gpu_seconds=0.159814875 wall_seconds=0.160121208 seconds_per_dispatch=0.000244739471 gbps=149.956032
LEG na=5 shape=full_attn.qkv_proj_fused rep=4 position=4 arm=xvec inner=653 gpu_seconds=0.154186083 wall_seconds=0.154526750 seconds_per_dispatch=0.000236119577 gbps=155.430399
LEG na=5 shape=full_attn.qkv_proj_fused rep=4 position=5 arm=tailfullxvec inner=653 gpu_seconds=0.154379917 wall_seconds=0.154690625 seconds_per_dispatch=0.000236416411 gbps=155.235247
LEG na=5 shape=full_attn.qkv_proj_fused rep=4 position=6 arm=tailfullxvec inner=653 gpu_seconds=0.154514125 wall_seconds=0.154802375 seconds_per_dispatch=0.000236621937 gbps=155.100412
LEG na=5 shape=full_attn.qkv_proj_fused rep=4 position=7 arm=xvec inner=653 gpu_seconds=0.153563750 wall_seconds=0.153880375 seconds_per_dispatch=0.000235166539 gbps=156.060297
LEG na=5 shape=full_attn.qkv_proj_fused rep=4 position=8 arm=shift inner=653 gpu_seconds=0.159808875 wall_seconds=0.160120375 seconds_per_dispatch=0.000244730283 gbps=149.961662
LEG na=5 shape=full_attn.qkv_proj_fused rep=4 position=9 arm=rfull inner=653 gpu_seconds=0.159966167 wall_seconds=0.160259875 seconds_per_dispatch=0.000244971159 gbps=149.814207
LEG na=5 shape=full_attn.qkv_proj_fused rep=4 position=10 arm=tailfull inner=653 gpu_seconds=0.160105542 wall_seconds=0.160454792 seconds_per_dispatch=0.000245184597 gbps=149.683791
LEG na=5 shape=full_attn.qkv_proj_fused rep=4 position=11 arm=plain inner=653 gpu_seconds=0.159979375 wall_seconds=0.160300292 seconds_per_dispatch=0.000244991386 gbps=149.801838
LEG na=5 shape=full_attn.qkv_proj_fused rep=5 position=0 arm=plain inner=653 gpu_seconds=0.159980375 wall_seconds=0.160282292 seconds_per_dispatch=0.000244992917 gbps=149.800902
LEG na=5 shape=full_attn.qkv_proj_fused rep=5 position=1 arm=tailfull inner=653 gpu_seconds=0.160054708 wall_seconds=0.160371875 seconds_per_dispatch=0.000245106751 gbps=149.731331
LEG na=5 shape=full_attn.qkv_proj_fused rep=5 position=2 arm=rfull inner=653 gpu_seconds=0.159907625 wall_seconds=0.160219542 seconds_per_dispatch=0.000244881509 gbps=149.869054
LEG na=5 shape=full_attn.qkv_proj_fused rep=5 position=3 arm=shift inner=653 gpu_seconds=0.160001375 wall_seconds=0.160322875 seconds_per_dispatch=0.000245025077 gbps=149.781241
LEG na=5 shape=full_attn.qkv_proj_fused rep=5 position=4 arm=xvec inner=653 gpu_seconds=0.154301333 wall_seconds=0.154616625 seconds_per_dispatch=0.000236296069 gbps=155.314306
LEG na=5 shape=full_attn.qkv_proj_fused rep=5 position=5 arm=tailfullxvec inner=653 gpu_seconds=0.154475250 wall_seconds=0.154803458 seconds_per_dispatch=0.000236562404 gbps=155.139445
LEG na=5 shape=full_attn.qkv_proj_fused rep=5 position=6 arm=tailfullxvec inner=653 gpu_seconds=0.154415250 wall_seconds=0.154701583 seconds_per_dispatch=0.000236470521 gbps=155.199726
LEG na=5 shape=full_attn.qkv_proj_fused rep=5 position=7 arm=xvec inner=653 gpu_seconds=0.154162875 wall_seconds=0.154436833 seconds_per_dispatch=0.000236084035 gbps=155.453798
LEG na=5 shape=full_attn.qkv_proj_fused rep=5 position=8 arm=shift inner=653 gpu_seconds=0.159706750 wall_seconds=0.159991667 seconds_per_dispatch=0.000244573890 gbps=150.057555
LEG na=5 shape=full_attn.qkv_proj_fused rep=5 position=9 arm=rfull inner=653 gpu_seconds=0.159384125 wall_seconds=0.159698750 seconds_per_dispatch=0.000244079824 gbps=150.361302
LEG na=5 shape=full_attn.qkv_proj_fused rep=5 position=10 arm=tailfull inner=653 gpu_seconds=0.158980333 wall_seconds=0.159292667 seconds_per_dispatch=0.000243461460 gbps=150.743202
LEG na=5 shape=full_attn.qkv_proj_fused rep=5 position=11 arm=plain inner=653 gpu_seconds=0.157696417 wall_seconds=0.158038708 seconds_per_dispatch=0.000241495278 gbps=151.970507
LEG na=5 shape=full_attn.qkv_proj_fused rep=6 position=0 arm=plain inner=653 gpu_seconds=0.157682000 wall_seconds=0.157992333 seconds_per_dispatch=0.000241473201 gbps=151.984402
LEG na=5 shape=full_attn.qkv_proj_fused rep=6 position=1 arm=tailfull inner=653 gpu_seconds=0.157734625 wall_seconds=0.158024167 seconds_per_dispatch=0.000241553790 gbps=151.933695
LEG na=5 shape=full_attn.qkv_proj_fused rep=6 position=2 arm=rfull inner=653 gpu_seconds=0.157608750 wall_seconds=0.157904250 seconds_per_dispatch=0.000241361026 gbps=152.055038
LEG na=5 shape=full_attn.qkv_proj_fused rep=6 position=3 arm=shift inner=653 gpu_seconds=0.157808333 wall_seconds=0.158113792 seconds_per_dispatch=0.000241666667 gbps=151.862731
LEG na=5 shape=full_attn.qkv_proj_fused rep=6 position=4 arm=xvec inner=653 gpu_seconds=0.152175417 wall_seconds=0.152475500 seconds_per_dispatch=0.000233040454 gbps=157.484073
LEG na=5 shape=full_attn.qkv_proj_fused rep=6 position=5 arm=tailfullxvec inner=653 gpu_seconds=0.153742958 wall_seconds=0.154062208 seconds_per_dispatch=0.000235440978 gbps=155.878388
LEG na=5 shape=full_attn.qkv_proj_fused rep=6 position=6 arm=tailfullxvec inner=653 gpu_seconds=0.153914875 wall_seconds=0.154211250 seconds_per_dispatch=0.000235704250 gbps=155.704278
LEG na=5 shape=full_attn.qkv_proj_fused rep=6 position=7 arm=xvec inner=653 gpu_seconds=0.153783875 wall_seconds=0.154062000 seconds_per_dispatch=0.000235503637 gbps=155.836914
LEG na=5 shape=full_attn.qkv_proj_fused rep=6 position=8 arm=shift inner=653 gpu_seconds=0.160048375 wall_seconds=0.160347000 seconds_per_dispatch=0.000245097052 gbps=149.737256
LEG na=5 shape=full_attn.qkv_proj_fused rep=6 position=9 arm=rfull inner=653 gpu_seconds=0.159839000 wall_seconds=0.160128500 seconds_per_dispatch=0.000244776416 gbps=149.933399
LEG na=5 shape=full_attn.qkv_proj_fused rep=6 position=10 arm=tailfull inner=653 gpu_seconds=0.159993250 wall_seconds=0.160267208 seconds_per_dispatch=0.000245012634 gbps=149.788847
LEG na=5 shape=full_attn.qkv_proj_fused rep=6 position=11 arm=plain inner=653 gpu_seconds=0.159293292 wall_seconds=0.159554250 seconds_per_dispatch=0.000243940722 gbps=150.447042
LEG na=5 shape=full_attn.qkv_proj_fused rep=7 position=0 arm=plain inner=653 gpu_seconds=0.160029125 wall_seconds=0.160311917 seconds_per_dispatch=0.000245067573 gbps=149.755268
LEG na=5 shape=full_attn.qkv_proj_fused rep=7 position=1 arm=tailfull inner=653 gpu_seconds=0.160140584 wall_seconds=0.160427917 seconds_per_dispatch=0.000245238260 gbps=149.651038
LEG na=5 shape=full_attn.qkv_proj_fused rep=7 position=2 arm=rfull inner=653 gpu_seconds=0.160027125 wall_seconds=0.160310792 seconds_per_dispatch=0.000245064510 gbps=149.757140
LEG na=5 shape=full_attn.qkv_proj_fused rep=7 position=3 arm=shift inner=653 gpu_seconds=0.160277750 wall_seconds=0.160581167 seconds_per_dispatch=0.000245448316 gbps=149.522965
LEG na=5 shape=full_attn.qkv_proj_fused rep=7 position=4 arm=xvec inner=653 gpu_seconds=0.153897750 wall_seconds=0.154187542 seconds_per_dispatch=0.000235678024 gbps=155.721604
LEG na=5 shape=full_attn.qkv_proj_fused rep=7 position=5 arm=tailfullxvec inner=653 gpu_seconds=0.154155500 wall_seconds=0.154443833 seconds_per_dispatch=0.000236072741 gbps=155.461235
LEG na=5 shape=full_attn.qkv_proj_fused rep=7 position=6 arm=tailfullxvec inner=653 gpu_seconds=0.154243792 wall_seconds=0.154530625 seconds_per_dispatch=0.000236207951 gbps=155.372247
LEG na=5 shape=full_attn.qkv_proj_fused rep=7 position=7 arm=xvec inner=653 gpu_seconds=0.153937417 wall_seconds=0.154227083 seconds_per_dispatch=0.000235738770 gbps=155.681477
LEG na=5 shape=full_attn.qkv_proj_fused rep=7 position=8 arm=shift inner=653 gpu_seconds=0.160306500 wall_seconds=0.160590625 seconds_per_dispatch=0.000245492343 gbps=149.496149
LEG na=5 shape=full_attn.qkv_proj_fused rep=7 position=9 arm=rfull inner=653 gpu_seconds=0.160215417 wall_seconds=0.160507542 seconds_per_dispatch=0.000245352859 gbps=149.581139
LEG na=5 shape=full_attn.qkv_proj_fused rep=7 position=10 arm=tailfull inner=653 gpu_seconds=0.160337000 wall_seconds=0.160639333 seconds_per_dispatch=0.000245539050 gbps=149.467712
LEG na=5 shape=full_attn.qkv_proj_fused rep=7 position=11 arm=plain inner=653 gpu_seconds=0.160145292 wall_seconds=0.160452500 seconds_per_dispatch=0.000245245470 gbps=149.646638
LEG na=5 shape=full_attn.qkv_proj_fused rep=8 position=0 arm=plain inner=653 gpu_seconds=0.160204750 wall_seconds=0.160484542 seconds_per_dispatch=0.000245336524 gbps=149.591098
LEG na=5 shape=full_attn.qkv_proj_fused rep=8 position=1 arm=tailfull inner=653 gpu_seconds=0.160084750 wall_seconds=0.160404583 seconds_per_dispatch=0.000245152757 gbps=149.703232
LEG na=5 shape=full_attn.qkv_proj_fused rep=8 position=2 arm=rfull inner=653 gpu_seconds=0.159919083 wall_seconds=0.160210750 seconds_per_dispatch=0.000244899056 gbps=149.858316
LEG na=5 shape=full_attn.qkv_proj_fused rep=8 position=3 arm=shift inner=653 gpu_seconds=0.159859750 wall_seconds=0.160165958 seconds_per_dispatch=0.000244808193 gbps=149.913937
LEG na=5 shape=full_attn.qkv_proj_fused rep=8 position=4 arm=xvec inner=653 gpu_seconds=0.154230458 wall_seconds=0.154614792 seconds_per_dispatch=0.000236187532 gbps=155.385679
LEG na=5 shape=full_attn.qkv_proj_fused rep=8 position=5 arm=tailfullxvec inner=653 gpu_seconds=0.154541250 wall_seconds=0.154848708 seconds_per_dispatch=0.000236663476 gbps=155.073189
LEG na=5 shape=full_attn.qkv_proj_fused rep=8 position=6 arm=tailfullxvec inner=653 gpu_seconds=0.154470750 wall_seconds=0.154783375 seconds_per_dispatch=0.000236555513 gbps=155.143964
LEG na=5 shape=full_attn.qkv_proj_fused rep=8 position=7 arm=xvec inner=653 gpu_seconds=0.154238208 wall_seconds=0.154547750 seconds_per_dispatch=0.000236199400 gbps=155.377871
LEG na=5 shape=full_attn.qkv_proj_fused rep=8 position=8 arm=shift inner=653 gpu_seconds=0.159719125 wall_seconds=0.160030833 seconds_per_dispatch=0.000244592841 gbps=150.045929
LEG na=5 shape=full_attn.qkv_proj_fused rep=8 position=9 arm=rfull inner=653 gpu_seconds=0.159921875 wall_seconds=0.160248500 seconds_per_dispatch=0.000244903331 gbps=149.855700
LEG na=5 shape=full_attn.qkv_proj_fused rep=8 position=10 arm=tailfull inner=653 gpu_seconds=0.160086000 wall_seconds=0.160393667 seconds_per_dispatch=0.000245154671 gbps=149.702063
LEG na=5 shape=full_attn.qkv_proj_fused rep=8 position=11 arm=plain inner=653 gpu_seconds=0.160040750 wall_seconds=0.160351167 seconds_per_dispatch=0.000245085375 gbps=149.744390
LEG na=5 shape=full_attn.qkv_proj_fused rep=9 position=0 arm=plain inner=653 gpu_seconds=0.160073250 wall_seconds=0.160388083 seconds_per_dispatch=0.000245135145 gbps=149.713987
LEG na=5 shape=full_attn.qkv_proj_fused rep=9 position=1 arm=tailfull inner=653 gpu_seconds=0.160040000 wall_seconds=0.160357042 seconds_per_dispatch=0.000245084227 gbps=149.745092
LEG na=5 shape=full_attn.qkv_proj_fused rep=9 position=2 arm=rfull inner=653 gpu_seconds=0.159542667 wall_seconds=0.159848292 seconds_per_dispatch=0.000244322613 gbps=150.211884
LEG na=5 shape=full_attn.qkv_proj_fused rep=9 position=3 arm=shift inner=653 gpu_seconds=0.159804916 wall_seconds=0.160117250 seconds_per_dispatch=0.000244724221 gbps=149.965377
LEG na=5 shape=full_attn.qkv_proj_fused rep=9 position=4 arm=xvec inner=653 gpu_seconds=0.154284875 wall_seconds=0.154593542 seconds_per_dispatch=0.000236270865 gbps=155.330874
LEG na=5 shape=full_attn.qkv_proj_fused rep=9 position=5 arm=tailfullxvec inner=653 gpu_seconds=0.154418750 wall_seconds=0.154725542 seconds_per_dispatch=0.000236475881 gbps=155.196208
LEG na=5 shape=full_attn.qkv_proj_fused rep=9 position=6 arm=tailfullxvec inner=653 gpu_seconds=0.154602500 wall_seconds=0.154918667 seconds_per_dispatch=0.000236757274 gbps=155.011752
LEG na=5 shape=full_attn.qkv_proj_fused rep=9 position=7 arm=xvec inner=653 gpu_seconds=0.154176542 wall_seconds=0.154500375 seconds_per_dispatch=0.000236104964 gbps=155.440019
LEG na=5 shape=full_attn.qkv_proj_fused rep=9 position=8 arm=shift inner=653 gpu_seconds=0.159892167 wall_seconds=0.160179833 seconds_per_dispatch=0.000244857836 gbps=149.883543
LEG na=5 shape=full_attn.qkv_proj_fused rep=9 position=9 arm=rfull inner=653 gpu_seconds=0.159900417 wall_seconds=0.160174125 seconds_per_dispatch=0.000244870470 gbps=149.875810
LEG na=5 shape=full_attn.qkv_proj_fused rep=9 position=10 arm=tailfull inner=653 gpu_seconds=0.160039750 wall_seconds=0.160361792 seconds_per_dispatch=0.000245083844 gbps=149.745326
LEG na=5 shape=full_attn.qkv_proj_fused rep=9 position=11 arm=plain inner=653 gpu_seconds=0.159995750 wall_seconds=0.160310625 seconds_per_dispatch=0.000245016463 gbps=149.786507
LEG na=5 shape=full_attn.qkv_proj_fused rep=10 position=0 arm=plain inner=653 gpu_seconds=0.159968625 wall_seconds=0.160288000 seconds_per_dispatch=0.000244974923 gbps=149.811905
LEG na=5 shape=full_attn.qkv_proj_fused rep=10 position=1 arm=tailfull inner=653 gpu_seconds=0.160023625 wall_seconds=0.160326167 seconds_per_dispatch=0.000245059150 gbps=149.760415
LEG na=5 shape=full_attn.qkv_proj_fused rep=10 position=2 arm=rfull inner=653 gpu_seconds=0.159982875 wall_seconds=0.160306708 seconds_per_dispatch=0.000244996746 gbps=149.798561
LEG na=5 shape=full_attn.qkv_proj_fused rep=10 position=3 arm=shift inner=653 gpu_seconds=0.159867500 wall_seconds=0.160185292 seconds_per_dispatch=0.000244820061 gbps=149.906670
LEG na=5 shape=full_attn.qkv_proj_fused rep=10 position=4 arm=xvec inner=653 gpu_seconds=0.154294250 wall_seconds=0.154599708 seconds_per_dispatch=0.000236285222 gbps=155.321436
LEG na=5 shape=full_attn.qkv_proj_fused rep=10 position=5 arm=tailfullxvec inner=653 gpu_seconds=0.154505125 wall_seconds=0.154804917 seconds_per_dispatch=0.000236608155 gbps=155.109447
LEG na=5 shape=full_attn.qkv_proj_fused rep=10 position=6 arm=tailfullxvec inner=653 gpu_seconds=0.154500000 wall_seconds=0.154781708 seconds_per_dispatch=0.000236600306 gbps=155.114592
LEG na=5 shape=full_attn.qkv_proj_fused rep=10 position=7 arm=xvec inner=653 gpu_seconds=0.154298708 wall_seconds=0.154617083 seconds_per_dispatch=0.000236292049 gbps=155.316948
LEG na=5 shape=full_attn.qkv_proj_fused rep=10 position=8 arm=shift inner=653 gpu_seconds=0.159923917 wall_seconds=0.160228875 seconds_per_dispatch=0.000244906457 gbps=149.853787
LEG na=5 shape=full_attn.qkv_proj_fused rep=10 position=9 arm=rfull inner=653 gpu_seconds=0.159888958 wall_seconds=0.160210750 seconds_per_dispatch=0.000244852922 gbps=149.886551
LEG na=5 shape=full_attn.qkv_proj_fused rep=10 position=10 arm=tailfull inner=653 gpu_seconds=0.160085917 wall_seconds=0.160377917 seconds_per_dispatch=0.000245154543 gbps=149.702141
LEG na=5 shape=full_attn.qkv_proj_fused rep=10 position=11 arm=plain inner=653 gpu_seconds=0.159922500 wall_seconds=0.160237458 seconds_per_dispatch=0.000244904288 gbps=149.855114
LEG na=5 shape=full_attn.qkv_proj_fused rep=11 position=0 arm=plain inner=653 gpu_seconds=0.159957833 wall_seconds=0.160279958 seconds_per_dispatch=0.000244958397 gbps=149.822013
LEG na=5 shape=full_attn.qkv_proj_fused rep=11 position=1 arm=tailfull inner=653 gpu_seconds=0.160147875 wall_seconds=0.160452667 seconds_per_dispatch=0.000245249426 gbps=149.644224
LEG na=5 shape=full_attn.qkv_proj_fused rep=11 position=2 arm=rfull inner=653 gpu_seconds=0.159535833 wall_seconds=0.159852917 seconds_per_dispatch=0.000244312149 gbps=150.218318
LEG na=5 shape=full_attn.qkv_proj_fused rep=11 position=3 arm=shift inner=653 gpu_seconds=0.160036000 wall_seconds=0.160347958 seconds_per_dispatch=0.000245078101 gbps=149.748835
LEG na=5 shape=full_attn.qkv_proj_fused rep=11 position=4 arm=xvec inner=653 gpu_seconds=0.152301083 wall_seconds=0.152588583 seconds_per_dispatch=0.000233232899 gbps=157.354130
LEG na=5 shape=full_attn.qkv_proj_fused rep=11 position=5 arm=tailfullxvec inner=653 gpu_seconds=0.152550250 wall_seconds=0.152874708 seconds_per_dispatch=0.000233614472 gbps=157.097117
LEG na=5 shape=full_attn.qkv_proj_fused rep=11 position=6 arm=tailfullxvec inner=653 gpu_seconds=0.152410125 wall_seconds=0.152702292 seconds_per_dispatch=0.000233399885 gbps=157.241551
LEG na=5 shape=full_attn.qkv_proj_fused rep=11 position=7 arm=xvec inner=653 gpu_seconds=0.152219750 wall_seconds=0.152510792 seconds_per_dispatch=0.000233108346 gbps=157.438207
LEG na=5 shape=full_attn.qkv_proj_fused rep=11 position=8 arm=shift inner=653 gpu_seconds=0.157903292 wall_seconds=0.158203542 seconds_per_dispatch=0.000241812085 gbps=151.771405
LEG na=5 shape=full_attn.qkv_proj_fused rep=11 position=9 arm=rfull inner=653 gpu_seconds=0.157538083 wall_seconds=0.157837750 seconds_per_dispatch=0.000241252808 gbps=152.123245
LEG na=5 shape=full_attn.qkv_proj_fused rep=11 position=10 arm=tailfull inner=653 gpu_seconds=0.157845167 wall_seconds=0.158142292 seconds_per_dispatch=0.000241723073 gbps=151.827294
LEG na=5 shape=full_attn.qkv_proj_fused rep=11 position=11 arm=plain inner=653 gpu_seconds=0.159555250 wall_seconds=0.159863875 seconds_per_dispatch=0.000244341883 gbps=150.200037
LEG na=5 shape=full_attn.qkv_proj_fused rep=12 position=0 arm=plain inner=653 gpu_seconds=0.158871083 wall_seconds=0.159162458 seconds_per_dispatch=0.000243294155 gbps=150.846863
LEG na=5 shape=full_attn.qkv_proj_fused rep=12 position=1 arm=tailfull inner=653 gpu_seconds=0.159869167 wall_seconds=0.160182333 seconds_per_dispatch=0.000244822613 gbps=149.905107
LEG na=5 shape=full_attn.qkv_proj_fused rep=12 position=2 arm=rfull inner=653 gpu_seconds=0.159909250 wall_seconds=0.160211417 seconds_per_dispatch=0.000244883997 gbps=149.867531
LEG na=5 shape=full_attn.qkv_proj_fused rep=12 position=3 arm=shift inner=653 gpu_seconds=0.160069042 wall_seconds=0.160359833 seconds_per_dispatch=0.000245128701 gbps=149.717923
LEG na=5 shape=full_attn.qkv_proj_fused rep=12 position=4 arm=xvec inner=653 gpu_seconds=0.153847500 wall_seconds=0.154139417 seconds_per_dispatch=0.000235601072 gbps=155.772466
LEG na=5 shape=full_attn.qkv_proj_fused rep=12 position=5 arm=tailfullxvec inner=653 gpu_seconds=0.154309500 wall_seconds=0.154594833 seconds_per_dispatch=0.000236308575 gbps=155.306086
LEG na=5 shape=full_attn.qkv_proj_fused rep=12 position=6 arm=tailfullxvec inner=653 gpu_seconds=0.154231000 wall_seconds=0.154528167 seconds_per_dispatch=0.000236188361 gbps=155.385133
LEG na=5 shape=full_attn.qkv_proj_fused rep=12 position=7 arm=xvec inner=653 gpu_seconds=0.153999583 wall_seconds=0.154286500 seconds_per_dispatch=0.000235833971 gbps=155.618632
LEG na=5 shape=full_attn.qkv_proj_fused rep=12 position=8 arm=shift inner=653 gpu_seconds=0.160279542 wall_seconds=0.160543917 seconds_per_dispatch=0.000245451059 gbps=149.521294
LEG na=5 shape=full_attn.qkv_proj_fused rep=12 position=9 arm=rfull inner=653 gpu_seconds=0.160163875 wall_seconds=0.160461542 seconds_per_dispatch=0.000245273928 gbps=149.629275
LEG na=5 shape=full_attn.qkv_proj_fused rep=12 position=10 arm=tailfull inner=653 gpu_seconds=0.160267459 wall_seconds=0.160562375 seconds_per_dispatch=0.000245432555 gbps=149.532567
LEG na=5 shape=full_attn.qkv_proj_fused rep=12 position=11 arm=plain inner=653 gpu_seconds=0.160322375 wall_seconds=0.160611583 seconds_per_dispatch=0.000245516654 gbps=149.481346
LEG na=5 shape=full_attn.qkv_proj_fused rep=13 position=0 arm=plain inner=653 gpu_seconds=0.160179542 wall_seconds=0.160538292 seconds_per_dispatch=0.000245297920 gbps=149.614640
LEG na=5 shape=full_attn.qkv_proj_fused rep=13 position=1 arm=tailfull inner=653 gpu_seconds=0.160296125 wall_seconds=0.160595542 seconds_per_dispatch=0.000245476455 gbps=149.505826
LEG na=5 shape=full_attn.qkv_proj_fused rep=13 position=2 arm=rfull inner=653 gpu_seconds=0.160184417 wall_seconds=0.160503667 seconds_per_dispatch=0.000245305385 gbps=149.610087
LEG na=5 shape=full_attn.qkv_proj_fused rep=13 position=3 arm=shift inner=653 gpu_seconds=0.160300625 wall_seconds=0.160560208 seconds_per_dispatch=0.000245483346 gbps=149.501628
LEG na=5 shape=full_attn.qkv_proj_fused rep=13 position=4 arm=xvec inner=653 gpu_seconds=0.153943625 wall_seconds=0.154199417 seconds_per_dispatch=0.000235748277 gbps=155.675199
LEG na=5 shape=full_attn.qkv_proj_fused rep=13 position=5 arm=tailfullxvec inner=653 gpu_seconds=0.153663250 wall_seconds=0.153954250 seconds_per_dispatch=0.000235318913 gbps=155.959245
LEG na=5 shape=full_attn.qkv_proj_fused rep=13 position=6 arm=tailfullxvec inner=653 gpu_seconds=0.154265000 wall_seconds=0.154568167 seconds_per_dispatch=0.000236240429 gbps=155.350886
LEG na=5 shape=full_attn.qkv_proj_fused rep=13 position=7 arm=xvec inner=653 gpu_seconds=0.154061708 wall_seconds=0.154369708 seconds_per_dispatch=0.000235929109 gbps=155.555879
LEG na=5 shape=full_attn.qkv_proj_fused rep=13 position=8 arm=shift inner=653 gpu_seconds=0.160090625 wall_seconds=0.160383000 seconds_per_dispatch=0.000245161754 gbps=149.697738
LEG na=5 shape=full_attn.qkv_proj_fused rep=13 position=9 arm=rfull inner=653 gpu_seconds=0.160020583 wall_seconds=0.160346750 seconds_per_dispatch=0.000245054492 gbps=149.763262
LEG na=5 shape=full_attn.qkv_proj_fused rep=13 position=10 arm=tailfull inner=653 gpu_seconds=0.159784833 wall_seconds=0.160089792 seconds_per_dispatch=0.000244693466 gbps=149.984226
LEG na=5 shape=full_attn.qkv_proj_fused rep=13 position=11 arm=plain inner=653 gpu_seconds=0.157809750 wall_seconds=0.158108375 seconds_per_dispatch=0.000241668836 gbps=151.861368
LEG na=5 shape=full_attn.qkv_proj_fused rep=14 position=0 arm=plain inner=653 gpu_seconds=0.157776458 wall_seconds=0.158105333 seconds_per_dispatch=0.000241617854 gbps=151.893411
LEG na=5 shape=full_attn.qkv_proj_fused rep=14 position=1 arm=tailfull inner=653 gpu_seconds=0.159633917 wall_seconds=0.160119958 seconds_per_dispatch=0.000244462353 gbps=150.126019
LEG na=5 shape=full_attn.qkv_proj_fused rep=14 position=2 arm=rfull inner=653 gpu_seconds=0.159902875 wall_seconds=0.160220208 seconds_per_dispatch=0.000244874234 gbps=149.873506
LEG na=5 shape=full_attn.qkv_proj_fused rep=14 position=3 arm=shift inner=653 gpu_seconds=0.158754583 wall_seconds=0.159076083 seconds_per_dispatch=0.000243115748 gbps=150.957560
LEG na=5 shape=full_attn.qkv_proj_fused rep=14 position=4 arm=xvec inner=653 gpu_seconds=0.152903125 wall_seconds=0.153221917 seconds_per_dispatch=0.000234154862 gbps=156.734563
LEG na=5 shape=full_attn.qkv_proj_fused rep=14 position=5 arm=tailfullxvec inner=653 gpu_seconds=0.152444500 wall_seconds=0.152765167 seconds_per_dispatch=0.000233452527 gbps=157.206095
LEG na=5 shape=full_attn.qkv_proj_fused rep=14 position=6 arm=tailfullxvec inner=653 gpu_seconds=0.154158250 wall_seconds=0.154483750 seconds_per_dispatch=0.000236076953 gbps=155.458462
LEG na=5 shape=full_attn.qkv_proj_fused rep=14 position=7 arm=xvec inner=653 gpu_seconds=0.154218625 wall_seconds=0.154544167 seconds_per_dispatch=0.000236169410 gbps=155.397602
LEG na=5 shape=full_attn.qkv_proj_fused rep=14 position=8 arm=shift inner=653 gpu_seconds=0.159756750 wall_seconds=0.160055708 seconds_per_dispatch=0.000244650459 gbps=150.010591
LEG na=5 shape=full_attn.qkv_proj_fused rep=14 position=9 arm=rfull inner=653 gpu_seconds=0.159976333 wall_seconds=0.160288167 seconds_per_dispatch=0.000244986728 gbps=149.804687
LEG na=5 shape=full_attn.qkv_proj_fused rep=14 position=10 arm=tailfull inner=653 gpu_seconds=0.160209750 wall_seconds=0.160517417 seconds_per_dispatch=0.000245344181 gbps=149.586429
LEG na=5 shape=full_attn.qkv_proj_fused rep=14 position=11 arm=plain inner=653 gpu_seconds=0.159921333 wall_seconds=0.160245625 seconds_per_dispatch=0.000244902501 gbps=149.856207
LEG na=5 shape=full_attn.qkv_proj_fused rep=15 position=0 arm=plain inner=653 gpu_seconds=0.159956750 wall_seconds=0.160249708 seconds_per_dispatch=0.000244956738 gbps=149.823027
LEG na=5 shape=full_attn.qkv_proj_fused rep=15 position=1 arm=tailfull inner=653 gpu_seconds=0.160208292 wall_seconds=0.160514958 seconds_per_dispatch=0.000245341947 gbps=149.587791
LEG na=5 shape=full_attn.qkv_proj_fused rep=15 position=2 arm=rfull inner=653 gpu_seconds=0.160079000 wall_seconds=0.160400292 seconds_per_dispatch=0.000245143951 gbps=149.708610
LEG na=5 shape=full_attn.qkv_proj_fused rep=15 position=3 arm=shift inner=653 gpu_seconds=0.159931250 wall_seconds=0.160250167 seconds_per_dispatch=0.000244917688 gbps=149.846915
LEG na=5 shape=full_attn.qkv_proj_fused rep=15 position=4 arm=xvec inner=653 gpu_seconds=0.154305500 wall_seconds=0.154618750 seconds_per_dispatch=0.000236302450 gbps=155.310112
LEG na=5 shape=full_attn.qkv_proj_fused rep=15 position=5 arm=tailfullxvec inner=653 gpu_seconds=0.154465417 wall_seconds=0.154781250 seconds_per_dispatch=0.000236547346 gbps=155.149321
LEG na=5 shape=full_attn.qkv_proj_fused rep=15 position=6 arm=tailfullxvec inner=653 gpu_seconds=0.154480042 wall_seconds=0.154853542 seconds_per_dispatch=0.000236569742 gbps=155.134632
LEG na=5 shape=full_attn.qkv_proj_fused rep=15 position=7 arm=xvec inner=653 gpu_seconds=0.154287375 wall_seconds=0.154579333 seconds_per_dispatch=0.000236274694 gbps=155.328357
LEG na=5 shape=full_attn.qkv_proj_fused rep=15 position=8 arm=shift inner=653 gpu_seconds=0.159970333 wall_seconds=0.160288375 seconds_per_dispatch=0.000244977540 gbps=149.810305
LEG na=5 shape=full_attn.qkv_proj_fused rep=15 position=9 arm=rfull inner=653 gpu_seconds=0.160059917 wall_seconds=0.160400542 seconds_per_dispatch=0.000245114727 gbps=149.726459
LEG na=5 shape=full_attn.qkv_proj_fused rep=15 position=10 arm=tailfull inner=653 gpu_seconds=0.159067167 wall_seconds=0.159382208 seconds_per_dispatch=0.000243594436 gbps=150.660913
LEG na=5 shape=full_attn.qkv_proj_fused rep=15 position=11 arm=plain inner=653 gpu_seconds=0.160007208 wall_seconds=0.160318458 seconds_per_dispatch=0.000245034010 gbps=149.775780
LEG na=5 shape=full_attn.qkv_proj_fused rep=16 position=0 arm=plain inner=653 gpu_seconds=0.159932500 wall_seconds=0.160248833 seconds_per_dispatch=0.000244919602 gbps=149.845744
LEG na=5 shape=full_attn.qkv_proj_fused rep=16 position=1 arm=tailfull inner=653 gpu_seconds=0.159234833 wall_seconds=0.159557042 seconds_per_dispatch=0.000243851199 gbps=150.502274
LEG na=5 shape=full_attn.qkv_proj_fused rep=16 position=2 arm=rfull inner=653 gpu_seconds=0.159600125 wall_seconds=0.159938958 seconds_per_dispatch=0.000244410605 gbps=150.157805
LEG na=5 shape=full_attn.qkv_proj_fused rep=16 position=3 arm=shift inner=653 gpu_seconds=0.159964875 wall_seconds=0.160281375 seconds_per_dispatch=0.000244969181 gbps=149.815417
LEG na=5 shape=full_attn.qkv_proj_fused rep=16 position=4 arm=xvec inner=653 gpu_seconds=0.154116292 wall_seconds=0.154418000 seconds_per_dispatch=0.000236012698 gbps=155.500786
LEG na=5 shape=full_attn.qkv_proj_fused rep=16 position=5 arm=tailfullxvec inner=653 gpu_seconds=0.154517458 wall_seconds=0.154837208 seconds_per_dispatch=0.000236627042 gbps=155.097066
LEG na=5 shape=full_attn.qkv_proj_fused rep=16 position=6 arm=tailfullxvec inner=653 gpu_seconds=0.154448083 wall_seconds=0.154758292 seconds_per_dispatch=0.000236520801 gbps=155.166733
LEG na=5 shape=full_attn.qkv_proj_fused rep=16 position=7 arm=xvec inner=653 gpu_seconds=0.154192125 wall_seconds=0.154492792 seconds_per_dispatch=0.000236128828 gbps=155.424309
LEG na=5 shape=full_attn.qkv_proj_fused rep=16 position=8 arm=shift inner=653 gpu_seconds=0.159892000 wall_seconds=0.160201917 seconds_per_dispatch=0.000244857580 gbps=149.883699
LEG na=5 shape=full_attn.qkv_proj_fused rep=16 position=9 arm=rfull inner=653 gpu_seconds=0.159509417 wall_seconds=0.159825875 seconds_per_dispatch=0.000244271695 gbps=150.243196
LEG na=5 shape=full_attn.qkv_proj_fused rep=16 position=10 arm=tailfull inner=653 gpu_seconds=0.158408417 wall_seconds=0.158701292 seconds_per_dispatch=0.000242585630 gbps=151.287444
LEG na=5 shape=full_attn.qkv_proj_fused rep=16 position=11 arm=plain inner=653 gpu_seconds=0.157732375 wall_seconds=0.158045458 seconds_per_dispatch=0.000241550345 gbps=151.935863
LEG na=5 shape=full_attn.qkv_proj_fused rep=17 position=0 arm=plain inner=653 gpu_seconds=0.157650792 wall_seconds=0.157961250 seconds_per_dispatch=0.000241425409 gbps=152.014489
LEG na=5 shape=full_attn.qkv_proj_fused rep=17 position=1 arm=tailfull inner=653 gpu_seconds=0.157749333 wall_seconds=0.158072333 seconds_per_dispatch=0.000241576314 gbps=151.919530
LEG na=5 shape=full_attn.qkv_proj_fused rep=17 position=2 arm=rfull inner=653 gpu_seconds=0.157707458 wall_seconds=0.158013958 seconds_per_dispatch=0.000241512187 gbps=151.959868
LEG na=5 shape=full_attn.qkv_proj_fused rep=17 position=3 arm=shift inner=653 gpu_seconds=0.157849542 wall_seconds=0.158160833 seconds_per_dispatch=0.000241729773 gbps=151.823086
LEG na=5 shape=full_attn.qkv_proj_fused rep=17 position=4 arm=xvec inner=653 gpu_seconds=0.152311625 wall_seconds=0.152628917 seconds_per_dispatch=0.000233249043 gbps=157.343239
LEG na=5 shape=full_attn.qkv_proj_fused rep=17 position=5 arm=tailfullxvec inner=653 gpu_seconds=0.153816000 wall_seconds=0.154115417 seconds_per_dispatch=0.000235552833 gbps=155.804367
LEG na=5 shape=full_attn.qkv_proj_fused rep=17 position=6 arm=tailfullxvec inner=653 gpu_seconds=0.153920125 wall_seconds=0.154216458 seconds_per_dispatch=0.000235712289 gbps=155.698967
LEG na=5 shape=full_attn.qkv_proj_fused rep=17 position=7 arm=xvec inner=653 gpu_seconds=0.153675000 wall_seconds=0.153972250 seconds_per_dispatch=0.000235336907 gbps=155.947321
LEG na=5 shape=full_attn.qkv_proj_fused rep=17 position=8 arm=shift inner=653 gpu_seconds=0.159968208 wall_seconds=0.160254792 seconds_per_dispatch=0.000244974285 gbps=149.812295
LEG na=5 shape=full_attn.qkv_proj_fused rep=17 position=9 arm=rfull inner=653 gpu_seconds=0.159918250 wall_seconds=0.160243833 seconds_per_dispatch=0.000244897780 gbps=149.859097
LEG na=5 shape=full_attn.qkv_proj_fused rep=17 position=10 arm=tailfull inner=653 gpu_seconds=0.159126500 wall_seconds=0.159382125 seconds_per_dispatch=0.000243685299 gbps=150.604736
LEG na=5 shape=full_attn.qkv_proj_fused rep=17 position=11 arm=plain inner=653 gpu_seconds=0.157941750 wall_seconds=0.158247583 seconds_per_dispatch=0.000241870980 gbps=151.734449
LEG na=5 shape=full_attn.qkv_proj_fused rep=18 position=0 arm=plain inner=653 gpu_seconds=0.158545250 wall_seconds=0.158841917 seconds_per_dispatch=0.000242795176 gbps=151.156875
LEG na=5 shape=full_attn.qkv_proj_fused rep=18 position=1 arm=tailfull inner=653 gpu_seconds=0.160122625 wall_seconds=0.160408542 seconds_per_dispatch=0.000245210758 gbps=149.667822
LEG na=5 shape=full_attn.qkv_proj_fused rep=18 position=2 arm=rfull inner=653 gpu_seconds=0.158748000 wall_seconds=0.159019292 seconds_per_dispatch=0.000243105666 gbps=150.963820
LEG na=5 shape=full_attn.qkv_proj_fused rep=18 position=3 arm=shift inner=653 gpu_seconds=0.158695750 wall_seconds=0.158992500 seconds_per_dispatch=0.000243025651 gbps=151.013524
LEG na=5 shape=full_attn.qkv_proj_fused rep=18 position=4 arm=xvec inner=653 gpu_seconds=0.152632625 wall_seconds=0.152919583 seconds_per_dispatch=0.000233740620 gbps=157.012333
LEG na=5 shape=full_attn.qkv_proj_fused rep=18 position=5 arm=tailfullxvec inner=653 gpu_seconds=0.152633875 wall_seconds=0.152935167 seconds_per_dispatch=0.000233742534 gbps=157.011047
LEG na=5 shape=full_attn.qkv_proj_fused rep=18 position=6 arm=tailfullxvec inner=653 gpu_seconds=0.153851667 wall_seconds=0.154154792 seconds_per_dispatch=0.000235607453 gbps=155.768247
LEG na=5 shape=full_attn.qkv_proj_fused rep=18 position=7 arm=xvec inner=653 gpu_seconds=0.153852333 wall_seconds=0.154147625 seconds_per_dispatch=0.000235608474 gbps=155.767572
LEG na=5 shape=full_attn.qkv_proj_fused rep=18 position=8 arm=shift inner=653 gpu_seconds=0.160246083 wall_seconds=0.160500042 seconds_per_dispatch=0.000245399821 gbps=149.552513
LEG na=5 shape=full_attn.qkv_proj_fused rep=18 position=9 arm=rfull inner=653 gpu_seconds=0.160311833 wall_seconds=0.160553583 seconds_per_dispatch=0.000245500510 gbps=149.491176
LEG na=5 shape=full_attn.qkv_proj_fused rep=18 position=10 arm=tailfull inner=653 gpu_seconds=0.160349166 wall_seconds=0.160638083 seconds_per_dispatch=0.000245557682 gbps=149.456371
LEG na=5 shape=full_attn.qkv_proj_fused rep=18 position=11 arm=plain inner=653 gpu_seconds=0.160299334 wall_seconds=0.160582083 seconds_per_dispatch=0.000245481368 gbps=149.502833
LEG na=5 shape=full_attn.qkv_proj_fused rep=19 position=0 arm=plain inner=653 gpu_seconds=0.160277750 wall_seconds=0.160564542 seconds_per_dispatch=0.000245448316 gbps=149.522965
LEG na=5 shape=full_attn.qkv_proj_fused rep=19 position=1 arm=tailfull inner=653 gpu_seconds=0.160412875 wall_seconds=0.160687417 seconds_per_dispatch=0.000245655245 gbps=149.397014
LEG na=5 shape=full_attn.qkv_proj_fused rep=19 position=2 arm=rfull inner=653 gpu_seconds=0.160253750 wall_seconds=0.160552667 seconds_per_dispatch=0.000245411562 gbps=149.545358
LEG na=5 shape=full_attn.qkv_proj_fused rep=19 position=3 arm=shift inner=653 gpu_seconds=0.159796625 wall_seconds=0.160106125 seconds_per_dispatch=0.000244711524 gbps=149.973158
LEG na=5 shape=full_attn.qkv_proj_fused rep=19 position=4 arm=xvec inner=653 gpu_seconds=0.154214875 wall_seconds=0.154524875 seconds_per_dispatch=0.000236163668 gbps=155.401380
LEG na=5 shape=full_attn.qkv_proj_fused rep=19 position=5 arm=tailfullxvec inner=653 gpu_seconds=0.154316000 wall_seconds=0.154633042 seconds_per_dispatch=0.000236318530 gbps=155.299544
LEG na=5 shape=full_attn.qkv_proj_fused rep=19 position=6 arm=tailfullxvec inner=653 gpu_seconds=0.154357875 wall_seconds=0.154655833 seconds_per_dispatch=0.000236382657 gbps=155.257414
LEG na=5 shape=full_attn.qkv_proj_fused rep=19 position=7 arm=xvec inner=653 gpu_seconds=0.154324292 wall_seconds=0.154606083 seconds_per_dispatch=0.000236331228 gbps=155.291200
LEG na=5 shape=full_attn.qkv_proj_fused rep=19 position=8 arm=shift inner=653 gpu_seconds=0.159796625 wall_seconds=0.160103625 seconds_per_dispatch=0.000244711524 gbps=149.973158
LEG na=5 shape=full_attn.qkv_proj_fused rep=19 position=9 arm=rfull inner=653 gpu_seconds=0.159781375 wall_seconds=0.160068167 seconds_per_dispatch=0.000244688170 gbps=149.987472
LEG na=5 shape=full_attn.qkv_proj_fused rep=19 position=10 arm=tailfull inner=653 gpu_seconds=0.157900125 wall_seconds=0.158154583 seconds_per_dispatch=0.000241807236 gbps=151.774449
LEG na=5 shape=full_attn.qkv_proj_fused rep=19 position=11 arm=plain inner=653 gpu_seconds=0.157730125 wall_seconds=0.158040042 seconds_per_dispatch=0.000241546899 gbps=151.938030
LEG na=5 shape=full_attn.qkv_proj_fused rep=20 position=0 arm=plain inner=653 gpu_seconds=0.158305208 wall_seconds=0.158617167 seconds_per_dispatch=0.000242427578 gbps=151.386077
LEG na=5 shape=full_attn.qkv_proj_fused rep=20 position=1 arm=tailfull inner=653 gpu_seconds=0.158111417 wall_seconds=0.158505542 seconds_per_dispatch=0.000242130807 gbps=151.571626
LEG na=5 shape=full_attn.qkv_proj_fused rep=20 position=2 arm=rfull inner=653 gpu_seconds=0.157681042 wall_seconds=0.157996583 seconds_per_dispatch=0.000241471733 gbps=151.985326
LEG na=5 shape=full_attn.qkv_proj_fused rep=20 position=3 arm=shift inner=653 gpu_seconds=0.157861000 wall_seconds=0.158259042 seconds_per_dispatch=0.000241747320 gbps=151.812066
LEG na=5 shape=full_attn.qkv_proj_fused rep=20 position=4 arm=xvec inner=653 gpu_seconds=0.153907583 wall_seconds=0.154394625 seconds_per_dispatch=0.000235693083 gbps=155.711655
LEG na=5 shape=full_attn.qkv_proj_fused rep=20 position=5 arm=tailfullxvec inner=653 gpu_seconds=0.154438500 wall_seconds=0.154720750 seconds_per_dispatch=0.000236506126 gbps=155.176361
LEG na=5 shape=full_attn.qkv_proj_fused rep=20 position=6 arm=tailfullxvec inner=653 gpu_seconds=0.154457458 wall_seconds=0.154740833 seconds_per_dispatch=0.000236535158 gbps=155.157315
LEG na=5 shape=full_attn.qkv_proj_fused rep=20 position=7 arm=xvec inner=653 gpu_seconds=0.154186708 wall_seconds=0.154470833 seconds_per_dispatch=0.000236120533 gbps=155.429769
LEG na=5 shape=full_attn.qkv_proj_fused rep=20 position=8 arm=shift inner=653 gpu_seconds=0.159839042 wall_seconds=0.160124667 seconds_per_dispatch=0.000244776480 gbps=149.933359
LEG na=5 shape=full_attn.qkv_proj_fused rep=20 position=9 arm=rfull inner=653 gpu_seconds=0.159890667 wall_seconds=0.160210458 seconds_per_dispatch=0.000244855539 gbps=149.884949
LEG na=5 shape=full_attn.qkv_proj_fused rep=20 position=10 arm=tailfull inner=653 gpu_seconds=0.160117083 wall_seconds=0.160396500 seconds_per_dispatch=0.000245202271 gbps=149.673002
LEG na=5 shape=full_attn.qkv_proj_fused rep=20 position=11 arm=plain inner=653 gpu_seconds=0.159998083 wall_seconds=0.160287333 seconds_per_dispatch=0.000245020036 gbps=149.784322
e69_cell_ab: full_attn.qkv_proj_fused inner=653 legs=252 entry=59.88C exit=65.52C
SHAPE na=5 shape=full_attn.qkv_proj_fused inner=653 legs=252 entry_gpu_temp_c=59.88 exit_gpu_temp_c=65.52
PARITY na=5 shape=mlp.gate_up_fused arm=tailfull differing=0 elements=174080
PARITY na=5 shape=mlp.gate_up_fused arm=rfull differing=0 elements=174080
PARITY na=5 shape=mlp.gate_up_fused arm=shift differing=0 elements=174080
PARITY na=5 shape=mlp.gate_up_fused arm=xvec differing=0 elements=174080
PARITY na=5 shape=mlp.gate_up_fused arm=tailfullxvec differing=0 elements=174080
LEG na=5 shape=mlp.gate_up_fused rep=0 position=0 arm=plain inner=269 gpu_seconds=0.154809583 wall_seconds=0.155036875 seconds_per_dispatch=0.000575500310 gbps=154.872132
LEG na=5 shape=mlp.gate_up_fused rep=0 position=1 arm=tailfull inner=269 gpu_seconds=0.154220250 wall_seconds=0.154442167 seconds_per_dispatch=0.000573309479 gbps=155.463957
LEG na=5 shape=mlp.gate_up_fused rep=0 position=2 arm=rfull inner=269 gpu_seconds=0.153812750 wall_seconds=0.154052375 seconds_per_dispatch=0.000571794610 gbps=155.875831
LEG na=5 shape=mlp.gate_up_fused rep=0 position=3 arm=shift inner=269 gpu_seconds=0.154174958 wall_seconds=0.154455292 seconds_per_dispatch=0.000573141109 gbps=155.509627
LEG na=5 shape=mlp.gate_up_fused rep=0 position=4 arm=xvec inner=269 gpu_seconds=0.149499958 wall_seconds=0.149830167 seconds_per_dispatch=0.000555761927 gbps=160.372555
LEG na=5 shape=mlp.gate_up_fused rep=0 position=5 arm=tailfullxvec inner=269 gpu_seconds=0.149865333 wall_seconds=0.150091625 seconds_per_dispatch=0.000557120198 gbps=159.981563
LEG na=5 shape=mlp.gate_up_fused rep=0 position=6 arm=tailfullxvec inner=269 gpu_seconds=0.149432917 wall_seconds=0.149676792 seconds_per_dispatch=0.000555512701 gbps=160.444504
LEG na=5 shape=mlp.gate_up_fused rep=0 position=7 arm=xvec inner=269 gpu_seconds=0.149099250 wall_seconds=0.149406500 seconds_per_dispatch=0.000554272304 gbps=160.803560
LEG na=5 shape=mlp.gate_up_fused rep=0 position=8 arm=shift inner=269 gpu_seconds=0.153729500 wall_seconds=0.154127542 seconds_per_dispatch=0.000571485130 gbps=155.960243
LEG na=5 shape=mlp.gate_up_fused rep=0 position=9 arm=rfull inner=269 gpu_seconds=0.154698458 wall_seconds=0.154975083 seconds_per_dispatch=0.000575087205 gbps=154.983382
LEG na=5 shape=mlp.gate_up_fused rep=0 position=10 arm=tailfull inner=269 gpu_seconds=0.154411333 wall_seconds=0.154664667 seconds_per_dispatch=0.000574019827 gbps=155.271571
LEG na=5 shape=mlp.gate_up_fused rep=0 position=11 arm=plain inner=269 gpu_seconds=0.154770125 wall_seconds=0.155104458 seconds_per_dispatch=0.000575353624 gbps=154.911617
LEG na=5 shape=mlp.gate_up_fused rep=1 position=0 arm=plain inner=269 gpu_seconds=0.154755667 wall_seconds=0.155016500 seconds_per_dispatch=0.000575299876 gbps=154.926089
LEG na=5 shape=mlp.gate_up_fused rep=1 position=1 arm=tailfull inner=269 gpu_seconds=0.154673875 wall_seconds=0.154919792 seconds_per_dispatch=0.000574995818 gbps=155.008014
LEG na=5 shape=mlp.gate_up_fused rep=1 position=2 arm=rfull inner=269 gpu_seconds=0.154634375 wall_seconds=0.154880833 seconds_per_dispatch=0.000574848978 gbps=155.047610
LEG na=5 shape=mlp.gate_up_fused rep=1 position=3 arm=shift inner=269 gpu_seconds=0.154541958 wall_seconds=0.154835792 seconds_per_dispatch=0.000574505421 gbps=155.140329
LEG na=5 shape=mlp.gate_up_fused rep=1 position=4 arm=xvec inner=269 gpu_seconds=0.149628417 wall_seconds=0.149871875 seconds_per_dispatch=0.000556239467 gbps=160.234872
LEG na=5 shape=mlp.gate_up_fused rep=1 position=5 arm=tailfullxvec inner=269 gpu_seconds=0.150147750 wall_seconds=0.150408500 seconds_per_dispatch=0.000558170075 gbps=159.680649
LEG na=5 shape=mlp.gate_up_fused rep=1 position=6 arm=tailfullxvec inner=269 gpu_seconds=0.150125000 wall_seconds=0.150371500 seconds_per_dispatch=0.000558085502 gbps=159.704848
LEG na=5 shape=mlp.gate_up_fused rep=1 position=7 arm=xvec inner=269 gpu_seconds=0.149813666 wall_seconds=0.150070292 seconds_per_dispatch=0.000556928128 gbps=160.036736
LEG na=5 shape=mlp.gate_up_fused rep=1 position=8 arm=shift inner=269 gpu_seconds=0.154674000 wall_seconds=0.154919458 seconds_per_dispatch=0.000574996283 gbps=155.007889
LEG na=5 shape=mlp.gate_up_fused rep=1 position=9 arm=rfull inner=269 gpu_seconds=0.154605708 wall_seconds=0.154857750 seconds_per_dispatch=0.000574742410 gbps=155.076358
LEG na=5 shape=mlp.gate_up_fused rep=1 position=10 arm=tailfull inner=269 gpu_seconds=0.154767500 wall_seconds=0.155012250 seconds_per_dispatch=0.000575343866 gbps=154.914244
LEG na=5 shape=mlp.gate_up_fused rep=1 position=11 arm=plain inner=269 gpu_seconds=0.154661625 wall_seconds=0.154916583 seconds_per_dispatch=0.000574950279 gbps=155.020292
LEG na=5 shape=mlp.gate_up_fused rep=2 position=0 arm=plain inner=269 gpu_seconds=0.154725750 wall_seconds=0.154976750 seconds_per_dispatch=0.000575188662 gbps=154.956045
LEG na=5 shape=mlp.gate_up_fused rep=2 position=1 arm=tailfull inner=269 gpu_seconds=0.154785500 wall_seconds=0.155049167 seconds_per_dispatch=0.000575410781 gbps=154.896229
LEG na=5 shape=mlp.gate_up_fused rep=2 position=2 arm=rfull inner=269 gpu_seconds=0.154709375 wall_seconds=0.154944583 seconds_per_dispatch=0.000575127788 gbps=154.972446
LEG na=5 shape=mlp.gate_up_fused rep=2 position=3 arm=shift inner=269 gpu_seconds=0.154565750 wall_seconds=0.154821792 seconds_per_dispatch=0.000574593866 gbps=155.116449
LEG na=5 shape=mlp.gate_up_fused rep=2 position=4 arm=xvec inner=269 gpu_seconds=0.149606500 wall_seconds=0.149848500 seconds_per_dispatch=0.000556157993 gbps=160.258346
LEG na=5 shape=mlp.gate_up_fused rep=2 position=5 arm=tailfullxvec inner=269 gpu_seconds=0.149385500 wall_seconds=0.149621750 seconds_per_dispatch=0.000555336431 gbps=160.495431
LEG na=5 shape=mlp.gate_up_fused rep=2 position=6 arm=tailfullxvec inner=269 gpu_seconds=0.149258375 wall_seconds=0.149527667 seconds_per_dispatch=0.000554863847 gbps=160.632127
LEG na=5 shape=mlp.gate_up_fused rep=2 position=7 arm=xvec inner=269 gpu_seconds=0.149149416 wall_seconds=0.149409667 seconds_per_dispatch=0.000554458797 gbps=160.749474
LEG na=5 shape=mlp.gate_up_fused rep=2 position=8 arm=shift inner=269 gpu_seconds=0.154316792 wall_seconds=0.154594875 seconds_per_dispatch=0.000573668371 gbps=155.366697
LEG na=5 shape=mlp.gate_up_fused rep=2 position=9 arm=rfull inner=269 gpu_seconds=0.154560833 wall_seconds=0.154818292 seconds_per_dispatch=0.000574575589 gbps=155.121383
LEG na=5 shape=mlp.gate_up_fused rep=2 position=10 arm=tailfull inner=269 gpu_seconds=0.154643125 wall_seconds=0.154898292 seconds_per_dispatch=0.000574881506 gbps=155.038837
LEG na=5 shape=mlp.gate_up_fused rep=2 position=11 arm=plain inner=269 gpu_seconds=0.154641500 wall_seconds=0.154862875 seconds_per_dispatch=0.000574875465 gbps=155.040466
LEG na=5 shape=mlp.gate_up_fused rep=3 position=0 arm=plain inner=269 gpu_seconds=0.154684500 wall_seconds=0.154917750 seconds_per_dispatch=0.000575035316 gbps=154.997367
LEG na=5 shape=mlp.gate_up_fused rep=3 position=1 arm=tailfull inner=269 gpu_seconds=0.154340917 wall_seconds=0.154579750 seconds_per_dispatch=0.000573758054 gbps=155.342412
LEG na=5 shape=mlp.gate_up_fused rep=3 position=2 arm=rfull inner=269 gpu_seconds=0.154578833 wall_seconds=0.154811542 seconds_per_dispatch=0.000574642502 gbps=155.103320
LEG na=5 shape=mlp.gate_up_fused rep=3 position=3 arm=shift inner=269 gpu_seconds=0.154518833 wall_seconds=0.154757625 seconds_per_dispatch=0.000574419455 gbps=155.163547
LEG na=5 shape=mlp.gate_up_fused rep=3 position=4 arm=xvec inner=269 gpu_seconds=0.149699208 wall_seconds=0.149906542 seconds_per_dispatch=0.000556502633 gbps=160.159098
LEG na=5 shape=mlp.gate_up_fused rep=3 position=5 arm=tailfullxvec inner=269 gpu_seconds=0.149331750 wall_seconds=0.149533542 seconds_per_dispatch=0.000555136617 gbps=160.553200
LEG na=5 shape=mlp.gate_up_fused rep=3 position=6 arm=tailfullxvec inner=269 gpu_seconds=0.149454833 wall_seconds=0.149722250 seconds_per_dispatch=0.000555594176 gbps=160.420976
LEG na=5 shape=mlp.gate_up_fused rep=3 position=7 arm=xvec inner=269 gpu_seconds=0.149705958 wall_seconds=0.150002833 seconds_per_dispatch=0.000556527726 gbps=160.151877
LEG na=5 shape=mlp.gate_up_fused rep=3 position=8 arm=shift inner=269 gpu_seconds=0.154702375 wall_seconds=0.154929875 seconds_per_dispatch=0.000575101766 gbps=154.979458
LEG na=5 shape=mlp.gate_up_fused rep=3 position=9 arm=rfull inner=269 gpu_seconds=0.154051250 wall_seconds=0.154282667 seconds_per_dispatch=0.000572681226 gbps=155.634506
LEG na=5 shape=mlp.gate_up_fused rep=3 position=10 arm=tailfull inner=269 gpu_seconds=0.153959166 wall_seconds=0.154279542 seconds_per_dispatch=0.000572338909 gbps=155.727592
LEG na=5 shape=mlp.gate_up_fused rep=3 position=11 arm=plain inner=269 gpu_seconds=0.154366875 wall_seconds=0.154650792 seconds_per_dispatch=0.000573854553 gbps=155.316290
LEG na=5 shape=mlp.gate_up_fused rep=4 position=0 arm=plain inner=269 gpu_seconds=0.154576042 wall_seconds=0.154892542 seconds_per_dispatch=0.000574632125 gbps=155.106121
LEG na=5 shape=mlp.gate_up_fused rep=4 position=1 arm=tailfull inner=269 gpu_seconds=0.154748917 wall_seconds=0.154979750 seconds_per_dispatch=0.000575274783 gbps=154.932847
LEG na=5 shape=mlp.gate_up_fused rep=4 position=2 arm=rfull inner=269 gpu_seconds=0.154666625 wall_seconds=0.154900500 seconds_per_dispatch=0.000574968866 gbps=155.015280
LEG na=5 shape=mlp.gate_up_fused rep=4 position=3 arm=shift inner=269 gpu_seconds=0.154624167 wall_seconds=0.154851167 seconds_per_dispatch=0.000574811028 gbps=155.057846
LEG na=5 shape=mlp.gate_up_fused rep=4 position=4 arm=xvec inner=269 gpu_seconds=0.149704500 wall_seconds=0.149947792 seconds_per_dispatch=0.000556522304 gbps=160.153437
LEG na=5 shape=mlp.gate_up_fused rep=4 position=5 arm=tailfullxvec inner=269 gpu_seconds=0.149991833 wall_seconds=0.150219125 seconds_per_dispatch=0.000557590459 gbps=159.846638
LEG na=5 shape=mlp.gate_up_fused rep=4 position=6 arm=tailfullxvec inner=269 gpu_seconds=0.149947375 wall_seconds=0.150181375 seconds_per_dispatch=0.000557425185 gbps=159.894031
LEG na=5 shape=mlp.gate_up_fused rep=4 position=7 arm=xvec inner=269 gpu_seconds=0.149758833 wall_seconds=0.149979750 seconds_per_dispatch=0.000556724287 gbps=160.095333
LEG na=5 shape=mlp.gate_up_fused rep=4 position=8 arm=shift inner=269 gpu_seconds=0.154617500 wall_seconds=0.154841625 seconds_per_dispatch=0.000574786245 gbps=155.064532
LEG na=5 shape=mlp.gate_up_fused rep=4 position=9 arm=rfull inner=269 gpu_seconds=0.154670459 wall_seconds=0.154909167 seconds_per_dispatch=0.000574983117 gbps=155.011438
LEG na=5 shape=mlp.gate_up_fused rep=4 position=10 arm=tailfull inner=269 gpu_seconds=0.154857000 wall_seconds=0.155093250 seconds_per_dispatch=0.000575676579 gbps=154.824711
LEG na=5 shape=mlp.gate_up_fused rep=4 position=11 arm=plain inner=269 gpu_seconds=0.154708000 wall_seconds=0.154938458 seconds_per_dispatch=0.000575122677 gbps=154.973823
LEG na=5 shape=mlp.gate_up_fused rep=5 position=0 arm=plain inner=269 gpu_seconds=0.154648625 wall_seconds=0.154885667 seconds_per_dispatch=0.000574901952 gbps=155.033323
LEG na=5 shape=mlp.gate_up_fused rep=5 position=1 arm=tailfull inner=269 gpu_seconds=0.154659292 wall_seconds=0.154868958 seconds_per_dispatch=0.000574941605 gbps=155.022631
LEG na=5 shape=mlp.gate_up_fused rep=5 position=2 arm=rfull inner=269 gpu_seconds=0.154657625 wall_seconds=0.154878333 seconds_per_dispatch=0.000574935409 gbps=155.024301
LEG na=5 shape=mlp.gate_up_fused rep=5 position=3 arm=shift inner=269 gpu_seconds=0.154630625 wall_seconds=0.154866875 seconds_per_dispatch=0.000574835038 gbps=155.051370
LEG na=5 shape=mlp.gate_up_fused rep=5 position=4 arm=xvec inner=269 gpu_seconds=0.149792708 wall_seconds=0.150020250 seconds_per_dispatch=0.000556850217 gbps=160.059128
LEG na=5 shape=mlp.gate_up_fused rep=5 position=5 arm=tailfullxvec inner=269 gpu_seconds=0.150108125 wall_seconds=0.150351417 seconds_per_dispatch=0.000558022769 gbps=159.722802
LEG na=5 shape=mlp.gate_up_fused rep=5 position=6 arm=tailfullxvec inner=269 gpu_seconds=0.149970625 wall_seconds=0.150198458 seconds_per_dispatch=0.000557511617 gbps=159.869243
LEG na=5 shape=mlp.gate_up_fused rep=5 position=7 arm=xvec inner=269 gpu_seconds=0.149770167 wall_seconds=0.150006208 seconds_per_dispatch=0.000556766419 gbps=160.083218
LEG na=5 shape=mlp.gate_up_fused rep=5 position=8 arm=shift inner=269 gpu_seconds=0.154578792 wall_seconds=0.154827333 seconds_per_dispatch=0.000574642348 gbps=155.103362
LEG na=5 shape=mlp.gate_up_fused rep=5 position=9 arm=rfull inner=269 gpu_seconds=0.154628208 wall_seconds=0.154852292 seconds_per_dispatch=0.000574826053 gbps=155.053793
LEG na=5 shape=mlp.gate_up_fused rep=5 position=10 arm=tailfull inner=269 gpu_seconds=0.154818167 wall_seconds=0.155085875 seconds_per_dispatch=0.000575532218 gbps=154.863546
LEG na=5 shape=mlp.gate_up_fused rep=5 position=11 arm=plain inner=269 gpu_seconds=0.154344500 wall_seconds=0.154600833 seconds_per_dispatch=0.000573771376 gbps=155.338805
LEG na=5 shape=mlp.gate_up_fused rep=6 position=0 arm=plain inner=269 gpu_seconds=0.154643875 wall_seconds=0.154900625 seconds_per_dispatch=0.000574884293 gbps=155.038085
LEG na=5 shape=mlp.gate_up_fused rep=6 position=1 arm=tailfull inner=269 gpu_seconds=0.154728875 wall_seconds=0.154972292 seconds_per_dispatch=0.000575200279 gbps=154.952915
LEG na=5 shape=mlp.gate_up_fused rep=6 position=2 arm=rfull inner=269 gpu_seconds=0.154688958 wall_seconds=0.154996583 seconds_per_dispatch=0.000575051890 gbps=154.992900
LEG na=5 shape=mlp.gate_up_fused rep=6 position=3 arm=shift inner=269 gpu_seconds=0.154661625 wall_seconds=0.154911958 seconds_per_dispatch=0.000574950279 gbps=155.020292
LEG na=5 shape=mlp.gate_up_fused rep=6 position=4 arm=xvec inner=269 gpu_seconds=0.149882625 wall_seconds=0.150114292 seconds_per_dispatch=0.000557184479 gbps=159.963106
LEG na=5 shape=mlp.gate_up_fused rep=6 position=5 arm=tailfullxvec inner=269 gpu_seconds=0.150069000 wall_seconds=0.150301500 seconds_per_dispatch=0.000557877323 gbps=159.764443
LEG na=5 shape=mlp.gate_up_fused rep=6 position=6 arm=tailfullxvec inner=269 gpu_seconds=0.150179375 wall_seconds=0.150440250 seconds_per_dispatch=0.000558287639 gbps=159.647024
LEG na=5 shape=mlp.gate_up_fused rep=6 position=7 arm=xvec inner=269 gpu_seconds=0.149774958 wall_seconds=0.150017542 seconds_per_dispatch=0.000556784232 gbps=160.078096
LEG na=5 shape=mlp.gate_up_fused rep=6 position=8 arm=shift inner=269 gpu_seconds=0.154516667 wall_seconds=0.154780208 seconds_per_dispatch=0.000574411400 gbps=155.165723
LEG na=5 shape=mlp.gate_up_fused rep=6 position=9 arm=rfull inner=269 gpu_seconds=0.154674791 wall_seconds=0.154928625 seconds_per_dispatch=0.000574999225 gbps=155.007096
LEG na=5 shape=mlp.gate_up_fused rep=6 position=10 arm=tailfull inner=269 gpu_seconds=0.154720750 wall_seconds=0.154966250 seconds_per_dispatch=0.000575170074 gbps=154.961052
LEG na=5 shape=mlp.gate_up_fused rep=6 position=11 arm=plain inner=269 gpu_seconds=0.154604375 wall_seconds=0.154849375 seconds_per_dispatch=0.000574737454 gbps=155.077696
LEG na=5 shape=mlp.gate_up_fused rep=7 position=0 arm=plain inner=269 gpu_seconds=0.154700708 wall_seconds=0.154952583 seconds_per_dispatch=0.000575095570 gbps=154.981128
LEG na=5 shape=mlp.gate_up_fused rep=7 position=1 arm=tailfull inner=269 gpu_seconds=0.154807042 wall_seconds=0.155046583 seconds_per_dispatch=0.000575490861 gbps=154.874675
LEG na=5 shape=mlp.gate_up_fused rep=7 position=2 arm=rfull inner=269 gpu_seconds=0.154628917 wall_seconds=0.154880958 seconds_per_dispatch=0.000574828686 gbps=155.053083
LEG na=5 shape=mlp.gate_up_fused rep=7 position=3 arm=shift inner=269 gpu_seconds=0.154600500 wall_seconds=0.154841125 seconds_per_dispatch=0.000574723048 gbps=155.081583
LEG na=5 shape=mlp.gate_up_fused rep=7 position=4 arm=xvec inner=269 gpu_seconds=0.149822250 wall_seconds=0.150069833 seconds_per_dispatch=0.000556960037 gbps=160.027568
LEG na=5 shape=mlp.gate_up_fused rep=7 position=5 arm=tailfullxvec inner=269 gpu_seconds=0.150148083 wall_seconds=0.150396542 seconds_per_dispatch=0.000558171314 gbps=159.680295
LEG na=5 shape=mlp.gate_up_fused rep=7 position=6 arm=tailfullxvec inner=269 gpu_seconds=0.150168083 wall_seconds=0.150430292 seconds_per_dispatch=0.000558245663 gbps=159.659028
LEG na=5 shape=mlp.gate_up_fused rep=7 position=7 arm=xvec inner=269 gpu_seconds=0.149825875 wall_seconds=0.150069958 seconds_per_dispatch=0.000556973513 gbps=160.023696
LEG na=5 shape=mlp.gate_up_fused rep=7 position=8 arm=shift inner=269 gpu_seconds=0.154553542 wall_seconds=0.154823417 seconds_per_dispatch=0.000574548482 gbps=155.128702
LEG na=5 shape=mlp.gate_up_fused rep=7 position=9 arm=rfull inner=269 gpu_seconds=0.154568625 wall_seconds=0.154809708 seconds_per_dispatch=0.000574604554 gbps=155.113563
LEG na=5 shape=mlp.gate_up_fused rep=7 position=10 arm=tailfull inner=269 gpu_seconds=0.154866375 wall_seconds=0.155109083 seconds_per_dispatch=0.000575711431 gbps=154.815338
LEG na=5 shape=mlp.gate_up_fused rep=7 position=11 arm=plain inner=269 gpu_seconds=0.154685750 wall_seconds=0.154931208 seconds_per_dispatch=0.000575039962 gbps=154.996115
LEG na=5 shape=mlp.gate_up_fused rep=8 position=0 arm=plain inner=269 gpu_seconds=0.154707500 wall_seconds=0.154937875 seconds_per_dispatch=0.000575120817 gbps=154.974324
LEG na=5 shape=mlp.gate_up_fused rep=8 position=1 arm=tailfull inner=269 gpu_seconds=0.153997125 wall_seconds=0.154215542 seconds_per_dispatch=0.000572480019 gbps=155.689207
LEG na=5 shape=mlp.gate_up_fused rep=8 position=2 arm=rfull inner=269 gpu_seconds=0.153766875 wall_seconds=0.154051875 seconds_per_dispatch=0.000571624070 gbps=155.922335
LEG na=5 shape=mlp.gate_up_fused rep=8 position=3 arm=shift inner=269 gpu_seconds=0.154401750 wall_seconds=0.154730375 seconds_per_dispatch=0.000573984201 gbps=155.281208
LEG na=5 shape=mlp.gate_up_fused rep=8 position=4 arm=xvec inner=269 gpu_seconds=0.149496500 wall_seconds=0.149759250 seconds_per_dispatch=0.000555749071 gbps=160.376264
LEG na=5 shape=mlp.gate_up_fused rep=8 position=5 arm=tailfullxvec inner=269 gpu_seconds=0.149442958 wall_seconds=0.149698333 seconds_per_dispatch=0.000555550030 gbps=160.433724
LEG na=5 shape=mlp.gate_up_fused rep=8 position=6 arm=tailfullxvec inner=269 gpu_seconds=0.149403958 wall_seconds=0.149698125 seconds_per_dispatch=0.000555405050 gbps=160.475603
LEG na=5 shape=mlp.gate_up_fused rep=8 position=7 arm=xvec inner=269 gpu_seconds=0.149735167 wall_seconds=0.150134458 seconds_per_dispatch=0.000556636307 gbps=160.120637
LEG na=5 shape=mlp.gate_up_fused rep=8 position=8 arm=shift inner=269 gpu_seconds=0.154542333 wall_seconds=0.154788625 seconds_per_dispatch=0.000574506816 gbps=155.139952
LEG na=5 shape=mlp.gate_up_fused rep=8 position=9 arm=rfull inner=269 gpu_seconds=0.154489792 wall_seconds=0.154748542 seconds_per_dispatch=0.000574311493 gbps=155.192715
LEG na=5 shape=mlp.gate_up_fused rep=8 position=10 arm=tailfull inner=269 gpu_seconds=0.154325000 wall_seconds=0.154558083 seconds_per_dispatch=0.000573698885 gbps=155.358433
LEG na=5 shape=mlp.gate_up_fused rep=8 position=11 arm=plain inner=269 gpu_seconds=0.154721625 wall_seconds=0.154953667 seconds_per_dispatch=0.000575173327 gbps=154.960176
LEG na=5 shape=mlp.gate_up_fused rep=9 position=0 arm=plain inner=269 gpu_seconds=0.154800792 wall_seconds=0.155017250 seconds_per_dispatch=0.000575467626 gbps=154.880928
LEG na=5 shape=mlp.gate_up_fused rep=9 position=1 arm=tailfull inner=269 gpu_seconds=0.154771750 wall_seconds=0.154983208 seconds_per_dispatch=0.000575359666 gbps=154.909990
LEG na=5 shape=mlp.gate_up_fused rep=9 position=2 arm=rfull inner=269 gpu_seconds=0.154624500 wall_seconds=0.154848000 seconds_per_dispatch=0.000574812268 gbps=155.057512
LEG na=5 shape=mlp.gate_up_fused rep=9 position=3 arm=shift inner=269 gpu_seconds=0.154717667 wall_seconds=0.154944208 seconds_per_dispatch=0.000575158612 gbps=154.964141
LEG na=5 shape=mlp.gate_up_fused rep=9 position=4 arm=xvec inner=269 gpu_seconds=0.149748875 wall_seconds=0.149960542 seconds_per_dispatch=0.000556687268 gbps=160.105979
LEG na=5 shape=mlp.gate_up_fused rep=9 position=5 arm=tailfullxvec inner=269 gpu_seconds=0.149965250 wall_seconds=0.150179625 seconds_per_dispatch=0.000557491635 gbps=159.874973
LEG na=5 shape=mlp.gate_up_fused rep=9 position=6 arm=tailfullxvec inner=269 gpu_seconds=0.149975000 wall_seconds=0.150190125 seconds_per_dispatch=0.000557527882 gbps=159.864579
LEG na=5 shape=mlp.gate_up_fused rep=9 position=7 arm=xvec inner=269 gpu_seconds=0.149667375 wall_seconds=0.149882250 seconds_per_dispatch=0.000556384294 gbps=160.193163
LEG na=5 shape=mlp.gate_up_fused rep=9 position=8 arm=shift inner=269 gpu_seconds=0.154719542 wall_seconds=0.154949958 seconds_per_dispatch=0.000575165582 gbps=154.962263
LEG na=5 shape=mlp.gate_up_fused rep=9 position=9 arm=rfull inner=269 gpu_seconds=0.154854750 wall_seconds=0.155069208 seconds_per_dispatch=0.000575668216 gbps=154.826960
LEG na=5 shape=mlp.gate_up_fused rep=9 position=10 arm=tailfull inner=269 gpu_seconds=0.154752500 wall_seconds=0.154971875 seconds_per_dispatch=0.000575288104 gbps=154.929260
LEG na=5 shape=mlp.gate_up_fused rep=9 position=11 arm=plain inner=269 gpu_seconds=0.154730583 wall_seconds=0.154955417 seconds_per_dispatch=0.000575206629 gbps=154.951204
LEG na=5 shape=mlp.gate_up_fused rep=10 position=0 arm=plain inner=269 gpu_seconds=0.154865625 wall_seconds=0.155077333 seconds_per_dispatch=0.000575708643 gbps=154.816088
LEG na=5 shape=mlp.gate_up_fused rep=10 position=1 arm=tailfull inner=269 gpu_seconds=0.154842875 wall_seconds=0.155056000 seconds_per_dispatch=0.000575624071 gbps=154.838834
LEG na=5 shape=mlp.gate_up_fused rep=10 position=2 arm=rfull inner=269 gpu_seconds=0.154711500 wall_seconds=0.154926208 seconds_per_dispatch=0.000575135688 gbps=154.970317
LEG na=5 shape=mlp.gate_up_fused rep=10 position=3 arm=shift inner=269 gpu_seconds=0.154742042 wall_seconds=0.154951417 seconds_per_dispatch=0.000575249225 gbps=154.939731
LEG na=5 shape=mlp.gate_up_fused rep=10 position=4 arm=xvec inner=269 gpu_seconds=0.149802333 wall_seconds=0.150030833 seconds_per_dispatch=0.000556885998 gbps=160.048844
LEG na=5 shape=mlp.gate_up_fused rep=10 position=5 arm=tailfullxvec inner=269 gpu_seconds=0.150051708 wall_seconds=0.150261708 seconds_per_dispatch=0.000557813042 gbps=159.782854
LEG na=5 shape=mlp.gate_up_fused rep=10 position=6 arm=tailfullxvec inner=269 gpu_seconds=0.150059375 wall_seconds=0.150279417 seconds_per_dispatch=0.000557841543 gbps=159.774691
LEG na=5 shape=mlp.gate_up_fused rep=10 position=7 arm=xvec inner=269 gpu_seconds=0.149755000 wall_seconds=0.149978667 seconds_per_dispatch=0.000556710037 gbps=160.099431
LEG na=5 shape=mlp.gate_up_fused rep=10 position=8 arm=shift inner=269 gpu_seconds=0.154772875 wall_seconds=0.154982583 seconds_per_dispatch=0.000575363847 gbps=154.908864
LEG na=5 shape=mlp.gate_up_fused rep=10 position=9 arm=rfull inner=269 gpu_seconds=0.154499000 wall_seconds=0.154746750 seconds_per_dispatch=0.000574345725 gbps=155.183466
LEG na=5 shape=mlp.gate_up_fused rep=10 position=10 arm=tailfull inner=269 gpu_seconds=0.154819000 wall_seconds=0.155039000 seconds_per_dispatch=0.000575535316 gbps=154.862712
LEG na=5 shape=mlp.gate_up_fused rep=10 position=11 arm=plain inner=269 gpu_seconds=0.154774875 wall_seconds=0.154985792 seconds_per_dispatch=0.000575371283 gbps=154.906862
LEG na=5 shape=mlp.gate_up_fused rep=11 position=0 arm=plain inner=269 gpu_seconds=0.154648042 wall_seconds=0.154888833 seconds_per_dispatch=0.000574899784 gbps=155.033908
LEG na=5 shape=mlp.gate_up_fused rep=11 position=1 arm=tailfull inner=269 gpu_seconds=0.154803375 wall_seconds=0.154998250 seconds_per_dispatch=0.000575477231 gbps=154.878343
LEG na=5 shape=mlp.gate_up_fused rep=11 position=2 arm=rfull inner=269 gpu_seconds=0.154751333 wall_seconds=0.154965792 seconds_per_dispatch=0.000575283767 gbps=154.930427
LEG na=5 shape=mlp.gate_up_fused rep=11 position=3 arm=shift inner=269 gpu_seconds=0.154208750 wall_seconds=0.154395958 seconds_per_dispatch=0.000573266729 gbps=155.475550
LEG na=5 shape=mlp.gate_up_fused rep=11 position=4 arm=xvec inner=269 gpu_seconds=0.149683375 wall_seconds=0.149899833 seconds_per_dispatch=0.000556443773 gbps=160.176040
LEG na=5 shape=mlp.gate_up_fused rep=11 position=5 arm=tailfullxvec inner=269 gpu_seconds=0.149842333 wall_seconds=0.150077208 seconds_per_dispatch=0.000557034696 gbps=160.006119
LEG na=5 shape=mlp.gate_up_fused rep=11 position=6 arm=tailfullxvec inner=269 gpu_seconds=0.150048250 wall_seconds=0.150274167 seconds_per_dispatch=0.000557800186 gbps=159.786537
LEG na=5 shape=mlp.gate_up_fused rep=11 position=7 arm=xvec inner=269 gpu_seconds=0.149796000 wall_seconds=0.150012042 seconds_per_dispatch=0.000556862453 gbps=160.055611
LEG na=5 shape=mlp.gate_up_fused rep=11 position=8 arm=shift inner=269 gpu_seconds=0.154664875 wall_seconds=0.154910792 seconds_per_dispatch=0.000574962361 gbps=155.017034
LEG na=5 shape=mlp.gate_up_fused rep=11 position=9 arm=rfull inner=269 gpu_seconds=0.154629000 wall_seconds=0.154849917 seconds_per_dispatch=0.000574828996 gbps=155.052999
LEG na=5 shape=mlp.gate_up_fused rep=11 position=10 arm=tailfull inner=269 gpu_seconds=0.154703125 wall_seconds=0.154941708 seconds_per_dispatch=0.000575104554 gbps=154.978707
LEG na=5 shape=mlp.gate_up_fused rep=11 position=11 arm=plain inner=269 gpu_seconds=0.154611875 wall_seconds=0.154848208 seconds_per_dispatch=0.000574765334 gbps=155.070173
LEG na=5 shape=mlp.gate_up_fused rep=12 position=0 arm=plain inner=269 gpu_seconds=0.154660875 wall_seconds=0.154891333 seconds_per_dispatch=0.000574947491 gbps=155.021044
LEG na=5 shape=mlp.gate_up_fused rep=12 position=1 arm=tailfull inner=269 gpu_seconds=0.154603542 wall_seconds=0.154848000 seconds_per_dispatch=0.000574734356 gbps=155.078532
LEG na=5 shape=mlp.gate_up_fused rep=12 position=2 arm=rfull inner=269 gpu_seconds=0.154621125 wall_seconds=0.154856708 seconds_per_dispatch=0.000574799722 gbps=155.060896
LEG na=5 shape=mlp.gate_up_fused rep=12 position=3 arm=shift inner=269 gpu_seconds=0.154616375 wall_seconds=0.154852042 seconds_per_dispatch=0.000574782063 gbps=155.065660
LEG na=5 shape=mlp.gate_up_fused rep=12 position=4 arm=xvec inner=269 gpu_seconds=0.149883417 wall_seconds=0.150129875 seconds_per_dispatch=0.000557187423 gbps=159.962261
LEG na=5 shape=mlp.gate_up_fused rep=12 position=5 arm=tailfullxvec inner=269 gpu_seconds=0.150073750 wall_seconds=0.150299792 seconds_per_dispatch=0.000557894981 gbps=159.759387
LEG na=5 shape=mlp.gate_up_fused rep=12 position=6 arm=tailfullxvec inner=269 gpu_seconds=0.150105292 wall_seconds=0.150345750 seconds_per_dispatch=0.000558012237 gbps=159.725816
LEG na=5 shape=mlp.gate_up_fused rep=12 position=7 arm=xvec inner=269 gpu_seconds=0.149819625 wall_seconds=0.150061375 seconds_per_dispatch=0.000556950279 gbps=160.030371
LEG na=5 shape=mlp.gate_up_fused rep=12 position=8 arm=shift inner=269 gpu_seconds=0.154527541 wall_seconds=0.154761500 seconds_per_dispatch=0.000574451827 gbps=155.154803
LEG na=5 shape=mlp.gate_up_fused rep=12 position=9 arm=rfull inner=269 gpu_seconds=0.154400083 wall_seconds=0.154641208 seconds_per_dispatch=0.000573978005 gbps=155.282884
LEG na=5 shape=mlp.gate_up_fused rep=12 position=10 arm=tailfull inner=269 gpu_seconds=0.154768292 wall_seconds=0.155006875 seconds_per_dispatch=0.000575346809 gbps=154.913452
LEG na=5 shape=mlp.gate_up_fused rep=12 position=11 arm=plain inner=269 gpu_seconds=0.154791625 wall_seconds=0.155024583 seconds_per_dispatch=0.000575433550 gbps=154.890100
LEG na=5 shape=mlp.gate_up_fused rep=13 position=0 arm=plain inner=269 gpu_seconds=0.154671083 wall_seconds=0.154914458 seconds_per_dispatch=0.000574985439 gbps=155.010812
LEG na=5 shape=mlp.gate_up_fused rep=13 position=1 arm=tailfull inner=269 gpu_seconds=0.154728625 wall_seconds=0.154959708 seconds_per_dispatch=0.000575199349 gbps=154.953166
LEG na=5 shape=mlp.gate_up_fused rep=13 position=2 arm=rfull inner=269 gpu_seconds=0.154562875 wall_seconds=0.154804875 seconds_per_dispatch=0.000574583178 gbps=155.119334
LEG na=5 shape=mlp.gate_up_fused rep=13 position=3 arm=shift inner=269 gpu_seconds=0.154560083 wall_seconds=0.154794000 seconds_per_dispatch=0.000574572800 gbps=155.122136
LEG na=5 shape=mlp.gate_up_fused rep=13 position=4 arm=xvec inner=269 gpu_seconds=0.149771042 wall_seconds=0.150017542 seconds_per_dispatch=0.000556769672 gbps=160.082283
LEG na=5 shape=mlp.gate_up_fused rep=13 position=5 arm=tailfullxvec inner=269 gpu_seconds=0.150185500 wall_seconds=0.150416792 seconds_per_dispatch=0.000558310409 gbps=159.640513
LEG na=5 shape=mlp.gate_up_fused rep=13 position=6 arm=tailfullxvec inner=269 gpu_seconds=0.149895708 wall_seconds=0.150147625 seconds_per_dispatch=0.000557233116 gbps=159.949144
LEG na=5 shape=mlp.gate_up_fused rep=13 position=7 arm=xvec inner=269 gpu_seconds=0.149765125 wall_seconds=0.150030833 seconds_per_dispatch=0.000556747677 gbps=160.088607
LEG na=5 shape=mlp.gate_up_fused rep=13 position=8 arm=shift inner=269 gpu_seconds=0.154555708 wall_seconds=0.154809958 seconds_per_dispatch=0.000574556536 gbps=155.126527
LEG na=5 shape=mlp.gate_up_fused rep=13 position=9 arm=rfull inner=269 gpu_seconds=0.154592375 wall_seconds=0.154818458 seconds_per_dispatch=0.000574692844 gbps=155.089733
LEG na=5 shape=mlp.gate_up_fused rep=13 position=10 arm=tailfull inner=269 gpu_seconds=0.154786625 wall_seconds=0.155026000 seconds_per_dispatch=0.000575414963 gbps=154.895103
LEG na=5 shape=mlp.gate_up_fused rep=13 position=11 arm=plain inner=269 gpu_seconds=0.154772958 wall_seconds=0.155014917 seconds_per_dispatch=0.000575364157 gbps=154.908781
LEG na=5 shape=mlp.gate_up_fused rep=14 position=0 arm=plain inner=269 gpu_seconds=0.154705875 wall_seconds=0.154934375 seconds_per_dispatch=0.000575114777 gbps=154.975952
LEG na=5 shape=mlp.gate_up_fused rep=14 position=1 arm=tailfull inner=269 gpu_seconds=0.154724958 wall_seconds=0.154958292 seconds_per_dispatch=0.000575185719 gbps=154.956838
LEG na=5 shape=mlp.gate_up_fused rep=14 position=2 arm=rfull inner=269 gpu_seconds=0.154627042 wall_seconds=0.154867292 seconds_per_dispatch=0.000574821716 gbps=155.054963
LEG na=5 shape=mlp.gate_up_fused rep=14 position=3 arm=shift inner=269 gpu_seconds=0.154602417 wall_seconds=0.154847792 seconds_per_dispatch=0.000574730173 gbps=155.079660
LEG na=5 shape=mlp.gate_up_fused rep=14 position=4 arm=xvec inner=269 gpu_seconds=0.149865333 wall_seconds=0.150099958 seconds_per_dispatch=0.000557120198 gbps=159.981563
LEG na=5 shape=mlp.gate_up_fused rep=14 position=5 arm=tailfullxvec inner=269 gpu_seconds=0.150006375 wall_seconds=0.150232333 seconds_per_dispatch=0.000557644517 gbps=159.831142
LEG na=5 shape=mlp.gate_up_fused rep=14 position=6 arm=tailfullxvec inner=269 gpu_seconds=0.149752500 wall_seconds=0.149969125 seconds_per_dispatch=0.000556700743 gbps=160.102103
LEG na=5 shape=mlp.gate_up_fused rep=14 position=7 arm=xvec inner=269 gpu_seconds=0.149137042 wall_seconds=0.149472583 seconds_per_dispatch=0.000554412795 gbps=160.762812
LEG na=5 shape=mlp.gate_up_fused rep=14 position=8 arm=shift inner=269 gpu_seconds=0.153774667 wall_seconds=0.154026333 seconds_per_dispatch=0.000571653036 gbps=155.914435
LEG na=5 shape=mlp.gate_up_fused rep=14 position=9 arm=rfull inner=269 gpu_seconds=0.153668625 wall_seconds=0.153933625 seconds_per_dispatch=0.000571258829 gbps=156.022026
LEG na=5 shape=mlp.gate_up_fused rep=14 position=10 arm=tailfull inner=269 gpu_seconds=0.153700750 wall_seconds=0.153930000 seconds_per_dispatch=0.000571378253 gbps=155.989416
LEG na=5 shape=mlp.gate_up_fused rep=14 position=11 arm=plain inner=269 gpu_seconds=0.153744125 wall_seconds=0.153992500 seconds_per_dispatch=0.000571539498 gbps=155.945408
LEG na=5 shape=mlp.gate_up_fused rep=15 position=0 arm=plain inner=269 gpu_seconds=0.153697333 wall_seconds=0.153955583 seconds_per_dispatch=0.000571365551 gbps=155.992884
LEG na=5 shape=mlp.gate_up_fused rep=15 position=1 arm=tailfull inner=269 gpu_seconds=0.154182000 wall_seconds=0.154425333 seconds_per_dispatch=0.000573167286 gbps=155.502525
LEG na=5 shape=mlp.gate_up_fused rep=15 position=2 arm=rfull inner=269 gpu_seconds=0.154261167 wall_seconds=0.154500417 seconds_per_dispatch=0.000573461586 gbps=155.422721
LEG na=5 shape=mlp.gate_up_fused rep=15 position=3 arm=shift inner=269 gpu_seconds=0.154411500 wall_seconds=0.154633042 seconds_per_dispatch=0.000574020446 gbps=155.271403
LEG na=5 shape=mlp.gate_up_fused rep=15 position=4 arm=xvec inner=269 gpu_seconds=0.149212500 wall_seconds=0.149435917 seconds_per_dispatch=0.000554693309 gbps=160.681513
LEG na=5 shape=mlp.gate_up_fused rep=15 position=5 arm=tailfullxvec inner=269 gpu_seconds=0.150050125 wall_seconds=0.150285458 seconds_per_dispatch=0.000557807156 gbps=159.784540
LEG na=5 shape=mlp.gate_up_fused rep=15 position=6 arm=tailfullxvec inner=269 gpu_seconds=0.149986875 wall_seconds=0.150191167 seconds_per_dispatch=0.000557572026 gbps=159.851922
LEG na=5 shape=mlp.gate_up_fused rep=15 position=7 arm=xvec inner=269 gpu_seconds=0.149818000 wall_seconds=0.150023833 seconds_per_dispatch=0.000556944238 gbps=160.032107
LEG na=5 shape=mlp.gate_up_fused rep=15 position=8 arm=shift inner=269 gpu_seconds=0.154716792 wall_seconds=0.154944958 seconds_per_dispatch=0.000575155359 gbps=154.965017
LEG na=5 shape=mlp.gate_up_fused rep=15 position=9 arm=rfull inner=269 gpu_seconds=0.154741667 wall_seconds=0.154952250 seconds_per_dispatch=0.000575247832 gbps=154.940106
LEG na=5 shape=mlp.gate_up_fused rep=15 position=10 arm=tailfull inner=269 gpu_seconds=0.154767958 wall_seconds=0.154984042 seconds_per_dispatch=0.000575345570 gbps=154.913785
LEG na=5 shape=mlp.gate_up_fused rep=15 position=11 arm=plain inner=269 gpu_seconds=0.154715042 wall_seconds=0.154922417 seconds_per_dispatch=0.000575148854 gbps=154.966770
LEG na=5 shape=mlp.gate_up_fused rep=16 position=0 arm=plain inner=269 gpu_seconds=0.154590125 wall_seconds=0.154790458 seconds_per_dispatch=0.000574684479 gbps=155.091991
LEG na=5 shape=mlp.gate_up_fused rep=16 position=1 arm=tailfull inner=269 gpu_seconds=0.153994750 wall_seconds=0.154237875 seconds_per_dispatch=0.000572471190 gbps=155.691608
LEG na=5 shape=mlp.gate_up_fused rep=16 position=2 arm=rfull inner=269 gpu_seconds=0.153855292 wall_seconds=0.154092083 seconds_per_dispatch=0.000571952757 gbps=155.832731
LEG na=5 shape=mlp.gate_up_fused rep=16 position=3 arm=shift inner=269 gpu_seconds=0.153943875 wall_seconds=0.154223542 seconds_per_dispatch=0.000572282064 gbps=155.743060
LEG na=5 shape=mlp.gate_up_fused rep=16 position=4 arm=xvec inner=269 gpu_seconds=0.149636375 wall_seconds=0.149954042 seconds_per_dispatch=0.000556269052 gbps=160.226350
LEG na=5 shape=mlp.gate_up_fused rep=16 position=5 arm=tailfullxvec inner=269 gpu_seconds=0.149341125 wall_seconds=0.149555500 seconds_per_dispatch=0.000555171469 gbps=160.543121
LEG na=5 shape=mlp.gate_up_fused rep=16 position=6 arm=tailfullxvec inner=269 gpu_seconds=0.149306000 wall_seconds=0.149581125 seconds_per_dispatch=0.000555040892 gbps=160.580889
LEG na=5 shape=mlp.gate_up_fused rep=16 position=7 arm=xvec inner=269 gpu_seconds=0.149726083 wall_seconds=0.150047542 seconds_per_dispatch=0.000556602540 gbps=160.130351
LEG na=5 shape=mlp.gate_up_fused rep=16 position=8 arm=shift inner=269 gpu_seconds=0.154528708 wall_seconds=0.154761792 seconds_per_dispatch=0.000574456164 gbps=155.153631
LEG na=5 shape=mlp.gate_up_fused rep=16 position=9 arm=rfull inner=269 gpu_seconds=0.154785500 wall_seconds=0.155013417 seconds_per_dispatch=0.000575410780 gbps=154.896229
LEG na=5 shape=mlp.gate_up_fused rep=16 position=10 arm=tailfull inner=269 gpu_seconds=0.154835500 wall_seconds=0.155045917 seconds_per_dispatch=0.000575596654 gbps=154.846209
LEG na=5 shape=mlp.gate_up_fused rep=16 position=11 arm=plain inner=269 gpu_seconds=0.154666292 wall_seconds=0.154880292 seconds_per_dispatch=0.000574967627 gbps=155.015614
LEG na=5 shape=mlp.gate_up_fused rep=17 position=0 arm=plain inner=269 gpu_seconds=0.154632250 wall_seconds=0.154884708 seconds_per_dispatch=0.000574841078 gbps=155.049740
LEG na=5 shape=mlp.gate_up_fused rep=17 position=1 arm=tailfull inner=269 gpu_seconds=0.154700583 wall_seconds=0.154928833 seconds_per_dispatch=0.000575095105 gbps=154.981253
LEG na=5 shape=mlp.gate_up_fused rep=17 position=2 arm=rfull inner=269 gpu_seconds=0.154720500 wall_seconds=0.154961208 seconds_per_dispatch=0.000575169145 gbps=154.961303
LEG na=5 shape=mlp.gate_up_fused rep=17 position=3 arm=shift inner=269 gpu_seconds=0.154618708 wall_seconds=0.154859542 seconds_per_dispatch=0.000574790738 gbps=155.063320
LEG na=5 shape=mlp.gate_up_fused rep=17 position=4 arm=xvec inner=269 gpu_seconds=0.149861500 wall_seconds=0.150115458 seconds_per_dispatch=0.000557105948 gbps=159.985655
LEG na=5 shape=mlp.gate_up_fused rep=17 position=5 arm=tailfullxvec inner=269 gpu_seconds=0.150096500 wall_seconds=0.150341125 seconds_per_dispatch=0.000557979554 gbps=159.735172
LEG na=5 shape=mlp.gate_up_fused rep=17 position=6 arm=tailfullxvec inner=269 gpu_seconds=0.150071750 wall_seconds=0.150321375 seconds_per_dispatch=0.000557887546 gbps=159.761516
LEG na=5 shape=mlp.gate_up_fused rep=17 position=7 arm=xvec inner=269 gpu_seconds=0.149721708 wall_seconds=0.149955375 seconds_per_dispatch=0.000556586277 gbps=160.135030
LEG na=5 shape=mlp.gate_up_fused rep=17 position=8 arm=shift inner=269 gpu_seconds=0.154637167 wall_seconds=0.154884417 seconds_per_dispatch=0.000574859356 gbps=155.044811
LEG na=5 shape=mlp.gate_up_fused rep=17 position=9 arm=rfull inner=269 gpu_seconds=0.154639000 wall_seconds=0.154877958 seconds_per_dispatch=0.000574866171 gbps=155.042973
LEG na=5 shape=mlp.gate_up_fused rep=17 position=10 arm=tailfull inner=269 gpu_seconds=0.154666292 wall_seconds=0.154904042 seconds_per_dispatch=0.000574967627 gbps=155.015615
LEG na=5 shape=mlp.gate_up_fused rep=17 position=11 arm=plain inner=269 gpu_seconds=0.154708083 wall_seconds=0.154949458 seconds_per_dispatch=0.000575122987 gbps=154.973740
LEG na=5 shape=mlp.gate_up_fused rep=18 position=0 arm=plain inner=269 gpu_seconds=0.154757917 wall_seconds=0.155000958 seconds_per_dispatch=0.000575308241 gbps=154.923837
LEG na=5 shape=mlp.gate_up_fused rep=18 position=1 arm=tailfull inner=269 gpu_seconds=0.154669083 wall_seconds=0.154916875 seconds_per_dispatch=0.000574978005 gbps=155.012816
LEG na=5 shape=mlp.gate_up_fused rep=18 position=2 arm=rfull inner=269 gpu_seconds=0.154588125 wall_seconds=0.154832083 seconds_per_dispatch=0.000574677044 gbps=155.093997
LEG na=5 shape=mlp.gate_up_fused rep=18 position=3 arm=shift inner=269 gpu_seconds=0.154564708 wall_seconds=0.154796083 seconds_per_dispatch=0.000574589993 gbps=155.117494
LEG na=5 shape=mlp.gate_up_fused rep=18 position=4 arm=xvec inner=269 gpu_seconds=0.149926708 wall_seconds=0.150179833 seconds_per_dispatch=0.000557348358 gbps=159.916072
LEG na=5 shape=mlp.gate_up_fused rep=18 position=5 arm=tailfullxvec inner=269 gpu_seconds=0.150043042 wall_seconds=0.150264542 seconds_per_dispatch=0.000557780824 gbps=159.792083
LEG na=5 shape=mlp.gate_up_fused rep=18 position=6 arm=tailfullxvec inner=269 gpu_seconds=0.150049625 wall_seconds=0.150270083 seconds_per_dispatch=0.000557805297 gbps=159.785073
LEG na=5 shape=mlp.gate_up_fused rep=18 position=7 arm=xvec inner=269 gpu_seconds=0.149845125 wall_seconds=0.150080917 seconds_per_dispatch=0.000557045074 gbps=160.003138
LEG na=5 shape=mlp.gate_up_fused rep=18 position=8 arm=shift inner=269 gpu_seconds=0.154549417 wall_seconds=0.154789125 seconds_per_dispatch=0.000574533147 gbps=155.132842
LEG na=5 shape=mlp.gate_up_fused rep=18 position=9 arm=rfull inner=269 gpu_seconds=0.154128667 wall_seconds=0.154345833 seconds_per_dispatch=0.000572969021 gbps=155.556333
LEG na=5 shape=mlp.gate_up_fused rep=18 position=10 arm=tailfull inner=269 gpu_seconds=0.153855292 wall_seconds=0.154095125 seconds_per_dispatch=0.000571952757 gbps=155.832731
LEG na=5 shape=mlp.gate_up_fused rep=18 position=11 arm=plain inner=269 gpu_seconds=0.153797625 wall_seconds=0.154055417 seconds_per_dispatch=0.000571738382 gbps=155.891161
LEG na=5 shape=mlp.gate_up_fused rep=19 position=0 arm=plain inner=269 gpu_seconds=0.153800375 wall_seconds=0.154072958 seconds_per_dispatch=0.000571748606 gbps=155.888373
LEG na=5 shape=mlp.gate_up_fused rep=19 position=1 arm=tailfull inner=269 gpu_seconds=0.154431333 wall_seconds=0.154685917 seconds_per_dispatch=0.000574094176 gbps=155.251462
LEG na=5 shape=mlp.gate_up_fused rep=19 position=2 arm=rfull inner=269 gpu_seconds=0.154557875 wall_seconds=0.154793625 seconds_per_dispatch=0.000574564591 gbps=155.124352
LEG na=5 shape=mlp.gate_up_fused rep=19 position=3 arm=shift inner=269 gpu_seconds=0.154599250 wall_seconds=0.154833958 seconds_per_dispatch=0.000574718402 gbps=155.082837
LEG na=5 shape=mlp.gate_up_fused rep=19 position=4 arm=xvec inner=269 gpu_seconds=0.149956292 wall_seconds=0.150189375 seconds_per_dispatch=0.000557458333 gbps=159.884524
LEG na=5 shape=mlp.gate_up_fused rep=19 position=5 arm=tailfullxvec inner=269 gpu_seconds=0.149729958 wall_seconds=0.149976000 seconds_per_dispatch=0.000556616945 gbps=160.126207
LEG na=5 shape=mlp.gate_up_fused rep=19 position=6 arm=tailfullxvec inner=269 gpu_seconds=0.150163708 wall_seconds=0.150403833 seconds_per_dispatch=0.000558229399 gbps=159.663680
LEG na=5 shape=mlp.gate_up_fused rep=19 position=7 arm=xvec inner=269 gpu_seconds=0.149881458 wall_seconds=0.150120792 seconds_per_dispatch=0.000557180142 gbps=159.964351
LEG na=5 shape=mlp.gate_up_fused rep=19 position=8 arm=shift inner=269 gpu_seconds=0.154720375 wall_seconds=0.154957833 seconds_per_dispatch=0.000575168681 gbps=154.961428
LEG na=5 shape=mlp.gate_up_fused rep=19 position=9 arm=rfull inner=269 gpu_seconds=0.154039125 wall_seconds=0.154260875 seconds_per_dispatch=0.000572636152 gbps=155.646757
LEG na=5 shape=mlp.gate_up_fused rep=19 position=10 arm=tailfull inner=269 gpu_seconds=0.154706750 wall_seconds=0.154944500 seconds_per_dispatch=0.000575118030 gbps=154.975075
LEG na=5 shape=mlp.gate_up_fused rep=19 position=11 arm=plain inner=269 gpu_seconds=0.154624000 wall_seconds=0.154864208 seconds_per_dispatch=0.000574810409 gbps=155.058013
LEG na=5 shape=mlp.gate_up_fused rep=20 position=0 arm=plain inner=269 gpu_seconds=0.154714042 wall_seconds=0.154936375 seconds_per_dispatch=0.000575145136 gbps=154.967771
LEG na=5 shape=mlp.gate_up_fused rep=20 position=1 arm=tailfull inner=269 gpu_seconds=0.154613125 wall_seconds=0.154938292 seconds_per_dispatch=0.000574769981 gbps=155.068920
LEG na=5 shape=mlp.gate_up_fused rep=20 position=2 arm=rfull inner=269 gpu_seconds=0.154502250 wall_seconds=0.154724417 seconds_per_dispatch=0.000574357807 gbps=155.180201
LEG na=5 shape=mlp.gate_up_fused rep=20 position=3 arm=shift inner=269 gpu_seconds=0.154657708 wall_seconds=0.154893167 seconds_per_dispatch=0.000574935718 gbps=155.024218
LEG na=5 shape=mlp.gate_up_fused rep=20 position=4 arm=xvec inner=269 gpu_seconds=0.149756708 wall_seconds=0.149975667 seconds_per_dispatch=0.000556716388 gbps=160.097604
LEG na=5 shape=mlp.gate_up_fused rep=20 position=5 arm=tailfullxvec inner=269 gpu_seconds=0.149972833 wall_seconds=0.150181333 seconds_per_dispatch=0.000557519826 gbps=159.866889
LEG na=5 shape=mlp.gate_up_fused rep=20 position=6 arm=tailfullxvec inner=269 gpu_seconds=0.150114125 wall_seconds=0.150328208 seconds_per_dispatch=0.000558045075 gbps=159.716417
LEG na=5 shape=mlp.gate_up_fused rep=20 position=7 arm=xvec inner=269 gpu_seconds=0.149871000 wall_seconds=0.150112583 seconds_per_dispatch=0.000557141264 gbps=159.975514
LEG na=5 shape=mlp.gate_up_fused rep=20 position=8 arm=shift inner=269 gpu_seconds=0.154693583 wall_seconds=0.154903083 seconds_per_dispatch=0.000575069083 gbps=154.988266
LEG na=5 shape=mlp.gate_up_fused rep=20 position=9 arm=rfull inner=269 gpu_seconds=0.154633000 wall_seconds=0.154846542 seconds_per_dispatch=0.000574843866 gbps=155.048988
LEG na=5 shape=mlp.gate_up_fused rep=20 position=10 arm=tailfull inner=269 gpu_seconds=0.154789875 wall_seconds=0.155002083 seconds_per_dispatch=0.000575427045 gbps=154.891851
LEG na=5 shape=mlp.gate_up_fused rep=20 position=11 arm=plain inner=269 gpu_seconds=0.154791875 wall_seconds=0.155005792 seconds_per_dispatch=0.000575434479 gbps=154.889850
e69_cell_ab: mlp.gate_up_fused inner=269 legs=252 entry=63.21C exit=69.65C
SHAPE na=5 shape=mlp.gate_up_fused inner=269 legs=252 entry_gpu_temp_c=63.21 exit_gpu_temp_c=69.65
PARITY na=5 shape=mlp.down arm=tailfull differing=0 elements=25600
PARITY na=5 shape=mlp.down arm=rfull differing=0 elements=25600
PARITY na=5 shape=mlp.down arm=shift differing=0 elements=25600
PARITY na=5 shape=mlp.down arm=xvec differing=0 elements=25600
PARITY na=5 shape=mlp.down arm=tailfullxvec differing=0 elements=25600
LEG na=5 shape=mlp.down rep=0 position=0 arm=plain inner=538 gpu_seconds=0.161909542 wall_seconds=0.162248125 seconds_per_dispatch=0.000300947104 gbps=148.080774
LEG na=5 shape=mlp.down rep=0 position=1 arm=tailfull inner=538 gpu_seconds=0.162359959 wall_seconds=0.162656417 seconds_per_dispatch=0.000301784310 gbps=147.669970
LEG na=5 shape=mlp.down rep=0 position=2 arm=rfull inner=538 gpu_seconds=0.162222250 wall_seconds=0.162549125 seconds_per_dispatch=0.000301528346 gbps=147.795325
LEG na=5 shape=mlp.down rep=0 position=3 arm=shift inner=538 gpu_seconds=0.163412500 wall_seconds=0.163730458 seconds_per_dispatch=0.000303740707 gbps=146.718826
LEG na=5 shape=mlp.down rep=0 position=4 arm=xvec inner=538 gpu_seconds=0.156613750 wall_seconds=0.156914000 seconds_per_dispatch=0.000291103624 gbps=153.088029
LEG na=5 shape=mlp.down rep=0 position=5 arm=tailfullxvec inner=538 gpu_seconds=0.156857917 wall_seconds=0.157143083 seconds_per_dispatch=0.000291557466 gbps=152.849730
LEG na=5 shape=mlp.down rep=0 position=6 arm=tailfullxvec inner=538 gpu_seconds=0.156886875 wall_seconds=0.157163583 seconds_per_dispatch=0.000291611292 gbps=152.821517
LEG na=5 shape=mlp.down rep=0 position=7 arm=xvec inner=538 gpu_seconds=0.156685417 wall_seconds=0.156977125 seconds_per_dispatch=0.000291236834 gbps=153.018007
LEG na=5 shape=mlp.down rep=0 position=8 arm=shift inner=538 gpu_seconds=0.163642375 wall_seconds=0.163947500 seconds_per_dispatch=0.000304167983 gbps=146.512725
LEG na=5 shape=mlp.down rep=0 position=9 arm=rfull inner=538 gpu_seconds=0.163680833 wall_seconds=0.163977583 seconds_per_dispatch=0.000304239467 gbps=146.478300
LEG na=5 shape=mlp.down rep=0 position=10 arm=tailfull inner=538 gpu_seconds=0.163752125 wall_seconds=0.164046458 seconds_per_dispatch=0.000304371979 gbps=146.414529
LEG na=5 shape=mlp.down rep=0 position=11 arm=plain inner=538 gpu_seconds=0.162624875 wall_seconds=0.162923333 seconds_per_dispatch=0.000302276719 gbps=147.429415
LEG na=5 shape=mlp.down rep=1 position=0 arm=plain inner=538 gpu_seconds=0.161810167 wall_seconds=0.162111750 seconds_per_dispatch=0.000300762392 gbps=148.171717
LEG na=5 shape=mlp.down rep=1 position=1 arm=tailfull inner=538 gpu_seconds=0.161834833 wall_seconds=0.162120542 seconds_per_dispatch=0.000300808240 gbps=148.149133
LEG na=5 shape=mlp.down rep=1 position=2 arm=rfull inner=538 gpu_seconds=0.161707167 wall_seconds=0.161999667 seconds_per_dispatch=0.000300570942 gbps=148.266096
LEG na=5 shape=mlp.down rep=1 position=3 arm=shift inner=538 gpu_seconds=0.161926875 wall_seconds=0.162186250 seconds_per_dispatch=0.000300979322 gbps=148.064923
LEG na=5 shape=mlp.down rep=1 position=4 arm=xvec inner=538 gpu_seconds=0.155238500 wall_seconds=0.155525750 seconds_per_dispatch=0.000288547398 gbps=154.444228
LEG na=5 shape=mlp.down rep=1 position=5 arm=tailfullxvec inner=538 gpu_seconds=0.155347250 wall_seconds=0.155639458 seconds_per_dispatch=0.000288749536 gbps=154.336110
LEG na=5 shape=mlp.down rep=1 position=6 arm=tailfullxvec inner=538 gpu_seconds=0.155255833 wall_seconds=0.155576292 seconds_per_dispatch=0.000288579616 gbps=154.426985
LEG na=5 shape=mlp.down rep=1 position=7 arm=xvec inner=538 gpu_seconds=0.155927875 wall_seconds=0.156295000 seconds_per_dispatch=0.000289828764 gbps=153.761412
LEG na=5 shape=mlp.down rep=1 position=8 arm=shift inner=538 gpu_seconds=0.162278125 wall_seconds=0.162633333 seconds_per_dispatch=0.000301632203 gbps=147.744437
LEG na=5 shape=mlp.down rep=1 position=9 arm=rfull inner=538 gpu_seconds=0.161817750 wall_seconds=0.162173708 seconds_per_dispatch=0.000300776487 gbps=148.164773
LEG na=5 shape=mlp.down rep=1 position=10 arm=tailfull inner=538 gpu_seconds=0.163474375 wall_seconds=0.163868083 seconds_per_dispatch=0.000303855715 gbps=146.663294
LEG na=5 shape=mlp.down rep=1 position=11 arm=plain inner=538 gpu_seconds=0.163517583 wall_seconds=0.163806083 seconds_per_dispatch=0.000303936029 gbps=146.624539
LEG na=5 shape=mlp.down rep=2 position=0 arm=plain inner=538 gpu_seconds=0.163809792 wall_seconds=0.164080458 seconds_per_dispatch=0.000304479167 gbps=146.362986
LEG na=5 shape=mlp.down rep=2 position=1 arm=tailfull inner=538 gpu_seconds=0.164021625 wall_seconds=0.164285250 seconds_per_dispatch=0.000304872909 gbps=146.173959
LEG na=5 shape=mlp.down rep=2 position=2 arm=rfull inner=538 gpu_seconds=0.164014458 wall_seconds=0.164276875 seconds_per_dispatch=0.000304859588 gbps=146.180346
LEG na=5 shape=mlp.down rep=2 position=3 arm=shift inner=538 gpu_seconds=0.163888417 wall_seconds=0.164158583 seconds_per_dispatch=0.000304625310 gbps=146.292769
LEG na=5 shape=mlp.down rep=2 position=4 arm=xvec inner=538 gpu_seconds=0.156389083 wall_seconds=0.156659083 seconds_per_dispatch=0.000290686028 gbps=153.307953
LEG na=5 shape=mlp.down rep=2 position=5 arm=tailfullxvec inner=538 gpu_seconds=0.156761625 wall_seconds=0.157029250 seconds_per_dispatch=0.000291378485 gbps=152.943619
LEG na=5 shape=mlp.down rep=2 position=6 arm=tailfullxvec inner=538 gpu_seconds=0.156035417 wall_seconds=0.156304500 seconds_per_dispatch=0.000290028656 gbps=153.655438
LEG na=5 shape=mlp.down rep=2 position=7 arm=xvec inner=538 gpu_seconds=0.156389625 wall_seconds=0.156658292 seconds_per_dispatch=0.000290687035 gbps=153.307422
LEG na=5 shape=mlp.down rep=2 position=8 arm=shift inner=538 gpu_seconds=0.163570500 wall_seconds=0.163853667 seconds_per_dispatch=0.000304034387 gbps=146.577104
LEG na=5 shape=mlp.down rep=2 position=9 arm=rfull inner=538 gpu_seconds=0.163883375 wall_seconds=0.164129583 seconds_per_dispatch=0.000304615939 gbps=146.297269
LEG na=5 shape=mlp.down rep=2 position=10 arm=tailfull inner=538 gpu_seconds=0.164002375 wall_seconds=0.164272042 seconds_per_dispatch=0.000304837128 gbps=146.191116
LEG na=5 shape=mlp.down rep=2 position=11 arm=plain inner=538 gpu_seconds=0.163902875 wall_seconds=0.164151917 seconds_per_dispatch=0.000304652184 gbps=146.279864
LEG na=5 shape=mlp.down rep=3 position=0 arm=plain inner=538 gpu_seconds=0.163871917 wall_seconds=0.164133375 seconds_per_dispatch=0.000304594641 gbps=146.307499
LEG na=5 shape=mlp.down rep=3 position=1 arm=tailfull inner=538 gpu_seconds=0.163376583 wall_seconds=0.163658750 seconds_per_dispatch=0.000303673947 gbps=146.751081
LEG na=5 shape=mlp.down rep=3 position=2 arm=rfull inner=538 gpu_seconds=0.163529500 wall_seconds=0.163795042 seconds_per_dispatch=0.000303958178 gbps=146.613854
LEG na=5 shape=mlp.down rep=3 position=3 arm=shift inner=538 gpu_seconds=0.163566791 wall_seconds=0.163837750 seconds_per_dispatch=0.000304027493 gbps=146.580428
LEG na=5 shape=mlp.down rep=3 position=4 arm=xvec inner=538 gpu_seconds=0.156668167 wall_seconds=0.157001208 seconds_per_dispatch=0.000291204771 gbps=153.034855
LEG na=5 shape=mlp.down rep=3 position=5 arm=tailfullxvec inner=538 gpu_seconds=0.155713500 wall_seconds=0.155973833 seconds_per_dispatch=0.000289430297 gbps=153.973100
LEG na=5 shape=mlp.down rep=3 position=6 arm=tailfullxvec inner=538 gpu_seconds=0.156801542 wall_seconds=0.157056125 seconds_per_dispatch=0.000291452679 gbps=152.904684
LEG na=5 shape=mlp.down rep=3 position=7 arm=xvec inner=538 gpu_seconds=0.156539500 wall_seconds=0.156801542 seconds_per_dispatch=0.000290965613 gbps=153.160642
LEG na=5 shape=mlp.down rep=3 position=8 arm=shift inner=538 gpu_seconds=0.163625000 wall_seconds=0.163880292 seconds_per_dispatch=0.000304135687 gbps=146.528283
LEG na=5 shape=mlp.down rep=3 position=9 arm=rfull inner=538 gpu_seconds=0.163716625 wall_seconds=0.163993958 seconds_per_dispatch=0.000304305994 gbps=146.446277
LEG na=5 shape=mlp.down rep=3 position=10 arm=tailfull inner=538 gpu_seconds=0.163822375 wall_seconds=0.164098167 seconds_per_dispatch=0.000304502556 gbps=146.351744
LEG na=5 shape=mlp.down rep=3 position=11 arm=plain inner=538 gpu_seconds=0.163846833 wall_seconds=0.164118000 seconds_per_dispatch=0.000304548017 gbps=146.329897
LEG na=5 shape=mlp.down rep=4 position=0 arm=plain inner=538 gpu_seconds=0.163758750 wall_seconds=0.164032125 seconds_per_dispatch=0.000304384293 gbps=146.408606
LEG na=5 shape=mlp.down rep=4 position=1 arm=tailfull inner=538 gpu_seconds=0.163805458 wall_seconds=0.164090542 seconds_per_dispatch=0.000304471112 gbps=146.366858
LEG na=5 shape=mlp.down rep=4 position=2 arm=rfull inner=538 gpu_seconds=0.163745708 wall_seconds=0.164016250 seconds_per_dispatch=0.000304360053 gbps=146.420266
LEG na=5 shape=mlp.down rep=4 position=3 arm=shift inner=538 gpu_seconds=0.163630250 wall_seconds=0.163896000 seconds_per_dispatch=0.000304145446 gbps=146.523581
LEG na=5 shape=mlp.down rep=4 position=4 arm=xvec inner=538 gpu_seconds=0.156611917 wall_seconds=0.156894667 seconds_per_dispatch=0.000291100217 gbps=153.089821
LEG na=5 shape=mlp.down rep=4 position=5 arm=tailfullxvec inner=538 gpu_seconds=0.156765875 wall_seconds=0.157006375 seconds_per_dispatch=0.000291386385 gbps=152.939472
LEG na=5 shape=mlp.down rep=4 position=6 arm=tailfullxvec inner=538 gpu_seconds=0.156853292 wall_seconds=0.157099250 seconds_per_dispatch=0.000291548869 gbps=152.854237
LEG na=5 shape=mlp.down rep=4 position=7 arm=xvec inner=538 gpu_seconds=0.156725417 wall_seconds=0.156989667 seconds_per_dispatch=0.000291311183 gbps=152.978954
LEG na=5 shape=mlp.down rep=4 position=8 arm=shift inner=538 gpu_seconds=0.163656875 wall_seconds=0.163927417 seconds_per_dispatch=0.000304194935 gbps=146.499744
LEG na=5 shape=mlp.down rep=4 position=9 arm=rfull inner=538 gpu_seconds=0.163749458 wall_seconds=0.164034375 seconds_per_dispatch=0.000304367023 gbps=146.416913
LEG na=5 shape=mlp.down rep=4 position=10 arm=tailfull inner=538 gpu_seconds=0.163647625 wall_seconds=0.163936000 seconds_per_dispatch=0.000304177741 gbps=146.508025
LEG na=5 shape=mlp.down rep=4 position=11 arm=plain inner=538 gpu_seconds=0.163789958 wall_seconds=0.164061417 seconds_per_dispatch=0.000304442302 gbps=146.380709
LEG na=5 shape=mlp.down rep=5 position=0 arm=plain inner=538 gpu_seconds=0.163846917 wall_seconds=0.164118833 seconds_per_dispatch=0.000304548172 gbps=146.329822
LEG na=5 shape=mlp.down rep=5 position=1 arm=tailfull inner=538 gpu_seconds=0.163755542 wall_seconds=0.164045375 seconds_per_dispatch=0.000304378330 gbps=146.411474
LEG na=5 shape=mlp.down rep=5 position=2 arm=rfull inner=538 gpu_seconds=0.163896208 wall_seconds=0.164165917 seconds_per_dispatch=0.000304639793 gbps=146.285814
LEG na=5 shape=mlp.down rep=5 position=3 arm=shift inner=538 gpu_seconds=0.163542875 wall_seconds=0.163824708 seconds_per_dispatch=0.000303983039 gbps=146.601864
LEG na=5 shape=mlp.down rep=5 position=4 arm=xvec inner=538 gpu_seconds=0.156592333 wall_seconds=0.156870667 seconds_per_dispatch=0.000291063816 gbps=153.108966
LEG na=5 shape=mlp.down rep=5 position=5 arm=tailfullxvec inner=538 gpu_seconds=0.156865375 wall_seconds=0.157126542 seconds_per_dispatch=0.000291571329 gbps=152.842463
LEG na=5 shape=mlp.down rep=5 position=6 arm=tailfullxvec inner=538 gpu_seconds=0.156890042 wall_seconds=0.157152167 seconds_per_dispatch=0.000291617178 gbps=152.818432
LEG na=5 shape=mlp.down rep=5 position=7 arm=xvec inner=538 gpu_seconds=0.156691625 wall_seconds=0.156972875 seconds_per_dispatch=0.000291248374 gbps=153.011945
LEG na=5 shape=mlp.down rep=5 position=8 arm=shift inner=538 gpu_seconds=0.163661000 wall_seconds=0.163939500 seconds_per_dispatch=0.000304202602 gbps=146.496051
LEG na=5 shape=mlp.down rep=5 position=9 arm=rfull inner=538 gpu_seconds=0.163828042 wall_seconds=0.164094417 seconds_per_dispatch=0.000304513089 gbps=146.346682
LEG na=5 shape=mlp.down rep=5 position=10 arm=tailfull inner=538 gpu_seconds=0.163773875 wall_seconds=0.164054083 seconds_per_dispatch=0.000304412407 gbps=146.395084
LEG na=5 shape=mlp.down rep=5 position=11 arm=plain inner=538 gpu_seconds=0.163710000 wall_seconds=0.163996625 seconds_per_dispatch=0.000304293680 gbps=146.452204
LEG na=5 shape=mlp.down rep=6 position=0 arm=plain inner=538 gpu_seconds=0.163794500 wall_seconds=0.164048958 seconds_per_dispatch=0.000304450744 gbps=146.376650
LEG na=5 shape=mlp.down rep=6 position=1 arm=tailfull inner=538 gpu_seconds=0.163327625 wall_seconds=0.163601750 seconds_per_dispatch=0.000303582946 gbps=146.795071
LEG na=5 shape=mlp.down rep=6 position=2 arm=rfull inner=538 gpu_seconds=0.163658500 wall_seconds=0.163928792 seconds_per_dispatch=0.000304197955 gbps=146.498289
LEG na=5 shape=mlp.down rep=6 position=3 arm=shift inner=538 gpu_seconds=0.163363833 wall_seconds=0.163621125 seconds_per_dispatch=0.000303650248 gbps=146.762535
LEG na=5 shape=mlp.down rep=6 position=4 arm=xvec inner=538 gpu_seconds=0.155580625 wall_seconds=0.155840250 seconds_per_dispatch=0.000289183318 gbps=154.104602
LEG na=5 shape=mlp.down rep=6 position=5 arm=tailfullxvec inner=538 gpu_seconds=0.155575667 wall_seconds=0.155887542 seconds_per_dispatch=0.000289174101 gbps=154.109513
LEG na=5 shape=mlp.down rep=6 position=6 arm=tailfullxvec inner=538 gpu_seconds=0.155775917 wall_seconds=0.156089625 seconds_per_dispatch=0.000289546314 gbps=153.911405
LEG na=5 shape=mlp.down rep=6 position=7 arm=xvec inner=538 gpu_seconds=0.155675083 wall_seconds=0.155946958 seconds_per_dispatch=0.000289358891 gbps=154.011096
LEG na=5 shape=mlp.down rep=6 position=8 arm=shift inner=538 gpu_seconds=0.162369708 wall_seconds=0.162651500 seconds_per_dispatch=0.000301802432 gbps=147.661103
LEG na=5 shape=mlp.down rep=6 position=9 arm=rfull inner=538 gpu_seconds=0.162305792 wall_seconds=0.162566042 seconds_per_dispatch=0.000301683628 gbps=147.719253
LEG na=5 shape=mlp.down rep=6 position=10 arm=tailfull inner=538 gpu_seconds=0.162861375 wall_seconds=0.163129417 seconds_per_dispatch=0.000302716310 gbps=147.215325
LEG na=5 shape=mlp.down rep=6 position=11 arm=plain inner=538 gpu_seconds=0.163835333 wall_seconds=0.164115458 seconds_per_dispatch=0.000304526642 gbps=146.340168
LEG na=5 shape=mlp.down rep=7 position=0 arm=plain inner=538 gpu_seconds=0.164148375 wall_seconds=0.164383625 seconds_per_dispatch=0.000305108504 gbps=146.061088
LEG na=5 shape=mlp.down rep=7 position=1 arm=tailfull inner=538 gpu_seconds=0.164320833 wall_seconds=0.164595500 seconds_per_dispatch=0.000305429058 gbps=145.907794
LEG na=5 shape=mlp.down rep=7 position=2 arm=rfull inner=538 gpu_seconds=0.164266625 wall_seconds=0.164525000 seconds_per_dispatch=0.000305328299 gbps=145.955944
LEG na=5 shape=mlp.down rep=7 position=3 arm=shift inner=538 gpu_seconds=0.163841333 wall_seconds=0.164115458 seconds_per_dispatch=0.000304537795 gbps=146.334809
LEG na=5 shape=mlp.down rep=7 position=4 arm=xvec inner=538 gpu_seconds=0.156240542 wall_seconds=0.156492750 seconds_per_dispatch=0.000290409929 gbps=153.453707
LEG na=5 shape=mlp.down rep=7 position=5 arm=tailfullxvec inner=538 gpu_seconds=0.156524250 wall_seconds=0.156786208 seconds_per_dispatch=0.000290937267 gbps=153.175564
LEG na=5 shape=mlp.down rep=7 position=6 arm=tailfullxvec inner=538 gpu_seconds=0.156590125 wall_seconds=0.156853250 seconds_per_dispatch=0.000291059712 gbps=153.111125
LEG na=5 shape=mlp.down rep=7 position=7 arm=xvec inner=538 gpu_seconds=0.156507875 wall_seconds=0.156758375 seconds_per_dispatch=0.000290906831 gbps=153.191590
LEG na=5 shape=mlp.down rep=7 position=8 arm=shift inner=538 gpu_seconds=0.163891792 wall_seconds=0.164116375 seconds_per_dispatch=0.000304631583 gbps=146.289756
LEG na=5 shape=mlp.down rep=7 position=9 arm=rfull inner=538 gpu_seconds=0.163871333 wall_seconds=0.164123125 seconds_per_dispatch=0.000304593556 gbps=146.308020
LEG na=5 shape=mlp.down rep=7 position=10 arm=tailfull inner=538 gpu_seconds=0.163956500 wall_seconds=0.164215167 seconds_per_dispatch=0.000304751859 gbps=146.232020
LEG na=5 shape=mlp.down rep=7 position=11 arm=plain inner=538 gpu_seconds=0.163922625 wall_seconds=0.164199875 seconds_per_dispatch=0.000304688894 gbps=146.262240
LEG na=5 shape=mlp.down rep=8 position=0 arm=plain inner=538 gpu_seconds=0.163886750 wall_seconds=0.164117333 seconds_per_dispatch=0.000304622212 gbps=146.294257
LEG na=5 shape=mlp.down rep=8 position=1 arm=tailfull inner=538 gpu_seconds=0.163988750 wall_seconds=0.164214333 seconds_per_dispatch=0.000304811803 gbps=146.203262
LEG na=5 shape=mlp.down rep=8 position=2 arm=rfull inner=538 gpu_seconds=0.163850875 wall_seconds=0.164099333 seconds_per_dispatch=0.000304555530 gbps=146.326287
LEG na=5 shape=mlp.down rep=8 position=3 arm=shift inner=538 gpu_seconds=0.163972000 wall_seconds=0.164223583 seconds_per_dispatch=0.000304780669 gbps=146.218197
LEG na=5 shape=mlp.down rep=8 position=4 arm=xvec inner=538 gpu_seconds=0.156536000 wall_seconds=0.156792875 seconds_per_dispatch=0.000290959108 gbps=153.164066
LEG na=5 shape=mlp.down rep=8 position=5 arm=tailfullxvec inner=538 gpu_seconds=0.156678417 wall_seconds=0.156933875 seconds_per_dispatch=0.000291223823 gbps=153.024844
LEG na=5 shape=mlp.down rep=8 position=6 arm=tailfullxvec inner=538 gpu_seconds=0.156692875 wall_seconds=0.156955167 seconds_per_dispatch=0.000291250697 gbps=153.010724
LEG na=5 shape=mlp.down rep=8 position=7 arm=xvec inner=538 gpu_seconds=0.156533125 wall_seconds=0.156764167 seconds_per_dispatch=0.000290953764 gbps=153.166879
LEG na=5 shape=mlp.down rep=8 position=8 arm=shift inner=538 gpu_seconds=0.164102500 wall_seconds=0.164328000 seconds_per_dispatch=0.000305023234 gbps=146.101920
LEG na=5 shape=mlp.down rep=8 position=9 arm=rfull inner=538 gpu_seconds=0.163300917 wall_seconds=0.163584583 seconds_per_dispatch=0.000303533303 gbps=146.819079
LEG na=5 shape=mlp.down rep=8 position=10 arm=tailfull inner=538 gpu_seconds=0.163943250 wall_seconds=0.164201875 seconds_per_dispatch=0.000304727230 gbps=146.243839
LEG na=5 shape=mlp.down rep=8 position=11 arm=plain inner=538 gpu_seconds=0.163855000 wall_seconds=0.164113083 seconds_per_dispatch=0.000304563197 gbps=146.322604
LEG na=5 shape=mlp.down rep=9 position=0 arm=plain inner=538 gpu_seconds=0.163740958 wall_seconds=0.164006333 seconds_per_dispatch=0.000304351224 gbps=146.424514
LEG na=5 shape=mlp.down rep=9 position=1 arm=tailfull inner=538 gpu_seconds=0.163825917 wall_seconds=0.164106792 seconds_per_dispatch=0.000304509139 gbps=146.348580
LEG na=5 shape=mlp.down rep=9 position=2 arm=rfull inner=538 gpu_seconds=0.163603375 wall_seconds=0.163886708 seconds_per_dispatch=0.000304095493 gbps=146.547651
LEG na=5 shape=mlp.down rep=9 position=3 arm=shift inner=538 gpu_seconds=0.163604500 wall_seconds=0.163879167 seconds_per_dispatch=0.000304097584 gbps=146.546643
LEG na=5 shape=mlp.down rep=9 position=4 arm=xvec inner=538 gpu_seconds=0.156651000 wall_seconds=0.156941292 seconds_per_dispatch=0.000291172863 gbps=153.051626
LEG na=5 shape=mlp.down rep=9 position=5 arm=tailfullxvec inner=538 gpu_seconds=0.156934833 wall_seconds=0.157215250 seconds_per_dispatch=0.000291700433 gbps=152.774816
LEG na=5 shape=mlp.down rep=9 position=6 arm=tailfullxvec inner=538 gpu_seconds=0.156849208 wall_seconds=0.157143708 seconds_per_dispatch=0.000291541279 gbps=152.858217
LEG na=5 shape=mlp.down rep=9 position=7 arm=xvec inner=538 gpu_seconds=0.156592792 wall_seconds=0.156867042 seconds_per_dispatch=0.000291064669 gbps=153.108518
LEG na=5 shape=mlp.down rep=9 position=8 arm=shift inner=538 gpu_seconds=0.163693750 wall_seconds=0.163972250 seconds_per_dispatch=0.000304263476 gbps=146.466742
LEG na=5 shape=mlp.down rep=9 position=9 arm=rfull inner=538 gpu_seconds=0.163815125 wall_seconds=0.164119083 seconds_per_dispatch=0.000304489080 gbps=146.358221
LEG na=5 shape=mlp.down rep=9 position=10 arm=tailfull inner=538 gpu_seconds=0.163884958 wall_seconds=0.164161000 seconds_per_dispatch=0.000304618882 gbps=146.295856
LEG na=5 shape=mlp.down rep=9 position=11 arm=plain inner=538 gpu_seconds=0.163854250 wall_seconds=0.164147250 seconds_per_dispatch=0.000304561803 gbps=146.323274
LEG na=5 shape=mlp.down rep=10 position=0 arm=plain inner=538 gpu_seconds=0.163690875 wall_seconds=0.163972250 seconds_per_dispatch=0.000304258132 gbps=146.469315
LEG na=5 shape=mlp.down rep=10 position=1 arm=tailfull inner=538 gpu_seconds=0.163844208 wall_seconds=0.164121042 seconds_per_dispatch=0.000304543138 gbps=146.332241
LEG na=5 shape=mlp.down rep=10 position=2 arm=rfull inner=538 gpu_seconds=0.163914542 wall_seconds=0.164204458 seconds_per_dispatch=0.000304673869 gbps=146.269452
LEG na=5 shape=mlp.down rep=10 position=3 arm=shift inner=538 gpu_seconds=0.162483375 wall_seconds=0.162744625 seconds_per_dispatch=0.000302013708 gbps=147.557806
LEG na=5 shape=mlp.down rep=10 position=4 arm=xvec inner=538 gpu_seconds=0.156625042 wall_seconds=0.156904667 seconds_per_dispatch=0.000291124612 gbps=153.076992
LEG na=5 shape=mlp.down rep=10 position=5 arm=tailfullxvec inner=538 gpu_seconds=0.156799583 wall_seconds=0.157088042 seconds_per_dispatch=0.000291449039 gbps=152.906594
LEG na=5 shape=mlp.down rep=10 position=6 arm=tailfullxvec inner=538 gpu_seconds=0.156822833 wall_seconds=0.157108292 seconds_per_dispatch=0.000291492256 gbps=152.883925
LEG na=5 shape=mlp.down rep=10 position=7 arm=xvec inner=538 gpu_seconds=0.156583875 wall_seconds=0.156851292 seconds_per_dispatch=0.000291048095 gbps=153.117237
LEG na=5 shape=mlp.down rep=10 position=8 arm=shift inner=538 gpu_seconds=0.163558375 wall_seconds=0.163833792 seconds_per_dispatch=0.000304011849 gbps=146.587971
LEG na=5 shape=mlp.down rep=10 position=9 arm=rfull inner=538 gpu_seconds=0.163809333 wall_seconds=0.164079208 seconds_per_dispatch=0.000304478315 gbps=146.363396
LEG na=5 shape=mlp.down rep=10 position=10 arm=tailfull inner=538 gpu_seconds=0.163831583 wall_seconds=0.164103208 seconds_per_dispatch=0.000304519671 gbps=146.343518
LEG na=5 shape=mlp.down rep=10 position=11 arm=plain inner=538 gpu_seconds=0.163795500 wall_seconds=0.164068625 seconds_per_dispatch=0.000304452602 gbps=146.375757
LEG na=5 shape=mlp.down rep=11 position=0 arm=plain inner=538 gpu_seconds=0.163828208 wall_seconds=0.164088958 seconds_per_dispatch=0.000304513398 gbps=146.346533
LEG na=5 shape=mlp.down rep=11 position=1 arm=tailfull inner=538 gpu_seconds=0.163229292 wall_seconds=0.163480875 seconds_per_dispatch=0.000303400170 gbps=146.883504
LEG na=5 shape=mlp.down rep=11 position=2 arm=rfull inner=538 gpu_seconds=0.163790625 wall_seconds=0.164057000 seconds_per_dispatch=0.000304443541 gbps=146.380113
LEG na=5 shape=mlp.down rep=11 position=3 arm=shift inner=538 gpu_seconds=0.163633000 wall_seconds=0.163913417 seconds_per_dispatch=0.000304150558 gbps=146.521119
LEG na=5 shape=mlp.down rep=11 position=4 arm=xvec inner=538 gpu_seconds=0.156487292 wall_seconds=0.156768375 seconds_per_dispatch=0.000290868572 gbps=153.211740
LEG na=5 shape=mlp.down rep=11 position=5 arm=tailfullxvec inner=538 gpu_seconds=0.156860125 wall_seconds=0.157134083 seconds_per_dispatch=0.000291561571 gbps=152.847578
LEG na=5 shape=mlp.down rep=11 position=6 arm=tailfullxvec inner=538 gpu_seconds=0.156848958 wall_seconds=0.157117083 seconds_per_dispatch=0.000291540815 gbps=152.858460
LEG na=5 shape=mlp.down rep=11 position=7 arm=xvec inner=538 gpu_seconds=0.156502208 wall_seconds=0.156746833 seconds_per_dispatch=0.000290896298 gbps=153.197137
LEG na=5 shape=mlp.down rep=11 position=8 arm=shift inner=538 gpu_seconds=0.163297125 wall_seconds=0.163557417 seconds_per_dispatch=0.000303526254 gbps=146.822488
LEG na=5 shape=mlp.down rep=11 position=9 arm=rfull inner=538 gpu_seconds=0.163865917 wall_seconds=0.164130708 seconds_per_dispatch=0.000304583488 gbps=146.312856
LEG na=5 shape=mlp.down rep=11 position=10 arm=tailfull inner=538 gpu_seconds=0.162352833 wall_seconds=0.162619542 seconds_per_dispatch=0.000301771066 gbps=147.676451
LEG na=5 shape=mlp.down rep=11 position=11 arm=plain inner=538 gpu_seconds=0.163570500 wall_seconds=0.164009917 seconds_per_dispatch=0.000304034387 gbps=146.577104
LEG na=5 shape=mlp.down rep=12 position=0 arm=plain inner=538 gpu_seconds=0.164003000 wall_seconds=0.164251042 seconds_per_dispatch=0.000304838290 gbps=146.190559
LEG na=5 shape=mlp.down rep=12 position=1 arm=tailfull inner=538 gpu_seconds=0.163767500 wall_seconds=0.164026917 seconds_per_dispatch=0.000304400558 gbps=146.400783
LEG na=5 shape=mlp.down rep=12 position=2 arm=rfull inner=538 gpu_seconds=0.163920708 wall_seconds=0.164167125 seconds_per_dispatch=0.000304685331 gbps=146.263950
LEG na=5 shape=mlp.down rep=12 position=3 arm=shift inner=538 gpu_seconds=0.163926875 wall_seconds=0.164173333 seconds_per_dispatch=0.000304696794 gbps=146.258448
LEG na=5 shape=mlp.down rep=12 position=4 arm=xvec inner=538 gpu_seconds=0.155812125 wall_seconds=0.156063250 seconds_per_dispatch=0.000289613615 gbps=153.875639
LEG na=5 shape=mlp.down rep=12 position=5 arm=tailfullxvec inner=538 gpu_seconds=0.156582750 wall_seconds=0.156837875 seconds_per_dispatch=0.000291046004 gbps=153.118337
LEG na=5 shape=mlp.down rep=12 position=6 arm=tailfullxvec inner=538 gpu_seconds=0.156723750 wall_seconds=0.157010667 seconds_per_dispatch=0.000291308086 gbps=152.980580
LEG na=5 shape=mlp.down rep=12 position=7 arm=xvec inner=538 gpu_seconds=0.156303625 wall_seconds=0.156560625 seconds_per_dispatch=0.000290527184 gbps=153.391773
LEG na=5 shape=mlp.down rep=12 position=8 arm=shift inner=538 gpu_seconds=0.163937167 wall_seconds=0.164185625 seconds_per_dispatch=0.000304715923 gbps=146.249266
LEG na=5 shape=mlp.down rep=12 position=9 arm=rfull inner=538 gpu_seconds=0.163900250 wall_seconds=0.164164792 seconds_per_dispatch=0.000304647305 gbps=146.282207
LEG na=5 shape=mlp.down rep=12 position=10 arm=tailfull inner=538 gpu_seconds=0.164012250 wall_seconds=0.164250208 seconds_per_dispatch=0.000304855483 gbps=146.182314
LEG na=5 shape=mlp.down rep=12 position=11 arm=plain inner=538 gpu_seconds=0.163770125 wall_seconds=0.164022375 seconds_per_dispatch=0.000304405437 gbps=146.398436
LEG na=5 shape=mlp.down rep=13 position=0 arm=plain inner=538 gpu_seconds=0.163881333 wall_seconds=0.164142792 seconds_per_dispatch=0.000304612144 gbps=146.299092
LEG na=5 shape=mlp.down rep=13 position=1 arm=tailfull inner=538 gpu_seconds=0.163950167 wall_seconds=0.164220167 seconds_per_dispatch=0.000304740087 gbps=146.237669
LEG na=5 shape=mlp.down rep=13 position=2 arm=rfull inner=538 gpu_seconds=0.163866375 wall_seconds=0.164111083 seconds_per_dispatch=0.000304584340 gbps=146.312446
LEG na=5 shape=mlp.down rep=13 position=3 arm=shift inner=538 gpu_seconds=0.163819000 wall_seconds=0.164072500 seconds_per_dispatch=0.000304496283 gbps=146.354759
LEG na=5 shape=mlp.down rep=13 position=4 arm=xvec inner=538 gpu_seconds=0.156381000 wall_seconds=0.156650042 seconds_per_dispatch=0.000290671004 gbps=153.315877
LEG na=5 shape=mlp.down rep=13 position=5 arm=tailfullxvec inner=538 gpu_seconds=0.156705792 wall_seconds=0.156956917 seconds_per_dispatch=0.000291274706 gbps=152.998112
LEG na=5 shape=mlp.down rep=13 position=6 arm=tailfullxvec inner=538 gpu_seconds=0.156554250 wall_seconds=0.156810250 seconds_per_dispatch=0.000290993030 gbps=153.146211
LEG na=5 shape=mlp.down rep=13 position=7 arm=xvec inner=538 gpu_seconds=0.156342208 wall_seconds=0.156602208 seconds_per_dispatch=0.000290598900 gbps=153.353918
LEG na=5 shape=mlp.down rep=13 position=8 arm=shift inner=538 gpu_seconds=0.163949500 wall_seconds=0.164189750 seconds_per_dispatch=0.000304738848 gbps=146.238264
LEG na=5 shape=mlp.down rep=13 position=9 arm=rfull inner=538 gpu_seconds=0.164009875 wall_seconds=0.164270417 seconds_per_dispatch=0.000304851069 gbps=146.184431
LEG na=5 shape=mlp.down rep=13 position=10 arm=tailfull inner=538 gpu_seconds=0.163444417 wall_seconds=0.163686583 seconds_per_dispatch=0.000303800031 gbps=146.690176
LEG na=5 shape=mlp.down rep=13 position=11 arm=plain inner=538 gpu_seconds=0.164031750 wall_seconds=0.164300375 seconds_per_dispatch=0.000304891729 gbps=146.164936
LEG na=5 shape=mlp.down rep=14 position=0 arm=plain inner=538 gpu_seconds=0.163912125 wall_seconds=0.164203667 seconds_per_dispatch=0.000304669377 gbps=146.271609
LEG na=5 shape=mlp.down rep=14 position=1 arm=tailfull inner=538 gpu_seconds=0.163910417 wall_seconds=0.164163833 seconds_per_dispatch=0.000304666202 gbps=146.273133
LEG na=5 shape=mlp.down rep=14 position=2 arm=rfull inner=538 gpu_seconds=0.163714750 wall_seconds=0.163978583 seconds_per_dispatch=0.000304302510 gbps=146.447954
LEG na=5 shape=mlp.down rep=14 position=3 arm=shift inner=538 gpu_seconds=0.163670917 wall_seconds=0.163952458 seconds_per_dispatch=0.000304221035 gbps=146.487175
LEG na=5 shape=mlp.down rep=14 position=4 arm=xvec inner=538 gpu_seconds=0.156581375 wall_seconds=0.156867625 seconds_per_dispatch=0.000291043448 gbps=153.119681
LEG na=5 shape=mlp.down rep=14 position=5 arm=tailfullxvec inner=538 gpu_seconds=0.156861125 wall_seconds=0.157134917 seconds_per_dispatch=0.000291563429 gbps=152.846604
LEG na=5 shape=mlp.down rep=14 position=6 arm=tailfullxvec inner=538 gpu_seconds=0.156921000 wall_seconds=0.157195333 seconds_per_dispatch=0.000291674721 gbps=152.788284
LEG na=5 shape=mlp.down rep=14 position=7 arm=xvec inner=538 gpu_seconds=0.156647208 wall_seconds=0.156929875 seconds_per_dispatch=0.000291165815 gbps=153.055330
LEG na=5 shape=mlp.down rep=14 position=8 arm=shift inner=538 gpu_seconds=0.163536083 wall_seconds=0.163812500 seconds_per_dispatch=0.000303970415 gbps=146.607952
LEG na=5 shape=mlp.down rep=14 position=9 arm=rfull inner=538 gpu_seconds=0.163793875 wall_seconds=0.164070333 seconds_per_dispatch=0.000304449582 gbps=146.377209
LEG na=5 shape=mlp.down rep=14 position=10 arm=tailfull inner=538 gpu_seconds=0.163857000 wall_seconds=0.164130833 seconds_per_dispatch=0.000304566914 gbps=146.320818
LEG na=5 shape=mlp.down rep=14 position=11 arm=plain inner=538 gpu_seconds=0.163797125 wall_seconds=0.164076917 seconds_per_dispatch=0.000304455623 gbps=146.374304
LEG na=5 shape=mlp.down rep=15 position=0 arm=plain inner=538 gpu_seconds=0.163806250 wall_seconds=0.164085958 seconds_per_dispatch=0.000304472583 gbps=146.366151
LEG na=5 shape=mlp.down rep=15 position=1 arm=tailfull inner=538 gpu_seconds=0.163780458 wall_seconds=0.164071708 seconds_per_dispatch=0.000304424644 gbps=146.389200
LEG na=5 shape=mlp.down rep=15 position=2 arm=rfull inner=538 gpu_seconds=0.163769750 wall_seconds=0.164022292 seconds_per_dispatch=0.000304404740 gbps=146.398772
LEG na=5 shape=mlp.down rep=15 position=3 arm=shift inner=538 gpu_seconds=0.163702750 wall_seconds=0.163952917 seconds_per_dispatch=0.000304280204 gbps=146.458690
LEG na=5 shape=mlp.down rep=15 position=4 arm=xvec inner=538 gpu_seconds=0.156643500 wall_seconds=0.156914417 seconds_per_dispatch=0.000291158922 gbps=153.058954
LEG na=5 shape=mlp.down rep=15 position=5 arm=tailfullxvec inner=538 gpu_seconds=0.156828375 wall_seconds=0.157107417 seconds_per_dispatch=0.000291502556 gbps=152.878522
LEG na=5 shape=mlp.down rep=15 position=6 arm=tailfullxvec inner=538 gpu_seconds=0.156916125 wall_seconds=0.157175000 seconds_per_dispatch=0.000291665660 gbps=152.793030
LEG na=5 shape=mlp.down rep=15 position=7 arm=xvec inner=538 gpu_seconds=0.156652958 wall_seconds=0.156922500 seconds_per_dispatch=0.000291176503 gbps=153.049712
LEG na=5 shape=mlp.down rep=15 position=8 arm=shift inner=538 gpu_seconds=0.163620375 wall_seconds=0.163906875 seconds_per_dispatch=0.000304127091 gbps=146.532425
LEG na=5 shape=mlp.down rep=15 position=9 arm=rfull inner=538 gpu_seconds=0.163818125 wall_seconds=0.164094042 seconds_per_dispatch=0.000304494656 gbps=146.355540
LEG na=5 shape=mlp.down rep=15 position=10 arm=tailfull inner=538 gpu_seconds=0.163905125 wall_seconds=0.164175417 seconds_per_dispatch=0.000304656366 gbps=146.277856
LEG na=5 shape=mlp.down rep=15 position=11 arm=plain inner=538 gpu_seconds=0.163723875 wall_seconds=0.163992458 seconds_per_dispatch=0.000304319470 gbps=146.439792
LEG na=5 shape=mlp.down rep=16 position=0 arm=plain inner=538 gpu_seconds=0.163854083 wall_seconds=0.164181625 seconds_per_dispatch=0.000304561493 gbps=146.323422
LEG na=5 shape=mlp.down rep=16 position=1 arm=tailfull inner=538 gpu_seconds=0.163877375 wall_seconds=0.164158417 seconds_per_dispatch=0.000304604786 gbps=146.302626
LEG na=5 shape=mlp.down rep=16 position=2 arm=rfull inner=538 gpu_seconds=0.163712250 wall_seconds=0.164028083 seconds_per_dispatch=0.000304297863 gbps=146.450191
LEG na=5 shape=mlp.down rep=16 position=3 arm=shift inner=538 gpu_seconds=0.163653667 wall_seconds=0.163931708 seconds_per_dispatch=0.000304188971 gbps=146.502616
LEG na=5 shape=mlp.down rep=16 position=4 arm=xvec inner=538 gpu_seconds=0.156630333 wall_seconds=0.156905708 seconds_per_dispatch=0.000291134448 gbps=153.071820
LEG na=5 shape=mlp.down rep=16 position=5 arm=tailfullxvec inner=538 gpu_seconds=0.156859875 wall_seconds=0.157135292 seconds_per_dispatch=0.000291561106 gbps=152.847822
LEG na=5 shape=mlp.down rep=16 position=6 arm=tailfullxvec inner=538 gpu_seconds=0.156448167 wall_seconds=0.156723917 seconds_per_dispatch=0.000290795849 gbps=153.250055
LEG na=5 shape=mlp.down rep=16 position=7 arm=xvec inner=538 gpu_seconds=0.156690792 wall_seconds=0.156969542 seconds_per_dispatch=0.000291246825 gbps=153.012758
LEG na=5 shape=mlp.down rep=16 position=8 arm=shift inner=538 gpu_seconds=0.163673125 wall_seconds=0.163954583 seconds_per_dispatch=0.000304225139 gbps=146.485199
LEG na=5 shape=mlp.down rep=16 position=9 arm=rfull inner=538 gpu_seconds=0.163706583 wall_seconds=0.164030625 seconds_per_dispatch=0.000304287329 gbps=146.455260
LEG na=5 shape=mlp.down rep=16 position=10 arm=tailfull inner=538 gpu_seconds=0.163826917 wall_seconds=0.164102625 seconds_per_dispatch=0.000304510997 gbps=146.347687
LEG na=5 shape=mlp.down rep=16 position=11 arm=plain inner=538 gpu_seconds=0.163768417 wall_seconds=0.164051792 seconds_per_dispatch=0.000304402261 gbps=146.399964
LEG na=5 shape=mlp.down rep=17 position=0 arm=plain inner=538 gpu_seconds=0.163716583 wall_seconds=0.163981167 seconds_per_dispatch=0.000304305917 gbps=146.446314
LEG na=5 shape=mlp.down rep=17 position=1 arm=tailfull inner=538 gpu_seconds=0.163420750 wall_seconds=0.163688750 seconds_per_dispatch=0.000303756041 gbps=146.711420
LEG na=5 shape=mlp.down rep=17 position=2 arm=rfull inner=538 gpu_seconds=0.161725083 wall_seconds=0.162149167 seconds_per_dispatch=0.000300604244 gbps=148.249670
LEG na=5 shape=mlp.down rep=17 position=3 arm=shift inner=538 gpu_seconds=0.161823625 wall_seconds=0.162110958 seconds_per_dispatch=0.000300787407 gbps=148.159394
LEG na=5 shape=mlp.down rep=17 position=4 arm=xvec inner=538 gpu_seconds=0.155001000 wall_seconds=0.155284417 seconds_per_dispatch=0.000288105948 gbps=154.680875
LEG na=5 shape=mlp.down rep=17 position=5 arm=tailfullxvec inner=538 gpu_seconds=0.155204500 wall_seconds=0.155488750 seconds_per_dispatch=0.000288484201 gbps=154.478061
LEG na=5 shape=mlp.down rep=17 position=6 arm=tailfullxvec inner=538 gpu_seconds=0.155176125 wall_seconds=0.155436375 seconds_per_dispatch=0.000288431459 gbps=154.506308
LEG na=5 shape=mlp.down rep=17 position=7 arm=xvec inner=538 gpu_seconds=0.154997125 wall_seconds=0.155281292 seconds_per_dispatch=0.000288098745 gbps=154.684742
LEG na=5 shape=mlp.down rep=17 position=8 arm=shift inner=538 gpu_seconds=0.162421208 wall_seconds=0.162701333 seconds_per_dispatch=0.000301898157 gbps=147.614283
LEG na=5 shape=mlp.down rep=17 position=9 arm=rfull inner=538 gpu_seconds=0.163461000 wall_seconds=0.163734792 seconds_per_dispatch=0.000303830855 gbps=146.675294
LEG na=5 shape=mlp.down rep=17 position=10 arm=tailfull inner=538 gpu_seconds=0.161988000 wall_seconds=0.162276625 seconds_per_dispatch=0.000301092937 gbps=148.009052
LEG na=5 shape=mlp.down rep=17 position=11 arm=plain inner=538 gpu_seconds=0.163061500 wall_seconds=0.163380750 seconds_per_dispatch=0.000303088290 gbps=147.034648
LEG na=5 shape=mlp.down rep=18 position=0 arm=plain inner=538 gpu_seconds=0.162255625 wall_seconds=0.162619750 seconds_per_dispatch=0.000301590381 gbps=147.764925
LEG na=5 shape=mlp.down rep=18 position=1 arm=tailfull inner=538 gpu_seconds=0.163854250 wall_seconds=0.164203333 seconds_per_dispatch=0.000304561803 gbps=146.323274
LEG na=5 shape=mlp.down rep=18 position=2 arm=rfull inner=538 gpu_seconds=0.163733833 wall_seconds=0.163969125 seconds_per_dispatch=0.000304337980 gbps=146.430886
LEG na=5 shape=mlp.down rep=18 position=3 arm=shift inner=538 gpu_seconds=0.163896333 wall_seconds=0.164145958 seconds_per_dispatch=0.000304640025 gbps=146.285702
LEG na=5 shape=mlp.down rep=18 position=4 arm=xvec inner=538 gpu_seconds=0.156429875 wall_seconds=0.156703625 seconds_per_dispatch=0.000290761849 gbps=153.267975
LEG na=5 shape=mlp.down rep=18 position=5 arm=tailfullxvec inner=538 gpu_seconds=0.156695000 wall_seconds=0.156962292 seconds_per_dispatch=0.000291254647 gbps=153.008649
LEG na=5 shape=mlp.down rep=18 position=6 arm=tailfullxvec inner=538 gpu_seconds=0.156734125 wall_seconds=0.156981083 seconds_per_dispatch=0.000291327370 gbps=152.970454
LEG na=5 shape=mlp.down rep=18 position=7 arm=xvec inner=538 gpu_seconds=0.156436625 wall_seconds=0.156683708 seconds_per_dispatch=0.000290774396 gbps=153.261362
LEG na=5 shape=mlp.down rep=18 position=8 arm=shift inner=538 gpu_seconds=0.163856708 wall_seconds=0.164110167 seconds_per_dispatch=0.000304566372 gbps=146.321078
LEG na=5 shape=mlp.down rep=18 position=9 arm=rfull inner=538 gpu_seconds=0.163415083 wall_seconds=0.163666958 seconds_per_dispatch=0.000303745508 gbps=146.716507
LEG na=5 shape=mlp.down rep=18 position=10 arm=tailfull inner=538 gpu_seconds=0.163923458 wall_seconds=0.164163292 seconds_per_dispatch=0.000304690443 gbps=146.261496
LEG na=5 shape=mlp.down rep=18 position=11 arm=plain inner=538 gpu_seconds=0.163918625 wall_seconds=0.164174000 seconds_per_dispatch=0.000304681459 gbps=146.265809
LEG na=5 shape=mlp.down rep=19 position=0 arm=plain inner=538 gpu_seconds=0.163955125 wall_seconds=0.164205708 seconds_per_dispatch=0.000304749303 gbps=146.233247
LEG na=5 shape=mlp.down rep=19 position=1 arm=tailfull inner=538 gpu_seconds=0.163437875 wall_seconds=0.163687958 seconds_per_dispatch=0.000303787872 gbps=146.696047
LEG na=5 shape=mlp.down rep=19 position=2 arm=rfull inner=538 gpu_seconds=0.163982333 wall_seconds=0.164210583 seconds_per_dispatch=0.000304799876 gbps=146.208983
LEG na=5 shape=mlp.down rep=19 position=3 arm=shift inner=538 gpu_seconds=0.163959458 wall_seconds=0.164192667 seconds_per_dispatch=0.000304757357 gbps=146.229382
LEG na=5 shape=mlp.down rep=19 position=4 arm=xvec inner=538 gpu_seconds=0.156513583 wall_seconds=0.156757292 seconds_per_dispatch=0.000290917441 gbps=153.186003
LEG na=5 shape=mlp.down rep=19 position=5 arm=tailfullxvec inner=538 gpu_seconds=0.156851125 wall_seconds=0.157138875 seconds_per_dispatch=0.000291544842 gbps=152.856349
LEG na=5 shape=mlp.down rep=19 position=6 arm=tailfullxvec inner=538 gpu_seconds=0.156895208 wall_seconds=0.157171542 seconds_per_dispatch=0.000291626781 gbps=152.813400
LEG na=5 shape=mlp.down rep=19 position=7 arm=xvec inner=538 gpu_seconds=0.156699000 wall_seconds=0.156966250 seconds_per_dispatch=0.000291262082 gbps=153.004743
LEG na=5 shape=mlp.down rep=19 position=8 arm=shift inner=538 gpu_seconds=0.163654750 wall_seconds=0.163950250 seconds_per_dispatch=0.000304190985 gbps=146.501646
LEG na=5 shape=mlp.down rep=19 position=9 arm=rfull inner=538 gpu_seconds=0.163781958 wall_seconds=0.164031125 seconds_per_dispatch=0.000304427432 gbps=146.387859
LEG na=5 shape=mlp.down rep=19 position=10 arm=tailfull inner=538 gpu_seconds=0.163755750 wall_seconds=0.164022792 seconds_per_dispatch=0.000304378718 gbps=146.411288
LEG na=5 shape=mlp.down rep=19 position=11 arm=plain inner=538 gpu_seconds=0.163763167 wall_seconds=0.164035292 seconds_per_dispatch=0.000304392503 gbps=146.404657
LEG na=5 shape=mlp.down rep=20 position=0 arm=plain inner=538 gpu_seconds=0.163759500 wall_seconds=0.164030917 seconds_per_dispatch=0.000304385688 gbps=146.407935
LEG na=5 shape=mlp.down rep=20 position=1 arm=tailfull inner=538 gpu_seconds=0.163880958 wall_seconds=0.164156250 seconds_per_dispatch=0.000304611447 gbps=146.299427
LEG na=5 shape=mlp.down rep=20 position=2 arm=rfull inner=538 gpu_seconds=0.163942375 wall_seconds=0.164220958 seconds_per_dispatch=0.000304725604 gbps=146.244619
LEG na=5 shape=mlp.down rep=20 position=3 arm=shift inner=538 gpu_seconds=0.163651333 wall_seconds=0.164005708 seconds_per_dispatch=0.000304184635 gbps=146.504704
LEG na=5 shape=mlp.down rep=20 position=4 arm=xvec inner=538 gpu_seconds=0.155675583 wall_seconds=0.156004625 seconds_per_dispatch=0.000289359820 gbps=154.010602
LEG na=5 shape=mlp.down rep=20 position=5 arm=tailfullxvec inner=538 gpu_seconds=0.156896250 wall_seconds=0.157174458 seconds_per_dispatch=0.000291628717 gbps=152.812386
LEG na=5 shape=mlp.down rep=20 position=6 arm=tailfullxvec inner=538 gpu_seconds=0.156821000 wall_seconds=0.157095583 seconds_per_dispatch=0.000291488847 gbps=152.885712
LEG na=5 shape=mlp.down rep=20 position=7 arm=xvec inner=538 gpu_seconds=0.156659000 wall_seconds=0.156938125 seconds_per_dispatch=0.000291187732 gbps=153.043810
LEG na=5 shape=mlp.down rep=20 position=8 arm=shift inner=538 gpu_seconds=0.163664625 wall_seconds=0.163932708 seconds_per_dispatch=0.000304209340 gbps=146.492806
LEG na=5 shape=mlp.down rep=20 position=9 arm=rfull inner=538 gpu_seconds=0.163757292 wall_seconds=0.164022000 seconds_per_dispatch=0.000304381583 gbps=146.409909
LEG na=5 shape=mlp.down rep=20 position=10 arm=tailfull inner=538 gpu_seconds=0.163795875 wall_seconds=0.164054917 seconds_per_dispatch=0.000304453299 gbps=146.375422
LEG na=5 shape=mlp.down rep=20 position=11 arm=plain inner=538 gpu_seconds=0.163960708 wall_seconds=0.164246250 seconds_per_dispatch=0.000304759681 gbps=146.228267
e69_cell_ab: mlp.down inner=538 legs=252 entry=64.97C exit=71.55C
SHAPE na=5 shape=mlp.down inner=538 legs=252 entry_gpu_temp_c=64.97 exit_gpu_temp_c=71.55
PARITY na=5 shape=head.compact_draft_vocab arm=tailfull differing=0 elements=491680
PARITY na=5 shape=head.compact_draft_vocab arm=rfull differing=0 elements=491680
PARITY na=5 shape=head.compact_draft_vocab arm=shift differing=0 elements=491680
PARITY na=5 shape=head.compact_draft_vocab arm=xvec differing=0 elements=491680
PARITY na=5 shape=head.compact_draft_vocab arm=tailfullxvec differing=0 elements=491680
LEG na=5 shape=head.compact_draft_vocab rep=0 position=0 arm=plain inner=95 gpu_seconds=0.151752083 wall_seconds=0.151978542 seconds_per_dispatch=0.001597390351 gbps=157.594642
LEG na=5 shape=head.compact_draft_vocab rep=0 position=1 arm=tailfull inner=95 gpu_seconds=0.151724625 wall_seconds=0.151939167 seconds_per_dispatch=0.001597101315 gbps=157.623162
LEG na=5 shape=head.compact_draft_vocab rep=0 position=2 arm=rfull inner=95 gpu_seconds=0.151630625 wall_seconds=0.151883417 seconds_per_dispatch=0.001596111843 gbps=157.720877
LEG na=5 shape=head.compact_draft_vocab rep=0 position=3 arm=shift inner=95 gpu_seconds=0.151629792 wall_seconds=0.151848292 seconds_per_dispatch=0.001596103069 gbps=157.721744
LEG na=5 shape=head.compact_draft_vocab rep=0 position=4 arm=xvec inner=95 gpu_seconds=0.147525000 wall_seconds=0.147744250 seconds_per_dispatch=0.001552894736 gbps=162.110254
LEG na=5 shape=head.compact_draft_vocab rep=0 position=5 arm=tailfullxvec inner=95 gpu_seconds=0.147889333 wall_seconds=0.148110792 seconds_per_dispatch=0.001556729824 gbps=161.710887
LEG na=5 shape=head.compact_draft_vocab rep=0 position=6 arm=tailfullxvec inner=95 gpu_seconds=0.147803833 wall_seconds=0.148019625 seconds_per_dispatch=0.001555829824 gbps=161.804431
LEG na=5 shape=head.compact_draft_vocab rep=0 position=7 arm=xvec inner=95 gpu_seconds=0.147632000 wall_seconds=0.147920083 seconds_per_dispatch=0.001554021053 gbps=161.992760
LEG na=5 shape=head.compact_draft_vocab rep=0 position=8 arm=shift inner=95 gpu_seconds=0.151673833 wall_seconds=0.151894125 seconds_per_dispatch=0.001596566667 gbps=157.675946
LEG na=5 shape=head.compact_draft_vocab rep=0 position=9 arm=rfull inner=95 gpu_seconds=0.151608250 wall_seconds=0.151835000 seconds_per_dispatch=0.001595876314 gbps=157.744155
LEG na=5 shape=head.compact_draft_vocab rep=0 position=10 arm=tailfull inner=95 gpu_seconds=0.151836125 wall_seconds=0.152062583 seconds_per_dispatch=0.001598274999 gbps=157.507413
LEG na=5 shape=head.compact_draft_vocab rep=0 position=11 arm=plain inner=95 gpu_seconds=0.151676667 wall_seconds=0.151901417 seconds_per_dispatch=0.001596596491 gbps=157.673001
LEG na=5 shape=head.compact_draft_vocab rep=1 position=0 arm=plain inner=95 gpu_seconds=0.151483833 wall_seconds=0.151697917 seconds_per_dispatch=0.001594566667 gbps=157.873713
LEG na=5 shape=head.compact_draft_vocab rep=1 position=1 arm=tailfull inner=95 gpu_seconds=0.151834375 wall_seconds=0.152037542 seconds_per_dispatch=0.001598256579 gbps=157.509228
LEG na=5 shape=head.compact_draft_vocab rep=1 position=2 arm=rfull inner=95 gpu_seconds=0.151520625 wall_seconds=0.151737875 seconds_per_dispatch=0.001594953950 gbps=157.835378
LEG na=5 shape=head.compact_draft_vocab rep=1 position=3 arm=shift inner=95 gpu_seconds=0.151648875 wall_seconds=0.151868750 seconds_per_dispatch=0.001596303948 gbps=157.701896
LEG na=5 shape=head.compact_draft_vocab rep=1 position=4 arm=xvec inner=95 gpu_seconds=0.147699667 wall_seconds=0.147920042 seconds_per_dispatch=0.001554733333 gbps=161.918546
LEG na=5 shape=head.compact_draft_vocab rep=1 position=5 arm=tailfullxvec inner=95 gpu_seconds=0.147888083 wall_seconds=0.148100500 seconds_per_dispatch=0.001556716666 gbps=161.712253
LEG na=5 shape=head.compact_draft_vocab rep=1 position=6 arm=tailfullxvec inner=95 gpu_seconds=0.147925500 wall_seconds=0.148133250 seconds_per_dispatch=0.001557110527 gbps=161.671349
LEG na=5 shape=head.compact_draft_vocab rep=1 position=7 arm=xvec inner=95 gpu_seconds=0.147610625 wall_seconds=0.147863583 seconds_per_dispatch=0.001553796053 gbps=162.016218
LEG na=5 shape=head.compact_draft_vocab rep=1 position=8 arm=shift inner=95 gpu_seconds=0.151645417 wall_seconds=0.151866500 seconds_per_dispatch=0.001596267543 gbps=157.705493
LEG na=5 shape=head.compact_draft_vocab rep=1 position=9 arm=rfull inner=95 gpu_seconds=0.151697833 wall_seconds=0.151902042 seconds_per_dispatch=0.001596819298 gbps=157.651001
LEG na=5 shape=head.compact_draft_vocab rep=1 position=10 arm=tailfull inner=95 gpu_seconds=0.151462458 wall_seconds=0.151666167 seconds_per_dispatch=0.001594341666 gbps=157.895993
LEG na=5 shape=head.compact_draft_vocab rep=1 position=11 arm=plain inner=95 gpu_seconds=0.151461125 wall_seconds=0.151721875 seconds_per_dispatch=0.001594327633 gbps=157.897382
LEG na=5 shape=head.compact_draft_vocab rep=2 position=0 arm=plain inner=95 gpu_seconds=0.151537292 wall_seconds=0.151764375 seconds_per_dispatch=0.001595129386 gbps=157.818019
LEG na=5 shape=head.compact_draft_vocab rep=2 position=1 arm=tailfull inner=95 gpu_seconds=0.151497792 wall_seconds=0.151742625 seconds_per_dispatch=0.001594713597 gbps=157.859167
LEG na=5 shape=head.compact_draft_vocab rep=2 position=2 arm=rfull inner=95 gpu_seconds=0.151668125 wall_seconds=0.151905250 seconds_per_dispatch=0.001596506580 gbps=157.681881
LEG na=5 shape=head.compact_draft_vocab rep=2 position=3 arm=shift inner=95 gpu_seconds=0.151766333 wall_seconds=0.151952167 seconds_per_dispatch=0.001597540350 gbps=157.579845
LEG na=5 shape=head.compact_draft_vocab rep=2 position=4 arm=xvec inner=95 gpu_seconds=0.147368458 wall_seconds=0.147579958 seconds_per_dispatch=0.001551246930 gbps=162.282455
LEG na=5 shape=head.compact_draft_vocab rep=2 position=5 arm=tailfullxvec inner=95 gpu_seconds=0.147631000 wall_seconds=0.147865625 seconds_per_dispatch=0.001554010527 gbps=161.993858
LEG na=5 shape=head.compact_draft_vocab rep=2 position=6 arm=tailfullxvec inner=95 gpu_seconds=0.147715000 wall_seconds=0.147988083 seconds_per_dispatch=0.001554894737 gbps=161.901738
LEG na=5 shape=head.compact_draft_vocab rep=2 position=7 arm=xvec inner=95 gpu_seconds=0.147487750 wall_seconds=0.147756125 seconds_per_dispatch=0.001552502632 gbps=162.151197
LEG na=5 shape=head.compact_draft_vocab rep=2 position=8 arm=shift inner=95 gpu_seconds=0.151600250 wall_seconds=0.151855000 seconds_per_dispatch=0.001595792106 gbps=157.752479
LEG na=5 shape=head.compact_draft_vocab rep=2 position=9 arm=rfull inner=95 gpu_seconds=0.151584875 wall_seconds=0.151858125 seconds_per_dispatch=0.001595630264 gbps=157.768479
LEG na=5 shape=head.compact_draft_vocab rep=2 position=10 arm=tailfull inner=95 gpu_seconds=0.151698750 wall_seconds=0.151985458 seconds_per_dispatch=0.001596828947 gbps=157.650048
LEG na=5 shape=head.compact_draft_vocab rep=2 position=11 arm=plain inner=95 gpu_seconds=0.151620417 wall_seconds=0.151845458 seconds_per_dispatch=0.001596004386 gbps=157.731496
LEG na=5 shape=head.compact_draft_vocab rep=3 position=0 arm=plain inner=95 gpu_seconds=0.151739667 wall_seconds=0.151954000 seconds_per_dispatch=0.001597259650 gbps=157.607537
LEG na=5 shape=head.compact_draft_vocab rep=3 position=1 arm=tailfull inner=95 gpu_seconds=0.151758833 wall_seconds=0.151971875 seconds_per_dispatch=0.001597461403 gbps=157.587632
LEG na=5 shape=head.compact_draft_vocab rep=3 position=2 arm=rfull inner=95 gpu_seconds=0.151686625 wall_seconds=0.151893917 seconds_per_dispatch=0.001596701314 gbps=157.662650
LEG na=5 shape=head.compact_draft_vocab rep=3 position=3 arm=shift inner=95 gpu_seconds=0.151741708 wall_seconds=0.151940000 seconds_per_dispatch=0.001597281141 gbps=157.605417
LEG na=5 shape=head.compact_draft_vocab rep=3 position=4 arm=xvec inner=95 gpu_seconds=0.147586833 wall_seconds=0.147788583 seconds_per_dispatch=0.001553545615 gbps=162.042336
LEG na=5 shape=head.compact_draft_vocab rep=3 position=5 arm=tailfullxvec inner=95 gpu_seconds=0.147551875 wall_seconds=0.147844292 seconds_per_dispatch=0.001553177630 gbps=162.080727
LEG na=5 shape=head.compact_draft_vocab rep=3 position=6 arm=tailfullxvec inner=95 gpu_seconds=0.147536375 wall_seconds=0.147776542 seconds_per_dispatch=0.001553014472 gbps=162.097755
LEG na=5 shape=head.compact_draft_vocab rep=3 position=7 arm=xvec inner=95 gpu_seconds=0.147334292 wall_seconds=0.147551625 seconds_per_dispatch=0.001550887280 gbps=162.320088
LEG na=5 shape=head.compact_draft_vocab rep=3 position=8 arm=shift inner=95 gpu_seconds=0.151504542 wall_seconds=0.151732958 seconds_per_dispatch=0.001594784650 gbps=157.852134
LEG na=5 shape=head.compact_draft_vocab rep=3 position=9 arm=rfull inner=95 gpu_seconds=0.151316125 wall_seconds=0.151530375 seconds_per_dispatch=0.001592801318 gbps=158.048689
LEG na=5 shape=head.compact_draft_vocab rep=3 position=10 arm=tailfull inner=95 gpu_seconds=0.151495583 wall_seconds=0.151724083 seconds_per_dispatch=0.001594690351 gbps=157.861468
LEG na=5 shape=head.compact_draft_vocab rep=3 position=11 arm=plain inner=95 gpu_seconds=0.151457458 wall_seconds=0.151699917 seconds_per_dispatch=0.001594289034 gbps=157.901205
LEG na=5 shape=head.compact_draft_vocab rep=4 position=0 arm=plain inner=95 gpu_seconds=0.151665333 wall_seconds=0.151876875 seconds_per_dispatch=0.001596477194 gbps=157.684783
LEG na=5 shape=head.compact_draft_vocab rep=4 position=1 arm=tailfull inner=95 gpu_seconds=0.151709750 wall_seconds=0.151903958 seconds_per_dispatch=0.001596944737 gbps=157.638617
LEG na=5 shape=head.compact_draft_vocab rep=4 position=2 arm=rfull inner=95 gpu_seconds=0.151820625 wall_seconds=0.152007500 seconds_per_dispatch=0.001598111844 gbps=157.523493
LEG na=5 shape=head.compact_draft_vocab rep=4 position=3 arm=shift inner=95 gpu_seconds=0.151573500 wall_seconds=0.151769333 seconds_per_dispatch=0.001595510525 gbps=157.780319
LEG na=5 shape=head.compact_draft_vocab rep=4 position=4 arm=xvec inner=95 gpu_seconds=0.147557500 wall_seconds=0.147771708 seconds_per_dispatch=0.001553236843 gbps=162.074549
LEG na=5 shape=head.compact_draft_vocab rep=4 position=5 arm=tailfullxvec inner=95 gpu_seconds=0.147877125 wall_seconds=0.148063167 seconds_per_dispatch=0.001556601317 gbps=161.724237
LEG na=5 shape=head.compact_draft_vocab rep=4 position=6 arm=tailfullxvec inner=95 gpu_seconds=0.147864417 wall_seconds=0.148068167 seconds_per_dispatch=0.001556467544 gbps=161.738136
LEG na=5 shape=head.compact_draft_vocab rep=4 position=7 arm=xvec inner=95 gpu_seconds=0.147566000 wall_seconds=0.147776500 seconds_per_dispatch=0.001553326316 gbps=162.065213
LEG na=5 shape=head.compact_draft_vocab rep=4 position=8 arm=shift inner=95 gpu_seconds=0.151787083 wall_seconds=0.151979833 seconds_per_dispatch=0.001597758772 gbps=157.558303
LEG na=5 shape=head.compact_draft_vocab rep=4 position=9 arm=rfull inner=95 gpu_seconds=0.151720375 wall_seconds=0.151914458 seconds_per_dispatch=0.001597056580 gbps=157.627578
LEG na=5 shape=head.compact_draft_vocab rep=4 position=10 arm=tailfull inner=95 gpu_seconds=0.151821083 wall_seconds=0.152017875 seconds_per_dispatch=0.001598116667 gbps=157.523018
LEG na=5 shape=head.compact_draft_vocab rep=4 position=11 arm=plain inner=95 gpu_seconds=0.151698958 wall_seconds=0.151886542 seconds_per_dispatch=0.001596831141 gbps=157.649831
LEG na=5 shape=head.compact_draft_vocab rep=5 position=0 arm=plain inner=95 gpu_seconds=0.151706250 wall_seconds=0.151914125 seconds_per_dispatch=0.001596907896 gbps=157.642254
LEG na=5 shape=head.compact_draft_vocab rep=5 position=1 arm=tailfull inner=95 gpu_seconds=0.151770750 wall_seconds=0.151959375 seconds_per_dispatch=0.001597586843 gbps=157.575259
LEG na=5 shape=head.compact_draft_vocab rep=5 position=2 arm=rfull inner=95 gpu_seconds=0.151685458 wall_seconds=0.151884000 seconds_per_dispatch=0.001596689036 gbps=157.663862
LEG na=5 shape=head.compact_draft_vocab rep=5 position=3 arm=shift inner=95 gpu_seconds=0.151843292 wall_seconds=0.152035083 seconds_per_dispatch=0.001598350439 gbps=157.499979
LEG na=5 shape=head.compact_draft_vocab rep=5 position=4 arm=xvec inner=95 gpu_seconds=0.147641458 wall_seconds=0.147909833 seconds_per_dispatch=0.001554120614 gbps=161.982383
LEG na=5 shape=head.compact_draft_vocab rep=5 position=5 arm=tailfullxvec inner=95 gpu_seconds=0.147877792 wall_seconds=0.148068792 seconds_per_dispatch=0.001556608333 gbps=161.723508
LEG na=5 shape=head.compact_draft_vocab rep=5 position=6 arm=tailfullxvec inner=95 gpu_seconds=0.147909583 wall_seconds=0.148106917 seconds_per_dispatch=0.001556942982 gbps=161.688747
LEG na=5 shape=head.compact_draft_vocab rep=5 position=7 arm=xvec inner=95 gpu_seconds=0.147575042 wall_seconds=0.147771792 seconds_per_dispatch=0.001553421492 gbps=162.055283
LEG na=5 shape=head.compact_draft_vocab rep=5 position=8 arm=shift inner=95 gpu_seconds=0.151745583 wall_seconds=0.151951333 seconds_per_dispatch=0.001597321930 gbps=157.601392
LEG na=5 shape=head.compact_draft_vocab rep=5 position=9 arm=rfull inner=95 gpu_seconds=0.151736125 wall_seconds=0.151933500 seconds_per_dispatch=0.001597222370 gbps=157.611216
LEG na=5 shape=head.compact_draft_vocab rep=5 position=10 arm=tailfull inner=95 gpu_seconds=0.151726167 wall_seconds=0.151929083 seconds_per_dispatch=0.001597117544 gbps=157.621561
LEG na=5 shape=head.compact_draft_vocab rep=5 position=11 arm=plain inner=95 gpu_seconds=0.151693500 wall_seconds=0.151908417 seconds_per_dispatch=0.001596773683 gbps=157.655504
LEG na=5 shape=head.compact_draft_vocab rep=6 position=0 arm=plain inner=95 gpu_seconds=0.151720792 wall_seconds=0.151938042 seconds_per_dispatch=0.001597060967 gbps=157.627145
LEG na=5 shape=head.compact_draft_vocab rep=6 position=1 arm=tailfull inner=95 gpu_seconds=0.151775833 wall_seconds=0.152022458 seconds_per_dispatch=0.001597640352 gbps=157.569981
LEG na=5 shape=head.compact_draft_vocab rep=6 position=2 arm=rfull inner=95 gpu_seconds=0.151691375 wall_seconds=0.151909667 seconds_per_dispatch=0.001596751316 gbps=157.657713
LEG na=5 shape=head.compact_draft_vocab rep=6 position=3 arm=shift inner=95 gpu_seconds=0.151695292 wall_seconds=0.151922458 seconds_per_dispatch=0.001596792542 gbps=157.653642
LEG na=5 shape=head.compact_draft_vocab rep=6 position=4 arm=xvec inner=95 gpu_seconds=0.147631292 wall_seconds=0.147853750 seconds_per_dispatch=0.001554013595 gbps=161.993538
LEG na=5 shape=head.compact_draft_vocab rep=6 position=5 arm=tailfullxvec inner=95 gpu_seconds=0.147928500 wall_seconds=0.148129417 seconds_per_dispatch=0.001557142106 gbps=161.668071
LEG na=5 shape=head.compact_draft_vocab rep=6 position=6 arm=tailfullxvec inner=95 gpu_seconds=0.147897000 wall_seconds=0.148089375 seconds_per_dispatch=0.001556810526 gbps=161.702504
LEG na=5 shape=head.compact_draft_vocab rep=6 position=7 arm=xvec inner=95 gpu_seconds=0.147653000 wall_seconds=0.147863958 seconds_per_dispatch=0.001554242105 gbps=161.969721
LEG na=5 shape=head.compact_draft_vocab rep=6 position=8 arm=shift inner=95 gpu_seconds=0.151711042 wall_seconds=0.151940792 seconds_per_dispatch=0.001596958335 gbps=157.637275
LEG na=5 shape=head.compact_draft_vocab rep=6 position=9 arm=rfull inner=95 gpu_seconds=0.151636125 wall_seconds=0.151846375 seconds_per_dispatch=0.001596169737 gbps=157.715157
LEG na=5 shape=head.compact_draft_vocab rep=6 position=10 arm=tailfull inner=95 gpu_seconds=0.151666750 wall_seconds=0.151880333 seconds_per_dispatch=0.001596492105 gbps=157.683310
LEG na=5 shape=head.compact_draft_vocab rep=6 position=11 arm=plain inner=95 gpu_seconds=0.151699750 wall_seconds=0.151912250 seconds_per_dispatch=0.001596839476 gbps=157.649008
LEG na=5 shape=head.compact_draft_vocab rep=7 position=0 arm=plain inner=95 gpu_seconds=0.151638708 wall_seconds=0.151852417 seconds_per_dispatch=0.001596196930 gbps=157.712470
LEG na=5 shape=head.compact_draft_vocab rep=7 position=1 arm=tailfull inner=95 gpu_seconds=0.151789792 wall_seconds=0.152033125 seconds_per_dispatch=0.001597787281 gbps=157.555491
LEG na=5 shape=head.compact_draft_vocab rep=7 position=2 arm=rfull inner=95 gpu_seconds=0.151656375 wall_seconds=0.151863125 seconds_per_dispatch=0.001596382895 gbps=157.694098
LEG na=5 shape=head.compact_draft_vocab rep=7 position=3 arm=shift inner=95 gpu_seconds=0.151739542 wall_seconds=0.151942875 seconds_per_dispatch=0.001597258333 gbps=157.607667
LEG na=5 shape=head.compact_draft_vocab rep=7 position=4 arm=xvec inner=95 gpu_seconds=0.147578000 wall_seconds=0.147803708 seconds_per_dispatch=0.001553452630 gbps=162.052035
LEG na=5 shape=head.compact_draft_vocab rep=7 position=5 arm=tailfullxvec inner=95 gpu_seconds=0.147811500 wall_seconds=0.148018083 seconds_per_dispatch=0.001555910528 gbps=161.796039
LEG na=5 shape=head.compact_draft_vocab rep=7 position=6 arm=tailfullxvec inner=95 gpu_seconds=0.147862417 wall_seconds=0.148055042 seconds_per_dispatch=0.001556446491 gbps=161.740324
LEG na=5 shape=head.compact_draft_vocab rep=7 position=7 arm=xvec inner=95 gpu_seconds=0.147471875 wall_seconds=0.147692542 seconds_per_dispatch=0.001552335526 gbps=162.168652
LEG na=5 shape=head.compact_draft_vocab rep=7 position=8 arm=shift inner=95 gpu_seconds=0.151639792 wall_seconds=0.151856458 seconds_per_dispatch=0.001596208333 gbps=157.711343
LEG na=5 shape=head.compact_draft_vocab rep=7 position=9 arm=rfull inner=95 gpu_seconds=0.151405958 wall_seconds=0.151644000 seconds_per_dispatch=0.001593746931 gbps=157.954914
LEG na=5 shape=head.compact_draft_vocab rep=7 position=10 arm=tailfull inner=95 gpu_seconds=0.151688833 wall_seconds=0.151935750 seconds_per_dispatch=0.001596724561 gbps=157.660354
LEG na=5 shape=head.compact_draft_vocab rep=7 position=11 arm=plain inner=95 gpu_seconds=0.151647167 wall_seconds=0.151872167 seconds_per_dispatch=0.001596285966 gbps=157.703673
LEG na=5 shape=head.compact_draft_vocab rep=8 position=0 arm=plain inner=95 gpu_seconds=0.151678875 wall_seconds=0.151900542 seconds_per_dispatch=0.001596619738 gbps=157.670705
LEG na=5 shape=head.compact_draft_vocab rep=8 position=1 arm=tailfull inner=95 gpu_seconds=0.151758667 wall_seconds=0.151960750 seconds_per_dispatch=0.001597459649 gbps=157.587805
LEG na=5 shape=head.compact_draft_vocab rep=8 position=2 arm=rfull inner=95 gpu_seconds=0.151660042 wall_seconds=0.151866083 seconds_per_dispatch=0.001596421491 gbps=157.690285
LEG na=5 shape=head.compact_draft_vocab rep=8 position=3 arm=shift inner=95 gpu_seconds=0.151825583 wall_seconds=0.152032167 seconds_per_dispatch=0.001598164035 gbps=157.518349
LEG na=5 shape=head.compact_draft_vocab rep=8 position=4 arm=xvec inner=95 gpu_seconds=0.147619875 wall_seconds=0.147843667 seconds_per_dispatch=0.001553893420 gbps=162.006066
LEG na=5 shape=head.compact_draft_vocab rep=8 position=5 arm=tailfullxvec inner=95 gpu_seconds=0.147815625 wall_seconds=0.148026875 seconds_per_dispatch=0.001555953949 gbps=161.791524
LEG na=5 shape=head.compact_draft_vocab rep=8 position=6 arm=tailfullxvec inner=95 gpu_seconds=0.147811375 wall_seconds=0.148025917 seconds_per_dispatch=0.001555909212 gbps=161.796176
LEG na=5 shape=head.compact_draft_vocab rep=8 position=7 arm=xvec inner=95 gpu_seconds=0.147708125 wall_seconds=0.147914917 seconds_per_dispatch=0.001554822368 gbps=161.909273
LEG na=5 shape=head.compact_draft_vocab rep=8 position=8 arm=shift inner=95 gpu_seconds=0.151783042 wall_seconds=0.151998833 seconds_per_dispatch=0.001597716228 gbps=157.562498
LEG na=5 shape=head.compact_draft_vocab rep=8 position=9 arm=rfull inner=95 gpu_seconds=0.151718375 wall_seconds=0.151926542 seconds_per_dispatch=0.001597035527 gbps=157.629656
LEG na=5 shape=head.compact_draft_vocab rep=8 position=10 arm=tailfull inner=95 gpu_seconds=0.151696875 wall_seconds=0.151900292 seconds_per_dispatch=0.001596809213 gbps=157.651996
LEG na=5 shape=head.compact_draft_vocab rep=8 position=11 arm=plain inner=95 gpu_seconds=0.151719250 wall_seconds=0.151927500 seconds_per_dispatch=0.001597044737 gbps=157.628746
LEG na=5 shape=head.compact_draft_vocab rep=9 position=0 arm=plain inner=95 gpu_seconds=0.151670667 wall_seconds=0.151897083 seconds_per_dispatch=0.001596533333 gbps=157.679238
LEG na=5 shape=head.compact_draft_vocab rep=9 position=1 arm=tailfull inner=95 gpu_seconds=0.151855583 wall_seconds=0.152040125 seconds_per_dispatch=0.001598479824 gbps=157.487230
LEG na=5 shape=head.compact_draft_vocab rep=9 position=2 arm=rfull inner=95 gpu_seconds=0.151769625 wall_seconds=0.151963458 seconds_per_dispatch=0.001597575000 gbps=157.576427
LEG na=5 shape=head.compact_draft_vocab rep=9 position=3 arm=shift inner=95 gpu_seconds=0.151411958 wall_seconds=0.151633833 seconds_per_dispatch=0.001593810087 gbps=157.948655
LEG na=5 shape=head.compact_draft_vocab rep=9 position=4 arm=xvec inner=95 gpu_seconds=0.147385042 wall_seconds=0.147604000 seconds_per_dispatch=0.001551421492 gbps=162.264195
LEG na=5 shape=head.compact_draft_vocab rep=9 position=5 arm=tailfullxvec inner=95 gpu_seconds=0.147593125 wall_seconds=0.147830125 seconds_per_dispatch=0.001553611842 gbps=162.035428
LEG na=5 shape=head.compact_draft_vocab rep=9 position=6 arm=tailfullxvec inner=95 gpu_seconds=0.147593542 wall_seconds=0.147811000 seconds_per_dispatch=0.001553616227 gbps=162.034971
LEG na=5 shape=head.compact_draft_vocab rep=9 position=7 arm=xvec inner=95 gpu_seconds=0.147291208 wall_seconds=0.147517333 seconds_per_dispatch=0.001550433772 gbps=162.367567
LEG na=5 shape=head.compact_draft_vocab rep=9 position=8 arm=shift inner=95 gpu_seconds=0.151457875 wall_seconds=0.151675958 seconds_per_dispatch=0.001594293421 gbps=157.900771
LEG na=5 shape=head.compact_draft_vocab rep=9 position=9 arm=rfull inner=95 gpu_seconds=0.151452625 wall_seconds=0.151672750 seconds_per_dispatch=0.001594238160 gbps=157.906244
LEG na=5 shape=head.compact_draft_vocab rep=9 position=10 arm=tailfull inner=95 gpu_seconds=0.151811333 wall_seconds=0.152015667 seconds_per_dispatch=0.001598014036 gbps=157.533135
LEG na=5 shape=head.compact_draft_vocab rep=9 position=11 arm=plain inner=95 gpu_seconds=0.151730375 wall_seconds=0.151936167 seconds_per_dispatch=0.001597161841 gbps=157.617189
LEG na=5 shape=head.compact_draft_vocab rep=10 position=0 arm=plain inner=95 gpu_seconds=0.151669333 wall_seconds=0.151867125 seconds_per_dispatch=0.001596519297 gbps=157.680625
LEG na=5 shape=head.compact_draft_vocab rep=10 position=1 arm=tailfull inner=95 gpu_seconds=0.151762958 wall_seconds=0.151959542 seconds_per_dispatch=0.001597504825 gbps=157.583349
LEG na=5 shape=head.compact_draft_vocab rep=10 position=2 arm=rfull inner=95 gpu_seconds=0.151687125 wall_seconds=0.151961708 seconds_per_dispatch=0.001596706579 gbps=157.662130
LEG na=5 shape=head.compact_draft_vocab rep=10 position=3 arm=shift inner=95 gpu_seconds=0.151859125 wall_seconds=0.152045542 seconds_per_dispatch=0.001598517107 gbps=157.483557
LEG na=5 shape=head.compact_draft_vocab rep=10 position=4 arm=xvec inner=95 gpu_seconds=0.147645875 wall_seconds=0.147925667 seconds_per_dispatch=0.001554167106 gbps=161.977537
LEG na=5 shape=head.compact_draft_vocab rep=10 position=5 arm=tailfullxvec inner=95 gpu_seconds=0.147878208 wall_seconds=0.148074625 seconds_per_dispatch=0.001556612718 gbps=161.723052
LEG na=5 shape=head.compact_draft_vocab rep=10 position=6 arm=tailfullxvec inner=95 gpu_seconds=0.147907750 wall_seconds=0.148102000 seconds_per_dispatch=0.001556923684 gbps=161.690751
LEG na=5 shape=head.compact_draft_vocab rep=10 position=7 arm=xvec inner=95 gpu_seconds=0.147584375 wall_seconds=0.147777833 seconds_per_dispatch=0.001553519737 gbps=162.045035
LEG na=5 shape=head.compact_draft_vocab rep=10 position=8 arm=shift inner=95 gpu_seconds=0.151690042 wall_seconds=0.151896250 seconds_per_dispatch=0.001596737283 gbps=157.659098
LEG na=5 shape=head.compact_draft_vocab rep=10 position=9 arm=rfull inner=95 gpu_seconds=0.151696458 wall_seconds=0.151887167 seconds_per_dispatch=0.001596804823 gbps=157.652430
LEG na=5 shape=head.compact_draft_vocab rep=10 position=10 arm=tailfull inner=95 gpu_seconds=0.151838542 wall_seconds=0.152033833 seconds_per_dispatch=0.001598300439 gbps=157.504906
LEG na=5 shape=head.compact_draft_vocab rep=10 position=11 arm=plain inner=95 gpu_seconds=0.151695542 wall_seconds=0.151890708 seconds_per_dispatch=0.001596795177 gbps=157.653382
LEG na=5 shape=head.compact_draft_vocab rep=11 position=0 arm=plain inner=95 gpu_seconds=0.151822750 wall_seconds=0.152012458 seconds_per_dispatch=0.001598134210 gbps=157.521288
LEG na=5 shape=head.compact_draft_vocab rep=11 position=1 arm=tailfull inner=95 gpu_seconds=0.151834250 wall_seconds=0.152016708 seconds_per_dispatch=0.001598255265 gbps=157.509358
LEG na=5 shape=head.compact_draft_vocab rep=11 position=2 arm=rfull inner=95 gpu_seconds=0.151787167 wall_seconds=0.151989083 seconds_per_dispatch=0.001597759650 gbps=157.558216
LEG na=5 shape=head.compact_draft_vocab rep=11 position=3 arm=shift inner=95 gpu_seconds=0.151725542 wall_seconds=0.151937792 seconds_per_dispatch=0.001597110966 gbps=157.622210
LEG na=5 shape=head.compact_draft_vocab rep=11 position=4 arm=xvec inner=95 gpu_seconds=0.147531917 wall_seconds=0.147718125 seconds_per_dispatch=0.001552967543 gbps=162.102654
LEG na=5 shape=head.compact_draft_vocab rep=11 position=5 arm=tailfullxvec inner=95 gpu_seconds=0.147829292 wall_seconds=0.148022292 seconds_per_dispatch=0.001556097807 gbps=161.776566
LEG na=5 shape=head.compact_draft_vocab rep=11 position=6 arm=tailfullxvec inner=95 gpu_seconds=0.147882000 wall_seconds=0.148084875 seconds_per_dispatch=0.001556652632 gbps=161.718906
LEG na=5 shape=head.compact_draft_vocab rep=11 position=7 arm=xvec inner=95 gpu_seconds=0.147620875 wall_seconds=0.147811625 seconds_per_dispatch=0.001553903947 gbps=162.004969
LEG na=5 shape=head.compact_draft_vocab rep=11 position=8 arm=shift inner=95 gpu_seconds=0.151805125 wall_seconds=0.152000000 seconds_per_dispatch=0.001597948684 gbps=157.539577
LEG na=5 shape=head.compact_draft_vocab rep=11 position=9 arm=rfull inner=95 gpu_seconds=0.151623125 wall_seconds=0.151834708 seconds_per_dispatch=0.001596032894 gbps=157.728679
LEG na=5 shape=head.compact_draft_vocab rep=11 position=10 arm=tailfull inner=95 gpu_seconds=0.151674750 wall_seconds=0.151890833 seconds_per_dispatch=0.001596576316 gbps=157.674993
LEG na=5 shape=head.compact_draft_vocab rep=11 position=11 arm=plain inner=95 gpu_seconds=0.151715625 wall_seconds=0.151928542 seconds_per_dispatch=0.001597006577 gbps=157.632513
LEG na=5 shape=head.compact_draft_vocab rep=12 position=0 arm=plain inner=95 gpu_seconds=0.151714625 wall_seconds=0.151933417 seconds_per_dispatch=0.001596996051 gbps=157.633552
LEG na=5 shape=head.compact_draft_vocab rep=12 position=1 arm=tailfull inner=95 gpu_seconds=0.151823833 wall_seconds=0.152041833 seconds_per_dispatch=0.001598145614 gbps=157.520164
LEG na=5 shape=head.compact_draft_vocab rep=12 position=2 arm=rfull inner=95 gpu_seconds=0.151621542 wall_seconds=0.151842458 seconds_per_dispatch=0.001596016228 gbps=157.730326
LEG na=5 shape=head.compact_draft_vocab rep=12 position=3 arm=shift inner=95 gpu_seconds=0.151720250 wall_seconds=0.151932583 seconds_per_dispatch=0.001597055263 gbps=157.627708
LEG na=5 shape=head.compact_draft_vocab rep=12 position=4 arm=xvec inner=95 gpu_seconds=0.147566125 wall_seconds=0.147787708 seconds_per_dispatch=0.001553327632 gbps=162.065076
LEG na=5 shape=head.compact_draft_vocab rep=12 position=5 arm=tailfullxvec inner=95 gpu_seconds=0.147861625 wall_seconds=0.148065208 seconds_per_dispatch=0.001556438159 gbps=161.741190
LEG na=5 shape=head.compact_draft_vocab rep=12 position=6 arm=tailfullxvec inner=95 gpu_seconds=0.147831417 wall_seconds=0.148045875 seconds_per_dispatch=0.001556120176 gbps=161.774241
LEG na=5 shape=head.compact_draft_vocab rep=12 position=7 arm=xvec inner=95 gpu_seconds=0.147695875 wall_seconds=0.147906167 seconds_per_dispatch=0.001554693421 gbps=161.922702
LEG na=5 shape=head.compact_draft_vocab rep=12 position=8 arm=shift inner=95 gpu_seconds=0.151736750 wall_seconds=0.151950875 seconds_per_dispatch=0.001597228948 gbps=157.610567
LEG na=5 shape=head.compact_draft_vocab rep=12 position=9 arm=rfull inner=95 gpu_seconds=0.151639375 wall_seconds=0.151853292 seconds_per_dispatch=0.001596203946 gbps=157.711776
LEG na=5 shape=head.compact_draft_vocab rep=12 position=10 arm=tailfull inner=95 gpu_seconds=0.151666250 wall_seconds=0.151890250 seconds_per_dispatch=0.001596486843 gbps=157.683830
LEG na=5 shape=head.compact_draft_vocab rep=12 position=11 arm=plain inner=95 gpu_seconds=0.151615667 wall_seconds=0.151854792 seconds_per_dispatch=0.001595954386 gbps=157.736438
LEG na=5 shape=head.compact_draft_vocab rep=13 position=0 arm=plain inner=95 gpu_seconds=0.151604000 wall_seconds=0.151822625 seconds_per_dispatch=0.001595831579 gbps=157.748577
LEG na=5 shape=head.compact_draft_vocab rep=13 position=1 arm=tailfull inner=95 gpu_seconds=0.151785291 wall_seconds=0.151984125 seconds_per_dispatch=0.001597739911 gbps=157.560163
LEG na=5 shape=head.compact_draft_vocab rep=13 position=2 arm=rfull inner=95 gpu_seconds=0.151660250 wall_seconds=0.151867583 seconds_per_dispatch=0.001596423682 gbps=157.690069
LEG na=5 shape=head.compact_draft_vocab rep=13 position=3 arm=shift inner=95 gpu_seconds=0.151803666 wall_seconds=0.152016542 seconds_per_dispatch=0.001597933332 gbps=157.541091
LEG na=5 shape=head.compact_draft_vocab rep=13 position=4 arm=xvec inner=95 gpu_seconds=0.148081625 wall_seconds=0.148251000 seconds_per_dispatch=0.001558753949 gbps=161.500896
LEG na=5 shape=head.compact_draft_vocab rep=13 position=5 arm=tailfullxvec inner=95 gpu_seconds=0.148921875 wall_seconds=0.149140208 seconds_per_dispatch=0.001567598685 gbps=160.589673
LEG na=5 shape=head.compact_draft_vocab rep=13 position=6 arm=tailfullxvec inner=95 gpu_seconds=0.148664875 wall_seconds=0.148876458 seconds_per_dispatch=0.001564893421 gbps=160.867288
LEG na=5 shape=head.compact_draft_vocab rep=13 position=7 arm=xvec inner=95 gpu_seconds=0.148565500 wall_seconds=0.148783375 seconds_per_dispatch=0.001563847369 gbps=160.974891
LEG na=5 shape=head.compact_draft_vocab rep=13 position=8 arm=shift inner=95 gpu_seconds=0.152829208 wall_seconds=0.153068292 seconds_per_dispatch=0.001608728510 gbps=156.483930
LEG na=5 shape=head.compact_draft_vocab rep=13 position=9 arm=rfull inner=95 gpu_seconds=0.152298375 wall_seconds=0.152454208 seconds_per_dispatch=0.001603140790 gbps=157.029352
LEG na=5 shape=head.compact_draft_vocab rep=13 position=10 arm=tailfull inner=95 gpu_seconds=0.152750583 wall_seconds=0.153009542 seconds_per_dispatch=0.001607900878 gbps=156.564477
LEG na=5 shape=head.compact_draft_vocab rep=13 position=11 arm=plain inner=95 gpu_seconds=0.152322875 wall_seconds=0.152588417 seconds_per_dispatch=0.001603398683 gbps=157.004096
LEG na=5 shape=head.compact_draft_vocab rep=14 position=0 arm=plain inner=95 gpu_seconds=0.152031458 wall_seconds=0.152309250 seconds_per_dispatch=0.001600331142 gbps=157.305044
LEG na=5 shape=head.compact_draft_vocab rep=14 position=1 arm=tailfull inner=95 gpu_seconds=0.152440458 wall_seconds=0.152769333 seconds_per_dispatch=0.001604636403 gbps=156.882992
LEG na=5 shape=head.compact_draft_vocab rep=14 position=2 arm=rfull inner=95 gpu_seconds=0.152328792 wall_seconds=0.152572708 seconds_per_dispatch=0.001603460966 gbps=156.997997
LEG na=5 shape=head.compact_draft_vocab rep=14 position=3 arm=shift inner=95 gpu_seconds=0.152115375 wall_seconds=0.152363792 seconds_per_dispatch=0.001601214474 gbps=157.218264
LEG na=5 shape=head.compact_draft_vocab rep=14 position=4 arm=xvec inner=95 gpu_seconds=0.148295000 wall_seconds=0.148519417 seconds_per_dispatch=0.001561000000 gbps=161.268520
LEG na=5 shape=head.compact_draft_vocab rep=14 position=5 arm=tailfullxvec inner=95 gpu_seconds=0.147886625 wall_seconds=0.148113792 seconds_per_dispatch=0.001556701316 gbps=161.713848
LEG na=5 shape=head.compact_draft_vocab rep=14 position=6 arm=tailfullxvec inner=95 gpu_seconds=0.147894167 wall_seconds=0.148126500 seconds_per_dispatch=0.001556780702 gbps=161.705602
LEG na=5 shape=head.compact_draft_vocab rep=14 position=7 arm=xvec inner=95 gpu_seconds=0.147566208 wall_seconds=0.147781875 seconds_per_dispatch=0.001553328509 gbps=162.064984
LEG na=5 shape=head.compact_draft_vocab rep=14 position=8 arm=shift inner=95 gpu_seconds=0.151750375 wall_seconds=0.151928958 seconds_per_dispatch=0.001597372367 gbps=157.596416
LEG na=5 shape=head.compact_draft_vocab rep=14 position=9 arm=rfull inner=95 gpu_seconds=0.151719042 wall_seconds=0.151914292 seconds_per_dispatch=0.001597042544 gbps=157.628963
LEG na=5 shape=head.compact_draft_vocab rep=14 position=10 arm=tailfull inner=95 gpu_seconds=0.151733458 wall_seconds=0.151930125 seconds_per_dispatch=0.001597194298 gbps=157.613986
LEG na=5 shape=head.compact_draft_vocab rep=14 position=11 arm=plain inner=95 gpu_seconds=0.151930042 wall_seconds=0.152133667 seconds_per_dispatch=0.001599263596 gbps=157.410048
LEG na=5 shape=head.compact_draft_vocab rep=15 position=0 arm=plain inner=95 gpu_seconds=0.151577208 wall_seconds=0.151781833 seconds_per_dispatch=0.001595549562 gbps=157.776459
LEG na=5 shape=head.compact_draft_vocab rep=15 position=1 arm=tailfull inner=95 gpu_seconds=0.151714833 wall_seconds=0.151941375 seconds_per_dispatch=0.001596998244 gbps=157.633335
LEG na=5 shape=head.compact_draft_vocab rep=15 position=2 arm=rfull inner=95 gpu_seconds=0.151413500 wall_seconds=0.151616708 seconds_per_dispatch=0.001593826317 gbps=157.947047
LEG na=5 shape=head.compact_draft_vocab rep=15 position=3 arm=shift inner=95 gpu_seconds=0.151693458 wall_seconds=0.151892625 seconds_per_dispatch=0.001596773244 gbps=157.655547
LEG na=5 shape=head.compact_draft_vocab rep=15 position=4 arm=xvec inner=95 gpu_seconds=0.147637375 wall_seconds=0.147833083 seconds_per_dispatch=0.001554077633 gbps=161.986863
LEG na=5 shape=head.compact_draft_vocab rep=15 position=5 arm=tailfullxvec inner=95 gpu_seconds=0.147905875 wall_seconds=0.148107333 seconds_per_dispatch=0.001556903947 gbps=161.692801
LEG na=5 shape=head.compact_draft_vocab rep=15 position=6 arm=tailfullxvec inner=95 gpu_seconds=0.147881250 wall_seconds=0.148067875 seconds_per_dispatch=0.001556644736 gbps=161.719726
LEG na=5 shape=head.compact_draft_vocab rep=15 position=7 arm=xvec inner=95 gpu_seconds=0.147644583 wall_seconds=0.147844125 seconds_per_dispatch=0.001554153509 gbps=161.978954
LEG na=5 shape=head.compact_draft_vocab rep=15 position=8 arm=shift inner=95 gpu_seconds=0.151694458 wall_seconds=0.151911167 seconds_per_dispatch=0.001596783773 gbps=157.654508
LEG na=5 shape=head.compact_draft_vocab rep=15 position=9 arm=rfull inner=95 gpu_seconds=0.151699000 wall_seconds=0.151886042 seconds_per_dispatch=0.001596831577 gbps=157.649788
LEG na=5 shape=head.compact_draft_vocab rep=15 position=10 arm=tailfull inner=95 gpu_seconds=0.151555000 wall_seconds=0.151743167 seconds_per_dispatch=0.001595315791 gbps=157.799579
LEG na=5 shape=head.compact_draft_vocab rep=15 position=11 arm=plain inner=95 gpu_seconds=0.151765625 wall_seconds=0.151972667 seconds_per_dispatch=0.001597532895 gbps=157.580580
LEG na=5 shape=head.compact_draft_vocab rep=16 position=0 arm=plain inner=95 gpu_seconds=0.151601625 wall_seconds=0.151791167 seconds_per_dispatch=0.001595806580 gbps=157.751048
LEG na=5 shape=head.compact_draft_vocab rep=16 position=1 arm=tailfull inner=95 gpu_seconds=0.151904250 wall_seconds=0.152097792 seconds_per_dispatch=0.001598992106 gbps=157.436775
LEG na=5 shape=head.compact_draft_vocab rep=16 position=2 arm=rfull inner=95 gpu_seconds=0.151708208 wall_seconds=0.151909000 seconds_per_dispatch=0.001596928508 gbps=157.640219
LEG na=5 shape=head.compact_draft_vocab rep=16 position=3 arm=shift inner=95 gpu_seconds=0.151697125 wall_seconds=0.151873208 seconds_per_dispatch=0.001596811843 gbps=157.651737
LEG na=5 shape=head.compact_draft_vocab rep=16 position=4 arm=xvec inner=95 gpu_seconds=0.147696042 wall_seconds=0.147900417 seconds_per_dispatch=0.001554695174 gbps=161.922520
LEG na=5 shape=head.compact_draft_vocab rep=16 position=5 arm=tailfullxvec inner=95 gpu_seconds=0.147814875 wall_seconds=0.147998875 seconds_per_dispatch=0.001555946053 gbps=161.792345
LEG na=5 shape=head.compact_draft_vocab rep=16 position=6 arm=tailfullxvec inner=95 gpu_seconds=0.147888500 wall_seconds=0.148071250 seconds_per_dispatch=0.001556721053 gbps=161.711798
LEG na=5 shape=head.compact_draft_vocab rep=16 position=7 arm=xvec inner=95 gpu_seconds=0.147626167 wall_seconds=0.147818667 seconds_per_dispatch=0.001553959649 gbps=161.999161
LEG na=5 shape=head.compact_draft_vocab rep=16 position=8 arm=shift inner=95 gpu_seconds=0.151786250 wall_seconds=0.151991833 seconds_per_dispatch=0.001597750001 gbps=157.559168
LEG na=5 shape=head.compact_draft_vocab rep=16 position=9 arm=rfull inner=95 gpu_seconds=0.151678125 wall_seconds=0.151874583 seconds_per_dispatch=0.001596611844 gbps=157.671485
LEG na=5 shape=head.compact_draft_vocab rep=16 position=10 arm=tailfull inner=95 gpu_seconds=0.151843000 wall_seconds=0.152044250 seconds_per_dispatch=0.001598347368 gbps=157.500281
LEG na=5 shape=head.compact_draft_vocab rep=16 position=11 arm=plain inner=95 gpu_seconds=0.151700250 wall_seconds=0.151858333 seconds_per_dispatch=0.001596844736 gbps=157.648489
LEG na=5 shape=head.compact_draft_vocab rep=17 position=0 arm=plain inner=95 gpu_seconds=0.151825125 wall_seconds=0.152008167 seconds_per_dispatch=0.001598159209 gbps=157.518825
LEG na=5 shape=head.compact_draft_vocab rep=17 position=1 arm=tailfull inner=95 gpu_seconds=0.151809959 wall_seconds=0.151982750 seconds_per_dispatch=0.001597999563 gbps=157.534561
LEG na=5 shape=head.compact_draft_vocab rep=17 position=2 arm=rfull inner=95 gpu_seconds=0.151735625 wall_seconds=0.151934500 seconds_per_dispatch=0.001597217105 gbps=157.611736
LEG na=5 shape=head.compact_draft_vocab rep=17 position=3 arm=shift inner=95 gpu_seconds=0.151710125 wall_seconds=0.151907083 seconds_per_dispatch=0.001596948686 gbps=157.638227
LEG na=5 shape=head.compact_draft_vocab rep=17 position=4 arm=xvec inner=95 gpu_seconds=0.147557125 wall_seconds=0.147759875 seconds_per_dispatch=0.001553232894 gbps=162.074961
LEG na=5 shape=head.compact_draft_vocab rep=17 position=5 arm=tailfullxvec inner=95 gpu_seconds=0.147886250 wall_seconds=0.148072417 seconds_per_dispatch=0.001556697370 gbps=161.714258
LEG na=5 shape=head.compact_draft_vocab rep=17 position=6 arm=tailfullxvec inner=95 gpu_seconds=0.147938750 wall_seconds=0.148126042 seconds_per_dispatch=0.001557250000 gbps=161.656869
LEG na=5 shape=head.compact_draft_vocab rep=17 position=7 arm=xvec inner=95 gpu_seconds=0.147495167 wall_seconds=0.147695125 seconds_per_dispatch=0.001552580701 gbps=162.143043
LEG na=5 shape=head.compact_draft_vocab rep=17 position=8 arm=shift inner=95 gpu_seconds=0.151740542 wall_seconds=0.151961958 seconds_per_dispatch=0.001597268860 gbps=157.606629
LEG na=5 shape=head.compact_draft_vocab rep=17 position=9 arm=rfull inner=95 gpu_seconds=0.151692208 wall_seconds=0.151903792 seconds_per_dispatch=0.001596760088 gbps=157.656846
LEG na=5 shape=head.compact_draft_vocab rep=17 position=10 arm=tailfull inner=95 gpu_seconds=0.151675542 wall_seconds=0.151897833 seconds_per_dispatch=0.001596584649 gbps=157.674170
LEG na=5 shape=head.compact_draft_vocab rep=17 position=11 arm=plain inner=95 gpu_seconds=0.151585833 wall_seconds=0.151800125 seconds_per_dispatch=0.001595640352 gbps=157.767482
LEG na=5 shape=head.compact_draft_vocab rep=18 position=0 arm=plain inner=95 gpu_seconds=0.151705250 wall_seconds=0.151918333 seconds_per_dispatch=0.001596897367 gbps=157.643293
LEG na=5 shape=head.compact_draft_vocab rep=18 position=1 arm=tailfull inner=95 gpu_seconds=0.151749458 wall_seconds=0.151961042 seconds_per_dispatch=0.001597362720 gbps=157.597368
LEG na=5 shape=head.compact_draft_vocab rep=18 position=2 arm=rfull inner=95 gpu_seconds=0.151673125 wall_seconds=0.151883125 seconds_per_dispatch=0.001596559212 gbps=157.676683
LEG na=5 shape=head.compact_draft_vocab rep=18 position=3 arm=shift inner=95 gpu_seconds=0.151723542 wall_seconds=0.151927875 seconds_per_dispatch=0.001597089911 gbps=157.624288
LEG na=5 shape=head.compact_draft_vocab rep=18 position=4 arm=xvec inner=95 gpu_seconds=0.147579542 wall_seconds=0.147807042 seconds_per_dispatch=0.001553468860 gbps=162.050342
LEG na=5 shape=head.compact_draft_vocab rep=18 position=5 arm=tailfullxvec inner=95 gpu_seconds=0.147833375 wall_seconds=0.148042208 seconds_per_dispatch=0.001556140790 gbps=161.772098
LEG na=5 shape=head.compact_draft_vocab rep=18 position=6 arm=tailfullxvec inner=95 gpu_seconds=0.147813875 wall_seconds=0.148024333 seconds_per_dispatch=0.001555935526 gbps=161.793439
LEG na=5 shape=head.compact_draft_vocab rep=18 position=7 arm=xvec inner=95 gpu_seconds=0.147599958 wall_seconds=0.147819208 seconds_per_dispatch=0.001553683772 gbps=162.027926
LEG na=5 shape=head.compact_draft_vocab rep=18 position=8 arm=shift inner=95 gpu_seconds=0.151638125 wall_seconds=0.151850583 seconds_per_dispatch=0.001596190790 gbps=157.713076
LEG na=5 shape=head.compact_draft_vocab rep=18 position=9 arm=rfull inner=95 gpu_seconds=0.151620125 wall_seconds=0.151876333 seconds_per_dispatch=0.001596001315 gbps=157.731800
LEG na=5 shape=head.compact_draft_vocab rep=18 position=10 arm=tailfull inner=95 gpu_seconds=0.151670625 wall_seconds=0.151888167 seconds_per_dispatch=0.001596532894 gbps=157.679282
LEG na=5 shape=head.compact_draft_vocab rep=18 position=11 arm=plain inner=95 gpu_seconds=0.151668917 wall_seconds=0.151883958 seconds_per_dispatch=0.001596514913 gbps=157.681058
LEG na=5 shape=head.compact_draft_vocab rep=19 position=0 arm=plain inner=95 gpu_seconds=0.151626125 wall_seconds=0.151839708 seconds_per_dispatch=0.001596064473 gbps=157.725558
LEG na=5 shape=head.compact_draft_vocab rep=19 position=1 arm=tailfull inner=95 gpu_seconds=0.151830625 wall_seconds=0.152036000 seconds_per_dispatch=0.001598217105 gbps=157.513118
LEG na=5 shape=head.compact_draft_vocab rep=19 position=2 arm=rfull inner=95 gpu_seconds=0.151717375 wall_seconds=0.151933708 seconds_per_dispatch=0.001597024998 gbps=157.630695
LEG na=5 shape=head.compact_draft_vocab rep=19 position=3 arm=shift inner=95 gpu_seconds=0.151662500 wall_seconds=0.151850583 seconds_per_dispatch=0.001596447370 gbps=157.687729
LEG na=5 shape=head.compact_draft_vocab rep=19 position=4 arm=xvec inner=95 gpu_seconds=0.147404458 wall_seconds=0.147610167 seconds_per_dispatch=0.001551625878 gbps=162.242821
LEG na=5 shape=head.compact_draft_vocab rep=19 position=5 arm=tailfullxvec inner=95 gpu_seconds=0.147593875 wall_seconds=0.147841292 seconds_per_dispatch=0.001553619736 gbps=162.034605
LEG na=5 shape=head.compact_draft_vocab rep=19 position=6 arm=tailfullxvec inner=95 gpu_seconds=0.147650958 wall_seconds=0.147886417 seconds_per_dispatch=0.001554220613 gbps=161.971961
LEG na=5 shape=head.compact_draft_vocab rep=19 position=7 arm=xvec inner=95 gpu_seconds=0.147366875 wall_seconds=0.147598583 seconds_per_dispatch=0.001551230262 gbps=162.284199
LEG na=5 shape=head.compact_draft_vocab rep=19 position=8 arm=shift inner=95 gpu_seconds=0.151648875 wall_seconds=0.151905250 seconds_per_dispatch=0.001596303948 gbps=157.701896
LEG na=5 shape=head.compact_draft_vocab rep=19 position=9 arm=rfull inner=95 gpu_seconds=0.151771458 wall_seconds=0.151979375 seconds_per_dispatch=0.001597594298 gbps=157.574523
LEG na=5 shape=head.compact_draft_vocab rep=19 position=10 arm=tailfull inner=95 gpu_seconds=0.151739292 wall_seconds=0.151953333 seconds_per_dispatch=0.001597255701 gbps=157.607927
LEG na=5 shape=head.compact_draft_vocab rep=19 position=11 arm=plain inner=95 gpu_seconds=0.151709000 wall_seconds=0.151914458 seconds_per_dispatch=0.001596936843 gbps=157.639396
LEG na=5 shape=head.compact_draft_vocab rep=20 position=0 arm=plain inner=95 gpu_seconds=0.151764083 wall_seconds=0.151981667 seconds_per_dispatch=0.001597516668 gbps=157.582181
LEG na=5 shape=head.compact_draft_vocab rep=20 position=1 arm=tailfull inner=95 gpu_seconds=0.151703958 wall_seconds=0.151922583 seconds_per_dispatch=0.001596883773 gbps=157.644635
LEG na=5 shape=head.compact_draft_vocab rep=20 position=2 arm=rfull inner=95 gpu_seconds=0.151640292 wall_seconds=0.151830750 seconds_per_dispatch=0.001596213595 gbps=157.710823
LEG na=5 shape=head.compact_draft_vocab rep=20 position=3 arm=shift inner=95 gpu_seconds=0.151787500 wall_seconds=0.151970000 seconds_per_dispatch=0.001597763157 gbps=157.557870
LEG na=5 shape=head.compact_draft_vocab rep=20 position=4 arm=xvec inner=95 gpu_seconds=0.147420292 wall_seconds=0.147620375 seconds_per_dispatch=0.001551792543 gbps=162.225396
LEG na=5 shape=head.compact_draft_vocab rep=20 position=5 arm=tailfullxvec inner=95 gpu_seconds=0.147905583 wall_seconds=0.148090500 seconds_per_dispatch=0.001556900876 gbps=161.693120
LEG na=5 shape=head.compact_draft_vocab rep=20 position=6 arm=tailfullxvec inner=95 gpu_seconds=0.147809000 wall_seconds=0.148021958 seconds_per_dispatch=0.001555884210 gbps=161.798775
LEG na=5 shape=head.compact_draft_vocab rep=20 position=7 arm=xvec inner=95 gpu_seconds=0.147595167 wall_seconds=0.147807042 seconds_per_dispatch=0.001553633334 gbps=162.033187
LEG na=5 shape=head.compact_draft_vocab rep=20 position=8 arm=shift inner=95 gpu_seconds=0.151753625 wall_seconds=0.151963458 seconds_per_dispatch=0.001597406578 gbps=157.593041
LEG na=5 shape=head.compact_draft_vocab rep=20 position=9 arm=rfull inner=95 gpu_seconds=0.151852083 wall_seconds=0.152047083 seconds_per_dispatch=0.001598442981 gbps=157.490860
LEG na=5 shape=head.compact_draft_vocab rep=20 position=10 arm=tailfull inner=95 gpu_seconds=0.151681375 wall_seconds=0.151897583 seconds_per_dispatch=0.001596646053 gbps=157.668107
LEG na=5 shape=head.compact_draft_vocab rep=20 position=11 arm=plain inner=95 gpu_seconds=0.151480250 wall_seconds=0.151705083 seconds_per_dispatch=0.001594528946 gbps=157.877448
e69_cell_ab: head.compact_draft_vocab inner=95 legs=252 entry=66.90C exit=70.31C
SHAPE na=5 shape=head.compact_draft_vocab inner=95 legs=252 entry_gpu_temp_c=66.90 exit_gpu_temp_c=70.31
PARITY na=5 shape=head.lm_head arm=tailfull differing=0 elements=1241600
PARITY na=5 shape=head.lm_head arm=rfull differing=0 elements=1241600
PARITY na=5 shape=head.lm_head arm=shift differing=0 elements=1241600
PARITY na=5 shape=head.lm_head arm=xvec differing=0 elements=1241600
PARITY na=5 shape=head.lm_head arm=tailfullxvec differing=0 elements=1241600
LEG na=5 shape=head.lm_head rep=0 position=0 arm=plain inner=37 gpu_seconds=0.148450875 wall_seconds=0.148656167 seconds_per_dispatch=0.004012185816 gbps=158.442113
LEG na=5 shape=head.lm_head rep=0 position=1 arm=tailfull inner=37 gpu_seconds=0.148512125 wall_seconds=0.148701250 seconds_per_dispatch=0.004013841217 gbps=158.376768
LEG na=5 shape=head.lm_head rep=0 position=2 arm=rfull inner=37 gpu_seconds=0.148487875 wall_seconds=0.148695250 seconds_per_dispatch=0.004013185805 gbps=158.402633
LEG na=5 shape=head.lm_head rep=0 position=3 arm=shift inner=37 gpu_seconds=0.148601708 wall_seconds=0.148813875 seconds_per_dispatch=0.004016262385 gbps=158.281292
LEG na=5 shape=head.lm_head rep=0 position=4 arm=xvec inner=37 gpu_seconds=0.144628917 wall_seconds=0.144928625 seconds_per_dispatch=0.003908889639 gbps=162.629099
LEG na=5 shape=head.lm_head rep=0 position=5 arm=tailfullxvec inner=37 gpu_seconds=0.144866250 wall_seconds=0.145068542 seconds_per_dispatch=0.003915304054 gbps=162.362665
LEG na=5 shape=head.lm_head rep=0 position=6 arm=tailfullxvec inner=37 gpu_seconds=0.144724833 wall_seconds=0.144938333 seconds_per_dispatch=0.003911481981 gbps=162.521316
LEG na=5 shape=head.lm_head rep=0 position=7 arm=xvec inner=37 gpu_seconds=0.144519500 wall_seconds=0.144731208 seconds_per_dispatch=0.003905932432 gbps=162.752227
LEG na=5 shape=head.lm_head rep=0 position=8 arm=shift inner=37 gpu_seconds=0.148577250 wall_seconds=0.148789792 seconds_per_dispatch=0.004015601353 gbps=158.307348
LEG na=5 shape=head.lm_head rep=0 position=9 arm=rfull inner=37 gpu_seconds=0.148468750 wall_seconds=0.148662958 seconds_per_dispatch=0.004012668914 gbps=158.423038
LEG na=5 shape=head.lm_head rep=0 position=10 arm=tailfull inner=37 gpu_seconds=0.148494167 wall_seconds=0.148684458 seconds_per_dispatch=0.004013355853 gbps=158.395922
LEG na=5 shape=head.lm_head rep=0 position=11 arm=plain inner=37 gpu_seconds=0.148508250 wall_seconds=0.148698917 seconds_per_dispatch=0.004013736481 gbps=158.380901
LEG na=5 shape=head.lm_head rep=1 position=0 arm=plain inner=37 gpu_seconds=0.148413375 wall_seconds=0.148620375 seconds_per_dispatch=0.004011172298 gbps=158.482148
LEG na=5 shape=head.lm_head rep=1 position=1 arm=tailfull inner=37 gpu_seconds=0.148447875 wall_seconds=0.148643500 seconds_per_dispatch=0.004012104728 gbps=158.445316
LEG na=5 shape=head.lm_head rep=1 position=2 arm=rfull inner=37 gpu_seconds=0.148484417 wall_seconds=0.148698083 seconds_per_dispatch=0.004013092345 gbps=158.406322
LEG na=5 shape=head.lm_head rep=1 position=3 arm=shift inner=37 gpu_seconds=0.148515000 wall_seconds=0.148717167 seconds_per_dispatch=0.004013918919 gbps=158.373702
LEG na=5 shape=head.lm_head rep=1 position=4 arm=xvec inner=37 gpu_seconds=0.144493833 wall_seconds=0.144702417 seconds_per_dispatch=0.003905238741 gbps=162.781136
LEG na=5 shape=head.lm_head rep=1 position=5 arm=tailfullxvec inner=37 gpu_seconds=0.144924875 wall_seconds=0.145124417 seconds_per_dispatch=0.003916888517 gbps=162.296986
LEG na=5 shape=head.lm_head rep=1 position=6 arm=tailfullxvec inner=37 gpu_seconds=0.144859333 wall_seconds=0.145048000 seconds_per_dispatch=0.003915117116 gbps=162.370417
LEG na=5 shape=head.lm_head rep=1 position=7 arm=xvec inner=37 gpu_seconds=0.144433417 wall_seconds=0.144637458 seconds_per_dispatch=0.003903605856 gbps=162.849228
LEG na=5 shape=head.lm_head rep=1 position=8 arm=shift inner=37 gpu_seconds=0.148338792 wall_seconds=0.148562250 seconds_per_dispatch=0.004009156532 gbps=158.561831
LEG na=5 shape=head.lm_head rep=1 position=9 arm=rfull inner=37 gpu_seconds=0.148390667 wall_seconds=0.148610792 seconds_per_dispatch=0.004010558556 gbps=158.506400
LEG na=5 shape=head.lm_head rep=1 position=10 arm=tailfull inner=37 gpu_seconds=0.148447875 wall_seconds=0.148645167 seconds_per_dispatch=0.004012104734 gbps=158.445315
LEG na=5 shape=head.lm_head rep=1 position=11 arm=plain inner=37 gpu_seconds=0.148337208 wall_seconds=0.148539375 seconds_per_dispatch=0.004009113735 gbps=158.563524
LEG na=5 shape=head.lm_head rep=2 position=0 arm=plain inner=37 gpu_seconds=0.148339167 wall_seconds=0.148545375 seconds_per_dispatch=0.004009166670 gbps=158.561430
LEG na=5 shape=head.lm_head rep=2 position=1 arm=tailfull inner=37 gpu_seconds=0.148379875 wall_seconds=0.148590208 seconds_per_dispatch=0.004010266889 gbps=158.517929
LEG na=5 shape=head.lm_head rep=2 position=2 arm=rfull inner=37 gpu_seconds=0.148408375 wall_seconds=0.148619417 seconds_per_dispatch=0.004011037162 gbps=158.487487
LEG na=5 shape=head.lm_head rep=2 position=3 arm=shift inner=37 gpu_seconds=0.148481625 wall_seconds=0.148676333 seconds_per_dispatch=0.004013016889 gbps=158.409301
LEG na=5 shape=head.lm_head rep=2 position=4 arm=xvec inner=37 gpu_seconds=0.144601958 wall_seconds=0.144796292 seconds_per_dispatch=0.003908161036 gbps=162.659418
LEG na=5 shape=head.lm_head rep=2 position=5 arm=tailfullxvec inner=37 gpu_seconds=0.144822250 wall_seconds=0.144997542 seconds_per_dispatch=0.003914114868 gbps=162.411994
LEG na=5 shape=head.lm_head rep=2 position=6 arm=tailfullxvec inner=37 gpu_seconds=0.144798042 wall_seconds=0.144990875 seconds_per_dispatch=0.003913460589 gbps=162.439147
LEG na=5 shape=head.lm_head rep=2 position=7 arm=xvec inner=37 gpu_seconds=0.144583708 wall_seconds=0.144777583 seconds_per_dispatch=0.003907667794 gbps=162.679950
LEG na=5 shape=head.lm_head rep=2 position=8 arm=shift inner=37 gpu_seconds=0.148508250 wall_seconds=0.148707458 seconds_per_dispatch=0.004013736481 gbps=158.380901
LEG na=5 shape=head.lm_head rep=2 position=9 arm=rfull inner=37 gpu_seconds=0.148406042 wall_seconds=0.148591875 seconds_per_dispatch=0.004010974096 gbps=158.489979
LEG na=5 shape=head.lm_head rep=2 position=10 arm=tailfull inner=37 gpu_seconds=0.148535917 wall_seconds=0.148723708 seconds_per_dispatch=0.004014484238 gbps=158.351400
LEG na=5 shape=head.lm_head rep=2 position=11 arm=plain inner=37 gpu_seconds=0.148507375 wall_seconds=0.148695750 seconds_per_dispatch=0.004013712839 gbps=158.381834
LEG na=5 shape=head.lm_head rep=3 position=0 arm=plain inner=37 gpu_seconds=0.148571875 wall_seconds=0.148769167 seconds_per_dispatch=0.004015456080 gbps=158.313075
LEG na=5 shape=head.lm_head rep=3 position=1 arm=tailfull inner=37 gpu_seconds=0.148535000 wall_seconds=0.148717625 seconds_per_dispatch=0.004014459458 gbps=158.352378
LEG na=5 shape=head.lm_head rep=3 position=2 arm=rfull inner=37 gpu_seconds=0.148516250 wall_seconds=0.148697958 seconds_per_dispatch=0.004013952705 gbps=158.372369
LEG na=5 shape=head.lm_head rep=3 position=3 arm=shift inner=37 gpu_seconds=0.148634458 wall_seconds=0.148817167 seconds_per_dispatch=0.004017147525 gbps=158.246416
LEG na=5 shape=head.lm_head rep=3 position=4 arm=xvec inner=37 gpu_seconds=0.144520000 wall_seconds=0.144708125 seconds_per_dispatch=0.003905945948 gbps=162.751663
LEG na=5 shape=head.lm_head rep=3 position=5 arm=tailfullxvec inner=37 gpu_seconds=0.144772625 wall_seconds=0.144951250 seconds_per_dispatch=0.003912773650 gbps=162.467665
LEG na=5 shape=head.lm_head rep=3 position=6 arm=tailfullxvec inner=37 gpu_seconds=0.144761375 wall_seconds=0.144950292 seconds_per_dispatch=0.003912469592 gbps=162.480292
LEG na=5 shape=head.lm_head rep=3 position=7 arm=xvec inner=37 gpu_seconds=0.144556125 wall_seconds=0.144739458 seconds_per_dispatch=0.003906922295 gbps=162.710991
LEG na=5 shape=head.lm_head rep=3 position=8 arm=shift inner=37 gpu_seconds=0.148645500 wall_seconds=0.148840875 seconds_per_dispatch=0.004017445945 gbps=158.234662
LEG na=5 shape=head.lm_head rep=3 position=9 arm=rfull inner=37 gpu_seconds=0.148508750 wall_seconds=0.148697458 seconds_per_dispatch=0.004013750004 gbps=158.380367
LEG na=5 shape=head.lm_head rep=3 position=10 arm=tailfull inner=37 gpu_seconds=0.148530375 wall_seconds=0.148733042 seconds_per_dispatch=0.004014334459 gbps=158.357308
LEG na=5 shape=head.lm_head rep=3 position=11 arm=plain inner=37 gpu_seconds=0.148384667 wall_seconds=0.148604583 seconds_per_dispatch=0.004010396399 gbps=158.512809
LEG na=5 shape=head.lm_head rep=4 position=0 arm=plain inner=37 gpu_seconds=0.148343125 wall_seconds=0.148553875 seconds_per_dispatch=0.004009273652 gbps=158.557199
LEG na=5 shape=head.lm_head rep=4 position=1 arm=tailfull inner=37 gpu_seconds=0.148510125 wall_seconds=0.148716083 seconds_per_dispatch=0.004013787162 gbps=158.378901
LEG na=5 shape=head.lm_head rep=4 position=2 arm=rfull inner=37 gpu_seconds=0.148524750 wall_seconds=0.148740542 seconds_per_dispatch=0.004014182433 gbps=158.363306
LEG na=5 shape=head.lm_head rep=4 position=3 arm=shift inner=37 gpu_seconds=0.148471708 wall_seconds=0.148674833 seconds_per_dispatch=0.004012748876 gbps=158.419881
LEG na=5 shape=head.lm_head rep=4 position=4 arm=xvec inner=37 gpu_seconds=0.144536292 wall_seconds=0.144755167 seconds_per_dispatch=0.003906386263 gbps=162.733319
LEG na=5 shape=head.lm_head rep=4 position=5 arm=tailfullxvec inner=37 gpu_seconds=0.144745542 wall_seconds=0.144946875 seconds_per_dispatch=0.003912041669 gbps=162.498065
LEG na=5 shape=head.lm_head rep=4 position=6 arm=tailfullxvec inner=37 gpu_seconds=0.144735625 wall_seconds=0.144946833 seconds_per_dispatch=0.003911773649 gbps=162.509198
LEG na=5 shape=head.lm_head rep=4 position=7 arm=xvec inner=37 gpu_seconds=0.144547375 wall_seconds=0.144749583 seconds_per_dispatch=0.003906685809 gbps=162.720841
LEG na=5 shape=head.lm_head rep=4 position=8 arm=shift inner=37 gpu_seconds=0.148510083 wall_seconds=0.148711917 seconds_per_dispatch=0.004013786036 gbps=158.378946
LEG na=5 shape=head.lm_head rep=4 position=9 arm=rfull inner=37 gpu_seconds=0.148556625 wall_seconds=0.148762167 seconds_per_dispatch=0.004015043919 gbps=158.329327
LEG na=5 shape=head.lm_head rep=4 position=10 arm=tailfull inner=37 gpu_seconds=0.148391750 wall_seconds=0.148634375 seconds_per_dispatch=0.004010587836 gbps=158.505243
LEG na=5 shape=head.lm_head rep=4 position=11 arm=plain inner=37 gpu_seconds=0.148441958 wall_seconds=0.148694875 seconds_per_dispatch=0.004011944824 gbps=158.451631
LEG na=5 shape=head.lm_head rep=5 position=0 arm=plain inner=37 gpu_seconds=0.148395417 wall_seconds=0.148603083 seconds_per_dispatch=0.004010686934 gbps=158.501327
LEG na=5 shape=head.lm_head rep=5 position=1 arm=tailfull inner=37 gpu_seconds=0.148436875 wall_seconds=0.148635958 seconds_per_dispatch=0.004011807435 gbps=158.457057
LEG na=5 shape=head.lm_head rep=5 position=2 arm=rfull inner=37 gpu_seconds=0.148438000 wall_seconds=0.148629208 seconds_per_dispatch=0.004011837835 gbps=158.455856
LEG na=5 shape=head.lm_head rep=5 position=3 arm=shift inner=37 gpu_seconds=0.148479583 wall_seconds=0.148691583 seconds_per_dispatch=0.004012961715 gbps=158.411479
LEG na=5 shape=head.lm_head rep=5 position=4 arm=xvec inner=37 gpu_seconds=0.144494250 wall_seconds=0.144684875 seconds_per_dispatch=0.003905249999 gbps=162.780667
LEG na=5 shape=head.lm_head rep=5 position=5 arm=tailfullxvec inner=37 gpu_seconds=0.144800209 wall_seconds=0.145005375 seconds_per_dispatch=0.003913519149 gbps=162.436716
LEG na=5 shape=head.lm_head rep=5 position=6 arm=tailfullxvec inner=37 gpu_seconds=0.144731208 wall_seconds=0.144927542 seconds_per_dispatch=0.003911654276 gbps=162.514158
LEG na=5 shape=head.lm_head rep=5 position=7 arm=xvec inner=37 gpu_seconds=0.144500500 wall_seconds=0.144714167 seconds_per_dispatch=0.003905418920 gbps=162.773626
LEG na=5 shape=head.lm_head rep=5 position=8 arm=shift inner=37 gpu_seconds=0.148496208 wall_seconds=0.148702292 seconds_per_dispatch=0.004013411034 gbps=158.393744
LEG na=5 shape=head.lm_head rep=5 position=9 arm=rfull inner=37 gpu_seconds=0.148422042 wall_seconds=0.148614750 seconds_per_dispatch=0.004011406532 gbps=158.472893
LEG na=5 shape=head.lm_head rep=5 position=10 arm=tailfull inner=37 gpu_seconds=0.148511000 wall_seconds=0.148716125 seconds_per_dispatch=0.004013810810 gbps=158.377968
LEG na=5 shape=head.lm_head rep=5 position=11 arm=plain inner=37 gpu_seconds=0.148467542 wall_seconds=0.148656667 seconds_per_dispatch=0.004012636261 gbps=158.424327
LEG na=5 shape=head.lm_head rep=6 position=0 arm=plain inner=37 gpu_seconds=0.148525500 wall_seconds=0.148717875 seconds_per_dispatch=0.004014202702 gbps=158.362506
LEG na=5 shape=head.lm_head rep=6 position=1 arm=tailfull inner=37 gpu_seconds=0.148523250 wall_seconds=0.148727542 seconds_per_dispatch=0.004014141889 gbps=158.364905
LEG na=5 shape=head.lm_head rep=6 position=2 arm=rfull inner=37 gpu_seconds=0.148335625 wall_seconds=0.148543417 seconds_per_dispatch=0.004009070945 gbps=158.565216
LEG na=5 shape=head.lm_head rep=6 position=3 arm=shift inner=37 gpu_seconds=0.148510625 wall_seconds=0.148705708 seconds_per_dispatch=0.004013800673 gbps=158.378368
LEG na=5 shape=head.lm_head rep=6 position=4 arm=xvec inner=37 gpu_seconds=0.144525542 wall_seconds=0.144739708 seconds_per_dispatch=0.003906095721 gbps=162.745423
LEG na=5 shape=head.lm_head rep=6 position=5 arm=tailfullxvec inner=37 gpu_seconds=0.144798000 wall_seconds=0.144990625 seconds_per_dispatch=0.003913459456 gbps=162.439194
LEG na=5 shape=head.lm_head rep=6 position=6 arm=tailfullxvec inner=37 gpu_seconds=0.144697167 wall_seconds=0.144914125 seconds_per_dispatch=0.003910734236 gbps=162.552391
LEG na=5 shape=head.lm_head rep=6 position=7 arm=xvec inner=37 gpu_seconds=0.144516625 wall_seconds=0.144700250 seconds_per_dispatch=0.003905854735 gbps=162.755464
LEG na=5 shape=head.lm_head rep=6 position=8 arm=shift inner=37 gpu_seconds=0.148560958 wall_seconds=0.148743000 seconds_per_dispatch=0.004015161039 gbps=158.324708
LEG na=5 shape=head.lm_head rep=6 position=9 arm=rfull inner=37 gpu_seconds=0.148355042 wall_seconds=0.148556708 seconds_per_dispatch=0.004009595726 gbps=158.544463
LEG na=5 shape=head.lm_head rep=6 position=10 arm=tailfull inner=37 gpu_seconds=0.148449875 wall_seconds=0.148649167 seconds_per_dispatch=0.004012158782 gbps=158.443181
LEG na=5 shape=head.lm_head rep=6 position=11 arm=plain inner=37 gpu_seconds=0.148504042 wall_seconds=0.148705125 seconds_per_dispatch=0.004013622752 gbps=158.385389
LEG na=5 shape=head.lm_head rep=7 position=0 arm=plain inner=37 gpu_seconds=0.148529250 wall_seconds=0.148743000 seconds_per_dispatch=0.004014304059 gbps=158.358508
LEG na=5 shape=head.lm_head rep=7 position=1 arm=tailfull inner=37 gpu_seconds=0.148500000 wall_seconds=0.148694333 seconds_per_dispatch=0.004013513517 gbps=158.389700
LEG na=5 shape=head.lm_head rep=7 position=2 arm=rfull inner=37 gpu_seconds=0.148369625 wall_seconds=0.148586542 seconds_per_dispatch=0.004009989864 gbps=158.528880
LEG na=5 shape=head.lm_head rep=7 position=3 arm=shift inner=37 gpu_seconds=0.148458250 wall_seconds=0.148674750 seconds_per_dispatch=0.004012385138 gbps=158.434243
LEG na=5 shape=head.lm_head rep=7 position=4 arm=xvec inner=37 gpu_seconds=0.144673167 wall_seconds=0.144876167 seconds_per_dispatch=0.003910085583 gbps=162.579357
LEG na=5 shape=head.lm_head rep=7 position=5 arm=tailfullxvec inner=37 gpu_seconds=0.144726667 wall_seconds=0.144920583 seconds_per_dispatch=0.003911531530 gbps=162.519258
LEG na=5 shape=head.lm_head rep=7 position=6 arm=tailfullxvec inner=37 gpu_seconds=0.144765000 wall_seconds=0.144970917 seconds_per_dispatch=0.003912567564 gbps=162.476223
LEG na=5 shape=head.lm_head rep=7 position=7 arm=xvec inner=37 gpu_seconds=0.144401875 wall_seconds=0.144593833 seconds_per_dispatch=0.003902753381 gbps=162.884799
LEG na=5 shape=head.lm_head rep=7 position=8 arm=shift inner=37 gpu_seconds=0.148509125 wall_seconds=0.148705500 seconds_per_dispatch=0.004013760135 gbps=158.379968
LEG na=5 shape=head.lm_head rep=7 position=9 arm=rfull inner=37 gpu_seconds=0.148491875 wall_seconds=0.148719167 seconds_per_dispatch=0.004013293920 gbps=158.398366
LEG na=5 shape=head.lm_head rep=7 position=10 arm=tailfull inner=37 gpu_seconds=0.148360125 wall_seconds=0.148573208 seconds_per_dispatch=0.004009733109 gbps=158.539031
LEG na=5 shape=head.lm_head rep=7 position=11 arm=plain inner=37 gpu_seconds=0.148437125 wall_seconds=0.148656250 seconds_per_dispatch=0.004011814193 gbps=158.456790
LEG na=5 shape=head.lm_head rep=8 position=0 arm=plain inner=37 gpu_seconds=0.148589459 wall_seconds=0.148796792 seconds_per_dispatch=0.004015931312 gbps=158.294341
LEG na=5 shape=head.lm_head rep=8 position=1 arm=tailfull inner=37 gpu_seconds=0.148613542 wall_seconds=0.148854750 seconds_per_dispatch=0.004016582206 gbps=158.268689
LEG na=5 shape=head.lm_head rep=8 position=2 arm=rfull inner=37 gpu_seconds=0.148460375 wall_seconds=0.148698500 seconds_per_dispatch=0.004012442565 gbps=158.431975
LEG na=5 shape=head.lm_head rep=8 position=3 arm=shift inner=37 gpu_seconds=0.148587500 wall_seconds=0.148830833 seconds_per_dispatch=0.004015878378 gbps=158.296427
LEG na=5 shape=head.lm_head rep=8 position=4 arm=xvec inner=37 gpu_seconds=0.144575125 wall_seconds=0.144769000 seconds_per_dispatch=0.003907435813 gbps=162.689608
LEG na=5 shape=head.lm_head rep=8 position=5 arm=tailfullxvec inner=37 gpu_seconds=0.144732500 wall_seconds=0.144948917 seconds_per_dispatch=0.003911689188 gbps=162.512707
LEG na=5 shape=head.lm_head rep=8 position=6 arm=tailfullxvec inner=37 gpu_seconds=0.144690333 wall_seconds=0.144940250 seconds_per_dispatch=0.003910549545 gbps=162.560068
LEG na=5 shape=head.lm_head rep=8 position=7 arm=xvec inner=37 gpu_seconds=0.144560250 wall_seconds=0.144852792 seconds_per_dispatch=0.003907033783 gbps=162.706348
LEG na=5 shape=head.lm_head rep=8 position=8 arm=shift inner=37 gpu_seconds=0.148534250 wall_seconds=0.148752042 seconds_per_dispatch=0.004014439189 gbps=158.353177
LEG na=5 shape=head.lm_head rep=8 position=9 arm=rfull inner=37 gpu_seconds=0.148570833 wall_seconds=0.148763542 seconds_per_dispatch=0.004015427926 gbps=158.314185
LEG na=5 shape=head.lm_head rep=8 position=10 arm=tailfull inner=37 gpu_seconds=0.148616375 wall_seconds=0.148795000 seconds_per_dispatch=0.004016658782 gbps=158.265672
LEG na=5 shape=head.lm_head rep=8 position=11 arm=plain inner=37 gpu_seconds=0.148463625 wall_seconds=0.148652250 seconds_per_dispatch=0.004012530405 gbps=158.428507
LEG na=5 shape=head.lm_head rep=9 position=0 arm=plain inner=37 gpu_seconds=0.148445250 wall_seconds=0.148669500 seconds_per_dispatch=0.004012033784 gbps=158.448117
LEG na=5 shape=head.lm_head rep=9 position=1 arm=tailfull inner=37 gpu_seconds=0.148600417 wall_seconds=0.148785792 seconds_per_dispatch=0.004016227479 gbps=158.282668
LEG na=5 shape=head.lm_head rep=9 position=2 arm=rfull inner=37 gpu_seconds=0.148516625 wall_seconds=0.148694542 seconds_per_dispatch=0.004013962836 gbps=158.371970
LEG na=5 shape=head.lm_head rep=9 position=3 arm=shift inner=37 gpu_seconds=0.148578125 wall_seconds=0.148765458 seconds_per_dispatch=0.004015625001 gbps=158.306416
LEG na=5 shape=head.lm_head rep=9 position=4 arm=xvec inner=37 gpu_seconds=0.144559375 wall_seconds=0.144739292 seconds_per_dispatch=0.003907010129 gbps=162.707333
LEG na=5 shape=head.lm_head rep=9 position=5 arm=tailfullxvec inner=37 gpu_seconds=0.144808625 wall_seconds=0.144990583 seconds_per_dispatch=0.003913746618 gbps=162.427275
LEG na=5 shape=head.lm_head rep=9 position=6 arm=tailfullxvec inner=37 gpu_seconds=0.144826583 wall_seconds=0.145008042 seconds_per_dispatch=0.003914231982 gbps=162.407135
LEG na=5 shape=head.lm_head rep=9 position=7 arm=xvec inner=37 gpu_seconds=0.144512792 wall_seconds=0.144703708 seconds_per_dispatch=0.003905751126 gbps=162.759782
LEG na=5 shape=head.lm_head rep=9 position=8 arm=shift inner=37 gpu_seconds=0.148508042 wall_seconds=0.148704375 seconds_per_dispatch=0.004013730855 gbps=158.381123
LEG na=5 shape=head.lm_head rep=9 position=9 arm=rfull inner=37 gpu_seconds=0.148503500 wall_seconds=0.148706750 seconds_per_dispatch=0.004013608109 gbps=158.385967
LEG na=5 shape=head.lm_head rep=9 position=10 arm=tailfull inner=37 gpu_seconds=0.148530083 wall_seconds=0.148734375 seconds_per_dispatch=0.004014326574 gbps=158.357619
LEG na=5 shape=head.lm_head rep=9 position=11 arm=plain inner=37 gpu_seconds=0.148506167 wall_seconds=0.148716250 seconds_per_dispatch=0.004013680180 gbps=158.383123
LEG na=5 shape=head.lm_head rep=10 position=0 arm=plain inner=37 gpu_seconds=0.148476250 wall_seconds=0.148679250 seconds_per_dispatch=0.004012871622 gbps=158.415035
LEG na=5 shape=head.lm_head rep=10 position=1 arm=tailfull inner=37 gpu_seconds=0.148504500 wall_seconds=0.148711958 seconds_per_dispatch=0.004013635136 gbps=158.384900
LEG na=5 shape=head.lm_head rep=10 position=2 arm=rfull inner=37 gpu_seconds=0.148358375 wall_seconds=0.148568042 seconds_per_dispatch=0.004009685813 gbps=158.540901
LEG na=5 shape=head.lm_head rep=10 position=3 arm=shift inner=37 gpu_seconds=0.148403833 wall_seconds=0.148609000 seconds_per_dispatch=0.004010914410 gbps=158.492337
LEG na=5 shape=head.lm_head rep=10 position=4 arm=xvec inner=37 gpu_seconds=0.144508000 wall_seconds=0.144723708 seconds_per_dispatch=0.003905621622 gbps=162.765178
LEG na=5 shape=head.lm_head rep=10 position=5 arm=tailfullxvec inner=37 gpu_seconds=0.144873625 wall_seconds=0.145067000 seconds_per_dispatch=0.003915503376 gbps=162.354400
LEG na=5 shape=head.lm_head rep=10 position=6 arm=tailfullxvec inner=37 gpu_seconds=0.144791542 wall_seconds=0.145001083 seconds_per_dispatch=0.003913284909 gbps=162.446439
LEG na=5 shape=head.lm_head rep=10 position=7 arm=xvec inner=37 gpu_seconds=0.144598125 wall_seconds=0.144798250 seconds_per_dispatch=0.003908057433 gbps=162.663730
LEG na=5 shape=head.lm_head rep=10 position=8 arm=shift inner=37 gpu_seconds=0.148457500 wall_seconds=0.148657167 seconds_per_dispatch=0.004012364863 gbps=158.435043
LEG na=5 shape=head.lm_head rep=10 position=9 arm=rfull inner=37 gpu_seconds=0.148450375 wall_seconds=0.148642333 seconds_per_dispatch=0.004012172299 gbps=158.442647
LEG na=5 shape=head.lm_head rep=10 position=10 arm=tailfull inner=37 gpu_seconds=0.148526375 wall_seconds=0.148714875 seconds_per_dispatch=0.004014226350 gbps=158.361573
LEG na=5 shape=head.lm_head rep=10 position=11 arm=plain inner=37 gpu_seconds=0.148469750 wall_seconds=0.148667750 seconds_per_dispatch=0.004012695948 gbps=158.421971
LEG na=5 shape=head.lm_head rep=11 position=0 arm=plain inner=37 gpu_seconds=0.148464167 wall_seconds=0.148637292 seconds_per_dispatch=0.004012545048 gbps=158.427928
LEG na=5 shape=head.lm_head rep=11 position=1 arm=tailfull inner=37 gpu_seconds=0.148563292 wall_seconds=0.148745625 seconds_per_dispatch=0.004015224099 gbps=158.322222
LEG na=5 shape=head.lm_head rep=11 position=2 arm=rfull inner=37 gpu_seconds=0.148332875 wall_seconds=0.148528917 seconds_per_dispatch=0.004008996628 gbps=158.568155
LEG na=5 shape=head.lm_head rep=11 position=3 arm=shift inner=37 gpu_seconds=0.148436459 wall_seconds=0.148654792 seconds_per_dispatch=0.004011796177 gbps=158.457502
LEG na=5 shape=head.lm_head rep=11 position=4 arm=xvec inner=37 gpu_seconds=0.144567833 wall_seconds=0.144766458 seconds_per_dispatch=0.003907238737 gbps=162.697814
LEG na=5 shape=head.lm_head rep=11 position=5 arm=tailfullxvec inner=37 gpu_seconds=0.144831375 wall_seconds=0.145043750 seconds_per_dispatch=0.003914361486 gbps=162.401761
LEG na=5 shape=head.lm_head rep=11 position=6 arm=tailfullxvec inner=37 gpu_seconds=0.144804084 wall_seconds=0.144986167 seconds_per_dispatch=0.003913623879 gbps=162.432370
LEG na=5 shape=head.lm_head rep=11 position=7 arm=xvec inner=37 gpu_seconds=0.144612000 wall_seconds=0.144789875 seconds_per_dispatch=0.003908432435 gbps=162.648123
LEG na=5 shape=head.lm_head rep=11 position=8 arm=shift inner=37 gpu_seconds=0.148483750 wall_seconds=0.148659917 seconds_per_dispatch=0.004013074323 gbps=158.407034
LEG na=5 shape=head.lm_head rep=11 position=9 arm=rfull inner=37 gpu_seconds=0.148484375 wall_seconds=0.148682625 seconds_per_dispatch=0.004013091219 gbps=158.406367
LEG na=5 shape=head.lm_head rep=11 position=10 arm=tailfull inner=37 gpu_seconds=0.148421250 wall_seconds=0.148633583 seconds_per_dispatch=0.004011385130 gbps=158.473739
LEG na=5 shape=head.lm_head rep=11 position=11 arm=plain inner=37 gpu_seconds=0.148463625 wall_seconds=0.148662417 seconds_per_dispatch=0.004012530405 gbps=158.428507
LEG na=5 shape=head.lm_head rep=12 position=0 arm=plain inner=37 gpu_seconds=0.148503250 wall_seconds=0.148704583 seconds_per_dispatch=0.004013601351 gbps=158.386233
LEG na=5 shape=head.lm_head rep=12 position=1 arm=tailfull inner=37 gpu_seconds=0.148447250 wall_seconds=0.148641417 seconds_per_dispatch=0.004012087838 gbps=158.445983
LEG na=5 shape=head.lm_head rep=12 position=2 arm=rfull inner=37 gpu_seconds=0.148385583 wall_seconds=0.148589042 seconds_per_dispatch=0.004010421174 gbps=158.511830
LEG na=5 shape=head.lm_head rep=12 position=3 arm=shift inner=37 gpu_seconds=0.148513458 wall_seconds=0.148715333 seconds_per_dispatch=0.004013877255 gbps=158.375346
LEG na=5 shape=head.lm_head rep=12 position=4 arm=xvec inner=37 gpu_seconds=0.144496875 wall_seconds=0.144718250 seconds_per_dispatch=0.003905320943 gbps=162.777710
LEG na=5 shape=head.lm_head rep=12 position=5 arm=tailfullxvec inner=37 gpu_seconds=0.144806125 wall_seconds=0.144978083 seconds_per_dispatch=0.003913679059 gbps=162.430079
LEG na=5 shape=head.lm_head rep=12 position=6 arm=tailfullxvec inner=37 gpu_seconds=0.144841042 wall_seconds=0.145020833 seconds_per_dispatch=0.003914622747 gbps=162.390923
LEG na=5 shape=head.lm_head rep=12 position=7 arm=xvec inner=37 gpu_seconds=0.144632625 wall_seconds=0.144829708 seconds_per_dispatch=0.003908989863 gbps=162.624929
LEG na=5 shape=head.lm_head rep=12 position=8 arm=shift inner=37 gpu_seconds=0.148434333 wall_seconds=0.148634083 seconds_per_dispatch=0.004011738737 gbps=158.459771
LEG na=5 shape=head.lm_head rep=12 position=9 arm=rfull inner=37 gpu_seconds=0.148410125 wall_seconds=0.148612042 seconds_per_dispatch=0.004011084464 gbps=158.485618
LEG na=5 shape=head.lm_head rep=12 position=10 arm=tailfull inner=37 gpu_seconds=0.148520250 wall_seconds=0.148723000 seconds_per_dispatch=0.004014060814 gbps=158.368104
LEG na=5 shape=head.lm_head rep=12 position=11 arm=plain inner=37 gpu_seconds=0.148398792 wall_seconds=0.148602792 seconds_per_dispatch=0.004010778153 gbps=158.497722
LEG na=5 shape=head.lm_head rep=13 position=0 arm=plain inner=37 gpu_seconds=0.148405500 wall_seconds=0.148662667 seconds_per_dispatch=0.004010959459 gbps=158.490557
LEG na=5 shape=head.lm_head rep=13 position=1 arm=tailfull inner=37 gpu_seconds=0.148430000 wall_seconds=0.148619000 seconds_per_dispatch=0.004011621617 gbps=158.464397
LEG na=5 shape=head.lm_head rep=13 position=2 arm=rfull inner=37 gpu_seconds=0.148477708 wall_seconds=0.148685083 seconds_per_dispatch=0.004012911033 gbps=158.413480
LEG na=5 shape=head.lm_head rep=13 position=3 arm=shift inner=37 gpu_seconds=0.148741458 wall_seconds=0.148942208 seconds_per_dispatch=0.004020039414 gbps=158.132579
LEG na=5 shape=head.lm_head rep=13 position=4 arm=xvec inner=37 gpu_seconds=0.144666125 wall_seconds=0.144865292 seconds_per_dispatch=0.003909895266 gbps=162.587271
LEG na=5 shape=head.lm_head rep=13 position=5 arm=tailfullxvec inner=37 gpu_seconds=0.144747667 wall_seconds=0.144933833 seconds_per_dispatch=0.003912099096 gbps=162.495679
LEG na=5 shape=head.lm_head rep=13 position=6 arm=tailfullxvec inner=37 gpu_seconds=0.144754375 wall_seconds=0.144929333 seconds_per_dispatch=0.003912280408 gbps=162.488149
LEG na=5 shape=head.lm_head rep=13 position=7 arm=xvec inner=37 gpu_seconds=0.144523125 wall_seconds=0.144681875 seconds_per_dispatch=0.003906030409 gbps=162.748144
LEG na=5 shape=head.lm_head rep=13 position=8 arm=shift inner=37 gpu_seconds=0.148616375 wall_seconds=0.148808083 seconds_per_dispatch=0.004016658782 gbps=158.265672
LEG na=5 shape=head.lm_head rep=13 position=9 arm=rfull inner=37 gpu_seconds=0.148493417 wall_seconds=0.148675458 seconds_per_dispatch=0.004013335584 gbps=158.396722
LEG na=5 shape=head.lm_head rep=13 position=10 arm=tailfull inner=37 gpu_seconds=0.148536625 wall_seconds=0.148728458 seconds_per_dispatch=0.004014503381 gbps=158.350645
LEG na=5 shape=head.lm_head rep=13 position=11 arm=plain inner=37 gpu_seconds=0.148573833 wall_seconds=0.148758333 seconds_per_dispatch=0.004015509008 gbps=158.310988
LEG na=5 shape=head.lm_head rep=14 position=0 arm=plain inner=37 gpu_seconds=0.148484458 wall_seconds=0.148678083 seconds_per_dispatch=0.004013093472 gbps=158.406278
LEG na=5 shape=head.lm_head rep=14 position=1 arm=tailfull inner=37 gpu_seconds=0.148478750 wall_seconds=0.148667583 seconds_per_dispatch=0.004012939187 gbps=158.412368
LEG na=5 shape=head.lm_head rep=14 position=2 arm=rfull inner=37 gpu_seconds=0.148506208 wall_seconds=0.148685667 seconds_per_dispatch=0.004013681306 gbps=158.383078
LEG na=5 shape=head.lm_head rep=14 position=3 arm=shift inner=37 gpu_seconds=0.148592458 wall_seconds=0.148781125 seconds_per_dispatch=0.004016012388 gbps=158.291145
LEG na=5 shape=head.lm_head rep=14 position=4 arm=xvec inner=37 gpu_seconds=0.144634917 wall_seconds=0.144835375 seconds_per_dispatch=0.003909051802 gbps=162.622352
LEG na=5 shape=head.lm_head rep=14 position=5 arm=tailfullxvec inner=37 gpu_seconds=0.144893417 wall_seconds=0.145077583 seconds_per_dispatch=0.003916038288 gbps=162.332223
LEG na=5 shape=head.lm_head rep=14 position=6 arm=tailfullxvec inner=37 gpu_seconds=0.144782375 wall_seconds=0.144964500 seconds_per_dispatch=0.003913037164 gbps=162.456724
LEG na=5 shape=head.lm_head rep=14 position=7 arm=xvec inner=37 gpu_seconds=0.144586250 wall_seconds=0.144778042 seconds_per_dispatch=0.003907736485 gbps=162.677090
LEG na=5 shape=head.lm_head rep=14 position=8 arm=shift inner=37 gpu_seconds=0.148471083 wall_seconds=0.148659875 seconds_per_dispatch=0.004012731980 gbps=158.420548
LEG na=5 shape=head.lm_head rep=14 position=9 arm=rfull inner=37 gpu_seconds=0.148498000 wall_seconds=0.148692750 seconds_per_dispatch=0.004013459462 gbps=158.391833
LEG na=5 shape=head.lm_head rep=14 position=10 arm=tailfull inner=37 gpu_seconds=0.148621208 wall_seconds=0.148797000 seconds_per_dispatch=0.004016789413 gbps=158.260525
LEG na=5 shape=head.lm_head rep=14 position=11 arm=plain inner=37 gpu_seconds=0.148551500 wall_seconds=0.148731000 seconds_per_dispatch=0.004014905410 gbps=158.334789
LEG na=5 shape=head.lm_head rep=15 position=0 arm=plain inner=37 gpu_seconds=0.148572583 wall_seconds=0.148761167 seconds_per_dispatch=0.004015475222 gbps=158.312320
LEG na=5 shape=head.lm_head rep=15 position=1 arm=tailfull inner=37 gpu_seconds=0.148620542 wall_seconds=0.148798083 seconds_per_dispatch=0.004016771397 gbps=158.261235
LEG na=5 shape=head.lm_head rep=15 position=2 arm=rfull inner=37 gpu_seconds=0.148438500 wall_seconds=0.148627708 seconds_per_dispatch=0.004011851352 gbps=158.455323
LEG na=5 shape=head.lm_head rep=15 position=3 arm=shift inner=37 gpu_seconds=0.148497458 wall_seconds=0.148676750 seconds_per_dispatch=0.004013444819 gbps=158.392411
LEG na=5 shape=head.lm_head rep=15 position=4 arm=xvec inner=37 gpu_seconds=0.144590500 wall_seconds=0.144778333 seconds_per_dispatch=0.003907851353 gbps=162.672308
LEG na=5 shape=head.lm_head rep=15 position=5 arm=tailfullxvec inner=37 gpu_seconds=0.144838708 wall_seconds=0.145042333 seconds_per_dispatch=0.003914559688 gbps=162.393539
LEG na=5 shape=head.lm_head rep=15 position=6 arm=tailfullxvec inner=37 gpu_seconds=0.144837125 wall_seconds=0.145023375 seconds_per_dispatch=0.003914516891 gbps=162.395314
LEG na=5 shape=head.lm_head rep=15 position=7 arm=xvec inner=37 gpu_seconds=0.144530958 wall_seconds=0.144728625 seconds_per_dispatch=0.003906242122 gbps=162.739323
LEG na=5 shape=head.lm_head rep=15 position=8 arm=shift inner=37 gpu_seconds=0.148563833 wall_seconds=0.148781208 seconds_per_dispatch=0.004015238735 gbps=158.321645
LEG na=5 shape=head.lm_head rep=15 position=9 arm=rfull inner=37 gpu_seconds=0.148433208 wall_seconds=0.148618500 seconds_per_dispatch=0.004011708337 gbps=158.460971
LEG na=5 shape=head.lm_head rep=15 position=10 arm=tailfull inner=37 gpu_seconds=0.148540292 wall_seconds=0.148727833 seconds_per_dispatch=0.004014602478 gbps=158.346736
LEG na=5 shape=head.lm_head rep=15 position=11 arm=plain inner=37 gpu_seconds=0.148525750 wall_seconds=0.148716708 seconds_per_dispatch=0.004014209460 gbps=158.362240
LEG na=5 shape=head.lm_head rep=16 position=0 arm=plain inner=37 gpu_seconds=0.148490250 wall_seconds=0.148688750 seconds_per_dispatch=0.004013250003 gbps=158.400100
LEG na=5 shape=head.lm_head rep=16 position=1 arm=tailfull inner=37 gpu_seconds=0.148532250 wall_seconds=0.148737750 seconds_per_dispatch=0.004014385134 gbps=158.355309
LEG na=5 shape=head.lm_head rep=16 position=2 arm=rfull inner=37 gpu_seconds=0.148450750 wall_seconds=0.148647917 seconds_per_dispatch=0.004012182430 gbps=158.442247
LEG na=5 shape=head.lm_head rep=16 position=3 arm=shift inner=37 gpu_seconds=0.148554500 wall_seconds=0.148744542 seconds_per_dispatch=0.004014986485 gbps=158.331591
LEG na=5 shape=head.lm_head rep=16 position=4 arm=xvec inner=37 gpu_seconds=0.144486083 wall_seconds=0.144699458 seconds_per_dispatch=0.003905029282 gbps=162.789868
LEG na=5 shape=head.lm_head rep=16 position=5 arm=tailfullxvec inner=37 gpu_seconds=0.144740667 wall_seconds=0.144931417 seconds_per_dispatch=0.003911909912 gbps=162.503538
LEG na=5 shape=head.lm_head rep=16 position=6 arm=tailfullxvec inner=37 gpu_seconds=0.144873625 wall_seconds=0.145081792 seconds_per_dispatch=0.003915503376 gbps=162.354400
LEG na=5 shape=head.lm_head rep=16 position=7 arm=xvec inner=37 gpu_seconds=0.144541125 wall_seconds=0.144738917 seconds_per_dispatch=0.003906516893 gbps=162.727877
LEG na=5 shape=head.lm_head rep=16 position=8 arm=shift inner=37 gpu_seconds=0.148448625 wall_seconds=0.148662458 seconds_per_dispatch=0.004012125003 gbps=158.444515
LEG na=5 shape=head.lm_head rep=16 position=9 arm=rfull inner=37 gpu_seconds=0.148455458 wall_seconds=0.148663917 seconds_per_dispatch=0.004012309688 gbps=158.437222
LEG na=5 shape=head.lm_head rep=16 position=10 arm=tailfull inner=37 gpu_seconds=0.148452292 wall_seconds=0.148677333 seconds_per_dispatch=0.004012224101 gbps=158.440602
LEG na=5 shape=head.lm_head rep=16 position=11 arm=plain inner=37 gpu_seconds=0.148389458 wall_seconds=0.148601792 seconds_per_dispatch=0.004010525903 gbps=158.507691
LEG na=5 shape=head.lm_head rep=17 position=0 arm=plain inner=37 gpu_seconds=0.148411250 wall_seconds=0.148619292 seconds_per_dispatch=0.004011114864 gbps=158.484417
LEG na=5 shape=head.lm_head rep=17 position=1 arm=tailfull inner=37 gpu_seconds=0.148489625 wall_seconds=0.148678875 seconds_per_dispatch=0.004013233107 gbps=158.400766
LEG na=5 shape=head.lm_head rep=17 position=2 arm=rfull inner=37 gpu_seconds=0.148359792 wall_seconds=0.148552083 seconds_per_dispatch=0.004009724098 gbps=158.539387
LEG na=5 shape=head.lm_head rep=17 position=3 arm=shift inner=37 gpu_seconds=0.148504875 wall_seconds=0.148680708 seconds_per_dispatch=0.004013645274 gbps=158.384500
LEG na=5 shape=head.lm_head rep=17 position=4 arm=xvec inner=37 gpu_seconds=0.144549375 wall_seconds=0.144751917 seconds_per_dispatch=0.003906739863 gbps=162.718589
LEG na=5 shape=head.lm_head rep=17 position=5 arm=tailfullxvec inner=37 gpu_seconds=0.144803083 wall_seconds=0.145049500 seconds_per_dispatch=0.003913596845 gbps=162.433492
LEG na=5 shape=head.lm_head rep=17 position=6 arm=tailfullxvec inner=37 gpu_seconds=0.144724750 wall_seconds=0.144933208 seconds_per_dispatch=0.003911479729 gbps=162.521410
LEG na=5 shape=head.lm_head rep=17 position=7 arm=xvec inner=37 gpu_seconds=0.144498083 wall_seconds=0.144692958 seconds_per_dispatch=0.003905353602 gbps=162.776349
LEG na=5 shape=head.lm_head rep=17 position=8 arm=shift inner=37 gpu_seconds=0.148554125 wall_seconds=0.148768750 seconds_per_dispatch=0.004014976354 gbps=158.331991
LEG na=5 shape=head.lm_head rep=17 position=9 arm=rfull inner=37 gpu_seconds=0.148350125 wall_seconds=0.148600000 seconds_per_dispatch=0.004009462843 gbps=158.549717
LEG na=5 shape=head.lm_head rep=17 position=10 arm=tailfull inner=37 gpu_seconds=0.148536417 wall_seconds=0.148745792 seconds_per_dispatch=0.004014497749 gbps=158.350867
LEG na=5 shape=head.lm_head rep=17 position=11 arm=plain inner=37 gpu_seconds=0.148402750 wall_seconds=0.148604250 seconds_per_dispatch=0.004010885136 gbps=158.493494
LEG na=5 shape=head.lm_head rep=18 position=0 arm=plain inner=37 gpu_seconds=0.148448833 wall_seconds=0.148647042 seconds_per_dispatch=0.004012130629 gbps=158.444293
LEG na=5 shape=head.lm_head rep=18 position=1 arm=tailfull inner=37 gpu_seconds=0.148455125 wall_seconds=0.148650583 seconds_per_dispatch=0.004012300671 gbps=158.437578
LEG na=5 shape=head.lm_head rep=18 position=2 arm=rfull inner=37 gpu_seconds=0.148415208 wall_seconds=0.148615875 seconds_per_dispatch=0.004011221847 gbps=158.480190
LEG na=5 shape=head.lm_head rep=18 position=3 arm=shift inner=37 gpu_seconds=0.148501875 wall_seconds=0.148761208 seconds_per_dispatch=0.004013564192 gbps=158.387700
LEG na=5 shape=head.lm_head rep=18 position=4 arm=xvec inner=37 gpu_seconds=0.144487833 wall_seconds=0.144708583 seconds_per_dispatch=0.003905076578 gbps=162.787896
LEG na=5 shape=head.lm_head rep=18 position=5 arm=tailfullxvec inner=37 gpu_seconds=0.144804625 wall_seconds=0.144980792 seconds_per_dispatch=0.003913638509 gbps=162.431762
LEG na=5 shape=head.lm_head rep=18 position=6 arm=tailfullxvec inner=37 gpu_seconds=0.144734125 wall_seconds=0.144906542 seconds_per_dispatch=0.003911733111 gbps=162.510882
LEG na=5 shape=head.lm_head rep=18 position=7 arm=xvec inner=37 gpu_seconds=0.144492417 wall_seconds=0.144671458 seconds_per_dispatch=0.003905200450 gbps=162.782732
LEG na=5 shape=head.lm_head rep=18 position=8 arm=shift inner=37 gpu_seconds=0.148436750 wall_seconds=0.148608792 seconds_per_dispatch=0.004011804055 gbps=158.457191
LEG na=5 shape=head.lm_head rep=18 position=9 arm=rfull inner=37 gpu_seconds=0.148465875 wall_seconds=0.148661042 seconds_per_dispatch=0.004012591218 gbps=158.426106
LEG na=5 shape=head.lm_head rep=18 position=10 arm=tailfull inner=37 gpu_seconds=0.148456375 wall_seconds=0.148650958 seconds_per_dispatch=0.004012334463 gbps=158.436244
LEG na=5 shape=head.lm_head rep=18 position=11 arm=plain inner=37 gpu_seconds=0.148450917 wall_seconds=0.148652292 seconds_per_dispatch=0.004012186936 gbps=158.442069
LEG na=5 shape=head.lm_head rep=19 position=0 arm=plain inner=37 gpu_seconds=0.148464833 wall_seconds=0.148673125 seconds_per_dispatch=0.004012563064 gbps=158.427217
LEG na=5 shape=head.lm_head rep=19 position=1 arm=tailfull inner=37 gpu_seconds=0.148480750 wall_seconds=0.148674000 seconds_per_dispatch=0.004012993247 gbps=158.410234
LEG na=5 shape=head.lm_head rep=19 position=2 arm=rfull inner=37 gpu_seconds=0.148518375 wall_seconds=0.148719667 seconds_per_dispatch=0.004014010138 gbps=158.370103
LEG na=5 shape=head.lm_head rep=19 position=3 arm=shift inner=37 gpu_seconds=0.148578125 wall_seconds=0.148774208 seconds_per_dispatch=0.004015625001 gbps=158.306416
LEG na=5 shape=head.lm_head rep=19 position=4 arm=xvec inner=37 gpu_seconds=0.144615167 wall_seconds=0.144805250 seconds_per_dispatch=0.003908518022 gbps=162.644562
LEG na=5 shape=head.lm_head rep=19 position=5 arm=tailfullxvec inner=37 gpu_seconds=0.144794750 wall_seconds=0.145004083 seconds_per_dispatch=0.003913371622 gbps=162.442840
LEG na=5 shape=head.lm_head rep=19 position=6 arm=tailfullxvec inner=37 gpu_seconds=0.144759875 wall_seconds=0.144956875 seconds_per_dispatch=0.003912429055 gbps=162.481975
LEG na=5 shape=head.lm_head rep=19 position=7 arm=xvec inner=37 gpu_seconds=0.144537625 wall_seconds=0.144711750 seconds_per_dispatch=0.003906422295 gbps=162.731818
LEG na=5 shape=head.lm_head rep=19 position=8 arm=shift inner=37 gpu_seconds=0.148471292 wall_seconds=0.148674625 seconds_per_dispatch=0.004012737612 gbps=158.420326
LEG na=5 shape=head.lm_head rep=19 position=9 arm=rfull inner=37 gpu_seconds=0.148411792 wall_seconds=0.148588583 seconds_per_dispatch=0.004011129501 gbps=158.483838
LEG na=5 shape=head.lm_head rep=19 position=10 arm=tailfull inner=37 gpu_seconds=0.148529625 wall_seconds=0.148710542 seconds_per_dispatch=0.004014314190 gbps=158.358108
LEG na=5 shape=head.lm_head rep=19 position=11 arm=plain inner=37 gpu_seconds=0.148492500 wall_seconds=0.148656208 seconds_per_dispatch=0.004013310810 gbps=158.397700
LEG na=5 shape=head.lm_head rep=20 position=0 arm=plain inner=37 gpu_seconds=0.148564000 wall_seconds=0.148731042 seconds_per_dispatch=0.004015243241 gbps=158.321467
LEG na=5 shape=head.lm_head rep=20 position=1 arm=tailfull inner=37 gpu_seconds=0.148574750 wall_seconds=0.148761208 seconds_per_dispatch=0.004015533782 gbps=158.310012
LEG na=5 shape=head.lm_head rep=20 position=2 arm=rfull inner=37 gpu_seconds=0.148549542 wall_seconds=0.148701625 seconds_per_dispatch=0.004014852476 gbps=158.336876
LEG na=5 shape=head.lm_head rep=20 position=3 arm=shift inner=37 gpu_seconds=0.148501250 wall_seconds=0.148662958 seconds_per_dispatch=0.004013547303 gbps=158.388366
LEG na=5 shape=head.lm_head rep=20 position=4 arm=xvec inner=37 gpu_seconds=0.144530792 wall_seconds=0.144721208 seconds_per_dispatch=0.003906237610 gbps=162.739511
LEG na=5 shape=head.lm_head rep=20 position=5 arm=tailfullxvec inner=37 gpu_seconds=0.144888000 wall_seconds=0.145066208 seconds_per_dispatch=0.003915891895 gbps=162.338292
LEG na=5 shape=head.lm_head rep=20 position=6 arm=tailfullxvec inner=37 gpu_seconds=0.144783000 wall_seconds=0.144958667 seconds_per_dispatch=0.003913054054 gbps=162.456023
LEG na=5 shape=head.lm_head rep=20 position=7 arm=xvec inner=37 gpu_seconds=0.144552250 wall_seconds=0.144731875 seconds_per_dispatch=0.003906817572 gbps=162.715353
LEG na=5 shape=head.lm_head rep=20 position=8 arm=shift inner=37 gpu_seconds=0.148620000 wall_seconds=0.148795333 seconds_per_dispatch=0.004016756753 gbps=158.261811
LEG na=5 shape=head.lm_head rep=20 position=9 arm=rfull inner=37 gpu_seconds=0.148464500 wall_seconds=0.148663167 seconds_per_dispatch=0.004012554053 gbps=158.427573
LEG na=5 shape=head.lm_head rep=20 position=10 arm=tailfull inner=37 gpu_seconds=0.148499625 wall_seconds=0.148696042 seconds_per_dispatch=0.004013503379 gbps=158.390100
LEG na=5 shape=head.lm_head rep=20 position=11 arm=plain inner=37 gpu_seconds=0.148504375 wall_seconds=0.148689000 seconds_per_dispatch=0.004013631757 gbps=158.385033
e69_cell_ab: head.lm_head inner=37 legs=252 entry=66.25C exit=71.39C
SHAPE na=5 shape=head.lm_head inner=37 legs=252 entry_gpu_temp_c=66.25 exit_gpu_temp_c=71.39
e69_cell_ab: wrote research/e72-artifacts/rung2-na5.json
e69_wandb_stream: run_id=0imlch0s url=https://wandb.ai/wandb-applied-ai-team/qwen38-mlx-challenge-senpai/runs/0imlch0s legs=1764
wandb: updating run metadata
wandb: uploading history steps 1726-1764, summary, console lines 1774-1812
wandb: 
wandb: Run history:
wandb:                 leg/full_attn.qkv_proj_fused/plain/gbps ▂▂▂▂▁▁▃▂▂▂▂██▄▂▁▁▂▂▂▂▂▃▅▁▁██▂▂▂▂██▇▆▁▁█▂
wandb:          leg/full_attn.qkv_proj_fused/plain/gpu_seconds ▇▆▇▇██▆▇▇▇▇▁▁▅▇██▇▇▇▇▇▆▄██▁▁▇▇▇▇▁▁▂▃██▁▇
wandb: leg/full_attn.qkv_proj_fused/plain/seconds_per_dispatch ▇▆▇▇██▆▇▇▇▇▁▁▅▇██▇▇▇▇▇▆▄██▁▁▇▇▇▇▁▁▂▃██▁▇
wandb:                 leg/full_attn.qkv_proj_fused/rfull/gbps ▂█▂▂▁▂▃▂▂▂▂▃█▂▂▁▂▂▃▂▂▃█▂▁▁▂▂▂▂▂▃▃█▂▅▁▁▂▂
wandb:          leg/full_attn.qkv_proj_fused/rfull/gpu_seconds ▇▁▇▇█▇▆▇▆▇▇▆▁▇▇█▇▇▆▇▇▆▁▇██▇▇▇▇▇▆▆▁▇▄██▇▇
wandb: leg/full_attn.qkv_proj_fused/rfull/seconds_per_dispatch ▇▁▇▇█▇▆▇▆▇▇▆▁▇▇█▇▇▆▇▇▆▁▇██▇▇▇▇▇▆▆▁▇▄██▇▇
wandb:                 leg/full_attn.qkv_proj_fused/shift/gbps ▇█▂▂▁▅▃▂▂▂▂▃█▂▁▁▂▃▂▂▂▂█▂▁▁▂▅▃▂▂▂▂█▂▅▁▂▂▂
wandb:          leg/full_attn.qkv_proj_fused/shift/gpu_seconds ▂▁▇▇█▄▆▇▇▇▇▆▁▇██▇▆▇▇▇▇▁▇██▇▄▆▇▇▇▇▁▇▃█▇▇▇
wandb: leg/full_attn.qkv_proj_fused/shift/seconds_per_dispatch ▂▁▇▇█▄▆▇▇▇▇▆▁▇██▇▆▇▇▇▇▁▇██▇▄▆▇▇▇▇▁▇▃█▇▇▇
wandb:              leg/full_attn.qkv_proj_fused/tailfull/gbps ▂▃▂▂▂▂▂▂▄▂▂▅█▂▂▁▂▂▂▂▂▂█▂▁▁▃▃▂▂▄▄▆█▄▂▁▁█▂
wandb:                                                    +168 ...
wandb: 
wandb: Run summary:
wandb:                 leg/full_attn.qkv_proj_fused/plain/gbps 149.78432
wandb:          leg/full_attn.qkv_proj_fused/plain/gpu_seconds 0.16
wandb: leg/full_attn.qkv_proj_fused/plain/seconds_per_dispatch 0.00025
wandb:                 leg/full_attn.qkv_proj_fused/rfull/gbps 149.88495
wandb:          leg/full_attn.qkv_proj_fused/rfull/gpu_seconds 0.15989
wandb: leg/full_attn.qkv_proj_fused/rfull/seconds_per_dispatch 0.00024
wandb:                 leg/full_attn.qkv_proj_fused/shift/gbps 149.93336
wandb:          leg/full_attn.qkv_proj_fused/shift/gpu_seconds 0.15984
wandb: leg/full_attn.qkv_proj_fused/shift/seconds_per_dispatch 0.00024
wandb:              leg/full_attn.qkv_proj_fused/tailfull/gbps 149.673
wandb:                                                    +172 ...
wandb: 
wandb: 🚀 View run e72-rung2-na5 at: https://wandb.ai/wandb-applied-ai-team/qwen38-mlx-challenge-senpai/runs/0imlch0s
wandb: ⭐️ View project at: https://wandb.ai/wandb-applied-ai-team/qwen38-mlx-challenge-senpai
wandb: Synced 7 W&B file(s), 0 media file(s), 0 artifact file(s) and 0 other file(s)
wandb: Find logs at: ./wandb/run-20260820_102431-0imlch0s/logs
e72_rung2 na=5 exit_thermal gpu_temp=64.01209259033203C cpu_temp=55.50181198120117C gpu_power=0.017197325825691223W status=0
wrote /tmp/e72-build/arms_na6.metal na=6 bytes=250029 sha256=e14eb26f7bbbebb2 arms=9
e72_rung2 na=6 cool_gate before=gpu_temp=61.57470703125C cpu_temp=45.45936584472656C gpu_power=0.010849901475012302W
benchmark.sh: waiting for GPU to cool down before timing (current 59.4C, target <=40C, waited 0s)...
benchmark.sh: waiting for GPU to cool down before timing (current 53.2C, target <=40C, waited 10s)...
benchmark.sh: waiting for GPU to cool down before timing (current 48.8C, target <=40C, waited 20s)...
benchmark.sh: waiting for GPU to cool down before timing (current 46.3C, target <=40C, waited 30s)...
benchmark.sh: waiting for GPU to cool down before timing (current 44.3C, target <=40C, waited 40s)...
benchmark.sh: waiting for GPU to cool down before timing (current 42.7C, target <=40C, waited 50s)...
benchmark.sh: waiting for GPU to cool down before timing (current 41.6C, target <=40C, waited 60s)...
benchmark.sh: waiting for GPU to cool down before timing (current 40.9C, target <=40C, waited 70s)...
benchmark.sh: waiting for GPU to cool down before timing (current 40.5C, target <=40C, waited 80s)...
benchmark.sh: GPU cool-down gate passed (current 39.7C, target <=40C, waited 90s)
e72_rung2 na=6 cool_gate_passed_real_gate=true gate_qualified_for_timing=true
e72_rung2 na=6 entry_thermal gpu_temp=39.76398468017578C cpu_temp=39.89306640625C gpu_power=0.007652551867067814W
wandb: [wandb.login()] Loaded credentials for https://api.wandb.ai from WANDB_API_KEY.
wandb: W&B API key is configured. Use `wandb login --relogin` to force relogin
e69_cell_ab: session entry gpu_temp_c=39.72
wandb: setting up run 5jouy9t1
wandb: Tracking run with wandb version 0.28.1
wandb: Run data is saved locally in /Users/ec2-user/.senpai/native/qwen38-mlx-senpai-r2/roles/student-qwen-edward/workspace/target/wandb/run-20260820_103210-5jouy9t1
wandb: Run `wandb offline` to turn off syncing.
wandb: Syncing run e72-rung2-na6
wandb: ⭐️ View project at https://wandb.ai/wandb-applied-ai-team/qwen38-mlx-challenge-senpai
wandb: 🚀 View run at https://wandb.ai/wandb-applied-ai-team/qwen38-mlx-challenge-senpai/runs/5jouy9t1
ARM na=6 arm=plain max_total_threads_per_threadgroup=1024 static_threadgroup_memory_bytes=0 thread_execution_width=32
ARM na=6 arm=tailfull max_total_threads_per_threadgroup=1024 static_threadgroup_memory_bytes=0 thread_execution_width=32
ARM na=6 arm=rfull max_total_threads_per_threadgroup=1024 static_threadgroup_memory_bytes=0 thread_execution_width=32
ARM na=6 arm=shift max_total_threads_per_threadgroup=1024 static_threadgroup_memory_bytes=0 thread_execution_width=32
ARM na=6 arm=xvec max_total_threads_per_threadgroup=1024 static_threadgroup_memory_bytes=0 thread_execution_width=32
ARM na=6 arm=tailfullxvec max_total_threads_per_threadgroup=1024 static_threadgroup_memory_bytes=0 thread_execution_width=32
PARITY na=6 shape=linear_attn.in_proj_fused_qkvzba arm=tailfull differing=0 elements=98880
PARITY na=6 shape=linear_attn.in_proj_fused_qkvzba arm=rfull differing=0 elements=98880
PARITY na=6 shape=linear_attn.in_proj_fused_qkvzba arm=shift differing=0 elements=98880
PARITY na=6 shape=linear_attn.in_proj_fused_qkvzba arm=xvec differing=0 elements=98880
PARITY na=6 shape=linear_attn.in_proj_fused_qkvzba arm=tailfullxvec differing=0 elements=98880
LEG na=6 shape=linear_attn.in_proj_fused_qkvzba rep=0 position=0 arm=plain inner=568 gpu_seconds=0.202571292 wall_seconds=0.202875500 seconds_per_dispatch=0.000356639598 gbps=118.295333
LEG na=6 shape=linear_attn.in_proj_fused_qkvzba rep=0 position=1 arm=tailfull inner=568 gpu_seconds=0.203276875 wall_seconds=0.203557583 seconds_per_dispatch=0.000357881822 gbps=117.884724
LEG na=6 shape=linear_attn.in_proj_fused_qkvzba rep=0 position=2 arm=rfull inner=568 gpu_seconds=0.202670042 wall_seconds=0.202949875 seconds_per_dispatch=0.000356813454 gbps=118.237694
LEG na=6 shape=linear_attn.in_proj_fused_qkvzba rep=0 position=3 arm=shift inner=568 gpu_seconds=0.201313750 wall_seconds=0.201599500 seconds_per_dispatch=0.000354425616 gbps=119.034286
LEG na=6 shape=linear_attn.in_proj_fused_qkvzba rep=0 position=4 arm=xvec inner=568 gpu_seconds=0.203006708 wall_seconds=0.203391708 seconds_per_dispatch=0.000357406177 gbps=118.041609
LEG na=6 shape=linear_attn.in_proj_fused_qkvzba rep=0 position=5 arm=tailfullxvec inner=568 gpu_seconds=0.202790166 wall_seconds=0.203111917 seconds_per_dispatch=0.000357024941 gbps=118.167655
LEG na=6 shape=linear_attn.in_proj_fused_qkvzba rep=0 position=6 arm=tailfullxvec inner=568 gpu_seconds=0.203217125 wall_seconds=0.203537958 seconds_per_dispatch=0.000357776629 gbps=117.919385
LEG na=6 shape=linear_attn.in_proj_fused_qkvzba rep=0 position=7 arm=xvec inner=568 gpu_seconds=0.203023875 wall_seconds=0.203312083 seconds_per_dispatch=0.000357436399 gbps=118.031628
LEG na=6 shape=linear_attn.in_proj_fused_qkvzba rep=0 position=8 arm=shift inner=568 gpu_seconds=0.201473500 wall_seconds=0.201772000 seconds_per_dispatch=0.000354706866 gbps=118.939902
LEG na=6 shape=linear_attn.in_proj_fused_qkvzba rep=0 position=9 arm=rfull inner=568 gpu_seconds=0.202731417 wall_seconds=0.203048417 seconds_per_dispatch=0.000356921508 gbps=118.201899
LEG na=6 shape=linear_attn.in_proj_fused_qkvzba rep=0 position=10 arm=tailfull inner=568 gpu_seconds=0.202941917 wall_seconds=0.203240875 seconds_per_dispatch=0.000357292107 gbps=118.079295
LEG na=6 shape=linear_attn.in_proj_fused_qkvzba rep=0 position=11 arm=plain inner=568 gpu_seconds=0.203167000 wall_seconds=0.203471583 seconds_per_dispatch=0.000357688380 gbps=117.948478
LEG na=6 shape=linear_attn.in_proj_fused_qkvzba rep=1 position=0 arm=plain inner=568 gpu_seconds=0.203300417 wall_seconds=0.203583125 seconds_per_dispatch=0.000357923269 gbps=117.871074
LEG na=6 shape=linear_attn.in_proj_fused_qkvzba rep=1 position=1 arm=tailfull inner=568 gpu_seconds=0.202323500 wall_seconds=0.202625167 seconds_per_dispatch=0.000356203345 gbps=118.440213
LEG na=6 shape=linear_attn.in_proj_fused_qkvzba rep=1 position=2 arm=rfull inner=568 gpu_seconds=0.202658417 wall_seconds=0.202959333 seconds_per_dispatch=0.000356792987 gbps=118.244477
LEG na=6 shape=linear_attn.in_proj_fused_qkvzba rep=1 position=3 arm=shift inner=568 gpu_seconds=0.202575333 wall_seconds=0.202890958 seconds_per_dispatch=0.000356646713 gbps=118.292973
LEG na=6 shape=linear_attn.in_proj_fused_qkvzba rep=1 position=4 arm=xvec inner=568 gpu_seconds=0.202902167 wall_seconds=0.203217000 seconds_per_dispatch=0.000357222124 gbps=118.102427
LEG na=6 shape=linear_attn.in_proj_fused_qkvzba rep=1 position=5 arm=tailfullxvec inner=568 gpu_seconds=0.203473125 wall_seconds=0.203780500 seconds_per_dispatch=0.000358227333 gbps=117.771024
LEG na=6 shape=linear_attn.in_proj_fused_qkvzba rep=1 position=6 arm=tailfullxvec inner=568 gpu_seconds=0.202329875 wall_seconds=0.202636000 seconds_per_dispatch=0.000356214569 gbps=118.436481
LEG na=6 shape=linear_attn.in_proj_fused_qkvzba rep=1 position=7 arm=xvec inner=568 gpu_seconds=0.202312375 wall_seconds=0.202626458 seconds_per_dispatch=0.000356183759 gbps=118.446726
LEG na=6 shape=linear_attn.in_proj_fused_qkvzba rep=1 position=8 arm=shift inner=568 gpu_seconds=0.202610583 wall_seconds=0.202927792 seconds_per_dispatch=0.000356708773 gbps=118.272392
LEG na=6 shape=linear_attn.in_proj_fused_qkvzba rep=1 position=9 arm=rfull inner=568 gpu_seconds=0.202636833 wall_seconds=0.202954250 seconds_per_dispatch=0.000356754988 gbps=118.257071
LEG na=6 shape=linear_attn.in_proj_fused_qkvzba rep=1 position=10 arm=tailfull inner=568 gpu_seconds=0.203577625 wall_seconds=0.203868750 seconds_per_dispatch=0.000358411312 gbps=117.710571
LEG na=6 shape=linear_attn.in_proj_fused_qkvzba rep=1 position=11 arm=plain inner=568 gpu_seconds=0.202477625 wall_seconds=0.202785375 seconds_per_dispatch=0.000356474692 gbps=118.350057
LEG na=6 shape=linear_attn.in_proj_fused_qkvzba rep=2 position=0 arm=plain inner=568 gpu_seconds=0.203265500 wall_seconds=0.203582083 seconds_per_dispatch=0.000357861796 gbps=117.891321
LEG na=6 shape=linear_attn.in_proj_fused_qkvzba rep=2 position=1 arm=tailfull inner=568 gpu_seconds=0.203516250 wall_seconds=0.203813125 seconds_per_dispatch=0.000358303257 gbps=117.746069
LEG na=6 shape=linear_attn.in_proj_fused_qkvzba rep=2 position=2 arm=rfull inner=568 gpu_seconds=0.201049875 wall_seconds=0.201368167 seconds_per_dispatch=0.000353961048 gbps=119.190516
LEG na=6 shape=linear_attn.in_proj_fused_qkvzba rep=2 position=3 arm=shift inner=568 gpu_seconds=0.202652833 wall_seconds=0.202965875 seconds_per_dispatch=0.000356783157 gbps=118.247734
LEG na=6 shape=linear_attn.in_proj_fused_qkvzba rep=2 position=4 arm=xvec inner=568 gpu_seconds=0.202043083 wall_seconds=0.202350083 seconds_per_dispatch=0.000355709654 gbps=118.604597
LEG na=6 shape=linear_attn.in_proj_fused_qkvzba rep=2 position=5 arm=tailfullxvec inner=568 gpu_seconds=0.201699083 wall_seconds=0.201999250 seconds_per_dispatch=0.000355104020 gbps=118.806878
LEG na=6 shape=linear_attn.in_proj_fused_qkvzba rep=2 position=6 arm=tailfullxvec inner=568 gpu_seconds=0.201719458 wall_seconds=0.202016000 seconds_per_dispatch=0.000355139892 gbps=118.794878
LEG na=6 shape=linear_attn.in_proj_fused_qkvzba rep=2 position=7 arm=xvec inner=568 gpu_seconds=0.201376000 wall_seconds=0.201659125 seconds_per_dispatch=0.000354535211 gbps=118.997489
LEG na=6 shape=linear_attn.in_proj_fused_qkvzba rep=2 position=8 arm=shift inner=568 gpu_seconds=0.201184917 wall_seconds=0.201487542 seconds_per_dispatch=0.000354198797 gbps=119.110512
LEG na=6 shape=linear_attn.in_proj_fused_qkvzba rep=2 position=9 arm=rfull inner=568 gpu_seconds=0.201204833 wall_seconds=0.201530000 seconds_per_dispatch=0.000354233862 gbps=119.098721
LEG na=6 shape=linear_attn.in_proj_fused_qkvzba rep=2 position=10 arm=tailfull inner=568 gpu_seconds=0.202302250 wall_seconds=0.202582167 seconds_per_dispatch=0.000356165933 gbps=118.452654
LEG na=6 shape=linear_attn.in_proj_fused_qkvzba rep=2 position=11 arm=plain inner=568 gpu_seconds=0.201748458 wall_seconds=0.202042417 seconds_per_dispatch=0.000355190948 gbps=118.777802
LEG na=6 shape=linear_attn.in_proj_fused_qkvzba rep=3 position=0 arm=plain inner=568 gpu_seconds=0.202026292 wall_seconds=0.202324667 seconds_per_dispatch=0.000355680091 gbps=118.614455
LEG na=6 shape=linear_attn.in_proj_fused_qkvzba rep=3 position=1 arm=tailfull inner=568 gpu_seconds=0.202169000 wall_seconds=0.202467000 seconds_per_dispatch=0.000355931338 gbps=118.530726
LEG na=6 shape=linear_attn.in_proj_fused_qkvzba rep=3 position=2 arm=rfull inner=568 gpu_seconds=0.202347125 wall_seconds=0.202632208 seconds_per_dispatch=0.000356244938 gbps=118.426384
LEG na=6 shape=linear_attn.in_proj_fused_qkvzba rep=3 position=3 arm=shift inner=568 gpu_seconds=0.202327625 wall_seconds=0.202634833 seconds_per_dispatch=0.000356210608 gbps=118.437798
LEG na=6 shape=linear_attn.in_proj_fused_qkvzba rep=3 position=4 arm=xvec inner=568 gpu_seconds=0.202257083 wall_seconds=0.202556125 seconds_per_dispatch=0.000356086414 gbps=118.479106
LEG na=6 shape=linear_attn.in_proj_fused_qkvzba rep=3 position=5 arm=tailfullxvec inner=568 gpu_seconds=0.202238875 wall_seconds=0.202547958 seconds_per_dispatch=0.000356054357 gbps=118.489773
LEG na=6 shape=linear_attn.in_proj_fused_qkvzba rep=3 position=6 arm=tailfullxvec inner=568 gpu_seconds=0.202078750 wall_seconds=0.202337083 seconds_per_dispatch=0.000355772447 gbps=118.583663
LEG na=6 shape=linear_attn.in_proj_fused_qkvzba rep=3 position=7 arm=xvec inner=568 gpu_seconds=0.201540375 wall_seconds=0.201780375 seconds_per_dispatch=0.000354824604 gbps=118.900436
LEG na=6 shape=linear_attn.in_proj_fused_qkvzba rep=3 position=8 arm=shift inner=568 gpu_seconds=0.201849000 wall_seconds=0.202103083 seconds_per_dispatch=0.000355367958 gbps=118.718638
LEG na=6 shape=linear_attn.in_proj_fused_qkvzba rep=3 position=9 arm=rfull inner=568 gpu_seconds=0.202567292 wall_seconds=0.202835167 seconds_per_dispatch=0.000356632556 gbps=118.297669
LEG na=6 shape=linear_attn.in_proj_fused_qkvzba rep=3 position=10 arm=tailfull inner=568 gpu_seconds=0.202699000 wall_seconds=0.202984750 seconds_per_dispatch=0.000356864437 gbps=118.220802
LEG na=6 shape=linear_attn.in_proj_fused_qkvzba rep=3 position=11 arm=plain inner=568 gpu_seconds=0.203168917 wall_seconds=0.203466458 seconds_per_dispatch=0.000357691755 gbps=117.947365
LEG na=6 shape=linear_attn.in_proj_fused_qkvzba rep=4 position=0 arm=plain inner=568 gpu_seconds=0.203212583 wall_seconds=0.203496708 seconds_per_dispatch=0.000357768632 gbps=117.922020
LEG na=6 shape=linear_attn.in_proj_fused_qkvzba rep=4 position=1 arm=tailfull inner=568 gpu_seconds=0.202094125 wall_seconds=0.202379958 seconds_per_dispatch=0.000355799516 gbps=118.574641
LEG na=6 shape=linear_attn.in_proj_fused_qkvzba rep=4 position=2 arm=rfull inner=568 gpu_seconds=0.202623750 wall_seconds=0.202953250 seconds_per_dispatch=0.000356731954 gbps=118.264707
LEG na=6 shape=linear_attn.in_proj_fused_qkvzba rep=4 position=3 arm=shift inner=568 gpu_seconds=0.202271292 wall_seconds=0.202584833 seconds_per_dispatch=0.000356111429 gbps=118.470783
LEG na=6 shape=linear_attn.in_proj_fused_qkvzba rep=4 position=4 arm=xvec inner=568 gpu_seconds=0.202895958 wall_seconds=0.203204000 seconds_per_dispatch=0.000357211194 gbps=118.106041
LEG na=6 shape=linear_attn.in_proj_fused_qkvzba rep=4 position=5 arm=tailfullxvec inner=568 gpu_seconds=0.203480875 wall_seconds=0.203784917 seconds_per_dispatch=0.000358240977 gbps=117.766539
LEG na=6 shape=linear_attn.in_proj_fused_qkvzba rep=4 position=6 arm=tailfullxvec inner=568 gpu_seconds=0.201966375 wall_seconds=0.202252417 seconds_per_dispatch=0.000355574604 gbps=118.649644
LEG na=6 shape=linear_attn.in_proj_fused_qkvzba rep=4 position=7 arm=xvec inner=568 gpu_seconds=0.202904000 wall_seconds=0.203229583 seconds_per_dispatch=0.000357225352 gbps=118.101360
LEG na=6 shape=linear_attn.in_proj_fused_qkvzba rep=4 position=8 arm=shift inner=568 gpu_seconds=0.202404125 wall_seconds=0.202705333 seconds_per_dispatch=0.000356345290 gbps=118.393034
LEG na=6 shape=linear_attn.in_proj_fused_qkvzba rep=4 position=9 arm=rfull inner=568 gpu_seconds=0.202730500 wall_seconds=0.203042917 seconds_per_dispatch=0.000356919894 gbps=118.202433
LEG na=6 shape=linear_attn.in_proj_fused_qkvzba rep=4 position=10 arm=tailfull inner=568 gpu_seconds=0.203604542 wall_seconds=0.203912167 seconds_per_dispatch=0.000358458700 gbps=117.695009
LEG na=6 shape=linear_attn.in_proj_fused_qkvzba rep=4 position=11 arm=plain inner=568 gpu_seconds=0.202093583 wall_seconds=0.202407250 seconds_per_dispatch=0.000355798562 gbps=118.574959
LEG na=6 shape=linear_attn.in_proj_fused_qkvzba rep=5 position=0 arm=plain inner=568 gpu_seconds=0.203118875 wall_seconds=0.203423875 seconds_per_dispatch=0.000357603653 gbps=117.976423
LEG na=6 shape=linear_attn.in_proj_fused_qkvzba rep=5 position=1 arm=tailfull inner=568 gpu_seconds=0.203236375 wall_seconds=0.203533875 seconds_per_dispatch=0.000357810519 gbps=117.908216
LEG na=6 shape=linear_attn.in_proj_fused_qkvzba rep=5 position=2 arm=rfull inner=568 gpu_seconds=0.202681000 wall_seconds=0.203000708 seconds_per_dispatch=0.000356832747 gbps=118.231301
LEG na=6 shape=linear_attn.in_proj_fused_qkvzba rep=5 position=3 arm=shift inner=568 gpu_seconds=0.201591000 wall_seconds=0.201892333 seconds_per_dispatch=0.000354913732 gbps=118.870577
LEG na=6 shape=linear_attn.in_proj_fused_qkvzba rep=5 position=4 arm=xvec inner=568 gpu_seconds=0.202014833 wall_seconds=0.202309500 seconds_per_dispatch=0.000355659918 gbps=118.621183
LEG na=6 shape=linear_attn.in_proj_fused_qkvzba rep=5 position=5 arm=tailfullxvec inner=568 gpu_seconds=0.203249833 wall_seconds=0.203556708 seconds_per_dispatch=0.000357834214 gbps=117.900409
LEG na=6 shape=linear_attn.in_proj_fused_qkvzba rep=5 position=6 arm=tailfullxvec inner=568 gpu_seconds=0.203317208 wall_seconds=0.203617125 seconds_per_dispatch=0.000357952831 gbps=117.861339
LEG na=6 shape=linear_attn.in_proj_fused_qkvzba rep=5 position=7 arm=xvec inner=568 gpu_seconds=0.203020375 wall_seconds=0.203326375 seconds_per_dispatch=0.000357430238 gbps=118.033662
LEG na=6 shape=linear_attn.in_proj_fused_qkvzba rep=5 position=8 arm=shift inner=568 gpu_seconds=0.202445500 wall_seconds=0.202741375 seconds_per_dispatch=0.000356418134 gbps=118.368837
LEG na=6 shape=linear_attn.in_proj_fused_qkvzba rep=5 position=9 arm=rfull inner=568 gpu_seconds=0.201518083 wall_seconds=0.201820583 seconds_per_dispatch=0.000354785358 gbps=118.913588
LEG na=6 shape=linear_attn.in_proj_fused_qkvzba rep=5 position=10 arm=tailfull inner=568 gpu_seconds=0.202757708 wall_seconds=0.203077833 seconds_per_dispatch=0.000356967797 gbps=118.186571
LEG na=6 shape=linear_attn.in_proj_fused_qkvzba rep=5 position=11 arm=plain inner=568 gpu_seconds=0.203408833 wall_seconds=0.203698083 seconds_per_dispatch=0.000358114143 gbps=117.808249
LEG na=6 shape=linear_attn.in_proj_fused_qkvzba rep=6 position=0 arm=plain inner=568 gpu_seconds=0.201631000 wall_seconds=0.201932542 seconds_per_dispatch=0.000354984155 gbps=118.846995
LEG na=6 shape=linear_attn.in_proj_fused_qkvzba rep=6 position=1 arm=tailfull inner=568 gpu_seconds=0.203355750 wall_seconds=0.203679875 seconds_per_dispatch=0.000358020686 gbps=117.839001
LEG na=6 shape=linear_attn.in_proj_fused_qkvzba rep=6 position=2 arm=rfull inner=568 gpu_seconds=0.202061333 wall_seconds=0.202358292 seconds_per_dispatch=0.000355741784 gbps=118.593884
LEG na=6 shape=linear_attn.in_proj_fused_qkvzba rep=6 position=3 arm=shift inner=568 gpu_seconds=0.202648791 wall_seconds=0.202956792 seconds_per_dispatch=0.000356776041 gbps=118.250093
LEG na=6 shape=linear_attn.in_proj_fused_qkvzba rep=6 position=4 arm=xvec inner=568 gpu_seconds=0.202964958 wall_seconds=0.203273500 seconds_per_dispatch=0.000357332673 gbps=118.065890
LEG na=6 shape=linear_attn.in_proj_fused_qkvzba rep=6 position=5 arm=tailfullxvec inner=568 gpu_seconds=0.201765875 wall_seconds=0.202058250 seconds_per_dispatch=0.000355221611 gbps=118.767549
LEG na=6 shape=linear_attn.in_proj_fused_qkvzba rep=6 position=6 arm=tailfullxvec inner=568 gpu_seconds=0.203229500 wall_seconds=0.203522708 seconds_per_dispatch=0.000357798415 gbps=117.912205
LEG na=6 shape=linear_attn.in_proj_fused_qkvzba rep=6 position=7 arm=xvec inner=568 gpu_seconds=0.202286083 wall_seconds=0.202519750 seconds_per_dispatch=0.000356137471 gbps=118.462121
LEG na=6 shape=linear_attn.in_proj_fused_qkvzba rep=6 position=8 arm=shift inner=568 gpu_seconds=0.201693000 wall_seconds=0.202007542 seconds_per_dispatch=0.000355093310 gbps=118.810461
LEG na=6 shape=linear_attn.in_proj_fused_qkvzba rep=6 position=9 arm=rfull inner=568 gpu_seconds=0.201067125 wall_seconds=0.201393917 seconds_per_dispatch=0.000353991417 gbps=119.180291
LEG na=6 shape=linear_attn.in_proj_fused_qkvzba rep=6 position=10 arm=tailfull inner=568 gpu_seconds=0.201875125 wall_seconds=0.202169000 seconds_per_dispatch=0.000355413953 gbps=118.703275
LEG na=6 shape=linear_attn.in_proj_fused_qkvzba rep=6 position=11 arm=plain inner=568 gpu_seconds=0.201719750 wall_seconds=0.202005625 seconds_per_dispatch=0.000355140405 gbps=118.794706
LEG na=6 shape=linear_attn.in_proj_fused_qkvzba rep=7 position=0 arm=plain inner=568 gpu_seconds=0.201650375 wall_seconds=0.201948708 seconds_per_dispatch=0.000355018266 gbps=118.835576
LEG na=6 shape=linear_attn.in_proj_fused_qkvzba rep=7 position=1 arm=tailfull inner=568 gpu_seconds=0.201891083 wall_seconds=0.202194667 seconds_per_dispatch=0.000355442048 gbps=118.693892
LEG na=6 shape=linear_attn.in_proj_fused_qkvzba rep=7 position=2 arm=rfull inner=568 gpu_seconds=0.202218875 wall_seconds=0.202511875 seconds_per_dispatch=0.000356019146 gbps=118.501492
LEG na=6 shape=linear_attn.in_proj_fused_qkvzba rep=7 position=3 arm=shift inner=568 gpu_seconds=0.201684667 wall_seconds=0.201957750 seconds_per_dispatch=0.000355078639 gbps=118.815370
LEG na=6 shape=linear_attn.in_proj_fused_qkvzba rep=7 position=4 arm=xvec inner=568 gpu_seconds=0.202717500 wall_seconds=0.203018125 seconds_per_dispatch=0.000356897007 gbps=118.210014
LEG na=6 shape=linear_attn.in_proj_fused_qkvzba rep=7 position=5 arm=tailfullxvec inner=568 gpu_seconds=0.202977542 wall_seconds=0.203259917 seconds_per_dispatch=0.000357354827 gbps=118.058570
LEG na=6 shape=linear_attn.in_proj_fused_qkvzba rep=7 position=6 arm=tailfullxvec inner=568 gpu_seconds=0.203104500 wall_seconds=0.203401833 seconds_per_dispatch=0.000357578345 gbps=117.984773
LEG na=6 shape=linear_attn.in_proj_fused_qkvzba rep=7 position=7 arm=xvec inner=568 gpu_seconds=0.202903958 wall_seconds=0.203160417 seconds_per_dispatch=0.000357225279 gbps=118.101385
LEG na=6 shape=linear_attn.in_proj_fused_qkvzba rep=7 position=8 arm=shift inner=568 gpu_seconds=0.201838500 wall_seconds=0.202102125 seconds_per_dispatch=0.000355349472 gbps=118.724814
LEG na=6 shape=linear_attn.in_proj_fused_qkvzba rep=7 position=9 arm=rfull inner=568 gpu_seconds=0.202425667 wall_seconds=0.202728167 seconds_per_dispatch=0.000356383216 gbps=118.380435
LEG na=6 shape=linear_attn.in_proj_fused_qkvzba rep=7 position=10 arm=tailfull inner=568 gpu_seconds=0.203388500 wall_seconds=0.203641250 seconds_per_dispatch=0.000358078345 gbps=117.820026
LEG na=6 shape=linear_attn.in_proj_fused_qkvzba rep=7 position=11 arm=plain inner=568 gpu_seconds=0.201656250 wall_seconds=0.201896375 seconds_per_dispatch=0.000355028609 gbps=118.832114
LEG na=6 shape=linear_attn.in_proj_fused_qkvzba rep=8 position=0 arm=plain inner=568 gpu_seconds=0.203138334 wall_seconds=0.203435500 seconds_per_dispatch=0.000357637911 gbps=117.965123
LEG na=6 shape=linear_attn.in_proj_fused_qkvzba rep=8 position=1 arm=tailfull inner=568 gpu_seconds=0.202744542 wall_seconds=0.203020000 seconds_per_dispatch=0.000356944616 gbps=118.194247
LEG na=6 shape=linear_attn.in_proj_fused_qkvzba rep=8 position=2 arm=rfull inner=568 gpu_seconds=0.202572792 wall_seconds=0.202870542 seconds_per_dispatch=0.000356642239 gbps=118.294457
LEG na=6 shape=linear_attn.in_proj_fused_qkvzba rep=8 position=3 arm=shift inner=568 gpu_seconds=0.202652625 wall_seconds=0.202935958 seconds_per_dispatch=0.000356782791 gbps=118.247856
LEG na=6 shape=linear_attn.in_proj_fused_qkvzba rep=8 position=4 arm=xvec inner=568 gpu_seconds=0.201618625 wall_seconds=0.201910708 seconds_per_dispatch=0.000354962368 gbps=118.854289
LEG na=6 shape=linear_attn.in_proj_fused_qkvzba rep=8 position=5 arm=tailfullxvec inner=568 gpu_seconds=0.203195625 wall_seconds=0.203525833 seconds_per_dispatch=0.000357738776 gbps=117.931862
LEG na=6 shape=linear_attn.in_proj_fused_qkvzba rep=8 position=6 arm=tailfullxvec inner=568 gpu_seconds=0.202802500 wall_seconds=0.203095500 seconds_per_dispatch=0.000357046655 gbps=118.160468
LEG na=6 shape=linear_attn.in_proj_fused_qkvzba rep=8 position=7 arm=xvec inner=568 gpu_seconds=0.202449625 wall_seconds=0.202770958 seconds_per_dispatch=0.000356425396 gbps=118.366425
LEG na=6 shape=linear_attn.in_proj_fused_qkvzba rep=8 position=8 arm=shift inner=568 gpu_seconds=0.202592625 wall_seconds=0.202910000 seconds_per_dispatch=0.000356677156 gbps=118.282876
LEG na=6 shape=linear_attn.in_proj_fused_qkvzba rep=8 position=9 arm=rfull inner=568 gpu_seconds=0.201390208 wall_seconds=0.201688167 seconds_per_dispatch=0.000354560226 gbps=118.989094
LEG na=6 shape=linear_attn.in_proj_fused_qkvzba rep=8 position=10 arm=tailfull inner=568 gpu_seconds=0.202404000 wall_seconds=0.202715292 seconds_per_dispatch=0.000356345070 gbps=118.393107
LEG na=6 shape=linear_attn.in_proj_fused_qkvzba rep=8 position=11 arm=plain inner=568 gpu_seconds=0.202912708 wall_seconds=0.203203458 seconds_per_dispatch=0.000357240684 gbps=118.096292
LEG na=6 shape=linear_attn.in_proj_fused_qkvzba rep=9 position=0 arm=plain inner=568 gpu_seconds=0.201792750 wall_seconds=0.202039500 seconds_per_dispatch=0.000355268926 gbps=118.751731
LEG na=6 shape=linear_attn.in_proj_fused_qkvzba rep=9 position=1 arm=tailfull inner=568 gpu_seconds=0.203498000 wall_seconds=0.203806542 seconds_per_dispatch=0.000358271127 gbps=117.756629
LEG na=6 shape=linear_attn.in_proj_fused_qkvzba rep=9 position=2 arm=rfull inner=568 gpu_seconds=0.201722500 wall_seconds=0.202018125 seconds_per_dispatch=0.000355145246 gbps=118.793087
LEG na=6 shape=linear_attn.in_proj_fused_qkvzba rep=9 position=3 arm=shift inner=568 gpu_seconds=0.202709792 wall_seconds=0.203025583 seconds_per_dispatch=0.000356883436 gbps=118.214509
LEG na=6 shape=linear_attn.in_proj_fused_qkvzba rep=9 position=4 arm=xvec inner=568 gpu_seconds=0.202807583 wall_seconds=0.203100083 seconds_per_dispatch=0.000357055605 gbps=118.157507
LEG na=6 shape=linear_attn.in_proj_fused_qkvzba rep=9 position=5 arm=tailfullxvec inner=568 gpu_seconds=0.203357500 wall_seconds=0.203678125 seconds_per_dispatch=0.000358023768 gbps=117.837987
LEG na=6 shape=linear_attn.in_proj_fused_qkvzba rep=9 position=6 arm=tailfullxvec inner=568 gpu_seconds=0.203462583 wall_seconds=0.203749542 seconds_per_dispatch=0.000358208773 gbps=117.777126
LEG na=6 shape=linear_attn.in_proj_fused_qkvzba rep=9 position=7 arm=xvec inner=568 gpu_seconds=0.202074583 wall_seconds=0.202346625 seconds_per_dispatch=0.000355765112 gbps=118.586108
LEG na=6 shape=linear_attn.in_proj_fused_qkvzba rep=9 position=8 arm=shift inner=568 gpu_seconds=0.202718750 wall_seconds=0.203037833 seconds_per_dispatch=0.000356899208 gbps=118.209284
LEG na=6 shape=linear_attn.in_proj_fused_qkvzba rep=9 position=9 arm=rfull inner=568 gpu_seconds=0.202780500 wall_seconds=0.203143625 seconds_per_dispatch=0.000357007923 gbps=118.173288
LEG na=6 shape=linear_attn.in_proj_fused_qkvzba rep=9 position=10 arm=tailfull inner=568 gpu_seconds=0.203302000 wall_seconds=0.203612750 seconds_per_dispatch=0.000357926056 gbps=117.870156
LEG na=6 shape=linear_attn.in_proj_fused_qkvzba rep=9 position=11 arm=plain inner=568 gpu_seconds=0.203302959 wall_seconds=0.203612083 seconds_per_dispatch=0.000357927744 gbps=117.869600
LEG na=6 shape=linear_attn.in_proj_fused_qkvzba rep=10 position=0 arm=plain inner=568 gpu_seconds=0.202553042 wall_seconds=0.202854042 seconds_per_dispatch=0.000356607468 gbps=118.305991
LEG na=6 shape=linear_attn.in_proj_fused_qkvzba rep=10 position=1 arm=tailfull inner=568 gpu_seconds=0.203464500 wall_seconds=0.203774250 seconds_per_dispatch=0.000358212148 gbps=117.776017
LEG na=6 shape=linear_attn.in_proj_fused_qkvzba rep=10 position=2 arm=rfull inner=568 gpu_seconds=0.202880583 wall_seconds=0.203176542 seconds_per_dispatch=0.000357184125 gbps=118.114992
LEG na=6 shape=linear_attn.in_proj_fused_qkvzba rep=10 position=3 arm=shift inner=568 gpu_seconds=0.201324750 wall_seconds=0.201617208 seconds_per_dispatch=0.000354444982 gbps=119.027782
LEG na=6 shape=linear_attn.in_proj_fused_qkvzba rep=10 position=4 arm=xvec inner=568 gpu_seconds=0.202917875 wall_seconds=0.203224167 seconds_per_dispatch=0.000357249780 gbps=118.093285
LEG na=6 shape=linear_attn.in_proj_fused_qkvzba rep=10 position=5 arm=tailfullxvec inner=568 gpu_seconds=0.202770375 wall_seconds=0.203070542 seconds_per_dispatch=0.000356990097 gbps=118.179189
LEG na=6 shape=linear_attn.in_proj_fused_qkvzba rep=10 position=6 arm=tailfullxvec inner=568 gpu_seconds=0.203269167 wall_seconds=0.203591667 seconds_per_dispatch=0.000357868251 gbps=117.889195
LEG na=6 shape=linear_attn.in_proj_fused_qkvzba rep=10 position=7 arm=xvec inner=568 gpu_seconds=0.202955583 wall_seconds=0.203245708 seconds_per_dispatch=0.000357316167 gbps=118.071344
LEG na=6 shape=linear_attn.in_proj_fused_qkvzba rep=10 position=8 arm=shift inner=568 gpu_seconds=0.201559583 wall_seconds=0.201866333 seconds_per_dispatch=0.000354858422 gbps=118.889105
LEG na=6 shape=linear_attn.in_proj_fused_qkvzba rep=10 position=9 arm=rfull inner=568 gpu_seconds=0.202710750 wall_seconds=0.203019875 seconds_per_dispatch=0.000356885123 gbps=118.213950
LEG na=6 shape=linear_attn.in_proj_fused_qkvzba rep=10 position=10 arm=tailfull inner=568 gpu_seconds=0.202984375 wall_seconds=0.203294292 seconds_per_dispatch=0.000357366857 gbps=118.054596
LEG na=6 shape=linear_attn.in_proj_fused_qkvzba rep=10 position=11 arm=plain inner=568 gpu_seconds=0.202572917 wall_seconds=0.202884292 seconds_per_dispatch=0.000356642459 gbps=118.294384
LEG na=6 shape=linear_attn.in_proj_fused_qkvzba rep=11 position=0 arm=plain inner=568 gpu_seconds=0.201660083 wall_seconds=0.201975458 seconds_per_dispatch=0.000355035358 gbps=118.829855
LEG na=6 shape=linear_attn.in_proj_fused_qkvzba rep=11 position=1 arm=tailfull inner=568 gpu_seconds=0.201799708 wall_seconds=0.202107500 seconds_per_dispatch=0.000355281177 gbps=118.747636
LEG na=6 shape=linear_attn.in_proj_fused_qkvzba rep=11 position=2 arm=rfull inner=568 gpu_seconds=0.201030917 wall_seconds=0.201340542 seconds_per_dispatch=0.000353927670 gbps=119.201757
LEG na=6 shape=linear_attn.in_proj_fused_qkvzba rep=11 position=3 arm=shift inner=568 gpu_seconds=0.201256250 wall_seconds=0.201536708 seconds_per_dispatch=0.000354324384 gbps=119.068294
LEG na=6 shape=linear_attn.in_proj_fused_qkvzba rep=11 position=4 arm=xvec inner=568 gpu_seconds=0.201324792 wall_seconds=0.201634083 seconds_per_dispatch=0.000354445056 gbps=119.027757
LEG na=6 shape=linear_attn.in_proj_fused_qkvzba rep=11 position=5 arm=tailfullxvec inner=568 gpu_seconds=0.202005208 wall_seconds=0.202317042 seconds_per_dispatch=0.000355642973 gbps=118.626834
LEG na=6 shape=linear_attn.in_proj_fused_qkvzba rep=11 position=6 arm=tailfullxvec inner=568 gpu_seconds=0.202256625 wall_seconds=0.202569833 seconds_per_dispatch=0.000356085607 gbps=118.479375
LEG na=6 shape=linear_attn.in_proj_fused_qkvzba rep=11 position=7 arm=xvec inner=568 gpu_seconds=0.202631875 wall_seconds=0.202939958 seconds_per_dispatch=0.000356746259 gbps=118.259965
LEG na=6 shape=linear_attn.in_proj_fused_qkvzba rep=11 position=8 arm=shift inner=568 gpu_seconds=0.202601833 wall_seconds=0.202933708 seconds_per_dispatch=0.000356693368 gbps=118.277500
LEG na=6 shape=linear_attn.in_proj_fused_qkvzba rep=11 position=9 arm=rfull inner=568 gpu_seconds=0.202463000 wall_seconds=0.202758625 seconds_per_dispatch=0.000356448944 gbps=118.358606
LEG na=6 shape=linear_attn.in_proj_fused_qkvzba rep=11 position=10 arm=tailfull inner=568 gpu_seconds=0.202989917 wall_seconds=0.203267208 seconds_per_dispatch=0.000357376614 gbps=118.051373
LEG na=6 shape=linear_attn.in_proj_fused_qkvzba rep=11 position=11 arm=plain inner=568 gpu_seconds=0.202137875 wall_seconds=0.202425583 seconds_per_dispatch=0.000355876541 gbps=118.548977
LEG na=6 shape=linear_attn.in_proj_fused_qkvzba rep=12 position=0 arm=plain inner=568 gpu_seconds=0.202734417 wall_seconds=0.202999792 seconds_per_dispatch=0.000356926790 gbps=118.200150
LEG na=6 shape=linear_attn.in_proj_fused_qkvzba rep=12 position=1 arm=tailfull inner=568 gpu_seconds=0.203400625 wall_seconds=0.203642250 seconds_per_dispatch=0.000358099692 gbps=117.813003
LEG na=6 shape=linear_attn.in_proj_fused_qkvzba rep=12 position=2 arm=rfull inner=568 gpu_seconds=0.201191583 wall_seconds=0.201457792 seconds_per_dispatch=0.000354210534 gbps=119.106565
LEG na=6 shape=linear_attn.in_proj_fused_qkvzba rep=12 position=3 arm=shift inner=568 gpu_seconds=0.202758000 wall_seconds=0.203033583 seconds_per_dispatch=0.000356968310 gbps=118.186402
LEG na=6 shape=linear_attn.in_proj_fused_qkvzba rep=12 position=4 arm=xvec inner=568 gpu_seconds=0.202124625 wall_seconds=0.202415958 seconds_per_dispatch=0.000355853213 gbps=118.556749
LEG na=6 shape=linear_attn.in_proj_fused_qkvzba rep=12 position=5 arm=tailfullxvec inner=568 gpu_seconds=0.203058000 wall_seconds=0.203352875 seconds_per_dispatch=0.000357496479 gbps=118.011792
LEG na=6 shape=linear_attn.in_proj_fused_qkvzba rep=12 position=6 arm=tailfullxvec inner=568 gpu_seconds=0.203344250 wall_seconds=0.203603333 seconds_per_dispatch=0.000358000440 gbps=117.845665
LEG na=6 shape=linear_attn.in_proj_fused_qkvzba rep=12 position=7 arm=xvec inner=568 gpu_seconds=0.201534750 wall_seconds=0.201785708 seconds_per_dispatch=0.000354814701 gbps=118.903754
LEG na=6 shape=linear_attn.in_proj_fused_qkvzba rep=12 position=8 arm=shift inner=568 gpu_seconds=0.201514875 wall_seconds=0.201807958 seconds_per_dispatch=0.000354779710 gbps=118.915482
LEG na=6 shape=linear_attn.in_proj_fused_qkvzba rep=12 position=9 arm=rfull inner=568 gpu_seconds=0.202156125 wall_seconds=0.202467333 seconds_per_dispatch=0.000355908671 gbps=118.538275
LEG na=6 shape=linear_attn.in_proj_fused_qkvzba rep=12 position=10 arm=tailfull inner=568 gpu_seconds=0.203438125 wall_seconds=0.203748917 seconds_per_dispatch=0.000358165713 gbps=117.791286
LEG na=6 shape=linear_attn.in_proj_fused_qkvzba rep=12 position=11 arm=plain inner=568 gpu_seconds=0.203376042 wall_seconds=0.203666208 seconds_per_dispatch=0.000358056411 gbps=117.827244
LEG na=6 shape=linear_attn.in_proj_fused_qkvzba rep=13 position=0 arm=plain inner=568 gpu_seconds=0.201912167 wall_seconds=0.202212667 seconds_per_dispatch=0.000355479167 gbps=118.681498
LEG na=6 shape=linear_attn.in_proj_fused_qkvzba rep=13 position=1 arm=tailfull inner=568 gpu_seconds=0.203505500 wall_seconds=0.203817292 seconds_per_dispatch=0.000358284331 gbps=117.752289
LEG na=6 shape=linear_attn.in_proj_fused_qkvzba rep=13 position=2 arm=rfull inner=568 gpu_seconds=0.202366875 wall_seconds=0.202671542 seconds_per_dispatch=0.000356279710 gbps=118.414827
LEG na=6 shape=linear_attn.in_proj_fused_qkvzba rep=13 position=3 arm=shift inner=568 gpu_seconds=0.202747084 wall_seconds=0.203067417 seconds_per_dispatch=0.000356949091 gbps=118.192765
LEG na=6 shape=linear_attn.in_proj_fused_qkvzba rep=13 position=4 arm=xvec inner=568 gpu_seconds=0.203069333 wall_seconds=0.203366292 seconds_per_dispatch=0.000357516432 gbps=118.005205
LEG na=6 shape=linear_attn.in_proj_fused_qkvzba rep=13 position=5 arm=tailfullxvec inner=568 gpu_seconds=0.202215250 wall_seconds=0.202526833 seconds_per_dispatch=0.000356012764 gbps=118.503616
LEG na=6 shape=linear_attn.in_proj_fused_qkvzba rep=13 position=6 arm=tailfullxvec inner=568 gpu_seconds=0.203315375 wall_seconds=0.203629250 seconds_per_dispatch=0.000357949604 gbps=117.862402
LEG na=6 shape=linear_attn.in_proj_fused_qkvzba rep=13 position=7 arm=xvec inner=568 gpu_seconds=0.202682125 wall_seconds=0.202987750 seconds_per_dispatch=0.000356834727 gbps=118.230645
LEG na=6 shape=linear_attn.in_proj_fused_qkvzba rep=13 position=8 arm=shift inner=568 gpu_seconds=0.202635125 wall_seconds=0.202948042 seconds_per_dispatch=0.000356751981 gbps=118.258068
LEG na=6 shape=linear_attn.in_proj_fused_qkvzba rep=13 position=9 arm=rfull inner=568 gpu_seconds=0.202884917 wall_seconds=0.203174042 seconds_per_dispatch=0.000357191755 gbps=118.112469
LEG na=6 shape=linear_attn.in_proj_fused_qkvzba rep=13 position=10 arm=tailfull inner=568 gpu_seconds=0.202450875 wall_seconds=0.202756375 seconds_per_dispatch=0.000356427597 gbps=118.365694
LEG na=6 shape=linear_attn.in_proj_fused_qkvzba rep=13 position=11 arm=plain inner=568 gpu_seconds=0.203012583 wall_seconds=0.203324333 seconds_per_dispatch=0.000357416520 gbps=118.038193
LEG na=6 shape=linear_attn.in_proj_fused_qkvzba rep=14 position=0 arm=plain inner=568 gpu_seconds=0.203074791 wall_seconds=0.203384542 seconds_per_dispatch=0.000357526041 gbps=118.002034
LEG na=6 shape=linear_attn.in_proj_fused_qkvzba rep=14 position=1 arm=tailfull inner=568 gpu_seconds=0.203418292 wall_seconds=0.203736542 seconds_per_dispatch=0.000358130795 gbps=117.802771
LEG na=6 shape=linear_attn.in_proj_fused_qkvzba rep=14 position=2 arm=rfull inner=568 gpu_seconds=0.202901250 wall_seconds=0.203189042 seconds_per_dispatch=0.000357220511 gbps=118.102961
LEG na=6 shape=linear_attn.in_proj_fused_qkvzba rep=14 position=3 arm=shift inner=568 gpu_seconds=0.201916250 wall_seconds=0.202223167 seconds_per_dispatch=0.000355486356 gbps=118.679098
LEG na=6 shape=linear_attn.in_proj_fused_qkvzba rep=14 position=4 arm=xvec inner=568 gpu_seconds=0.203005833 wall_seconds=0.203332875 seconds_per_dispatch=0.000357404636 gbps=118.042117
LEG na=6 shape=linear_attn.in_proj_fused_qkvzba rep=14 position=5 arm=tailfullxvec inner=568 gpu_seconds=0.203222375 wall_seconds=0.203529500 seconds_per_dispatch=0.000357785871 gbps=117.916339
LEG na=6 shape=linear_attn.in_proj_fused_qkvzba rep=14 position=6 arm=tailfullxvec inner=568 gpu_seconds=0.203232083 wall_seconds=0.203552417 seconds_per_dispatch=0.000357802964 gbps=117.910706
LEG na=6 shape=linear_attn.in_proj_fused_qkvzba rep=14 position=7 arm=xvec inner=568 gpu_seconds=0.203038708 wall_seconds=0.203330667 seconds_per_dispatch=0.000357462515 gbps=118.023005
LEG na=6 shape=linear_attn.in_proj_fused_qkvzba rep=14 position=8 arm=shift inner=568 gpu_seconds=0.202132000 wall_seconds=0.202492458 seconds_per_dispatch=0.000355866197 gbps=118.552423
LEG na=6 shape=linear_attn.in_proj_fused_qkvzba rep=14 position=9 arm=rfull inner=568 gpu_seconds=0.201536500 wall_seconds=0.201862250 seconds_per_dispatch=0.000354817782 gbps=118.902722
LEG na=6 shape=linear_attn.in_proj_fused_qkvzba rep=14 position=10 arm=tailfull inner=568 gpu_seconds=0.203577708 wall_seconds=0.203887042 seconds_per_dispatch=0.000358411459 gbps=117.710522
LEG na=6 shape=linear_attn.in_proj_fused_qkvzba rep=14 position=11 arm=plain inner=568 gpu_seconds=0.201753625 wall_seconds=0.202052333 seconds_per_dispatch=0.000355200044 gbps=118.774760
LEG na=6 shape=linear_attn.in_proj_fused_qkvzba rep=15 position=0 arm=plain inner=568 gpu_seconds=0.203296917 wall_seconds=0.203669542 seconds_per_dispatch=0.000357917107 gbps=117.873103
LEG na=6 shape=linear_attn.in_proj_fused_qkvzba rep=15 position=1 arm=tailfull inner=568 gpu_seconds=0.202937542 wall_seconds=0.203246250 seconds_per_dispatch=0.000357284405 gbps=118.081840
LEG na=6 shape=linear_attn.in_proj_fused_qkvzba rep=15 position=2 arm=rfull inner=568 gpu_seconds=0.202514958 wall_seconds=0.202840458 seconds_per_dispatch=0.000356540420 gbps=118.328239
LEG na=6 shape=linear_attn.in_proj_fused_qkvzba rep=15 position=3 arm=shift inner=568 gpu_seconds=0.202147708 wall_seconds=0.202446333 seconds_per_dispatch=0.000355893853 gbps=118.543211
LEG na=6 shape=linear_attn.in_proj_fused_qkvzba rep=15 position=4 arm=xvec inner=568 gpu_seconds=0.201337292 wall_seconds=0.201771042 seconds_per_dispatch=0.000354467063 gbps=119.020367
LEG na=6 shape=linear_attn.in_proj_fused_qkvzba rep=15 position=5 arm=tailfullxvec inner=568 gpu_seconds=0.201874250 wall_seconds=0.202176708 seconds_per_dispatch=0.000355412412 gbps=118.703789
LEG na=6 shape=linear_attn.in_proj_fused_qkvzba rep=15 position=6 arm=tailfullxvec inner=568 gpu_seconds=0.201723958 wall_seconds=0.202018333 seconds_per_dispatch=0.000355147814 gbps=118.792228
LEG na=6 shape=linear_attn.in_proj_fused_qkvzba rep=15 position=7 arm=xvec inner=568 gpu_seconds=0.201495750 wall_seconds=0.201811792 seconds_per_dispatch=0.000354746039 gbps=118.926769
LEG na=6 shape=linear_attn.in_proj_fused_qkvzba rep=15 position=8 arm=shift inner=568 gpu_seconds=0.201147750 wall_seconds=0.201514417 seconds_per_dispatch=0.000354133363 gbps=119.132520
LEG na=6 shape=linear_attn.in_proj_fused_qkvzba rep=15 position=9 arm=rfull inner=568 gpu_seconds=0.201478875 wall_seconds=0.201756458 seconds_per_dispatch=0.000354716329 gbps=118.936729
LEG na=6 shape=linear_attn.in_proj_fused_qkvzba rep=15 position=10 arm=tailfull inner=568 gpu_seconds=0.203288625 wall_seconds=0.203578875 seconds_per_dispatch=0.000357902509 gbps=117.877911
LEG na=6 shape=linear_attn.in_proj_fused_qkvzba rep=15 position=11 arm=plain inner=568 gpu_seconds=0.202932000 wall_seconds=0.203206500 seconds_per_dispatch=0.000357274648 gbps=118.085065
LEG na=6 shape=linear_attn.in_proj_fused_qkvzba rep=16 position=0 arm=plain inner=568 gpu_seconds=0.202974625 wall_seconds=0.203269875 seconds_per_dispatch=0.000357349692 gbps=118.060267
LEG na=6 shape=linear_attn.in_proj_fused_qkvzba rep=16 position=1 arm=tailfull inner=568 gpu_seconds=0.203353250 wall_seconds=0.203635917 seconds_per_dispatch=0.000358016285 gbps=117.840450
LEG na=6 shape=linear_attn.in_proj_fused_qkvzba rep=16 position=2 arm=rfull inner=568 gpu_seconds=0.201921417 wall_seconds=0.202222042 seconds_per_dispatch=0.000355495452 gbps=118.676061
LEG na=6 shape=linear_attn.in_proj_fused_qkvzba rep=16 position=3 arm=shift inner=568 gpu_seconds=0.202635833 wall_seconds=0.202933125 seconds_per_dispatch=0.000356753228 gbps=118.257655
LEG na=6 shape=linear_attn.in_proj_fused_qkvzba rep=16 position=4 arm=xvec inner=568 gpu_seconds=0.202896083 wall_seconds=0.203141750 seconds_per_dispatch=0.000357211414 gbps=118.105968
LEG na=6 shape=linear_attn.in_proj_fused_qkvzba rep=16 position=5 arm=tailfullxvec inner=568 gpu_seconds=0.201850958 wall_seconds=0.202125042 seconds_per_dispatch=0.000355371406 gbps=118.717486
LEG na=6 shape=linear_attn.in_proj_fused_qkvzba rep=16 position=6 arm=tailfullxvec inner=568 gpu_seconds=0.203099375 wall_seconds=0.203409000 seconds_per_dispatch=0.000357569322 gbps=117.987751
LEG na=6 shape=linear_attn.in_proj_fused_qkvzba rep=16 position=7 arm=xvec inner=568 gpu_seconds=0.202183000 wall_seconds=0.202468375 seconds_per_dispatch=0.000355955986 gbps=118.522519
LEG na=6 shape=linear_attn.in_proj_fused_qkvzba rep=16 position=8 arm=shift inner=568 gpu_seconds=0.202709833 wall_seconds=0.203016167 seconds_per_dispatch=0.000356883509 gbps=118.214484
LEG na=6 shape=linear_attn.in_proj_fused_qkvzba rep=16 position=9 arm=rfull inner=568 gpu_seconds=0.202771500 wall_seconds=0.203040167 seconds_per_dispatch=0.000356992077 gbps=118.178533
LEG na=6 shape=linear_attn.in_proj_fused_qkvzba rep=16 position=10 arm=tailfull inner=568 gpu_seconds=0.201993500 wall_seconds=0.202288000 seconds_per_dispatch=0.000355622359 gbps=118.633710
LEG na=6 shape=linear_attn.in_proj_fused_qkvzba rep=16 position=11 arm=plain inner=568 gpu_seconds=0.202884750 wall_seconds=0.203193125 seconds_per_dispatch=0.000357191461 gbps=118.112566
LEG na=6 shape=linear_attn.in_proj_fused_qkvzba rep=17 position=0 arm=plain inner=568 gpu_seconds=0.202637375 wall_seconds=0.202933417 seconds_per_dispatch=0.000356755942 gbps=118.256755
LEG na=6 shape=linear_attn.in_proj_fused_qkvzba rep=17 position=1 arm=tailfull inner=568 gpu_seconds=0.203474667 wall_seconds=0.203776833 seconds_per_dispatch=0.000358230047 gbps=117.770132
LEG na=6 shape=linear_attn.in_proj_fused_qkvzba rep=17 position=2 arm=rfull inner=568 gpu_seconds=0.202879667 wall_seconds=0.203174333 seconds_per_dispatch=0.000357182512 gbps=118.115525
LEG na=6 shape=linear_attn.in_proj_fused_qkvzba rep=17 position=3 arm=shift inner=568 gpu_seconds=0.201629208 wall_seconds=0.201926625 seconds_per_dispatch=0.000354981001 gbps=118.848051
LEG na=6 shape=linear_attn.in_proj_fused_qkvzba rep=17 position=4 arm=xvec inner=568 gpu_seconds=0.202904500 wall_seconds=0.203226208 seconds_per_dispatch=0.000357226233 gbps=118.101069
LEG na=6 shape=linear_attn.in_proj_fused_qkvzba rep=17 position=5 arm=tailfullxvec inner=568 gpu_seconds=0.203051875 wall_seconds=0.203343208 seconds_per_dispatch=0.000357485696 gbps=118.015351
LEG na=6 shape=linear_attn.in_proj_fused_qkvzba rep=17 position=6 arm=tailfullxvec inner=568 gpu_seconds=0.203222542 wall_seconds=0.203536167 seconds_per_dispatch=0.000357786165 gbps=117.916242
LEG na=6 shape=linear_attn.in_proj_fused_qkvzba rep=17 position=7 arm=xvec inner=568 gpu_seconds=0.203155125 wall_seconds=0.203455750 seconds_per_dispatch=0.000357667474 gbps=117.955372
LEG na=6 shape=linear_attn.in_proj_fused_qkvzba rep=17 position=8 arm=shift inner=568 gpu_seconds=0.202158125 wall_seconds=0.202476292 seconds_per_dispatch=0.000355912192 gbps=118.537103
LEG na=6 shape=linear_attn.in_proj_fused_qkvzba rep=17 position=9 arm=rfull inner=568 gpu_seconds=0.203653083 wall_seconds=0.203949292 seconds_per_dispatch=0.000358544161 gbps=117.666956
LEG na=6 shape=linear_attn.in_proj_fused_qkvzba rep=17 position=10 arm=tailfull inner=568 gpu_seconds=0.204090167 wall_seconds=0.204404917 seconds_per_dispatch=0.000359313674 gbps=117.414958
LEG na=6 shape=linear_attn.in_proj_fused_qkvzba rep=17 position=11 arm=plain inner=568 gpu_seconds=0.203892083 wall_seconds=0.204206000 seconds_per_dispatch=0.000358964936 gbps=117.529028
LEG na=6 shape=linear_attn.in_proj_fused_qkvzba rep=18 position=0 arm=plain inner=568 gpu_seconds=0.203922292 wall_seconds=0.204261958 seconds_per_dispatch=0.000359018119 gbps=117.511618
LEG na=6 shape=linear_attn.in_proj_fused_qkvzba rep=18 position=1 arm=tailfull inner=568 gpu_seconds=0.203230875 wall_seconds=0.203515583 seconds_per_dispatch=0.000357800836 gbps=117.911407
LEG na=6 shape=linear_attn.in_proj_fused_qkvzba rep=18 position=2 arm=rfull inner=568 gpu_seconds=0.203284125 wall_seconds=0.203603083 seconds_per_dispatch=0.000357894586 gbps=117.880520
LEG na=6 shape=linear_attn.in_proj_fused_qkvzba rep=18 position=3 arm=shift inner=568 gpu_seconds=0.203602375 wall_seconds=0.203908667 seconds_per_dispatch=0.000358454886 gbps=117.696262
LEG na=6 shape=linear_attn.in_proj_fused_qkvzba rep=18 position=4 arm=xvec inner=568 gpu_seconds=0.203595000 wall_seconds=0.203908917 seconds_per_dispatch=0.000358441902 gbps=117.700525
LEG na=6 shape=linear_attn.in_proj_fused_qkvzba rep=18 position=5 arm=tailfullxvec inner=568 gpu_seconds=0.203802750 wall_seconds=0.204092458 seconds_per_dispatch=0.000358807658 gbps=117.580545
LEG na=6 shape=linear_attn.in_proj_fused_qkvzba rep=18 position=6 arm=tailfullxvec inner=568 gpu_seconds=0.202532292 wall_seconds=0.202840083 seconds_per_dispatch=0.000356570936 gbps=118.318112
LEG na=6 shape=linear_attn.in_proj_fused_qkvzba rep=18 position=7 arm=xvec inner=568 gpu_seconds=0.202814208 wall_seconds=0.203126750 seconds_per_dispatch=0.000357067268 gbps=118.153647
LEG na=6 shape=linear_attn.in_proj_fused_qkvzba rep=18 position=8 arm=shift inner=568 gpu_seconds=0.201673458 wall_seconds=0.201968167 seconds_per_dispatch=0.000355058906 gbps=118.821974
LEG na=6 shape=linear_attn.in_proj_fused_qkvzba rep=18 position=9 arm=rfull inner=568 gpu_seconds=0.201112708 wall_seconds=0.201406375 seconds_per_dispatch=0.000354071670 gbps=119.153278
LEG na=6 shape=linear_attn.in_proj_fused_qkvzba rep=18 position=10 arm=tailfull inner=568 gpu_seconds=0.203577833 wall_seconds=0.203878333 seconds_per_dispatch=0.000358411678 gbps=117.710450
LEG na=6 shape=linear_attn.in_proj_fused_qkvzba rep=18 position=11 arm=plain inner=568 gpu_seconds=0.202578292 wall_seconds=0.202891750 seconds_per_dispatch=0.000356651922 gbps=118.291245
LEG na=6 shape=linear_attn.in_proj_fused_qkvzba rep=19 position=0 arm=plain inner=568 gpu_seconds=0.202823750 wall_seconds=0.203139333 seconds_per_dispatch=0.000357084067 gbps=118.148089
LEG na=6 shape=linear_attn.in_proj_fused_qkvzba rep=19 position=1 arm=tailfull inner=568 gpu_seconds=0.203682250 wall_seconds=0.203996708 seconds_per_dispatch=0.000358595511 gbps=117.650106
LEG na=6 shape=linear_attn.in_proj_fused_qkvzba rep=19 position=2 arm=rfull inner=568 gpu_seconds=0.201311542 wall_seconds=0.201670250 seconds_per_dispatch=0.000354421728 gbps=119.035591
LEG na=6 shape=linear_attn.in_proj_fused_qkvzba rep=19 position=3 arm=shift inner=568 gpu_seconds=0.202913292 wall_seconds=0.203228458 seconds_per_dispatch=0.000357241711 gbps=118.095952
LEG na=6 shape=linear_attn.in_proj_fused_qkvzba rep=19 position=4 arm=xvec inner=568 gpu_seconds=0.202527208 wall_seconds=0.202827083 seconds_per_dispatch=0.000356561987 gbps=118.321082
LEG na=6 shape=linear_attn.in_proj_fused_qkvzba rep=19 position=5 arm=tailfullxvec inner=568 gpu_seconds=0.203279083 wall_seconds=0.203601708 seconds_per_dispatch=0.000357885710 gbps=117.883444
LEG na=6 shape=linear_attn.in_proj_fused_qkvzba rep=19 position=6 arm=tailfullxvec inner=568 gpu_seconds=0.203100417 wall_seconds=0.203403708 seconds_per_dispatch=0.000357571156 gbps=117.987145
LEG na=6 shape=linear_attn.in_proj_fused_qkvzba rep=19 position=7 arm=xvec inner=568 gpu_seconds=0.201610083 wall_seconds=0.201876792 seconds_per_dispatch=0.000354947330 gbps=118.859325
LEG na=6 shape=linear_attn.in_proj_fused_qkvzba rep=19 position=8 arm=shift inner=568 gpu_seconds=0.201285625 wall_seconds=0.201582250 seconds_per_dispatch=0.000354376101 gbps=119.050918
LEG na=6 shape=linear_attn.in_proj_fused_qkvzba rep=19 position=9 arm=rfull inner=568 gpu_seconds=0.201067417 wall_seconds=0.201365708 seconds_per_dispatch=0.000353991931 gbps=119.180118
LEG na=6 shape=linear_attn.in_proj_fused_qkvzba rep=19 position=10 arm=tailfull inner=568 gpu_seconds=0.201894291 wall_seconds=0.202200750 seconds_per_dispatch=0.000355447696 gbps=118.692006
LEG na=6 shape=linear_attn.in_proj_fused_qkvzba rep=19 position=11 arm=plain inner=568 gpu_seconds=0.201757000 wall_seconds=0.202049500 seconds_per_dispatch=0.000355205986 gbps=118.772773
LEG na=6 shape=linear_attn.in_proj_fused_qkvzba rep=20 position=0 arm=plain inner=568 gpu_seconds=0.201665417 wall_seconds=0.201983083 seconds_per_dispatch=0.000355044748 gbps=118.826712
LEG na=6 shape=linear_attn.in_proj_fused_qkvzba rep=20 position=1 arm=tailfull inner=568 gpu_seconds=0.203085042 wall_seconds=0.203388417 seconds_per_dispatch=0.000357544087 gbps=117.996078
LEG na=6 shape=linear_attn.in_proj_fused_qkvzba rep=20 position=2 arm=rfull inner=568 gpu_seconds=0.202503417 wall_seconds=0.202789667 seconds_per_dispatch=0.000356520100 gbps=118.334983
LEG na=6 shape=linear_attn.in_proj_fused_qkvzba rep=20 position=3 arm=shift inner=568 gpu_seconds=0.202384208 wall_seconds=0.202686458 seconds_per_dispatch=0.000356310226 gbps=118.404685
LEG na=6 shape=linear_attn.in_proj_fused_qkvzba rep=20 position=4 arm=xvec inner=568 gpu_seconds=0.202929667 wall_seconds=0.203196500 seconds_per_dispatch=0.000357270540 gbps=118.086423
LEG na=6 shape=linear_attn.in_proj_fused_qkvzba rep=20 position=5 arm=tailfullxvec inner=568 gpu_seconds=0.202531000 wall_seconds=0.202812875 seconds_per_dispatch=0.000356568662 gbps=118.318867
LEG na=6 shape=linear_attn.in_proj_fused_qkvzba rep=20 position=6 arm=tailfullxvec inner=568 gpu_seconds=0.203199292 wall_seconds=0.203500583 seconds_per_dispatch=0.000357745232 gbps=117.929734
LEG na=6 shape=linear_attn.in_proj_fused_qkvzba rep=20 position=7 arm=xvec inner=568 gpu_seconds=0.202736875 wall_seconds=0.202985958 seconds_per_dispatch=0.000356931118 gbps=118.198716
LEG na=6 shape=linear_attn.in_proj_fused_qkvzba rep=20 position=8 arm=shift inner=568 gpu_seconds=0.201658125 wall_seconds=0.201889750 seconds_per_dispatch=0.000355031910 gbps=118.831009
LEG na=6 shape=linear_attn.in_proj_fused_qkvzba rep=20 position=9 arm=rfull inner=568 gpu_seconds=0.202679375 wall_seconds=0.202948167 seconds_per_dispatch=0.000356829885 gbps=118.232249
LEG na=6 shape=linear_attn.in_proj_fused_qkvzba rep=20 position=10 arm=tailfull inner=568 gpu_seconds=0.202442500 wall_seconds=0.202725625 seconds_per_dispatch=0.000356412852 gbps=118.370591
LEG na=6 shape=linear_attn.in_proj_fused_qkvzba rep=20 position=11 arm=plain inner=568 gpu_seconds=0.203116209 wall_seconds=0.203398042 seconds_per_dispatch=0.000357598959 gbps=117.977972
e69_cell_ab: linear_attn.in_proj_fused_qkvzba inner=568 legs=252 entry=39.84C exit=64.70C
SHAPE na=6 shape=linear_attn.in_proj_fused_qkvzba inner=568 legs=252 entry_gpu_temp_c=39.84 exit_gpu_temp_c=64.70
PARITY na=6 shape=linear_attn.out_proj arm=tailfull differing=0 elements=30720
PARITY na=6 shape=linear_attn.out_proj arm=rfull differing=0 elements=30720
PARITY na=6 shape=linear_attn.out_proj arm=shift differing=0 elements=30720
PARITY na=6 shape=linear_attn.out_proj arm=xvec differing=0 elements=30720
PARITY na=6 shape=linear_attn.out_proj arm=tailfullxvec differing=0 elements=30720
LEG na=6 shape=linear_attn.out_proj rep=0 position=0 arm=plain inner=1525 gpu_seconds=0.211214917 wall_seconds=0.211659125 seconds_per_dispatch=0.000138501585 gbps=113.562888
LEG na=6 shape=linear_attn.out_proj rep=0 position=1 arm=tailfull inner=1525 gpu_seconds=0.214683250 wall_seconds=0.215120708 seconds_per_dispatch=0.000140775902 gbps=111.728214
LEG na=6 shape=linear_attn.out_proj rep=0 position=2 arm=rfull inner=1525 gpu_seconds=0.214561125 wall_seconds=0.214996750 seconds_per_dispatch=0.000140695820 gbps=111.791808
LEG na=6 shape=linear_attn.out_proj rep=0 position=3 arm=shift inner=1525 gpu_seconds=0.211474750 wall_seconds=0.211885542 seconds_per_dispatch=0.000138671967 gbps=113.423357
LEG na=6 shape=linear_attn.out_proj rep=0 position=4 arm=xvec inner=1525 gpu_seconds=0.214710375 wall_seconds=0.215146250 seconds_per_dispatch=0.000140793689 gbps=111.714099
LEG na=6 shape=linear_attn.out_proj rep=0 position=5 arm=tailfullxvec inner=1525 gpu_seconds=0.213897333 wall_seconds=0.214345500 seconds_per_dispatch=0.000140260546 gbps=112.138733
LEG na=6 shape=linear_attn.out_proj rep=0 position=6 arm=tailfullxvec inner=1525 gpu_seconds=0.215110042 wall_seconds=0.215551792 seconds_per_dispatch=0.000141055765 gbps=111.506538
LEG na=6 shape=linear_attn.out_proj rep=0 position=7 arm=xvec inner=1525 gpu_seconds=0.215115000 wall_seconds=0.215540500 seconds_per_dispatch=0.000141059016 gbps=111.503968
LEG na=6 shape=linear_attn.out_proj rep=0 position=8 arm=shift inner=1525 gpu_seconds=0.210771083 wall_seconds=0.211207958 seconds_per_dispatch=0.000138210546 gbps=113.802025
LEG na=6 shape=linear_attn.out_proj rep=0 position=9 arm=rfull inner=1525 gpu_seconds=0.214758167 wall_seconds=0.215227875 seconds_per_dispatch=0.000140825027 gbps=111.689238
LEG na=6 shape=linear_attn.out_proj rep=0 position=10 arm=tailfull inner=1525 gpu_seconds=0.213646375 wall_seconds=0.214065208 seconds_per_dispatch=0.000140095984 gbps=112.270456
LEG na=6 shape=linear_attn.out_proj rep=0 position=11 arm=plain inner=1525 gpu_seconds=0.215193792 wall_seconds=0.215629875 seconds_per_dispatch=0.000141110683 gbps=111.463141
LEG na=6 shape=linear_attn.out_proj rep=1 position=0 arm=plain inner=1525 gpu_seconds=0.215470917 wall_seconds=0.215903458 seconds_per_dispatch=0.000141292404 gbps=111.319784
LEG na=6 shape=linear_attn.out_proj rep=1 position=1 arm=tailfull inner=1525 gpu_seconds=0.210677417 wall_seconds=0.211099458 seconds_per_dispatch=0.000138149126 gbps=113.852621
LEG na=6 shape=linear_attn.out_proj rep=1 position=2 arm=rfull inner=1525 gpu_seconds=0.214770917 wall_seconds=0.215236500 seconds_per_dispatch=0.000140833388 gbps=111.682607
LEG na=6 shape=linear_attn.out_proj rep=1 position=3 arm=shift inner=1525 gpu_seconds=0.212128583 wall_seconds=0.212564000 seconds_per_dispatch=0.000139100710 gbps=113.073758
LEG na=6 shape=linear_attn.out_proj rep=1 position=4 arm=xvec inner=1525 gpu_seconds=0.215064292 wall_seconds=0.215535750 seconds_per_dispatch=0.000141025765 gbps=111.530258
LEG na=6 shape=linear_attn.out_proj rep=1 position=5 arm=tailfullxvec inner=1525 gpu_seconds=0.214985208 wall_seconds=0.215449375 seconds_per_dispatch=0.000140973907 gbps=111.571285
LEG na=6 shape=linear_attn.out_proj rep=1 position=6 arm=tailfullxvec inner=1525 gpu_seconds=0.215623208 wall_seconds=0.216094583 seconds_per_dispatch=0.000141392268 gbps=111.241161
LEG na=6 shape=linear_attn.out_proj rep=1 position=7 arm=xvec inner=1525 gpu_seconds=0.215304417 wall_seconds=0.215764375 seconds_per_dispatch=0.000141183224 gbps=111.405871
LEG na=6 shape=linear_attn.out_proj rep=1 position=8 arm=shift inner=1525 gpu_seconds=0.211057208 wall_seconds=0.211474792 seconds_per_dispatch=0.000138398169 gbps=113.647746
LEG na=6 shape=linear_attn.out_proj rep=1 position=9 arm=rfull inner=1525 gpu_seconds=0.214639958 wall_seconds=0.215098375 seconds_per_dispatch=0.000140747514 gbps=111.750748
LEG na=6 shape=linear_attn.out_proj rep=1 position=10 arm=tailfull inner=1525 gpu_seconds=0.211546125 wall_seconds=0.212006167 seconds_per_dispatch=0.000138718771 gbps=113.385088
LEG na=6 shape=linear_attn.out_proj rep=1 position=11 arm=plain inner=1525 gpu_seconds=0.213338250 wall_seconds=0.213796333 seconds_per_dispatch=0.000139893934 gbps=112.432609
LEG na=6 shape=linear_attn.out_proj rep=2 position=0 arm=plain inner=1525 gpu_seconds=0.210439250 wall_seconds=0.210845667 seconds_per_dispatch=0.000137992951 gbps=113.981474
LEG na=6 shape=linear_attn.out_proj rep=2 position=1 arm=tailfull inner=1525 gpu_seconds=0.210827667 wall_seconds=0.211263750 seconds_per_dispatch=0.000138247650 gbps=113.771482
LEG na=6 shape=linear_attn.out_proj rep=2 position=2 arm=rfull inner=1525 gpu_seconds=0.211028500 wall_seconds=0.211490708 seconds_per_dispatch=0.000138379344 gbps=113.663207
LEG na=6 shape=linear_attn.out_proj rep=2 position=3 arm=shift inner=1525 gpu_seconds=0.211564958 wall_seconds=0.212028917 seconds_per_dispatch=0.000138731120 gbps=113.374995
LEG na=6 shape=linear_attn.out_proj rep=2 position=4 arm=xvec inner=1525 gpu_seconds=0.211876250 wall_seconds=0.212359417 seconds_per_dispatch=0.000138935246 gbps=113.208422
LEG na=6 shape=linear_attn.out_proj rep=2 position=5 arm=tailfullxvec inner=1525 gpu_seconds=0.213764250 wall_seconds=0.214185375 seconds_per_dispatch=0.000140173279 gbps=112.208547
LEG na=6 shape=linear_attn.out_proj rep=2 position=6 arm=tailfullxvec inner=1525 gpu_seconds=0.211682042 wall_seconds=0.212158917 seconds_per_dispatch=0.000138807896 gbps=113.312286
LEG na=6 shape=linear_attn.out_proj rep=2 position=7 arm=xvec inner=1525 gpu_seconds=0.215360417 wall_seconds=0.215826042 seconds_per_dispatch=0.000141219945 gbps=111.376902
LEG na=6 shape=linear_attn.out_proj rep=2 position=8 arm=shift inner=1525 gpu_seconds=0.212256375 wall_seconds=0.212679500 seconds_per_dispatch=0.000139184508 gbps=113.005680
LEG na=6 shape=linear_attn.out_proj rep=2 position=9 arm=rfull inner=1525 gpu_seconds=0.214766458 wall_seconds=0.215215250 seconds_per_dispatch=0.000140830464 gbps=111.684926
LEG na=6 shape=linear_attn.out_proj rep=2 position=10 arm=tailfull inner=1525 gpu_seconds=0.214978625 wall_seconds=0.215436208 seconds_per_dispatch=0.000140969590 gbps=111.574702
LEG na=6 shape=linear_attn.out_proj rep=2 position=11 arm=plain inner=1525 gpu_seconds=0.215519250 wall_seconds=0.215997958 seconds_per_dispatch=0.000141324098 gbps=111.294819
LEG na=6 shape=linear_attn.out_proj rep=3 position=0 arm=plain inner=1525 gpu_seconds=0.215821208 wall_seconds=0.216284750 seconds_per_dispatch=0.000141522104 gbps=111.139105
LEG na=6 shape=linear_attn.out_proj rep=3 position=1 arm=tailfull inner=1525 gpu_seconds=0.211655833 wall_seconds=0.212112958 seconds_per_dispatch=0.000138790710 gbps=113.326317
LEG na=6 shape=linear_attn.out_proj rep=3 position=2 arm=rfull inner=1525 gpu_seconds=0.215099000 wall_seconds=0.215572458 seconds_per_dispatch=0.000141048525 gbps=111.512262
LEG na=6 shape=linear_attn.out_proj rep=3 position=3 arm=shift inner=1525 gpu_seconds=0.212933125 wall_seconds=0.213379917 seconds_per_dispatch=0.000139628279 gbps=112.646522
LEG na=6 shape=linear_attn.out_proj rep=3 position=4 arm=xvec inner=1525 gpu_seconds=0.215242375 wall_seconds=0.215693917 seconds_per_dispatch=0.000141142541 gbps=111.437982
LEG na=6 shape=linear_attn.out_proj rep=3 position=5 arm=tailfullxvec inner=1525 gpu_seconds=0.215820042 wall_seconds=0.216242875 seconds_per_dispatch=0.000141521339 gbps=111.139706
LEG na=6 shape=linear_attn.out_proj rep=3 position=6 arm=tailfullxvec inner=1525 gpu_seconds=0.210818500 wall_seconds=0.211232875 seconds_per_dispatch=0.000138241639 gbps=113.776429
LEG na=6 shape=linear_attn.out_proj rep=3 position=7 arm=xvec inner=1525 gpu_seconds=0.214694250 wall_seconds=0.215151792 seconds_per_dispatch=0.000140783115 gbps=111.722489
LEG na=6 shape=linear_attn.out_proj rep=3 position=8 arm=shift inner=1525 gpu_seconds=0.211758584 wall_seconds=0.212249167 seconds_per_dispatch=0.000138858088 gbps=113.271328
LEG na=6 shape=linear_attn.out_proj rep=3 position=9 arm=rfull inner=1525 gpu_seconds=0.209909042 wall_seconds=0.210347208 seconds_per_dispatch=0.000137645273 gbps=114.269380
LEG na=6 shape=linear_attn.out_proj rep=3 position=10 arm=tailfull inner=1525 gpu_seconds=0.210853750 wall_seconds=0.211287042 seconds_per_dispatch=0.000138264754 gbps=113.757408
LEG na=6 shape=linear_attn.out_proj rep=3 position=11 arm=plain inner=1525 gpu_seconds=0.210593000 wall_seconds=0.211048625 seconds_per_dispatch=0.000138093771 gbps=113.898259
LEG na=6 shape=linear_attn.out_proj rep=4 position=0 arm=plain inner=1525 gpu_seconds=0.210630000 wall_seconds=0.211081125 seconds_per_dispatch=0.000138118033 gbps=113.878251
LEG na=6 shape=linear_attn.out_proj rep=4 position=1 arm=tailfull inner=1525 gpu_seconds=0.210889625 wall_seconds=0.211313000 seconds_per_dispatch=0.000138288279 gbps=113.738056
LEG na=6 shape=linear_attn.out_proj rep=4 position=2 arm=rfull inner=1525 gpu_seconds=0.213839000 wall_seconds=0.214306583 seconds_per_dispatch=0.000140222295 gbps=112.169324
LEG na=6 shape=linear_attn.out_proj rep=4 position=3 arm=shift inner=1525 gpu_seconds=0.210922000 wall_seconds=0.211361417 seconds_per_dispatch=0.000138309508 gbps=113.720598
LEG na=6 shape=linear_attn.out_proj rep=4 position=4 arm=xvec inner=1525 gpu_seconds=0.213193250 wall_seconds=0.213629583 seconds_per_dispatch=0.000139798853 gbps=112.509078
LEG na=6 shape=linear_attn.out_proj rep=4 position=5 arm=tailfullxvec inner=1525 gpu_seconds=0.215782000 wall_seconds=0.216230167 seconds_per_dispatch=0.000141496394 gbps=111.159300
LEG na=6 shape=linear_attn.out_proj rep=4 position=6 arm=tailfullxvec inner=1525 gpu_seconds=0.211625375 wall_seconds=0.212070292 seconds_per_dispatch=0.000138770738 gbps=113.342627
LEG na=6 shape=linear_attn.out_proj rep=4 position=7 arm=xvec inner=1525 gpu_seconds=0.214812125 wall_seconds=0.215267833 seconds_per_dispatch=0.000140860410 gbps=111.661183
LEG na=6 shape=linear_attn.out_proj rep=4 position=8 arm=shift inner=1525 gpu_seconds=0.213114750 wall_seconds=0.213545042 seconds_per_dispatch=0.000139747377 gbps=112.550520
LEG na=6 shape=linear_attn.out_proj rep=4 position=9 arm=rfull inner=1525 gpu_seconds=0.214386875 wall_seconds=0.214850500 seconds_per_dispatch=0.000140581557 gbps=111.882670
LEG na=6 shape=linear_attn.out_proj rep=4 position=10 arm=tailfull inner=1525 gpu_seconds=0.215915375 wall_seconds=0.216327417 seconds_per_dispatch=0.000141583852 gbps=111.090635
LEG na=6 shape=linear_attn.out_proj rep=4 position=11 arm=plain inner=1525 gpu_seconds=0.210964250 wall_seconds=0.211393167 seconds_per_dispatch=0.000138337213 gbps=113.697823
LEG na=6 shape=linear_attn.out_proj rep=5 position=0 arm=plain inner=1525 gpu_seconds=0.215312333 wall_seconds=0.215786292 seconds_per_dispatch=0.000141188415 gbps=111.401774
LEG na=6 shape=linear_attn.out_proj rep=5 position=1 arm=tailfull inner=1525 gpu_seconds=0.213148375 wall_seconds=0.213585625 seconds_per_dispatch=0.000139769426 gbps=112.532765
LEG na=6 shape=linear_attn.out_proj rep=5 position=2 arm=rfull inner=1525 gpu_seconds=0.214585583 wall_seconds=0.215048042 seconds_per_dispatch=0.000140711858 gbps=111.779066
LEG na=6 shape=linear_attn.out_proj rep=5 position=3 arm=shift inner=1525 gpu_seconds=0.214323292 wall_seconds=0.214746083 seconds_per_dispatch=0.000140539863 gbps=111.915862
LEG na=6 shape=linear_attn.out_proj rep=5 position=4 arm=xvec inner=1525 gpu_seconds=0.214651875 wall_seconds=0.215110167 seconds_per_dispatch=0.000140755328 gbps=111.744545
LEG na=6 shape=linear_attn.out_proj rep=5 position=5 arm=tailfullxvec inner=1525 gpu_seconds=0.215627500 wall_seconds=0.216085333 seconds_per_dispatch=0.000141395082 gbps=111.238947
LEG na=6 shape=linear_attn.out_proj rep=5 position=6 arm=tailfullxvec inner=1525 gpu_seconds=0.211874250 wall_seconds=0.212365042 seconds_per_dispatch=0.000138933934 gbps=113.209491
LEG na=6 shape=linear_attn.out_proj rep=5 position=7 arm=xvec inner=1525 gpu_seconds=0.214958125 wall_seconds=0.215502333 seconds_per_dispatch=0.000140956148 gbps=111.585342
LEG na=6 shape=linear_attn.out_proj rep=5 position=8 arm=shift inner=1525 gpu_seconds=0.212997375 wall_seconds=0.213527917 seconds_per_dispatch=0.000139670410 gbps=112.612543
LEG na=6 shape=linear_attn.out_proj rep=5 position=9 arm=rfull inner=1525 gpu_seconds=0.212742917 wall_seconds=0.213223917 seconds_per_dispatch=0.000139503552 gbps=112.747237
LEG na=6 shape=linear_attn.out_proj rep=5 position=10 arm=tailfull inner=1525 gpu_seconds=0.213281250 wall_seconds=0.213764917 seconds_per_dispatch=0.000139856557 gbps=112.462657
LEG na=6 shape=linear_attn.out_proj rep=5 position=11 arm=plain inner=1525 gpu_seconds=0.211102750 wall_seconds=0.211574958 seconds_per_dispatch=0.000138428033 gbps=113.623229
LEG na=6 shape=linear_attn.out_proj rep=6 position=0 arm=plain inner=1525 gpu_seconds=0.215479625 wall_seconds=0.215938375 seconds_per_dispatch=0.000141298115 gbps=111.315286
LEG na=6 shape=linear_attn.out_proj rep=6 position=1 arm=tailfull inner=1525 gpu_seconds=0.213378125 wall_seconds=0.213847917 seconds_per_dispatch=0.000139920082 gbps=112.411598
LEG na=6 shape=linear_attn.out_proj rep=6 position=2 arm=rfull inner=1525 gpu_seconds=0.214688375 wall_seconds=0.215187542 seconds_per_dispatch=0.000140779262 gbps=111.725546
LEG na=6 shape=linear_attn.out_proj rep=6 position=3 arm=shift inner=1525 gpu_seconds=0.214469750 wall_seconds=0.214922542 seconds_per_dispatch=0.000140635902 gbps=111.839437
LEG na=6 shape=linear_attn.out_proj rep=6 position=4 arm=xvec inner=1525 gpu_seconds=0.215048208 wall_seconds=0.215521167 seconds_per_dispatch=0.000141015219 gbps=111.538600
LEG na=6 shape=linear_attn.out_proj rep=6 position=5 arm=tailfullxvec inner=1525 gpu_seconds=0.211607708 wall_seconds=0.212086500 seconds_per_dispatch=0.000138759153 gbps=113.352090
LEG na=6 shape=linear_attn.out_proj rep=6 position=6 arm=tailfullxvec inner=1525 gpu_seconds=0.212453625 wall_seconds=0.212910375 seconds_per_dispatch=0.000139313852 gbps=112.900761
LEG na=6 shape=linear_attn.out_proj rep=6 position=7 arm=xvec inner=1525 gpu_seconds=0.215057708 wall_seconds=0.215642375 seconds_per_dispatch=0.000141021448 gbps=111.533672
LEG na=6 shape=linear_attn.out_proj rep=6 position=8 arm=shift inner=1525 gpu_seconds=0.213659250 wall_seconds=0.214137250 seconds_per_dispatch=0.000140104426 gbps=112.263691
LEG na=6 shape=linear_attn.out_proj rep=6 position=9 arm=rfull inner=1525 gpu_seconds=0.214772250 wall_seconds=0.215250083 seconds_per_dispatch=0.000140834262 gbps=111.681914
LEG na=6 shape=linear_attn.out_proj rep=6 position=10 arm=tailfull inner=1525 gpu_seconds=0.215866625 wall_seconds=0.216311958 seconds_per_dispatch=0.000141551885 gbps=111.115722
LEG na=6 shape=linear_attn.out_proj rep=6 position=11 arm=plain inner=1525 gpu_seconds=0.211062500 wall_seconds=0.211504583 seconds_per_dispatch=0.000138401639 gbps=113.644897
LEG na=6 shape=linear_attn.out_proj rep=7 position=0 arm=plain inner=1525 gpu_seconds=0.215323000 wall_seconds=0.215802167 seconds_per_dispatch=0.000141195410 gbps=111.396256
LEG na=6 shape=linear_attn.out_proj rep=7 position=1 arm=tailfull inner=1525 gpu_seconds=0.213386958 wall_seconds=0.213829333 seconds_per_dispatch=0.000139925874 gbps=112.406945
LEG na=6 shape=linear_attn.out_proj rep=7 position=2 arm=rfull inner=1525 gpu_seconds=0.214796125 wall_seconds=0.215264833 seconds_per_dispatch=0.000140849918 gbps=111.669501
LEG na=6 shape=linear_attn.out_proj rep=7 position=3 arm=shift inner=1525 gpu_seconds=0.214746500 wall_seconds=0.215157708 seconds_per_dispatch=0.000140817377 gbps=111.695306
LEG na=6 shape=linear_attn.out_proj rep=7 position=4 arm=xvec inner=1525 gpu_seconds=0.211288958 wall_seconds=0.211710250 seconds_per_dispatch=0.000138550137 gbps=113.523093
LEG na=6 shape=linear_attn.out_proj rep=7 position=5 arm=tailfullxvec inner=1525 gpu_seconds=0.215638750 wall_seconds=0.216104042 seconds_per_dispatch=0.000141402459 gbps=111.233143
LEG na=6 shape=linear_attn.out_proj rep=7 position=6 arm=tailfullxvec inner=1525 gpu_seconds=0.212558625 wall_seconds=0.213014333 seconds_per_dispatch=0.000139382705 gbps=112.844990
LEG na=6 shape=linear_attn.out_proj rep=7 position=7 arm=xvec inner=1525 gpu_seconds=0.215148708 wall_seconds=0.215604208 seconds_per_dispatch=0.000141081120 gbps=111.486498
LEG na=6 shape=linear_attn.out_proj rep=7 position=8 arm=shift inner=1525 gpu_seconds=0.213373417 wall_seconds=0.213783417 seconds_per_dispatch=0.000139916994 gbps=112.414078
LEG na=6 shape=linear_attn.out_proj rep=7 position=9 arm=rfull inner=1525 gpu_seconds=0.211079167 wall_seconds=0.211596958 seconds_per_dispatch=0.000138412568 gbps=113.635923
LEG na=6 shape=linear_attn.out_proj rep=7 position=10 arm=tailfull inner=1525 gpu_seconds=0.210477375 wall_seconds=0.211266958 seconds_per_dispatch=0.000138017951 gbps=113.960828
LEG na=6 shape=linear_attn.out_proj rep=7 position=11 arm=plain inner=1525 gpu_seconds=0.210407500 wall_seconds=0.210851792 seconds_per_dispatch=0.000137972131 gbps=113.998674
LEG na=6 shape=linear_attn.out_proj rep=8 position=0 arm=plain inner=1525 gpu_seconds=0.210373542 wall_seconds=0.210831000 seconds_per_dispatch=0.000137949863 gbps=114.017076
LEG na=6 shape=linear_attn.out_proj rep=8 position=1 arm=tailfull inner=1525 gpu_seconds=0.210594125 wall_seconds=0.211018250 seconds_per_dispatch=0.000138094508 gbps=113.897650
LEG na=6 shape=linear_attn.out_proj rep=8 position=2 arm=rfull inner=1525 gpu_seconds=0.209789292 wall_seconds=0.210235917 seconds_per_dispatch=0.000137566749 gbps=114.334606
LEG na=6 shape=linear_attn.out_proj rep=8 position=3 arm=shift inner=1525 gpu_seconds=0.213416125 wall_seconds=0.213860083 seconds_per_dispatch=0.000139945000 gbps=112.391582
LEG na=6 shape=linear_attn.out_proj rep=8 position=4 arm=xvec inner=1525 gpu_seconds=0.210753583 wall_seconds=0.211188708 seconds_per_dispatch=0.000138199071 gbps=113.811474
LEG na=6 shape=linear_attn.out_proj rep=8 position=5 arm=tailfullxvec inner=1525 gpu_seconds=0.215589958 wall_seconds=0.216036208 seconds_per_dispatch=0.000141370464 gbps=111.258317
LEG na=6 shape=linear_attn.out_proj rep=8 position=6 arm=tailfullxvec inner=1525 gpu_seconds=0.213482500 wall_seconds=0.213925708 seconds_per_dispatch=0.000139988525 gbps=112.356638
LEG na=6 shape=linear_attn.out_proj rep=8 position=7 arm=xvec inner=1525 gpu_seconds=0.215053625 wall_seconds=0.215515958 seconds_per_dispatch=0.000141018770 gbps=111.535790
LEG na=6 shape=linear_attn.out_proj rep=8 position=8 arm=shift inner=1525 gpu_seconds=0.214923625 wall_seconds=0.215329917 seconds_per_dispatch=0.000140933525 gbps=111.603254
LEG na=6 shape=linear_attn.out_proj rep=8 position=9 arm=rfull inner=1525 gpu_seconds=0.209882625 wall_seconds=0.210275583 seconds_per_dispatch=0.000137627951 gbps=114.283762
LEG na=6 shape=linear_attn.out_proj rep=8 position=10 arm=tailfull inner=1525 gpu_seconds=0.215340667 wall_seconds=0.215774083 seconds_per_dispatch=0.000141206995 gbps=111.387117
LEG na=6 shape=linear_attn.out_proj rep=8 position=11 arm=plain inner=1525 gpu_seconds=0.212582625 wall_seconds=0.213031083 seconds_per_dispatch=0.000139398443 gbps=112.832251
LEG na=6 shape=linear_attn.out_proj rep=9 position=0 arm=plain inner=1525 gpu_seconds=0.215217333 wall_seconds=0.215674917 seconds_per_dispatch=0.000141126120 gbps=111.450949
LEG na=6 shape=linear_attn.out_proj rep=9 position=1 arm=tailfull inner=1525 gpu_seconds=0.214900792 wall_seconds=0.215326208 seconds_per_dispatch=0.000140918552 gbps=111.615112
LEG na=6 shape=linear_attn.out_proj rep=9 position=2 arm=rfull inner=1525 gpu_seconds=0.214436708 wall_seconds=0.214868833 seconds_per_dispatch=0.000140614235 gbps=111.856669
LEG na=6 shape=linear_attn.out_proj rep=9 position=3 arm=shift inner=1525 gpu_seconds=0.214955042 wall_seconds=0.215394458 seconds_per_dispatch=0.000140954126 gbps=111.586943
LEG na=6 shape=linear_attn.out_proj rep=9 position=4 arm=xvec inner=1525 gpu_seconds=0.211323833 wall_seconds=0.211768208 seconds_per_dispatch=0.000138573005 gbps=113.504358
LEG na=6 shape=linear_attn.out_proj rep=9 position=5 arm=tailfullxvec inner=1525 gpu_seconds=0.213441125 wall_seconds=0.213905833 seconds_per_dispatch=0.000139961394 gbps=112.378418
LEG na=6 shape=linear_attn.out_proj rep=9 position=6 arm=tailfullxvec inner=1525 gpu_seconds=0.213712208 wall_seconds=0.214176375 seconds_per_dispatch=0.000140139153 gbps=112.235872
LEG na=6 shape=linear_attn.out_proj rep=9 position=7 arm=xvec inner=1525 gpu_seconds=0.212508000 wall_seconds=0.212976208 seconds_per_dispatch=0.000139349508 gbps=112.871873
LEG na=6 shape=linear_attn.out_proj rep=9 position=8 arm=shift inner=1525 gpu_seconds=0.214189250 wall_seconds=0.214667417 seconds_per_dispatch=0.000140451967 gbps=111.985900
LEG na=6 shape=linear_attn.out_proj rep=9 position=9 arm=rfull inner=1525 gpu_seconds=0.210303667 wall_seconds=0.210771958 seconds_per_dispatch=0.000137904044 gbps=114.054959
LEG na=6 shape=linear_attn.out_proj rep=9 position=10 arm=tailfull inner=1525 gpu_seconds=0.215525708 wall_seconds=0.215997917 seconds_per_dispatch=0.000141328333 gbps=111.291484
LEG na=6 shape=linear_attn.out_proj rep=9 position=11 arm=plain inner=1525 gpu_seconds=0.213200417 wall_seconds=0.213652792 seconds_per_dispatch=0.000139803552 gbps=112.505296
LEG na=6 shape=linear_attn.out_proj rep=10 position=0 arm=plain inner=1525 gpu_seconds=0.215331208 wall_seconds=0.215780208 seconds_per_dispatch=0.000141200792 gbps=111.392009
LEG na=6 shape=linear_attn.out_proj rep=10 position=1 arm=tailfull inner=1525 gpu_seconds=0.215468000 wall_seconds=0.215924750 seconds_per_dispatch=0.000141290492 gbps=111.321291
LEG na=6 shape=linear_attn.out_proj rep=10 position=2 arm=rfull inner=1525 gpu_seconds=0.214052750 wall_seconds=0.214535000 seconds_per_dispatch=0.000140362459 gbps=112.057313
LEG na=6 shape=linear_attn.out_proj rep=10 position=3 arm=shift inner=1525 gpu_seconds=0.214763875 wall_seconds=0.215214375 seconds_per_dispatch=0.000140828771 gbps=111.686269
LEG na=6 shape=linear_attn.out_proj rep=10 position=4 arm=xvec inner=1525 gpu_seconds=0.211747583 wall_seconds=0.212219625 seconds_per_dispatch=0.000138850874 gbps=113.277212
LEG na=6 shape=linear_attn.out_proj rep=10 position=5 arm=tailfullxvec inner=1525 gpu_seconds=0.215397083 wall_seconds=0.215878333 seconds_per_dispatch=0.000141243989 gbps=111.357942
LEG na=6 shape=linear_attn.out_proj rep=10 position=6 arm=tailfullxvec inner=1525 gpu_seconds=0.214224250 wall_seconds=0.214693458 seconds_per_dispatch=0.000140474918 gbps=111.967604
LEG na=6 shape=linear_attn.out_proj rep=10 position=7 arm=xvec inner=1525 gpu_seconds=0.214822125 wall_seconds=0.215322667 seconds_per_dispatch=0.000140866967 gbps=111.655985
LEG na=6 shape=linear_attn.out_proj rep=10 position=8 arm=shift inner=1525 gpu_seconds=0.214987042 wall_seconds=0.215413125 seconds_per_dispatch=0.000140975109 gbps=111.570334
LEG na=6 shape=linear_attn.out_proj rep=10 position=9 arm=rfull inner=1525 gpu_seconds=0.210545667 wall_seconds=0.211069125 seconds_per_dispatch=0.000138062732 gbps=113.923864
LEG na=6 shape=linear_attn.out_proj rep=10 position=10 arm=tailfull inner=1525 gpu_seconds=0.215625833 wall_seconds=0.216092583 seconds_per_dispatch=0.000141393989 gbps=111.239807
LEG na=6 shape=linear_attn.out_proj rep=10 position=11 arm=plain inner=1525 gpu_seconds=0.210974875 wall_seconds=0.211439125 seconds_per_dispatch=0.000138344180 gbps=113.692097
LEG na=6 shape=linear_attn.out_proj rep=11 position=0 arm=plain inner=1525 gpu_seconds=0.215177625 wall_seconds=0.215655667 seconds_per_dispatch=0.000141100082 gbps=111.471516
LEG na=6 shape=linear_attn.out_proj rep=11 position=1 arm=tailfull inner=1525 gpu_seconds=0.215570500 wall_seconds=0.216003333 seconds_per_dispatch=0.000141357705 gbps=111.268360
LEG na=6 shape=linear_attn.out_proj rep=11 position=2 arm=rfull inner=1525 gpu_seconds=0.210170625 wall_seconds=0.210597583 seconds_per_dispatch=0.000137816803 gbps=114.127157
LEG na=6 shape=linear_attn.out_proj rep=11 position=3 arm=shift inner=1525 gpu_seconds=0.214721292 wall_seconds=0.215165708 seconds_per_dispatch=0.000140800847 gbps=111.708419
LEG na=6 shape=linear_attn.out_proj rep=11 position=4 arm=xvec inner=1525 gpu_seconds=0.212114833 wall_seconds=0.212543667 seconds_per_dispatch=0.000139091694 gbps=113.081087
LEG na=6 shape=linear_attn.out_proj rep=11 position=5 arm=tailfullxvec inner=1525 gpu_seconds=0.215544875 wall_seconds=0.215987083 seconds_per_dispatch=0.000141340902 gbps=111.281588
LEG na=6 shape=linear_attn.out_proj rep=11 position=6 arm=tailfullxvec inner=1525 gpu_seconds=0.214696625 wall_seconds=0.215176833 seconds_per_dispatch=0.000140784672 gbps=111.721253
LEG na=6 shape=linear_attn.out_proj rep=11 position=7 arm=xvec inner=1525 gpu_seconds=0.213747250 wall_seconds=0.214221792 seconds_per_dispatch=0.000140162131 gbps=112.217472
LEG na=6 shape=linear_attn.out_proj rep=11 position=8 arm=shift inner=1525 gpu_seconds=0.212541250 wall_seconds=0.213018875 seconds_per_dispatch=0.000139371312 gbps=112.854215
LEG na=6 shape=linear_attn.out_proj rep=11 position=9 arm=rfull inner=1525 gpu_seconds=0.211077875 wall_seconds=0.211537708 seconds_per_dispatch=0.000138411721 gbps=113.636619
LEG na=6 shape=linear_attn.out_proj rep=11 position=10 arm=tailfull inner=1525 gpu_seconds=0.214181167 wall_seconds=0.214651708 seconds_per_dispatch=0.000140446667 gbps=111.990127
LEG na=6 shape=linear_attn.out_proj rep=11 position=11 arm=plain inner=1525 gpu_seconds=0.213618833 wall_seconds=0.214061958 seconds_per_dispatch=0.000140077924 gbps=112.284931
LEG na=6 shape=linear_attn.out_proj rep=12 position=0 arm=plain inner=1525 gpu_seconds=0.214885667 wall_seconds=0.215333583 seconds_per_dispatch=0.000140908634 gbps=111.622968
LEG na=6 shape=linear_attn.out_proj rep=12 position=1 arm=tailfull inner=1525 gpu_seconds=0.215519459 wall_seconds=0.215954333 seconds_per_dispatch=0.000141324235 gbps=111.294712
LEG na=6 shape=linear_attn.out_proj rep=12 position=2 arm=rfull inner=1525 gpu_seconds=0.210072083 wall_seconds=0.210517833 seconds_per_dispatch=0.000137752186 gbps=114.180693
LEG na=6 shape=linear_attn.out_proj rep=12 position=3 arm=shift inner=1525 gpu_seconds=0.214618000 wall_seconds=0.215068958 seconds_per_dispatch=0.000140733115 gbps=111.762182
LEG na=6 shape=linear_attn.out_proj rep=12 position=4 arm=xvec inner=1525 gpu_seconds=0.212337875 wall_seconds=0.212794375 seconds_per_dispatch=0.000139237951 gbps=112.962306
LEG na=6 shape=linear_attn.out_proj rep=12 position=5 arm=tailfullxvec inner=1525 gpu_seconds=0.215311292 wall_seconds=0.215795542 seconds_per_dispatch=0.000141187732 gbps=111.402313
LEG na=6 shape=linear_attn.out_proj rep=12 position=6 arm=tailfullxvec inner=1525 gpu_seconds=0.215148792 wall_seconds=0.215590208 seconds_per_dispatch=0.000141081175 gbps=111.486455
LEG na=6 shape=linear_attn.out_proj rep=12 position=7 arm=xvec inner=1525 gpu_seconds=0.214904125 wall_seconds=0.215337125 seconds_per_dispatch=0.000140920738 gbps=111.613381
LEG na=6 shape=linear_attn.out_proj rep=12 position=8 arm=shift inner=1525 gpu_seconds=0.214935708 wall_seconds=0.215352125 seconds_per_dispatch=0.000140941448 gbps=111.596980
LEG na=6 shape=linear_attn.out_proj rep=12 position=9 arm=rfull inner=1525 gpu_seconds=0.211442208 wall_seconds=0.211889708 seconds_per_dispatch=0.000138650628 gbps=113.440813
LEG na=6 shape=linear_attn.out_proj rep=12 position=10 arm=tailfull inner=1525 gpu_seconds=0.211211042 wall_seconds=0.211667875 seconds_per_dispatch=0.000138499044 gbps=113.564972
LEG na=6 shape=linear_attn.out_proj rep=12 position=11 arm=plain inner=1525 gpu_seconds=0.214349125 wall_seconds=0.214771417 seconds_per_dispatch=0.000140556803 gbps=111.902374
LEG na=6 shape=linear_attn.out_proj rep=13 position=0 arm=plain inner=1525 gpu_seconds=0.215429000 wall_seconds=0.215845833 seconds_per_dispatch=0.000141264918 gbps=111.341444
LEG na=6 shape=linear_attn.out_proj rep=13 position=1 arm=tailfull inner=1525 gpu_seconds=0.215800250 wall_seconds=0.216233375 seconds_per_dispatch=0.000141508361 gbps=111.149899
LEG na=6 shape=linear_attn.out_proj rep=13 position=2 arm=rfull inner=1525 gpu_seconds=0.210729458 wall_seconds=0.211168250 seconds_per_dispatch=0.000138183251 gbps=113.824504
LEG na=6 shape=linear_attn.out_proj rep=13 position=3 arm=shift inner=1525 gpu_seconds=0.214473375 wall_seconds=0.214910042 seconds_per_dispatch=0.000140638279 gbps=111.837546
LEG na=6 shape=linear_attn.out_proj rep=13 position=4 arm=xvec inner=1525 gpu_seconds=0.213051750 wall_seconds=0.213480625 seconds_per_dispatch=0.000139706066 gbps=112.583802
LEG na=6 shape=linear_attn.out_proj rep=13 position=5 arm=tailfullxvec inner=1525 gpu_seconds=0.215359625 wall_seconds=0.215803875 seconds_per_dispatch=0.000141219426 gbps=111.377311
LEG na=6 shape=linear_attn.out_proj rep=13 position=6 arm=tailfullxvec inner=1525 gpu_seconds=0.215190375 wall_seconds=0.215577583 seconds_per_dispatch=0.000141108443 gbps=111.464911
LEG na=6 shape=linear_attn.out_proj rep=13 position=7 arm=xvec inner=1525 gpu_seconds=0.210180000 wall_seconds=0.210578917 seconds_per_dispatch=0.000137822951 gbps=114.122067
LEG na=6 shape=linear_attn.out_proj rep=13 position=8 arm=shift inner=1525 gpu_seconds=0.214499250 wall_seconds=0.214981333 seconds_per_dispatch=0.000140655246 gbps=111.824055
LEG na=6 shape=linear_attn.out_proj rep=13 position=9 arm=rfull inner=1525 gpu_seconds=0.211998750 wall_seconds=0.212465542 seconds_per_dispatch=0.000139015574 gbps=113.143007
LEG na=6 shape=linear_attn.out_proj rep=13 position=10 arm=tailfull inner=1525 gpu_seconds=0.215599750 wall_seconds=0.216090167 seconds_per_dispatch=0.000141376885 gbps=111.253264
LEG na=6 shape=linear_attn.out_proj rep=13 position=11 arm=plain inner=1525 gpu_seconds=0.214800625 wall_seconds=0.215307292 seconds_per_dispatch=0.000140852869 gbps=111.667161
LEG na=6 shape=linear_attn.out_proj rep=14 position=0 arm=plain inner=1525 gpu_seconds=0.215261042 wall_seconds=0.215724417 seconds_per_dispatch=0.000141154781 gbps=111.428319
LEG na=6 shape=linear_attn.out_proj rep=14 position=1 arm=tailfull inner=1525 gpu_seconds=0.215151375 wall_seconds=0.215595333 seconds_per_dispatch=0.000141082869 gbps=111.485116
LEG na=6 shape=linear_attn.out_proj rep=14 position=2 arm=rfull inner=1525 gpu_seconds=0.210942292 wall_seconds=0.211405417 seconds_per_dispatch=0.000138322814 gbps=113.709659
LEG na=6 shape=linear_attn.out_proj rep=14 position=3 arm=shift inner=1525 gpu_seconds=0.214453500 wall_seconds=0.214914458 seconds_per_dispatch=0.000140625246 gbps=111.847911
LEG na=6 shape=linear_attn.out_proj rep=14 position=4 arm=xvec inner=1525 gpu_seconds=0.213405958 wall_seconds=0.213838667 seconds_per_dispatch=0.000139938333 gbps=112.396937
LEG na=6 shape=linear_attn.out_proj rep=14 position=5 arm=tailfullxvec inner=1525 gpu_seconds=0.215411042 wall_seconds=0.215854292 seconds_per_dispatch=0.000141253142 gbps=111.350727
LEG na=6 shape=linear_attn.out_proj rep=14 position=6 arm=tailfullxvec inner=1525 gpu_seconds=0.215495833 wall_seconds=0.215934042 seconds_per_dispatch=0.000141308743 gbps=111.306913
LEG na=6 shape=linear_attn.out_proj rep=14 position=7 arm=xvec inner=1525 gpu_seconds=0.210345000 wall_seconds=0.210804000 seconds_per_dispatch=0.000137931148 gbps=114.032547
LEG na=6 shape=linear_attn.out_proj rep=14 position=8 arm=shift inner=1525 gpu_seconds=0.214443750 wall_seconds=0.214907458 seconds_per_dispatch=0.000140618852 gbps=111.852996
LEG na=6 shape=linear_attn.out_proj rep=14 position=9 arm=rfull inner=1525 gpu_seconds=0.212025750 wall_seconds=0.212485750 seconds_per_dispatch=0.000139033279 gbps=113.128599
LEG na=6 shape=linear_attn.out_proj rep=14 position=10 arm=tailfull inner=1525 gpu_seconds=0.215487875 wall_seconds=0.215955042 seconds_per_dispatch=0.000141303524 gbps=111.311024
LEG na=6 shape=linear_attn.out_proj rep=14 position=11 arm=plain inner=1525 gpu_seconds=0.214875708 wall_seconds=0.215336208 seconds_per_dispatch=0.000140902104 gbps=111.628142
LEG na=6 shape=linear_attn.out_proj rep=15 position=0 arm=plain inner=1525 gpu_seconds=0.215304917 wall_seconds=0.215743042 seconds_per_dispatch=0.000141183552 gbps=111.405612
LEG na=6 shape=linear_attn.out_proj rep=15 position=1 arm=tailfull inner=1525 gpu_seconds=0.215673750 wall_seconds=0.216127625 seconds_per_dispatch=0.000141425410 gbps=111.215092
LEG na=6 shape=linear_attn.out_proj rep=15 position=2 arm=rfull inner=1525 gpu_seconds=0.210216292 wall_seconds=0.210675125 seconds_per_dispatch=0.000137846749 gbps=114.102365
LEG na=6 shape=linear_attn.out_proj rep=15 position=3 arm=shift inner=1525 gpu_seconds=0.214187667 wall_seconds=0.214640417 seconds_per_dispatch=0.000140450929 gbps=111.986728
LEG na=6 shape=linear_attn.out_proj rep=15 position=4 arm=xvec inner=1525 gpu_seconds=0.213379792 wall_seconds=0.213835917 seconds_per_dispatch=0.000139921175 gbps=112.410720
LEG na=6 shape=linear_attn.out_proj rep=15 position=5 arm=tailfullxvec inner=1525 gpu_seconds=0.215182083 wall_seconds=0.215655042 seconds_per_dispatch=0.000141103006 gbps=111.469206
LEG na=6 shape=linear_attn.out_proj rep=15 position=6 arm=tailfullxvec inner=1525 gpu_seconds=0.215273375 wall_seconds=0.215735125 seconds_per_dispatch=0.000141162869 gbps=111.421935
LEG na=6 shape=linear_attn.out_proj rep=15 position=7 arm=xvec inner=1525 gpu_seconds=0.210449958 wall_seconds=0.210909542 seconds_per_dispatch=0.000137999973 gbps=113.975675
LEG na=6 shape=linear_attn.out_proj rep=15 position=8 arm=shift inner=1525 gpu_seconds=0.214638375 wall_seconds=0.215083667 seconds_per_dispatch=0.000140746475 gbps=111.751573
LEG na=6 shape=linear_attn.out_proj rep=15 position=9 arm=rfull inner=1525 gpu_seconds=0.212423292 wall_seconds=0.212872625 seconds_per_dispatch=0.000139293962 gbps=112.916883
LEG na=6 shape=linear_attn.out_proj rep=15 position=10 arm=tailfull inner=1525 gpu_seconds=0.215316125 wall_seconds=0.215779458 seconds_per_dispatch=0.000141190902 gbps=111.399813
LEG na=6 shape=linear_attn.out_proj rep=15 position=11 arm=plain inner=1525 gpu_seconds=0.210715292 wall_seconds=0.211146250 seconds_per_dispatch=0.000138173962 gbps=113.832156
LEG na=6 shape=linear_attn.out_proj rep=16 position=0 arm=plain inner=1525 gpu_seconds=0.210245375 wall_seconds=0.210709417 seconds_per_dispatch=0.000137865820 gbps=114.086581
LEG na=6 shape=linear_attn.out_proj rep=16 position=1 arm=tailfull inner=1525 gpu_seconds=0.210561916 wall_seconds=0.211023125 seconds_per_dispatch=0.000138073388 gbps=113.915073
LEG na=6 shape=linear_attn.out_proj rep=16 position=2 arm=rfull inner=1525 gpu_seconds=0.209879750 wall_seconds=0.210315542 seconds_per_dispatch=0.000137626066 gbps=114.285328
LEG na=6 shape=linear_attn.out_proj rep=16 position=3 arm=shift inner=1525 gpu_seconds=0.209855042 wall_seconds=0.210314167 seconds_per_dispatch=0.000137609863 gbps=114.298784
LEG na=6 shape=linear_attn.out_proj rep=16 position=4 arm=xvec inner=1525 gpu_seconds=0.212971250 wall_seconds=0.213385417 seconds_per_dispatch=0.000139653279 gbps=112.626357
LEG na=6 shape=linear_attn.out_proj rep=16 position=5 arm=tailfullxvec inner=1525 gpu_seconds=0.214489875 wall_seconds=0.214913750 seconds_per_dispatch=0.000140649098 gbps=111.828943
LEG na=6 shape=linear_attn.out_proj rep=16 position=6 arm=tailfullxvec inner=1525 gpu_seconds=0.215591333 wall_seconds=0.216002833 seconds_per_dispatch=0.000141371366 gbps=111.257608
LEG na=6 shape=linear_attn.out_proj rep=16 position=7 arm=xvec inner=1525 gpu_seconds=0.211256083 wall_seconds=0.211656958 seconds_per_dispatch=0.000138528579 gbps=113.540759
LEG na=6 shape=linear_attn.out_proj rep=16 position=8 arm=shift inner=1525 gpu_seconds=0.214337500 wall_seconds=0.214730083 seconds_per_dispatch=0.000140549180 gbps=111.908443
LEG na=6 shape=linear_attn.out_proj rep=16 position=9 arm=rfull inner=1525 gpu_seconds=0.213190833 wall_seconds=0.213611167 seconds_per_dispatch=0.000139797268 gbps=112.510353
LEG na=6 shape=linear_attn.out_proj rep=16 position=10 arm=tailfull inner=1525 gpu_seconds=0.215410500 wall_seconds=0.215841667 seconds_per_dispatch=0.000141252787 gbps=111.351007
LEG na=6 shape=linear_attn.out_proj rep=16 position=11 arm=plain inner=1525 gpu_seconds=0.215498000 wall_seconds=0.215914375 seconds_per_dispatch=0.000141310164 gbps=111.305794
LEG na=6 shape=linear_attn.out_proj rep=17 position=0 arm=plain inner=1525 gpu_seconds=0.210843625 wall_seconds=0.211265583 seconds_per_dispatch=0.000138258115 gbps=113.762870
LEG na=6 shape=linear_attn.out_proj rep=17 position=1 arm=tailfull inner=1525 gpu_seconds=0.213685917 wall_seconds=0.214119042 seconds_per_dispatch=0.000140121913 gbps=112.249681
LEG na=6 shape=linear_attn.out_proj rep=17 position=2 arm=rfull inner=1525 gpu_seconds=0.212799375 wall_seconds=0.213223625 seconds_per_dispatch=0.000139540574 gbps=112.717323
LEG na=6 shape=linear_attn.out_proj rep=17 position=3 arm=shift inner=1525 gpu_seconds=0.214945083 wall_seconds=0.215364208 seconds_per_dispatch=0.000140947596 gbps=111.592113
LEG na=6 shape=linear_attn.out_proj rep=17 position=4 arm=xvec inner=1525 gpu_seconds=0.215076458 wall_seconds=0.215511583 seconds_per_dispatch=0.000141033743 gbps=111.523949
LEG na=6 shape=linear_attn.out_proj rep=17 position=5 arm=tailfullxvec inner=1525 gpu_seconds=0.211140875 wall_seconds=0.211548208 seconds_per_dispatch=0.000138453033 gbps=113.602712
LEG na=6 shape=linear_attn.out_proj rep=17 position=6 arm=tailfullxvec inner=1525 gpu_seconds=0.213661875 wall_seconds=0.214085167 seconds_per_dispatch=0.000140106147 gbps=112.262312
LEG na=6 shape=linear_attn.out_proj rep=17 position=7 arm=xvec inner=1525 gpu_seconds=0.212019708 wall_seconds=0.212441917 seconds_per_dispatch=0.000139029317 gbps=113.131822
LEG na=6 shape=linear_attn.out_proj rep=17 position=8 arm=shift inner=1525 gpu_seconds=0.214331000 wall_seconds=0.214737333 seconds_per_dispatch=0.000140544918 gbps=111.911837
LEG na=6 shape=linear_attn.out_proj rep=17 position=9 arm=rfull inner=1525 gpu_seconds=0.214243917 wall_seconds=0.214674167 seconds_per_dispatch=0.000140487814 gbps=111.957326
LEG na=6 shape=linear_attn.out_proj rep=17 position=10 arm=tailfull inner=1525 gpu_seconds=0.215573458 wall_seconds=0.216014250 seconds_per_dispatch=0.000141359645 gbps=111.266833
LEG na=6 shape=linear_attn.out_proj rep=17 position=11 arm=plain inner=1525 gpu_seconds=0.215096625 wall_seconds=0.215558458 seconds_per_dispatch=0.000141046967 gbps=111.513493
LEG na=6 shape=linear_attn.out_proj rep=18 position=0 arm=plain inner=1525 gpu_seconds=0.211116958 wall_seconds=0.211557125 seconds_per_dispatch=0.000138437350 gbps=113.615582
LEG na=6 shape=linear_attn.out_proj rep=18 position=1 arm=tailfull inner=1525 gpu_seconds=0.215074042 wall_seconds=0.215498625 seconds_per_dispatch=0.000141032158 gbps=111.525202
LEG na=6 shape=linear_attn.out_proj rep=18 position=2 arm=rfull inner=1525 gpu_seconds=0.212569333 wall_seconds=0.213019917 seconds_per_dispatch=0.000139389727 gbps=112.839306
LEG na=6 shape=linear_attn.out_proj rep=18 position=3 arm=shift inner=1525 gpu_seconds=0.214126500 wall_seconds=0.214562042 seconds_per_dispatch=0.000140410820 gbps=112.018718
LEG na=6 shape=linear_attn.out_proj rep=18 position=4 arm=xvec inner=1525 gpu_seconds=0.214753583 wall_seconds=0.215185958 seconds_per_dispatch=0.000140822022 gbps=111.691622
LEG na=6 shape=linear_attn.out_proj rep=18 position=5 arm=tailfullxvec inner=1525 gpu_seconds=0.210347125 wall_seconds=0.210745000 seconds_per_dispatch=0.000137932541 gbps=114.031394
LEG na=6 shape=linear_attn.out_proj rep=18 position=6 arm=tailfullxvec inner=1525 gpu_seconds=0.215234583 wall_seconds=0.215627958 seconds_per_dispatch=0.000141137432 gbps=111.442017
LEG na=6 shape=linear_attn.out_proj rep=18 position=7 arm=xvec inner=1525 gpu_seconds=0.212186958 wall_seconds=0.212612458 seconds_per_dispatch=0.000139138989 gbps=113.042650
LEG na=6 shape=linear_attn.out_proj rep=18 position=8 arm=shift inner=1525 gpu_seconds=0.214347417 wall_seconds=0.214773417 seconds_per_dispatch=0.000140555683 gbps=111.903266
LEG na=6 shape=linear_attn.out_proj rep=18 position=9 arm=rfull inner=1525 gpu_seconds=0.214064125 wall_seconds=0.214497083 seconds_per_dispatch=0.000140369918 gbps=112.051358
LEG na=6 shape=linear_attn.out_proj rep=18 position=10 arm=tailfull inner=1525 gpu_seconds=0.215331958 wall_seconds=0.215760167 seconds_per_dispatch=0.000141201284 gbps=111.391621
LEG na=6 shape=linear_attn.out_proj rep=18 position=11 arm=plain inner=1525 gpu_seconds=0.215222583 wall_seconds=0.215656792 seconds_per_dispatch=0.000141129563 gbps=111.448230
LEG na=6 shape=linear_attn.out_proj rep=19 position=0 arm=plain inner=1525 gpu_seconds=0.211538792 wall_seconds=0.211977583 seconds_per_dispatch=0.000138713962 gbps=113.389019
LEG na=6 shape=linear_attn.out_proj rep=19 position=1 arm=tailfull inner=1525 gpu_seconds=0.215420375 wall_seconds=0.215849583 seconds_per_dispatch=0.000141259262 gbps=111.345902
LEG na=6 shape=linear_attn.out_proj rep=19 position=2 arm=rfull inner=1525 gpu_seconds=0.212943083 wall_seconds=0.213383333 seconds_per_dispatch=0.000139634809 gbps=112.641254
LEG na=6 shape=linear_attn.out_proj rep=19 position=3 arm=shift inner=1525 gpu_seconds=0.214260458 wall_seconds=0.214692458 seconds_per_dispatch=0.000140498661 gbps=111.948682
LEG na=6 shape=linear_attn.out_proj rep=19 position=4 arm=xvec inner=1525 gpu_seconds=0.210599458 wall_seconds=0.211028917 seconds_per_dispatch=0.000138098005 gbps=113.894766
LEG na=6 shape=linear_attn.out_proj rep=19 position=5 arm=tailfullxvec inner=1525 gpu_seconds=0.210855625 wall_seconds=0.211282625 seconds_per_dispatch=0.000138265984 gbps=113.756396
LEG na=6 shape=linear_attn.out_proj rep=19 position=6 arm=tailfullxvec inner=1525 gpu_seconds=0.215352333 wall_seconds=0.215784000 seconds_per_dispatch=0.000141214645 gbps=111.381083
LEG na=6 shape=linear_attn.out_proj rep=19 position=7 arm=xvec inner=1525 gpu_seconds=0.212672958 wall_seconds=0.213095000 seconds_per_dispatch=0.000139457678 gbps=112.784325
LEG na=6 shape=linear_attn.out_proj rep=19 position=8 arm=shift inner=1525 gpu_seconds=0.214493125 wall_seconds=0.214926375 seconds_per_dispatch=0.000140651229 gbps=111.827249
LEG na=6 shape=linear_attn.out_proj rep=19 position=9 arm=rfull inner=1525 gpu_seconds=0.214596375 wall_seconds=0.215004167 seconds_per_dispatch=0.000140718935 gbps=111.773444
LEG na=6 shape=linear_attn.out_proj rep=19 position=10 arm=tailfull inner=1525 gpu_seconds=0.212048000 wall_seconds=0.212464208 seconds_per_dispatch=0.000139047869 gbps=113.116728
LEG na=6 shape=linear_attn.out_proj rep=19 position=11 arm=plain inner=1525 gpu_seconds=0.214730750 wall_seconds=0.215170458 seconds_per_dispatch=0.000140807049 gbps=111.703498
LEG na=6 shape=linear_attn.out_proj rep=20 position=0 arm=plain inner=1525 gpu_seconds=0.211501000 wall_seconds=0.211951625 seconds_per_dispatch=0.000138689180 gbps=113.409279
LEG na=6 shape=linear_attn.out_proj rep=20 position=1 arm=tailfull inner=1525 gpu_seconds=0.214975792 wall_seconds=0.215394833 seconds_per_dispatch=0.000140967732 gbps=111.576173
LEG na=6 shape=linear_attn.out_proj rep=20 position=2 arm=rfull inner=1525 gpu_seconds=0.213814417 wall_seconds=0.214206167 seconds_per_dispatch=0.000140206175 gbps=112.182220
LEG na=6 shape=linear_attn.out_proj rep=20 position=3 arm=shift inner=1525 gpu_seconds=0.214407375 wall_seconds=0.214818000 seconds_per_dispatch=0.000140595000 gbps=111.871973
LEG na=6 shape=linear_attn.out_proj rep=20 position=4 arm=xvec inner=1525 gpu_seconds=0.214731250 wall_seconds=0.215144000 seconds_per_dispatch=0.000140807377 gbps=111.703238
LEG na=6 shape=linear_attn.out_proj rep=20 position=5 arm=tailfullxvec inner=1525 gpu_seconds=0.211474000 wall_seconds=0.211893000 seconds_per_dispatch=0.000138671475 gbps=113.423759
LEG na=6 shape=linear_attn.out_proj rep=20 position=6 arm=tailfullxvec inner=1525 gpu_seconds=0.214952667 wall_seconds=0.215349458 seconds_per_dispatch=0.000140952568 gbps=111.588176
LEG na=6 shape=linear_attn.out_proj rep=20 position=7 arm=xvec inner=1525 gpu_seconds=0.213144375 wall_seconds=0.213550042 seconds_per_dispatch=0.000139766803 gbps=112.534877
LEG na=6 shape=linear_attn.out_proj rep=20 position=8 arm=shift inner=1525 gpu_seconds=0.214723250 wall_seconds=0.215131833 seconds_per_dispatch=0.000140802131 gbps=111.707400
LEG na=6 shape=linear_attn.out_proj rep=20 position=9 arm=rfull inner=1525 gpu_seconds=0.214755750 wall_seconds=0.215166333 seconds_per_dispatch=0.000140823443 gbps=111.690495
LEG na=6 shape=linear_attn.out_proj rep=20 position=10 arm=tailfull inner=1525 gpu_seconds=0.210835833 wall_seconds=0.211245958 seconds_per_dispatch=0.000138253005 gbps=113.767075
LEG na=6 shape=linear_attn.out_proj rep=20 position=11 arm=plain inner=1525 gpu_seconds=0.215060625 wall_seconds=0.215477583 seconds_per_dispatch=0.000141023361 gbps=111.532160
e69_cell_ab: linear_attn.out_proj inner=1525 legs=252 entry=60.84C exit=66.67C
SHAPE na=6 shape=linear_attn.out_proj inner=1525 legs=252 entry_gpu_temp_c=60.84 exit_gpu_temp_c=66.67
PARITY na=6 shape=full_attn.qkv_proj_fused arm=tailfull differing=0 elements=86016
PARITY na=6 shape=full_attn.qkv_proj_fused arm=rfull differing=0 elements=86016
PARITY na=6 shape=full_attn.qkv_proj_fused arm=shift differing=0 elements=86016
PARITY na=6 shape=full_attn.qkv_proj_fused arm=xvec differing=0 elements=86016
PARITY na=6 shape=full_attn.qkv_proj_fused arm=tailfullxvec differing=0 elements=86016
LEG na=6 shape=full_attn.qkv_proj_fused rep=0 position=0 arm=plain inner=653 gpu_seconds=0.203998958 wall_seconds=0.204309833 seconds_per_dispatch=0.000312402693 gbps=117.477092
LEG na=6 shape=full_attn.qkv_proj_fused rep=0 position=1 arm=tailfull inner=653 gpu_seconds=0.203017125 wall_seconds=0.203284375 seconds_per_dispatch=0.000310899119 gbps=118.045236
LEG na=6 shape=full_attn.qkv_proj_fused rep=0 position=2 arm=rfull inner=653 gpu_seconds=0.201447000 wall_seconds=0.201752167 seconds_per_dispatch=0.000308494640 gbps=118.965309
LEG na=6 shape=full_attn.qkv_proj_fused rep=0 position=3 arm=shift inner=653 gpu_seconds=0.201393000 wall_seconds=0.201738667 seconds_per_dispatch=0.000308411945 gbps=118.997207
LEG na=6 shape=full_attn.qkv_proj_fused rep=0 position=4 arm=xvec inner=653 gpu_seconds=0.201480875 wall_seconds=0.201799667 seconds_per_dispatch=0.000308546516 gbps=118.945307
LEG na=6 shape=full_attn.qkv_proj_fused rep=0 position=5 arm=tailfullxvec inner=653 gpu_seconds=0.201966167 wall_seconds=0.202262417 seconds_per_dispatch=0.000309289689 gbps=118.659501
LEG na=6 shape=full_attn.qkv_proj_fused rep=0 position=6 arm=tailfullxvec inner=653 gpu_seconds=0.201943125 wall_seconds=0.202265542 seconds_per_dispatch=0.000309254403 gbps=118.673040
LEG na=6 shape=full_attn.qkv_proj_fused rep=0 position=7 arm=xvec inner=653 gpu_seconds=0.201920875 wall_seconds=0.202256625 seconds_per_dispatch=0.000309220329 gbps=118.686116
LEG na=6 shape=full_attn.qkv_proj_fused rep=0 position=8 arm=shift inner=653 gpu_seconds=0.202714125 wall_seconds=0.203029792 seconds_per_dispatch=0.000310435107 gbps=118.221680
LEG na=6 shape=full_attn.qkv_proj_fused rep=0 position=9 arm=rfull inner=653 gpu_seconds=0.202073250 wall_seconds=0.202362125 seconds_per_dispatch=0.000309453675 gbps=118.596620
LEG na=6 shape=full_attn.qkv_proj_fused rep=0 position=10 arm=tailfull inner=653 gpu_seconds=0.203709000 wall_seconds=0.204003708 seconds_per_dispatch=0.000311958652 gbps=117.644309
LEG na=6 shape=full_attn.qkv_proj_fused rep=0 position=11 arm=plain inner=653 gpu_seconds=0.203648375 wall_seconds=0.203907792 seconds_per_dispatch=0.000311865812 gbps=117.679331
LEG na=6 shape=full_attn.qkv_proj_fused rep=1 position=0 arm=plain inner=653 gpu_seconds=0.201839250 wall_seconds=0.202098417 seconds_per_dispatch=0.000309095329 gbps=118.734114
LEG na=6 shape=full_attn.qkv_proj_fused rep=1 position=1 arm=tailfull inner=653 gpu_seconds=0.203612625 wall_seconds=0.203918542 seconds_per_dispatch=0.000311811064 gbps=117.699993
LEG na=6 shape=full_attn.qkv_proj_fused rep=1 position=2 arm=rfull inner=653 gpu_seconds=0.202388583 wall_seconds=0.202679667 seconds_per_dispatch=0.000309936575 gbps=118.411840
LEG na=6 shape=full_attn.qkv_proj_fused rep=1 position=3 arm=shift inner=653 gpu_seconds=0.202793042 wall_seconds=0.203145583 seconds_per_dispatch=0.000310555960 gbps=118.175674
LEG na=6 shape=full_attn.qkv_proj_fused rep=1 position=4 arm=xvec inner=653 gpu_seconds=0.203308750 wall_seconds=0.203622375 seconds_per_dispatch=0.000311345712 gbps=117.875913
LEG na=6 shape=full_attn.qkv_proj_fused rep=1 position=5 arm=tailfullxvec inner=653 gpu_seconds=0.202159791 wall_seconds=0.202463833 seconds_per_dispatch=0.000309586204 gbps=118.545851
LEG na=6 shape=full_attn.qkv_proj_fused rep=1 position=6 arm=tailfullxvec inner=653 gpu_seconds=0.203565750 wall_seconds=0.203895708 seconds_per_dispatch=0.000311739280 gbps=117.727095
LEG na=6 shape=full_attn.qkv_proj_fused rep=1 position=7 arm=xvec inner=653 gpu_seconds=0.202597125 wall_seconds=0.202890583 seconds_per_dispatch=0.000310255934 gbps=118.289953
LEG na=6 shape=full_attn.qkv_proj_fused rep=1 position=8 arm=shift inner=653 gpu_seconds=0.202976875 wall_seconds=0.203299833 seconds_per_dispatch=0.000310837481 gbps=118.068644
LEG na=6 shape=full_attn.qkv_proj_fused rep=1 position=9 arm=rfull inner=653 gpu_seconds=0.203197666 wall_seconds=0.203486875 seconds_per_dispatch=0.000311175599 gbps=117.940353
LEG na=6 shape=full_attn.qkv_proj_fused rep=1 position=10 arm=tailfull inner=653 gpu_seconds=0.202353458 wall_seconds=0.202662583 seconds_per_dispatch=0.000309882785 gbps=118.432394
LEG na=6 shape=full_attn.qkv_proj_fused rep=1 position=11 arm=plain inner=653 gpu_seconds=0.203567083 wall_seconds=0.203870667 seconds_per_dispatch=0.000311741322 gbps=117.726324
LEG na=6 shape=full_attn.qkv_proj_fused rep=2 position=0 arm=plain inner=653 gpu_seconds=0.203256500 wall_seconds=0.203559000 seconds_per_dispatch=0.000311265697 gbps=117.906214
LEG na=6 shape=full_attn.qkv_proj_fused rep=2 position=1 arm=tailfull inner=653 gpu_seconds=0.203885375 wall_seconds=0.204231458 seconds_per_dispatch=0.000312228752 gbps=117.542538
LEG na=6 shape=full_attn.qkv_proj_fused rep=2 position=2 arm=rfull inner=653 gpu_seconds=0.203376167 wall_seconds=0.203680292 seconds_per_dispatch=0.000311448954 gbps=117.836838
LEG na=6 shape=full_attn.qkv_proj_fused rep=2 position=3 arm=shift inner=653 gpu_seconds=0.201823375 wall_seconds=0.202136667 seconds_per_dispatch=0.000309071018 gbps=118.743453
LEG na=6 shape=full_attn.qkv_proj_fused rep=2 position=4 arm=xvec inner=653 gpu_seconds=0.203364208 wall_seconds=0.203731917 seconds_per_dispatch=0.000311430641 gbps=117.843767
LEG na=6 shape=full_attn.qkv_proj_fused rep=2 position=5 arm=tailfullxvec inner=653 gpu_seconds=0.203465625 wall_seconds=0.203765125 seconds_per_dispatch=0.000311585949 gbps=117.785029
LEG na=6 shape=full_attn.qkv_proj_fused rep=2 position=6 arm=tailfullxvec inner=653 gpu_seconds=0.203726042 wall_seconds=0.204038083 seconds_per_dispatch=0.000311984750 gbps=117.634468
LEG na=6 shape=full_attn.qkv_proj_fused rep=2 position=7 arm=xvec inner=653 gpu_seconds=0.202294250 wall_seconds=0.202604917 seconds_per_dispatch=0.000309792113 gbps=118.467057
LEG na=6 shape=full_attn.qkv_proj_fused rep=2 position=8 arm=shift inner=653 gpu_seconds=0.202023500 wall_seconds=0.202346625 seconds_per_dispatch=0.000309377488 gbps=118.625826
LEG na=6 shape=full_attn.qkv_proj_fused rep=2 position=9 arm=rfull inner=653 gpu_seconds=0.203205292 wall_seconds=0.203528500 seconds_per_dispatch=0.000311187277 gbps=117.935927
LEG na=6 shape=full_attn.qkv_proj_fused rep=2 position=10 arm=tailfull inner=653 gpu_seconds=0.203930125 wall_seconds=0.204254750 seconds_per_dispatch=0.000312297282 gbps=117.516745
LEG na=6 shape=full_attn.qkv_proj_fused rep=2 position=11 arm=plain inner=653 gpu_seconds=0.203723333 wall_seconds=0.204062000 seconds_per_dispatch=0.000311980602 gbps=117.636032
LEG na=6 shape=full_attn.qkv_proj_fused rep=3 position=0 arm=plain inner=653 gpu_seconds=0.203892750 wall_seconds=0.204211292 seconds_per_dispatch=0.000312240046 gbps=117.538286
LEG na=6 shape=full_attn.qkv_proj_fused rep=3 position=1 arm=tailfull inner=653 gpu_seconds=0.202948125 wall_seconds=0.203250458 seconds_per_dispatch=0.000310793453 gbps=118.085370
LEG na=6 shape=full_attn.qkv_proj_fused rep=3 position=2 arm=rfull inner=653 gpu_seconds=0.203159417 wall_seconds=0.203476958 seconds_per_dispatch=0.000311117024 gbps=117.962558
LEG na=6 shape=full_attn.qkv_proj_fused rep=3 position=3 arm=shift inner=653 gpu_seconds=0.203246292 wall_seconds=0.203542042 seconds_per_dispatch=0.000311250064 gbps=117.912136
LEG na=6 shape=full_attn.qkv_proj_fused rep=3 position=4 arm=xvec inner=653 gpu_seconds=0.201565083 wall_seconds=0.201851250 seconds_per_dispatch=0.000308675472 gbps=118.895615
LEG na=6 shape=full_attn.qkv_proj_fused rep=3 position=5 arm=tailfullxvec inner=653 gpu_seconds=0.203617750 wall_seconds=0.203944917 seconds_per_dispatch=0.000311818913 gbps=117.697030
LEG na=6 shape=full_attn.qkv_proj_fused rep=3 position=6 arm=tailfullxvec inner=653 gpu_seconds=0.202966625 wall_seconds=0.203298417 seconds_per_dispatch=0.000310821784 gbps=118.074607
LEG na=6 shape=full_attn.qkv_proj_fused rep=3 position=7 arm=xvec inner=653 gpu_seconds=0.203291833 wall_seconds=0.203620208 seconds_per_dispatch=0.000311319806 gbps=117.885722
LEG na=6 shape=full_attn.qkv_proj_fused rep=3 position=8 arm=shift inner=653 gpu_seconds=0.203262000 wall_seconds=0.203590333 seconds_per_dispatch=0.000311274120 gbps=117.903024
LEG na=6 shape=full_attn.qkv_proj_fused rep=3 position=9 arm=rfull inner=653 gpu_seconds=0.201508708 wall_seconds=0.201802917 seconds_per_dispatch=0.000308589140 gbps=118.928877
LEG na=6 shape=full_attn.qkv_proj_fused rep=3 position=10 arm=tailfull inner=653 gpu_seconds=0.204004750 wall_seconds=0.204336792 seconds_per_dispatch=0.000312411562 gbps=117.473757
LEG na=6 shape=full_attn.qkv_proj_fused rep=3 position=11 arm=plain inner=653 gpu_seconds=0.202915250 wall_seconds=0.203233500 seconds_per_dispatch=0.000310743109 gbps=118.104502
LEG na=6 shape=full_attn.qkv_proj_fused rep=4 position=0 arm=plain inner=653 gpu_seconds=0.203792416 wall_seconds=0.204125083 seconds_per_dispatch=0.000312086396 gbps=117.596154
LEG na=6 shape=full_attn.qkv_proj_fused rep=4 position=1 arm=tailfull inner=653 gpu_seconds=0.204211583 wall_seconds=0.204527542 seconds_per_dispatch=0.000312728305 gbps=117.354775
LEG na=6 shape=full_attn.qkv_proj_fused rep=4 position=2 arm=rfull inner=653 gpu_seconds=0.201645500 wall_seconds=0.201979958 seconds_per_dispatch=0.000308798621 gbps=118.848199
LEG na=6 shape=full_attn.qkv_proj_fused rep=4 position=3 arm=shift inner=653 gpu_seconds=0.203251417 wall_seconds=0.203588875 seconds_per_dispatch=0.000311257912 gbps=117.909163
LEG na=6 shape=full_attn.qkv_proj_fused rep=4 position=4 arm=xvec inner=653 gpu_seconds=0.202807375 wall_seconds=0.203121375 seconds_per_dispatch=0.000310577910 gbps=118.167322
LEG na=6 shape=full_attn.qkv_proj_fused rep=4 position=5 arm=tailfullxvec inner=653 gpu_seconds=0.202687208 wall_seconds=0.202981125 seconds_per_dispatch=0.000310393887 gbps=118.237380
LEG na=6 shape=full_attn.qkv_proj_fused rep=4 position=6 arm=tailfullxvec inner=653 gpu_seconds=0.203569125 wall_seconds=0.203841792 seconds_per_dispatch=0.000311744449 gbps=117.725144
LEG na=6 shape=full_attn.qkv_proj_fused rep=4 position=7 arm=xvec inner=653 gpu_seconds=0.201798375 wall_seconds=0.202088500 seconds_per_dispatch=0.000309032734 gbps=118.758164
LEG na=6 shape=full_attn.qkv_proj_fused rep=4 position=8 arm=shift inner=653 gpu_seconds=0.203053958 wall_seconds=0.203383958 seconds_per_dispatch=0.000310955526 gbps=118.023823
LEG na=6 shape=full_attn.qkv_proj_fused rep=4 position=9 arm=rfull inner=653 gpu_seconds=0.202575542 wall_seconds=0.202878542 seconds_per_dispatch=0.000310222881 gbps=118.302557
LEG na=6 shape=full_attn.qkv_proj_fused rep=4 position=10 arm=tailfull inner=653 gpu_seconds=0.203693875 wall_seconds=0.204010542 seconds_per_dispatch=0.000311935490 gbps=117.653044
LEG na=6 shape=full_attn.qkv_proj_fused rep=4 position=11 arm=plain inner=653 gpu_seconds=0.202532875 wall_seconds=0.202848958 seconds_per_dispatch=0.000310157542 gbps=118.327479
LEG na=6 shape=full_attn.qkv_proj_fused rep=5 position=0 arm=plain inner=653 gpu_seconds=0.202404542 wall_seconds=0.202713667 seconds_per_dispatch=0.000309961013 gbps=118.402504
LEG na=6 shape=full_attn.qkv_proj_fused rep=5 position=1 arm=tailfull inner=653 gpu_seconds=0.203659083 wall_seconds=0.203967458 seconds_per_dispatch=0.000311882210 gbps=117.673143
LEG na=6 shape=full_attn.qkv_proj_fused rep=5 position=2 arm=rfull inner=653 gpu_seconds=0.202759375 wall_seconds=0.203063875 seconds_per_dispatch=0.000310504403 gbps=118.195297
LEG na=6 shape=full_attn.qkv_proj_fused rep=5 position=3 arm=shift inner=653 gpu_seconds=0.203043583 wall_seconds=0.203330917 seconds_per_dispatch=0.000310939638 gbps=118.029854
LEG na=6 shape=full_attn.qkv_proj_fused rep=5 position=4 arm=xvec inner=653 gpu_seconds=0.203366333 wall_seconds=0.203661250 seconds_per_dispatch=0.000311433895 gbps=117.842536
LEG na=6 shape=full_attn.qkv_proj_fused rep=5 position=5 arm=tailfullxvec inner=653 gpu_seconds=0.202739000 wall_seconds=0.203042167 seconds_per_dispatch=0.000310473201 gbps=118.207175
LEG na=6 shape=full_attn.qkv_proj_fused rep=5 position=6 arm=tailfullxvec inner=653 gpu_seconds=0.203664708 wall_seconds=0.203968125 seconds_per_dispatch=0.000311890825 gbps=117.669893
LEG na=6 shape=full_attn.qkv_proj_fused rep=5 position=7 arm=xvec inner=653 gpu_seconds=0.203223708 wall_seconds=0.203482083 seconds_per_dispatch=0.000311215480 gbps=117.925240
LEG na=6 shape=full_attn.qkv_proj_fused rep=5 position=8 arm=shift inner=653 gpu_seconds=0.202969250 wall_seconds=0.203263958 seconds_per_dispatch=0.000310825804 gbps=118.073080
LEG na=6 shape=full_attn.qkv_proj_fused rep=5 position=9 arm=rfull inner=653 gpu_seconds=0.203180250 wall_seconds=0.203474958 seconds_per_dispatch=0.000311148928 gbps=117.950463
LEG na=6 shape=full_attn.qkv_proj_fused rep=5 position=10 arm=tailfull inner=653 gpu_seconds=0.203010917 wall_seconds=0.203271375 seconds_per_dispatch=0.000310889612 gbps=118.048846
LEG na=6 shape=full_attn.qkv_proj_fused rep=5 position=11 arm=plain inner=653 gpu_seconds=0.203452500 wall_seconds=0.203740958 seconds_per_dispatch=0.000311565850 gbps=117.792627
LEG na=6 shape=full_attn.qkv_proj_fused rep=6 position=0 arm=plain inner=653 gpu_seconds=0.202468833 wall_seconds=0.202733417 seconds_per_dispatch=0.000310059469 gbps=118.364906
LEG na=6 shape=full_attn.qkv_proj_fused rep=6 position=1 arm=tailfull inner=653 gpu_seconds=0.202233125 wall_seconds=0.202523000 seconds_per_dispatch=0.000309698507 gbps=118.502864
LEG na=6 shape=full_attn.qkv_proj_fused rep=6 position=2 arm=rfull inner=653 gpu_seconds=0.202991250 wall_seconds=0.203276875 seconds_per_dispatch=0.000310859495 gbps=118.060283
LEG na=6 shape=full_attn.qkv_proj_fused rep=6 position=3 arm=shift inner=653 gpu_seconds=0.202378250 wall_seconds=0.202619708 seconds_per_dispatch=0.000309920750 gbps=118.417886
LEG na=6 shape=full_attn.qkv_proj_fused rep=6 position=4 arm=xvec inner=653 gpu_seconds=0.203275792 wall_seconds=0.203575250 seconds_per_dispatch=0.000311295240 gbps=117.895025
LEG na=6 shape=full_attn.qkv_proj_fused rep=6 position=5 arm=tailfullxvec inner=653 gpu_seconds=0.203913167 wall_seconds=0.204221208 seconds_per_dispatch=0.000312271312 gbps=117.526518
LEG na=6 shape=full_attn.qkv_proj_fused rep=6 position=6 arm=tailfullxvec inner=653 gpu_seconds=0.202028750 wall_seconds=0.202329625 seconds_per_dispatch=0.000309385528 gbps=118.622743
LEG na=6 shape=full_attn.qkv_proj_fused rep=6 position=7 arm=xvec inner=653 gpu_seconds=0.203383500 wall_seconds=0.203680917 seconds_per_dispatch=0.000311460184 gbps=117.832590
LEG na=6 shape=full_attn.qkv_proj_fused rep=6 position=8 arm=shift inner=653 gpu_seconds=0.202517208 wall_seconds=0.202803417 seconds_per_dispatch=0.000310133550 gbps=118.336633
LEG na=6 shape=full_attn.qkv_proj_fused rep=6 position=9 arm=rfull inner=653 gpu_seconds=0.202368250 wall_seconds=0.202663917 seconds_per_dispatch=0.000309905437 gbps=118.423737
LEG na=6 shape=full_attn.qkv_proj_fused rep=6 position=10 arm=tailfull inner=653 gpu_seconds=0.202425042 wall_seconds=0.202730042 seconds_per_dispatch=0.000309992407 gbps=118.390513
LEG na=6 shape=full_attn.qkv_proj_fused rep=6 position=11 arm=plain inner=653 gpu_seconds=0.201902000 wall_seconds=0.202216542 seconds_per_dispatch=0.000309191424 gbps=118.697212
LEG na=6 shape=full_attn.qkv_proj_fused rep=7 position=0 arm=plain inner=653 gpu_seconds=0.203773125 wall_seconds=0.204077833 seconds_per_dispatch=0.000312056853 gbps=117.607288
LEG na=6 shape=full_attn.qkv_proj_fused rep=7 position=1 arm=tailfull inner=653 gpu_seconds=0.203547375 wall_seconds=0.203840750 seconds_per_dispatch=0.000311711141 gbps=117.737723
LEG na=6 shape=full_attn.qkv_proj_fused rep=7 position=2 arm=rfull inner=653 gpu_seconds=0.203212792 wall_seconds=0.203520792 seconds_per_dispatch=0.000311198762 gbps=117.931575
LEG na=6 shape=full_attn.qkv_proj_fused rep=7 position=3 arm=shift inner=653 gpu_seconds=0.203270500 wall_seconds=0.203564917 seconds_per_dispatch=0.000311287136 gbps=117.898094
LEG na=6 shape=full_attn.qkv_proj_fused rep=7 position=4 arm=xvec inner=653 gpu_seconds=0.202146875 wall_seconds=0.202449417 seconds_per_dispatch=0.000309566424 gbps=118.553425
LEG na=6 shape=full_attn.qkv_proj_fused rep=7 position=5 arm=tailfullxvec inner=653 gpu_seconds=0.203633083 wall_seconds=0.203910667 seconds_per_dispatch=0.000311842394 gbps=117.688168
LEG na=6 shape=full_attn.qkv_proj_fused rep=7 position=6 arm=tailfullxvec inner=653 gpu_seconds=0.203467875 wall_seconds=0.203750917 seconds_per_dispatch=0.000311589395 gbps=117.783726
LEG na=6 shape=full_attn.qkv_proj_fused rep=7 position=7 arm=xvec inner=653 gpu_seconds=0.203300875 wall_seconds=0.203614792 seconds_per_dispatch=0.000311333652 gbps=117.880479
LEG na=6 shape=full_attn.qkv_proj_fused rep=7 position=8 arm=shift inner=653 gpu_seconds=0.203290625 wall_seconds=0.203580833 seconds_per_dispatch=0.000311317956 gbps=117.886422
LEG na=6 shape=full_attn.qkv_proj_fused rep=7 position=9 arm=rfull inner=653 gpu_seconds=0.201899625 wall_seconds=0.202208292 seconds_per_dispatch=0.000309187787 gbps=118.698608
LEG na=6 shape=full_attn.qkv_proj_fused rep=7 position=10 arm=tailfull inner=653 gpu_seconds=0.204109375 wall_seconds=0.204410917 seconds_per_dispatch=0.000312571784 gbps=117.413541
LEG na=6 shape=full_attn.qkv_proj_fused rep=7 position=11 arm=plain inner=653 gpu_seconds=0.203588667 wall_seconds=0.203887042 seconds_per_dispatch=0.000311774375 gbps=117.713844
LEG na=6 shape=full_attn.qkv_proj_fused rep=8 position=0 arm=plain inner=653 gpu_seconds=0.203620500 wall_seconds=0.203939375 seconds_per_dispatch=0.000311823124 gbps=117.695441
LEG na=6 shape=full_attn.qkv_proj_fused rep=8 position=1 arm=tailfull inner=653 gpu_seconds=0.204127625 wall_seconds=0.204419042 seconds_per_dispatch=0.000312599732 gbps=117.403044
LEG na=6 shape=full_attn.qkv_proj_fused rep=8 position=2 arm=rfull inner=653 gpu_seconds=0.202150083 wall_seconds=0.202500792 seconds_per_dispatch=0.000309571337 gbps=118.551544
LEG na=6 shape=full_attn.qkv_proj_fused rep=8 position=3 arm=shift inner=653 gpu_seconds=0.203249333 wall_seconds=0.203606958 seconds_per_dispatch=0.000311254722 gbps=117.910372
LEG na=6 shape=full_attn.qkv_proj_fused rep=8 position=4 arm=xvec inner=653 gpu_seconds=0.203516750 wall_seconds=0.203773875 seconds_per_dispatch=0.000311664242 gbps=117.755440
LEG na=6 shape=full_attn.qkv_proj_fused rep=8 position=5 arm=tailfullxvec inner=653 gpu_seconds=0.201855417 wall_seconds=0.202148083 seconds_per_dispatch=0.000309120087 gbps=118.724604
LEG na=6 shape=full_attn.qkv_proj_fused rep=8 position=6 arm=tailfullxvec inner=653 gpu_seconds=0.203916000 wall_seconds=0.204200625 seconds_per_dispatch=0.000312275651 gbps=117.524885
LEG na=6 shape=full_attn.qkv_proj_fused rep=8 position=7 arm=xvec inner=653 gpu_seconds=0.202530750 wall_seconds=0.202829000 seconds_per_dispatch=0.000310154288 gbps=118.328720
LEG na=6 shape=full_attn.qkv_proj_fused rep=8 position=8 arm=shift inner=653 gpu_seconds=0.202745208 wall_seconds=0.203057292 seconds_per_dispatch=0.000310482708 gbps=118.203556
LEG na=6 shape=full_attn.qkv_proj_fused rep=8 position=9 arm=rfull inner=653 gpu_seconds=0.201685417 wall_seconds=0.201970000 seconds_per_dispatch=0.000308859750 gbps=118.824677
LEG na=6 shape=full_attn.qkv_proj_fused rep=8 position=10 arm=tailfull inner=653 gpu_seconds=0.201990417 wall_seconds=0.202308500 seconds_per_dispatch=0.000309326825 gbps=118.645255
LEG na=6 shape=full_attn.qkv_proj_fused rep=8 position=11 arm=plain inner=653 gpu_seconds=0.201814417 wall_seconds=0.202108083 seconds_per_dispatch=0.000309057300 gbps=118.748724
LEG na=6 shape=full_attn.qkv_proj_fused rep=9 position=0 arm=plain inner=653 gpu_seconds=0.201988875 wall_seconds=0.202282958 seconds_per_dispatch=0.000309324464 gbps=118.646160
LEG na=6 shape=full_attn.qkv_proj_fused rep=9 position=1 arm=tailfull inner=653 gpu_seconds=0.202083417 wall_seconds=0.202394042 seconds_per_dispatch=0.000309469245 gbps=118.590654
LEG na=6 shape=full_attn.qkv_proj_fused rep=9 position=2 arm=rfull inner=653 gpu_seconds=0.201712125 wall_seconds=0.202022042 seconds_per_dispatch=0.000308900651 gbps=118.808944
LEG na=6 shape=full_attn.qkv_proj_fused rep=9 position=3 arm=shift inner=653 gpu_seconds=0.201408333 wall_seconds=0.201713375 seconds_per_dispatch=0.000308435426 gbps=118.988148
LEG na=6 shape=full_attn.qkv_proj_fused rep=9 position=4 arm=xvec inner=653 gpu_seconds=0.203059917 wall_seconds=0.203341875 seconds_per_dispatch=0.000310964650 gbps=118.020360
LEG na=6 shape=full_attn.qkv_proj_fused rep=9 position=5 arm=tailfullxvec inner=653 gpu_seconds=0.203363625 wall_seconds=0.203654750 seconds_per_dispatch=0.000311429747 gbps=117.844105
LEG na=6 shape=full_attn.qkv_proj_fused rep=9 position=6 arm=tailfullxvec inner=653 gpu_seconds=0.203385667 wall_seconds=0.203671917 seconds_per_dispatch=0.000311463502 gbps=117.831334
LEG na=6 shape=full_attn.qkv_proj_fused rep=9 position=7 arm=xvec inner=653 gpu_seconds=0.203349458 wall_seconds=0.203654875 seconds_per_dispatch=0.000311408053 gbps=117.852315
LEG na=6 shape=full_attn.qkv_proj_fused rep=9 position=8 arm=shift inner=653 gpu_seconds=0.201962500 wall_seconds=0.202310875 seconds_per_dispatch=0.000309284073 gbps=118.661655
LEG na=6 shape=full_attn.qkv_proj_fused rep=9 position=9 arm=rfull inner=653 gpu_seconds=0.202902958 wall_seconds=0.203191000 seconds_per_dispatch=0.000310724286 gbps=118.111656
LEG na=6 shape=full_attn.qkv_proj_fused rep=9 position=10 arm=tailfull inner=653 gpu_seconds=0.203783250 wall_seconds=0.204065917 seconds_per_dispatch=0.000312072359 gbps=117.601444
LEG na=6 shape=full_attn.qkv_proj_fused rep=9 position=11 arm=plain inner=653 gpu_seconds=0.203572875 wall_seconds=0.203860000 seconds_per_dispatch=0.000311750192 gbps=117.722975
LEG na=6 shape=full_attn.qkv_proj_fused rep=10 position=0 arm=plain inner=653 gpu_seconds=0.202872000 wall_seconds=0.203160583 seconds_per_dispatch=0.000310676876 gbps=118.129680
LEG na=6 shape=full_attn.qkv_proj_fused rep=10 position=1 arm=tailfull inner=653 gpu_seconds=0.202906458 wall_seconds=0.203201375 seconds_per_dispatch=0.000310729645 gbps=118.109619
LEG na=6 shape=full_attn.qkv_proj_fused rep=10 position=2 arm=rfull inner=653 gpu_seconds=0.202642917 wall_seconds=0.202928458 seconds_per_dispatch=0.000310326059 gbps=118.263223
LEG na=6 shape=full_attn.qkv_proj_fused rep=10 position=3 arm=shift inner=653 gpu_seconds=0.202991042 wall_seconds=0.203248417 seconds_per_dispatch=0.000310859175 gbps=118.060405
LEG na=6 shape=full_attn.qkv_proj_fused rep=10 position=4 arm=xvec inner=653 gpu_seconds=0.201745875 wall_seconds=0.202024708 seconds_per_dispatch=0.000308952335 gbps=118.789068
LEG na=6 shape=full_attn.qkv_proj_fused rep=10 position=5 arm=tailfullxvec inner=653 gpu_seconds=0.203229875 wall_seconds=0.203523917 seconds_per_dispatch=0.000311224924 gbps=117.921661
LEG na=6 shape=full_attn.qkv_proj_fused rep=10 position=6 arm=tailfullxvec inner=653 gpu_seconds=0.202810500 wall_seconds=0.203113000 seconds_per_dispatch=0.000310582695 gbps=118.165502
LEG na=6 shape=full_attn.qkv_proj_fused rep=10 position=7 arm=xvec inner=653 gpu_seconds=0.203266667 wall_seconds=0.203560417 seconds_per_dispatch=0.000311281266 gbps=117.900317
LEG na=6 shape=full_attn.qkv_proj_fused rep=10 position=8 arm=shift inner=653 gpu_seconds=0.203319792 wall_seconds=0.203602083 seconds_per_dispatch=0.000311362621 gbps=117.869511
LEG na=6 shape=full_attn.qkv_proj_fused rep=10 position=9 arm=rfull inner=653 gpu_seconds=0.201474708 wall_seconds=0.201738125 seconds_per_dispatch=0.000308537072 gbps=118.948947
LEG na=6 shape=full_attn.qkv_proj_fused rep=10 position=10 arm=tailfull inner=653 gpu_seconds=0.203897083 wall_seconds=0.204168958 seconds_per_dispatch=0.000312246682 gbps=117.535789
LEG na=6 shape=full_attn.qkv_proj_fused rep=10 position=11 arm=plain inner=653 gpu_seconds=0.203101125 wall_seconds=0.203377625 seconds_per_dispatch=0.000311027757 gbps=117.996414
LEG na=6 shape=full_attn.qkv_proj_fused rep=11 position=0 arm=plain inner=653 gpu_seconds=0.203694500 wall_seconds=0.204007750 seconds_per_dispatch=0.000311936447 gbps=117.652683
LEG na=6 shape=full_attn.qkv_proj_fused rep=11 position=1 arm=tailfull inner=653 gpu_seconds=0.204152958 wall_seconds=0.204423625 seconds_per_dispatch=0.000312638527 gbps=117.388475
LEG na=6 shape=full_attn.qkv_proj_fused rep=11 position=2 arm=rfull inner=653 gpu_seconds=0.201700292 wall_seconds=0.201980750 seconds_per_dispatch=0.000308882530 gbps=118.815914
LEG na=6 shape=full_attn.qkv_proj_fused rep=11 position=3 arm=shift inner=653 gpu_seconds=0.203199833 wall_seconds=0.203511083 seconds_per_dispatch=0.000311178918 gbps=117.939095
LEG na=6 shape=full_attn.qkv_proj_fused rep=11 position=4 arm=xvec inner=653 gpu_seconds=0.202912375 wall_seconds=0.203211042 seconds_per_dispatch=0.000310738706 gbps=118.106175
LEG na=6 shape=full_attn.qkv_proj_fused rep=11 position=5 arm=tailfullxvec inner=653 gpu_seconds=0.203631000 wall_seconds=0.203937875 seconds_per_dispatch=0.000311839204 gbps=117.689372
LEG na=6 shape=full_attn.qkv_proj_fused rep=11 position=6 arm=tailfullxvec inner=653 gpu_seconds=0.202338750 wall_seconds=0.202642958 seconds_per_dispatch=0.000309860260 gbps=118.441003
LEG na=6 shape=full_attn.qkv_proj_fused rep=11 position=7 arm=xvec inner=653 gpu_seconds=0.202017084 wall_seconds=0.202302500 seconds_per_dispatch=0.000309367662 gbps=118.629593
LEG na=6 shape=full_attn.qkv_proj_fused rep=11 position=8 arm=shift inner=653 gpu_seconds=0.203119792 wall_seconds=0.203450750 seconds_per_dispatch=0.000311056342 gbps=117.985570
LEG na=6 shape=full_attn.qkv_proj_fused rep=11 position=9 arm=rfull inner=653 gpu_seconds=0.203103625 wall_seconds=0.203406542 seconds_per_dispatch=0.000311031585 gbps=117.994962
LEG na=6 shape=full_attn.qkv_proj_fused rep=11 position=10 arm=tailfull inner=653 gpu_seconds=0.203900333 wall_seconds=0.204212667 seconds_per_dispatch=0.000312251659 gbps=117.533915
LEG na=6 shape=full_attn.qkv_proj_fused rep=11 position=11 arm=plain inner=653 gpu_seconds=0.203817000 wall_seconds=0.204103375 seconds_per_dispatch=0.000312124043 gbps=117.581971
LEG na=6 shape=full_attn.qkv_proj_fused rep=12 position=0 arm=plain inner=653 gpu_seconds=0.202576333 wall_seconds=0.202855167 seconds_per_dispatch=0.000310224094 gbps=118.302094
LEG na=6 shape=full_attn.qkv_proj_fused rep=12 position=1 arm=tailfull inner=653 gpu_seconds=0.203850625 wall_seconds=0.204161292 seconds_per_dispatch=0.000312175536 gbps=117.562575
LEG na=6 shape=full_attn.qkv_proj_fused rep=12 position=2 arm=rfull inner=653 gpu_seconds=0.202959917 wall_seconds=0.203255833 seconds_per_dispatch=0.000310811511 gbps=118.078510
LEG na=6 shape=full_attn.qkv_proj_fused rep=12 position=3 arm=shift inner=653 gpu_seconds=0.203084542 wall_seconds=0.203341375 seconds_per_dispatch=0.000311002361 gbps=118.006049
LEG na=6 shape=full_attn.qkv_proj_fused rep=12 position=4 arm=xvec inner=653 gpu_seconds=0.203472375 wall_seconds=0.203753583 seconds_per_dispatch=0.000311596286 gbps=117.781121
LEG na=6 shape=full_attn.qkv_proj_fused rep=12 position=5 arm=tailfullxvec inner=653 gpu_seconds=0.202945125 wall_seconds=0.203305750 seconds_per_dispatch=0.000310788859 gbps=118.087116
LEG na=6 shape=full_attn.qkv_proj_fused rep=12 position=6 arm=tailfullxvec inner=653 gpu_seconds=0.203771167 wall_seconds=0.204097750 seconds_per_dispatch=0.000312053854 gbps=117.608418
LEG na=6 shape=full_attn.qkv_proj_fused rep=12 position=7 arm=xvec inner=653 gpu_seconds=0.203529333 wall_seconds=0.203789750 seconds_per_dispatch=0.000311683512 gbps=117.748160
LEG na=6 shape=full_attn.qkv_proj_fused rep=12 position=8 arm=shift inner=653 gpu_seconds=0.201428375 wall_seconds=0.201706375 seconds_per_dispatch=0.000308466118 gbps=118.976308
LEG na=6 shape=full_attn.qkv_proj_fused rep=12 position=9 arm=rfull inner=653 gpu_seconds=0.203127458 wall_seconds=0.203427417 seconds_per_dispatch=0.000311068083 gbps=117.981117
LEG na=6 shape=full_attn.qkv_proj_fused rep=12 position=10 arm=tailfull inner=653 gpu_seconds=0.203176500 wall_seconds=0.203471792 seconds_per_dispatch=0.000311143185 gbps=117.952640
LEG na=6 shape=full_attn.qkv_proj_fused rep=12 position=11 arm=plain inner=653 gpu_seconds=0.203334750 wall_seconds=0.203642875 seconds_per_dispatch=0.000311385528 gbps=117.860840
LEG na=6 shape=full_attn.qkv_proj_fused rep=13 position=0 arm=plain inner=653 gpu_seconds=0.202673833 wall_seconds=0.203013792 seconds_per_dispatch=0.000310373405 gbps=118.245183
LEG na=6 shape=full_attn.qkv_proj_fused rep=13 position=1 arm=tailfull inner=653 gpu_seconds=0.202206375 wall_seconds=0.202521750 seconds_per_dispatch=0.000309657542 gbps=118.518541
LEG na=6 shape=full_attn.qkv_proj_fused rep=13 position=2 arm=rfull inner=653 gpu_seconds=0.201493125 wall_seconds=0.201799917 seconds_per_dispatch=0.000308565276 gbps=118.938075
LEG na=6 shape=full_attn.qkv_proj_fused rep=13 position=3 arm=shift inner=653 gpu_seconds=0.201340583 wall_seconds=0.201648208 seconds_per_dispatch=0.000308331674 gbps=119.028186
LEG na=6 shape=full_attn.qkv_proj_fused rep=13 position=4 arm=xvec inner=653 gpu_seconds=0.201414792 wall_seconds=0.201717333 seconds_per_dispatch=0.000308445316 gbps=118.984332
LEG na=6 shape=full_attn.qkv_proj_fused rep=13 position=5 arm=tailfullxvec inner=653 gpu_seconds=0.201951833 wall_seconds=0.202250250 seconds_per_dispatch=0.000309267739 gbps=118.667922
LEG na=6 shape=full_attn.qkv_proj_fused rep=13 position=6 arm=tailfullxvec inner=653 gpu_seconds=0.202290375 wall_seconds=0.202598125 seconds_per_dispatch=0.000309786179 gbps=118.469326
LEG na=6 shape=full_attn.qkv_proj_fused rep=13 position=7 arm=xvec inner=653 gpu_seconds=0.203089500 wall_seconds=0.203411083 seconds_per_dispatch=0.000311009954 gbps=118.003169
LEG na=6 shape=full_attn.qkv_proj_fused rep=13 position=8 arm=shift inner=653 gpu_seconds=0.202680334 wall_seconds=0.202980458 seconds_per_dispatch=0.000310383359 gbps=118.241391
LEG na=6 shape=full_attn.qkv_proj_fused rep=13 position=9 arm=rfull inner=653 gpu_seconds=0.202721125 wall_seconds=0.203017292 seconds_per_dispatch=0.000310445827 gbps=118.217598
LEG na=6 shape=full_attn.qkv_proj_fused rep=13 position=10 arm=tailfull inner=653 gpu_seconds=0.203942583 wall_seconds=0.204236292 seconds_per_dispatch=0.000312316361 gbps=117.509566
LEG na=6 shape=full_attn.qkv_proj_fused rep=13 position=11 arm=plain inner=653 gpu_seconds=0.202564667 wall_seconds=0.202845208 seconds_per_dispatch=0.000310206228 gbps=118.308908
LEG na=6 shape=full_attn.qkv_proj_fused rep=14 position=0 arm=plain inner=653 gpu_seconds=0.203466875 wall_seconds=0.203761833 seconds_per_dispatch=0.000311587864 gbps=117.784305
LEG na=6 shape=full_attn.qkv_proj_fused rep=14 position=1 arm=tailfull inner=653 gpu_seconds=0.203701167 wall_seconds=0.203989375 seconds_per_dispatch=0.000311946656 gbps=117.648833
LEG na=6 shape=full_attn.qkv_proj_fused rep=14 position=2 arm=rfull inner=653 gpu_seconds=0.202699000 wall_seconds=0.202973708 seconds_per_dispatch=0.000310411945 gbps=118.230502
LEG na=6 shape=full_attn.qkv_proj_fused rep=14 position=3 arm=shift inner=653 gpu_seconds=0.203187542 wall_seconds=0.203456625 seconds_per_dispatch=0.000311160094 gbps=117.946230
LEG na=6 shape=full_attn.qkv_proj_fused rep=14 position=4 arm=xvec inner=653 gpu_seconds=0.202398333 wall_seconds=0.202686417 seconds_per_dispatch=0.000309951506 gbps=118.406135
LEG na=6 shape=full_attn.qkv_proj_fused rep=14 position=5 arm=tailfullxvec inner=653 gpu_seconds=0.203614625 wall_seconds=0.203903042 seconds_per_dispatch=0.000311814127 gbps=117.698837
LEG na=6 shape=full_attn.qkv_proj_fused rep=14 position=6 arm=tailfullxvec inner=653 gpu_seconds=0.203636708 wall_seconds=0.203912292 seconds_per_dispatch=0.000311847946 gbps=117.686073
LEG na=6 shape=full_attn.qkv_proj_fused rep=14 position=7 arm=xvec inner=653 gpu_seconds=0.203075125 wall_seconds=0.203374542 seconds_per_dispatch=0.000310987940 gbps=118.011522
LEG na=6 shape=full_attn.qkv_proj_fused rep=14 position=8 arm=shift inner=653 gpu_seconds=0.203270542 wall_seconds=0.203550292 seconds_per_dispatch=0.000311287200 gbps=117.898070
LEG na=6 shape=full_attn.qkv_proj_fused rep=14 position=9 arm=rfull inner=653 gpu_seconds=0.202163250 wall_seconds=0.202432792 seconds_per_dispatch=0.000309591501 gbps=118.543823
LEG na=6 shape=full_attn.qkv_proj_fused rep=14 position=10 arm=tailfull inner=653 gpu_seconds=0.203965125 wall_seconds=0.204257417 seconds_per_dispatch=0.000312350881 gbps=117.496579
LEG na=6 shape=full_attn.qkv_proj_fused rep=14 position=11 arm=plain inner=653 gpu_seconds=0.203598375 wall_seconds=0.203916083 seconds_per_dispatch=0.000311789242 gbps=117.708231
LEG na=6 shape=full_attn.qkv_proj_fused rep=15 position=0 arm=plain inner=653 gpu_seconds=0.203572250 wall_seconds=0.203873875 seconds_per_dispatch=0.000311749234 gbps=117.723336
LEG na=6 shape=full_attn.qkv_proj_fused rep=15 position=1 arm=tailfull inner=653 gpu_seconds=0.204009375 wall_seconds=0.204362625 seconds_per_dispatch=0.000312418645 gbps=117.471094
LEG na=6 shape=full_attn.qkv_proj_fused rep=15 position=2 arm=rfull inner=653 gpu_seconds=0.202416750 wall_seconds=0.202730583 seconds_per_dispatch=0.000309979709 gbps=118.395362
LEG na=6 shape=full_attn.qkv_proj_fused rep=15 position=3 arm=shift inner=653 gpu_seconds=0.203103375 wall_seconds=0.203399833 seconds_per_dispatch=0.000311031202 gbps=117.995107
LEG na=6 shape=full_attn.qkv_proj_fused rep=15 position=4 arm=xvec inner=653 gpu_seconds=0.203488125 wall_seconds=0.203779917 seconds_per_dispatch=0.000311620406 gbps=117.772005
LEG na=6 shape=full_attn.qkv_proj_fused rep=15 position=5 arm=tailfullxvec inner=653 gpu_seconds=0.201843708 wall_seconds=0.202145292 seconds_per_dispatch=0.000309102157 gbps=118.731491
LEG na=6 shape=full_attn.qkv_proj_fused rep=15 position=6 arm=tailfullxvec inner=653 gpu_seconds=0.203723500 wall_seconds=0.204017083 seconds_per_dispatch=0.000311980858 gbps=117.635935
LEG na=6 shape=full_attn.qkv_proj_fused rep=15 position=7 arm=xvec inner=653 gpu_seconds=0.202632167 wall_seconds=0.202945125 seconds_per_dispatch=0.000310309597 gbps=118.269497
LEG na=6 shape=full_attn.qkv_proj_fused rep=15 position=8 arm=shift inner=653 gpu_seconds=0.202871500 wall_seconds=0.203194208 seconds_per_dispatch=0.000310676110 gbps=118.129971
LEG na=6 shape=full_attn.qkv_proj_fused rep=15 position=9 arm=rfull inner=653 gpu_seconds=0.203305792 wall_seconds=0.203618375 seconds_per_dispatch=0.000311341182 gbps=117.877628
LEG na=6 shape=full_attn.qkv_proj_fused rep=15 position=10 arm=tailfull inner=653 gpu_seconds=0.202158500 wall_seconds=0.202453583 seconds_per_dispatch=0.000309584227 gbps=118.546608
LEG na=6 shape=full_attn.qkv_proj_fused rep=15 position=11 arm=plain inner=653 gpu_seconds=0.203582750 wall_seconds=0.203889208 seconds_per_dispatch=0.000311765314 gbps=117.717265
LEG na=6 shape=full_attn.qkv_proj_fused rep=16 position=0 arm=plain inner=653 gpu_seconds=0.203068792 wall_seconds=0.203387750 seconds_per_dispatch=0.000310978241 gbps=118.015202
LEG na=6 shape=full_attn.qkv_proj_fused rep=16 position=1 arm=tailfull inner=653 gpu_seconds=0.203934083 wall_seconds=0.204215792 seconds_per_dispatch=0.000312303343 gbps=117.514464
LEG na=6 shape=full_attn.qkv_proj_fused rep=16 position=2 arm=rfull inner=653 gpu_seconds=0.203298833 wall_seconds=0.203597458 seconds_per_dispatch=0.000311330526 gbps=117.881663
LEG na=6 shape=full_attn.qkv_proj_fused rep=16 position=3 arm=shift inner=653 gpu_seconds=0.201674417 wall_seconds=0.201975667 seconds_per_dispatch=0.000308842905 gbps=118.831158
LEG na=6 shape=full_attn.qkv_proj_fused rep=16 position=4 arm=xvec inner=653 gpu_seconds=0.203404792 wall_seconds=0.203709583 seconds_per_dispatch=0.000311492790 gbps=117.820255
LEG na=6 shape=full_attn.qkv_proj_fused rep=16 position=5 arm=tailfullxvec inner=653 gpu_seconds=0.203334000 wall_seconds=0.203637375 seconds_per_dispatch=0.000311384380 gbps=117.861275
LEG na=6 shape=full_attn.qkv_proj_fused rep=16 position=6 arm=tailfullxvec inner=653 gpu_seconds=0.203692750 wall_seconds=0.203995250 seconds_per_dispatch=0.000311933767 gbps=117.653694
LEG na=6 shape=full_attn.qkv_proj_fused rep=16 position=7 arm=xvec inner=653 gpu_seconds=0.203496917 wall_seconds=0.203805125 seconds_per_dispatch=0.000311633869 gbps=117.766917
LEG na=6 shape=full_attn.qkv_proj_fused rep=16 position=8 arm=shift inner=653 gpu_seconds=0.201919875 wall_seconds=0.202225875 seconds_per_dispatch=0.000309218798 gbps=118.686704
LEG na=6 shape=full_attn.qkv_proj_fused rep=16 position=9 arm=rfull inner=653 gpu_seconds=0.203171458 wall_seconds=0.203475333 seconds_per_dispatch=0.000311135465 gbps=117.955567
LEG na=6 shape=full_attn.qkv_proj_fused rep=16 position=10 arm=tailfull inner=653 gpu_seconds=0.203794792 wall_seconds=0.204087417 seconds_per_dispatch=0.000312090033 gbps=117.594784
LEG na=6 shape=full_attn.qkv_proj_fused rep=16 position=11 arm=plain inner=653 gpu_seconds=0.203658500 wall_seconds=0.203968042 seconds_per_dispatch=0.000311881317 gbps=117.673480
LEG na=6 shape=full_attn.qkv_proj_fused rep=17 position=0 arm=plain inner=653 gpu_seconds=0.203779625 wall_seconds=0.204098250 seconds_per_dispatch=0.000312066807 gbps=117.603536
LEG na=6 shape=full_attn.qkv_proj_fused rep=17 position=1 arm=tailfull inner=653 gpu_seconds=0.202796375 wall_seconds=0.203075500 seconds_per_dispatch=0.000310561064 gbps=118.173732
LEG na=6 shape=full_attn.qkv_proj_fused rep=17 position=2 arm=rfull inner=653 gpu_seconds=0.203226125 wall_seconds=0.203524083 seconds_per_dispatch=0.000311219181 gbps=117.923837
LEG na=6 shape=full_attn.qkv_proj_fused rep=17 position=3 arm=shift inner=653 gpu_seconds=0.202722000 wall_seconds=0.203022125 seconds_per_dispatch=0.000310447167 gbps=118.217088
LEG na=6 shape=full_attn.qkv_proj_fused rep=17 position=4 arm=xvec inner=653 gpu_seconds=0.202309625 wall_seconds=0.202605625 seconds_per_dispatch=0.000309815658 gbps=118.458054
LEG na=6 shape=full_attn.qkv_proj_fused rep=17 position=5 arm=tailfullxvec inner=653 gpu_seconds=0.202996500 wall_seconds=0.203311500 seconds_per_dispatch=0.000310867535 gbps=118.057230
LEG na=6 shape=full_attn.qkv_proj_fused rep=17 position=6 arm=tailfullxvec inner=653 gpu_seconds=0.203217083 wall_seconds=0.203537917 seconds_per_dispatch=0.000311205334 gbps=117.929084
LEG na=6 shape=full_attn.qkv_proj_fused rep=17 position=7 arm=xvec inner=653 gpu_seconds=0.202612875 wall_seconds=0.202948750 seconds_per_dispatch=0.000310280054 gbps=118.280758
LEG na=6 shape=full_attn.qkv_proj_fused rep=17 position=8 arm=shift inner=653 gpu_seconds=0.202236667 wall_seconds=0.202557542 seconds_per_dispatch=0.000309703930 gbps=118.500789
LEG na=6 shape=full_attn.qkv_proj_fused rep=17 position=9 arm=rfull inner=653 gpu_seconds=0.202275458 wall_seconds=0.202544792 seconds_per_dispatch=0.000309763336 gbps=118.478063
LEG na=6 shape=full_attn.qkv_proj_fused rep=17 position=10 arm=tailfull inner=653 gpu_seconds=0.203776250 wall_seconds=0.204067042 seconds_per_dispatch=0.000312061639 gbps=117.605484
LEG na=6 shape=full_attn.qkv_proj_fused rep=17 position=11 arm=plain inner=653 gpu_seconds=0.203610083 wall_seconds=0.203905000 seconds_per_dispatch=0.000311807172 gbps=117.701462
LEG na=6 shape=full_attn.qkv_proj_fused rep=18 position=0 arm=plain inner=653 gpu_seconds=0.204259250 wall_seconds=0.204565083 seconds_per_dispatch=0.000312801301 gbps=117.327389
LEG na=6 shape=full_attn.qkv_proj_fused rep=18 position=1 arm=tailfull inner=653 gpu_seconds=0.205003083 wall_seconds=0.205275833 seconds_per_dispatch=0.000313940403 gbps=116.901678
LEG na=6 shape=full_attn.qkv_proj_fused rep=18 position=2 arm=rfull inner=653 gpu_seconds=0.201570083 wall_seconds=0.201854917 seconds_per_dispatch=0.000308683129 gbps=118.892665
LEG na=6 shape=full_attn.qkv_proj_fused rep=18 position=3 arm=shift inner=653 gpu_seconds=0.202944000 wall_seconds=0.203249458 seconds_per_dispatch=0.000310787136 gbps=118.087770
LEG na=6 shape=full_attn.qkv_proj_fused rep=18 position=4 arm=xvec inner=653 gpu_seconds=0.202610875 wall_seconds=0.202895708 seconds_per_dispatch=0.000310276991 gbps=118.281926
LEG na=6 shape=full_attn.qkv_proj_fused rep=18 position=5 arm=tailfullxvec inner=653 gpu_seconds=0.203577625 wall_seconds=0.203881000 seconds_per_dispatch=0.000311757465 gbps=117.720228
LEG na=6 shape=full_attn.qkv_proj_fused rep=18 position=6 arm=tailfullxvec inner=653 gpu_seconds=0.203721750 wall_seconds=0.203997583 seconds_per_dispatch=0.000311978178 gbps=117.636946
LEG na=6 shape=full_attn.qkv_proj_fused rep=18 position=7 arm=xvec inner=653 gpu_seconds=0.201943667 wall_seconds=0.202213750 seconds_per_dispatch=0.000309255232 gbps=118.672721
LEG na=6 shape=full_attn.qkv_proj_fused rep=18 position=8 arm=shift inner=653 gpu_seconds=0.202991625 wall_seconds=0.203273000 seconds_per_dispatch=0.000310860069 gbps=118.060065
LEG na=6 shape=full_attn.qkv_proj_fused rep=18 position=9 arm=rfull inner=653 gpu_seconds=0.202163375 wall_seconds=0.202445625 seconds_per_dispatch=0.000309591692 gbps=118.543749
LEG na=6 shape=full_attn.qkv_proj_fused rep=18 position=10 arm=tailfull inner=653 gpu_seconds=0.203756875 wall_seconds=0.204058083 seconds_per_dispatch=0.000312031968 gbps=117.616667
LEG na=6 shape=full_attn.qkv_proj_fused rep=18 position=11 arm=plain inner=653 gpu_seconds=0.203729917 wall_seconds=0.204017125 seconds_per_dispatch=0.000311990684 gbps=117.632230
LEG na=6 shape=full_attn.qkv_proj_fused rep=19 position=0 arm=plain inner=653 gpu_seconds=0.202329000 wall_seconds=0.202607292 seconds_per_dispatch=0.000309845329 gbps=118.446710
LEG na=6 shape=full_attn.qkv_proj_fused rep=19 position=1 arm=tailfull inner=653 gpu_seconds=0.203600875 wall_seconds=0.203894417 seconds_per_dispatch=0.000311793071 gbps=117.706785
LEG na=6 shape=full_attn.qkv_proj_fused rep=19 position=2 arm=rfull inner=653 gpu_seconds=0.202864167 wall_seconds=0.203170167 seconds_per_dispatch=0.000310664880 gbps=118.134242
LEG na=6 shape=full_attn.qkv_proj_fused rep=19 position=3 arm=shift inner=653 gpu_seconds=0.203075542 wall_seconds=0.203370917 seconds_per_dispatch=0.000310988578 gbps=118.011279
LEG na=6 shape=full_attn.qkv_proj_fused rep=19 position=4 arm=xvec inner=653 gpu_seconds=0.203637125 wall_seconds=0.203942458 seconds_per_dispatch=0.000311848583 gbps=117.685832
LEG na=6 shape=full_attn.qkv_proj_fused rep=19 position=5 arm=tailfullxvec inner=653 gpu_seconds=0.202578166 wall_seconds=0.202886292 seconds_per_dispatch=0.000310226901 gbps=118.301024
LEG na=6 shape=full_attn.qkv_proj_fused rep=19 position=6 arm=tailfullxvec inner=653 gpu_seconds=0.203741458 wall_seconds=0.204059167 seconds_per_dispatch=0.000312008359 gbps=117.625567
LEG na=6 shape=full_attn.qkv_proj_fused rep=19 position=7 arm=xvec inner=653 gpu_seconds=0.203281917 wall_seconds=0.203561208 seconds_per_dispatch=0.000311304620 gbps=117.891472
LEG na=6 shape=full_attn.qkv_proj_fused rep=19 position=8 arm=shift inner=653 gpu_seconds=0.203308042 wall_seconds=0.203608583 seconds_per_dispatch=0.000311344627 gbps=117.876323
LEG na=6 shape=full_attn.qkv_proj_fused rep=19 position=9 arm=rfull inner=653 gpu_seconds=0.202287000 wall_seconds=0.202570083 seconds_per_dispatch=0.000309781011 gbps=118.471303
LEG na=6 shape=full_attn.qkv_proj_fused rep=19 position=10 arm=tailfull inner=653 gpu_seconds=0.202773750 wall_seconds=0.203067583 seconds_per_dispatch=0.000310526417 gbps=118.186918
LEG na=6 shape=full_attn.qkv_proj_fused rep=19 position=11 arm=plain inner=653 gpu_seconds=0.202289292 wall_seconds=0.202587125 seconds_per_dispatch=0.000309784520 gbps=118.469961
LEG na=6 shape=full_attn.qkv_proj_fused rep=20 position=0 arm=plain inner=653 gpu_seconds=0.202808084 wall_seconds=0.203082417 seconds_per_dispatch=0.000310578995 gbps=118.166910
LEG na=6 shape=full_attn.qkv_proj_fused rep=20 position=1 arm=tailfull inner=653 gpu_seconds=0.202150250 wall_seconds=0.202429583 seconds_per_dispatch=0.000309571593 gbps=118.551446
LEG na=6 shape=full_attn.qkv_proj_fused rep=20 position=2 arm=rfull inner=653 gpu_seconds=0.203094292 wall_seconds=0.203447333 seconds_per_dispatch=0.000311017292 gbps=118.000384
LEG na=6 shape=full_attn.qkv_proj_fused rep=20 position=3 arm=shift inner=653 gpu_seconds=0.201662083 wall_seconds=0.201987583 seconds_per_dispatch=0.000308824017 gbps=118.838426
LEG na=6 shape=full_attn.qkv_proj_fused rep=20 position=4 arm=xvec inner=653 gpu_seconds=0.203163333 wall_seconds=0.203478042 seconds_per_dispatch=0.000311123022 gbps=117.960284
LEG na=6 shape=full_attn.qkv_proj_fused rep=20 position=5 arm=tailfullxvec inner=653 gpu_seconds=0.203826000 wall_seconds=0.204113375 seconds_per_dispatch=0.000312137825 gbps=117.576779
LEG na=6 shape=full_attn.qkv_proj_fused rep=20 position=6 arm=tailfullxvec inner=653 gpu_seconds=0.202191583 wall_seconds=0.202453167 seconds_per_dispatch=0.000309634890 gbps=118.527211
LEG na=6 shape=full_attn.qkv_proj_fused rep=20 position=7 arm=xvec inner=653 gpu_seconds=0.203268000 wall_seconds=0.203561583 seconds_per_dispatch=0.000311283308 gbps=117.899544
LEG na=6 shape=full_attn.qkv_proj_fused rep=20 position=8 arm=shift inner=653 gpu_seconds=0.202608166 wall_seconds=0.202914250 seconds_per_dispatch=0.000310272843 gbps=118.283507
LEG na=6 shape=full_attn.qkv_proj_fused rep=20 position=9 arm=rfull inner=653 gpu_seconds=0.203173250 wall_seconds=0.203493333 seconds_per_dispatch=0.000311138208 gbps=117.954526
LEG na=6 shape=full_attn.qkv_proj_fused rep=20 position=10 arm=tailfull inner=653 gpu_seconds=0.204028667 wall_seconds=0.204290750 seconds_per_dispatch=0.000312448188 gbps=117.459987
LEG na=6 shape=full_attn.qkv_proj_fused rep=20 position=11 arm=plain inner=653 gpu_seconds=0.202261750 wall_seconds=0.202541208 seconds_per_dispatch=0.000309742343 gbps=118.486093
e69_cell_ab: full_attn.qkv_proj_fused inner=653 legs=252 entry=64.05C exit=69.78C
SHAPE na=6 shape=full_attn.qkv_proj_fused inner=653 legs=252 entry_gpu_temp_c=64.05 exit_gpu_temp_c=69.78
PARITY na=6 shape=mlp.gate_up_fused arm=tailfull differing=0 elements=208896
PARITY na=6 shape=mlp.gate_up_fused arm=rfull differing=0 elements=208896
PARITY na=6 shape=mlp.gate_up_fused arm=shift differing=0 elements=208896
PARITY na=6 shape=mlp.gate_up_fused arm=xvec differing=0 elements=208896
PARITY na=6 shape=mlp.gate_up_fused arm=tailfullxvec differing=0 elements=208896
LEG na=6 shape=mlp.gate_up_fused rep=0 position=0 arm=plain inner=269 gpu_seconds=0.199067000 wall_seconds=0.199340625 seconds_per_dispatch=0.000740026023 gbps=120.440305
LEG na=6 shape=mlp.gate_up_fused rep=0 position=1 arm=tailfull inner=269 gpu_seconds=0.199161875 wall_seconds=0.199412542 seconds_per_dispatch=0.000740378718 gbps=120.382931
LEG na=6 shape=mlp.gate_up_fused rep=0 position=2 arm=rfull inner=269 gpu_seconds=0.198201333 wall_seconds=0.198447083 seconds_per_dispatch=0.000736807931 gbps=120.966342
LEG na=6 shape=mlp.gate_up_fused rep=0 position=3 arm=shift inner=269 gpu_seconds=0.198428500 wall_seconds=0.198676333 seconds_per_dispatch=0.000737652416 gbps=120.827856
LEG na=6 shape=mlp.gate_up_fused rep=0 position=4 arm=xvec inner=269 gpu_seconds=0.198809375 wall_seconds=0.199046583 seconds_per_dispatch=0.000739068309 gbps=120.596376
LEG na=6 shape=mlp.gate_up_fused rep=0 position=5 arm=tailfullxvec inner=269 gpu_seconds=0.198578750 wall_seconds=0.198835708 seconds_per_dispatch=0.000738210967 gbps=120.736434
LEG na=6 shape=mlp.gate_up_fused rep=0 position=6 arm=tailfullxvec inner=269 gpu_seconds=0.199092125 wall_seconds=0.199345250 seconds_per_dispatch=0.000740119424 gbps=120.425106
LEG na=6 shape=mlp.gate_up_fused rep=0 position=7 arm=xvec inner=269 gpu_seconds=0.198525542 wall_seconds=0.198767333 seconds_per_dispatch=0.000738013166 gbps=120.768794
LEG na=6 shape=mlp.gate_up_fused rep=0 position=8 arm=shift inner=269 gpu_seconds=0.198447250 wall_seconds=0.198692208 seconds_per_dispatch=0.000737722118 gbps=120.816440
LEG na=6 shape=mlp.gate_up_fused rep=0 position=9 arm=rfull inner=269 gpu_seconds=0.198600375 wall_seconds=0.198835833 seconds_per_dispatch=0.000738291357 gbps=120.723288
LEG na=6 shape=mlp.gate_up_fused rep=0 position=10 arm=tailfull inner=269 gpu_seconds=0.198759750 wall_seconds=0.198995708 seconds_per_dispatch=0.000738883829 gbps=120.626486
LEG na=6 shape=mlp.gate_up_fused rep=0 position=11 arm=plain inner=269 gpu_seconds=0.199016875 wall_seconds=0.199274042 seconds_per_dispatch=0.000739839684 gbps=120.470640
LEG na=6 shape=mlp.gate_up_fused rep=1 position=0 arm=plain inner=269 gpu_seconds=0.199022167 wall_seconds=0.199266375 seconds_per_dispatch=0.000739859356 gbps=120.467437
LEG na=6 shape=mlp.gate_up_fused rep=1 position=1 arm=tailfull inner=269 gpu_seconds=0.199182542 wall_seconds=0.199428875 seconds_per_dispatch=0.000740455546 gbps=120.370440
LEG na=6 shape=mlp.gate_up_fused rep=1 position=2 arm=rfull inner=269 gpu_seconds=0.198623000 wall_seconds=0.198856125 seconds_per_dispatch=0.000738375465 gbps=120.709536
LEG na=6 shape=mlp.gate_up_fused rep=1 position=3 arm=shift inner=269 gpu_seconds=0.198132625 wall_seconds=0.198378333 seconds_per_dispatch=0.000736552510 gbps=121.008290
LEG na=6 shape=mlp.gate_up_fused rep=1 position=4 arm=xvec inner=269 gpu_seconds=0.198680250 wall_seconds=0.198928958 seconds_per_dispatch=0.000738588290 gbps=120.674754
LEG na=6 shape=mlp.gate_up_fused rep=1 position=5 arm=tailfullxvec inner=269 gpu_seconds=0.199139750 wall_seconds=0.199393958 seconds_per_dispatch=0.000740296468 gbps=120.396306
LEG na=6 shape=mlp.gate_up_fused rep=1 position=6 arm=tailfullxvec inner=269 gpu_seconds=0.198366458 wall_seconds=0.198605583 seconds_per_dispatch=0.000737421778 gbps=120.865647
LEG na=6 shape=mlp.gate_up_fused rep=1 position=7 arm=xvec inner=269 gpu_seconds=0.198759375 wall_seconds=0.198996833 seconds_per_dispatch=0.000738882435 gbps=120.626714
LEG na=6 shape=mlp.gate_up_fused rep=1 position=8 arm=shift inner=269 gpu_seconds=0.198513708 wall_seconds=0.198765958 seconds_per_dispatch=0.000737969176 gbps=120.775993
LEG na=6 shape=mlp.gate_up_fused rep=1 position=9 arm=rfull inner=269 gpu_seconds=0.197897625 wall_seconds=0.198124500 seconds_per_dispatch=0.000735678903 gbps=121.151986
LEG na=6 shape=mlp.gate_up_fused rep=1 position=10 arm=tailfull inner=269 gpu_seconds=0.198483167 wall_seconds=0.198763750 seconds_per_dispatch=0.000737855638 gbps=120.794577
LEG na=6 shape=mlp.gate_up_fused rep=1 position=11 arm=plain inner=269 gpu_seconds=0.198212625 wall_seconds=0.198489042 seconds_per_dispatch=0.000736849907 gbps=120.959451
LEG na=6 shape=mlp.gate_up_fused rep=2 position=0 arm=plain inner=269 gpu_seconds=0.198303250 wall_seconds=0.198546167 seconds_per_dispatch=0.000737186803 gbps=120.904172
LEG na=6 shape=mlp.gate_up_fused rep=2 position=1 arm=tailfull inner=269 gpu_seconds=0.198504875 wall_seconds=0.198728833 seconds_per_dispatch=0.000737936338 gbps=120.781367
LEG na=6 shape=mlp.gate_up_fused rep=2 position=2 arm=rfull inner=269 gpu_seconds=0.197908625 wall_seconds=0.198172000 seconds_per_dispatch=0.000735719796 gbps=121.145252
LEG na=6 shape=mlp.gate_up_fused rep=2 position=3 arm=shift inner=269 gpu_seconds=0.198383042 wall_seconds=0.198633292 seconds_per_dispatch=0.000737483426 gbps=120.855543
LEG na=6 shape=mlp.gate_up_fused rep=2 position=4 arm=xvec inner=269 gpu_seconds=0.198298375 wall_seconds=0.198535792 seconds_per_dispatch=0.000737168681 gbps=120.907144
LEG na=6 shape=mlp.gate_up_fused rep=2 position=5 arm=tailfullxvec inner=269 gpu_seconds=0.198951833 wall_seconds=0.199192542 seconds_per_dispatch=0.000739597893 gbps=120.510024
LEG na=6 shape=mlp.gate_up_fused rep=2 position=6 arm=tailfullxvec inner=269 gpu_seconds=0.199115917 wall_seconds=0.199333958 seconds_per_dispatch=0.000740207868 gbps=120.410717
LEG na=6 shape=mlp.gate_up_fused rep=2 position=7 arm=xvec inner=269 gpu_seconds=0.198219625 wall_seconds=0.198437417 seconds_per_dispatch=0.000736875930 gbps=120.955179
LEG na=6 shape=mlp.gate_up_fused rep=2 position=8 arm=shift inner=269 gpu_seconds=0.198499250 wall_seconds=0.198742042 seconds_per_dispatch=0.000737915428 gbps=120.784790
LEG na=6 shape=mlp.gate_up_fused rep=2 position=9 arm=rfull inner=269 gpu_seconds=0.198311875 wall_seconds=0.198559250 seconds_per_dispatch=0.000737218866 gbps=120.898914
LEG na=6 shape=mlp.gate_up_fused rep=2 position=10 arm=tailfull inner=269 gpu_seconds=0.199293542 wall_seconds=0.199525417 seconds_per_dispatch=0.000740868185 gbps=120.303398
LEG na=6 shape=mlp.gate_up_fused rep=2 position=11 arm=plain inner=269 gpu_seconds=0.198995250 wall_seconds=0.199225583 seconds_per_dispatch=0.000739759293 gbps=120.483731
LEG na=6 shape=mlp.gate_up_fused rep=3 position=0 arm=plain inner=269 gpu_seconds=0.198572250 wall_seconds=0.198796667 seconds_per_dispatch=0.000738186803 gbps=120.740387
LEG na=6 shape=mlp.gate_up_fused rep=3 position=1 arm=tailfull inner=269 gpu_seconds=0.199249708 wall_seconds=0.199480583 seconds_per_dispatch=0.000740705235 gbps=120.329864
LEG na=6 shape=mlp.gate_up_fused rep=3 position=2 arm=rfull inner=269 gpu_seconds=0.198469083 wall_seconds=0.198677583 seconds_per_dispatch=0.000737803284 gbps=120.803149
LEG na=6 shape=mlp.gate_up_fused rep=3 position=3 arm=shift inner=269 gpu_seconds=0.197852000 wall_seconds=0.198060708 seconds_per_dispatch=0.000735509294 gbps=121.179924
LEG na=6 shape=mlp.gate_up_fused rep=3 position=4 arm=xvec inner=269 gpu_seconds=0.198742625 wall_seconds=0.198973458 seconds_per_dispatch=0.000738820167 gbps=120.636880
LEG na=6 shape=mlp.gate_up_fused rep=3 position=5 arm=tailfullxvec inner=269 gpu_seconds=0.198882125 wall_seconds=0.199117292 seconds_per_dispatch=0.000739338755 gbps=120.552263
LEG na=6 shape=mlp.gate_up_fused rep=3 position=6 arm=tailfullxvec inner=269 gpu_seconds=0.199053583 wall_seconds=0.199286333 seconds_per_dispatch=0.000739976147 gbps=120.448423
LEG na=6 shape=mlp.gate_up_fused rep=3 position=7 arm=xvec inner=269 gpu_seconds=0.198732750 wall_seconds=0.198971750 seconds_per_dispatch=0.000738783457 gbps=120.642875
LEG na=6 shape=mlp.gate_up_fused rep=3 position=8 arm=shift inner=269 gpu_seconds=0.198026458 wall_seconds=0.198270292 seconds_per_dispatch=0.000736157838 gbps=121.073166
LEG na=6 shape=mlp.gate_up_fused rep=3 position=9 arm=rfull inner=269 gpu_seconds=0.198570500 wall_seconds=0.198807917 seconds_per_dispatch=0.000738180298 gbps=120.741451
LEG na=6 shape=mlp.gate_up_fused rep=3 position=10 arm=tailfull inner=269 gpu_seconds=0.198830292 wall_seconds=0.199080583 seconds_per_dispatch=0.000739146066 gbps=120.583690
LEG na=6 shape=mlp.gate_up_fused rep=3 position=11 arm=plain inner=269 gpu_seconds=0.198881833 wall_seconds=0.199142833 seconds_per_dispatch=0.000739337670 gbps=120.552440
LEG na=6 shape=mlp.gate_up_fused rep=4 position=0 arm=plain inner=269 gpu_seconds=0.199025000 wall_seconds=0.199290833 seconds_per_dispatch=0.000739869888 gbps=120.465722
LEG na=6 shape=mlp.gate_up_fused rep=4 position=1 arm=tailfull inner=269 gpu_seconds=0.198898250 wall_seconds=0.199129625 seconds_per_dispatch=0.000739398699 gbps=120.542490
LEG na=6 shape=mlp.gate_up_fused rep=4 position=2 arm=rfull inner=269 gpu_seconds=0.198464375 wall_seconds=0.198702125 seconds_per_dispatch=0.000737785781 gbps=120.806015
LEG na=6 shape=mlp.gate_up_fused rep=4 position=3 arm=shift inner=269 gpu_seconds=0.198707125 wall_seconds=0.198980458 seconds_per_dispatch=0.000738688197 gbps=120.658433
LEG na=6 shape=mlp.gate_up_fused rep=4 position=4 arm=xvec inner=269 gpu_seconds=0.197981500 wall_seconds=0.198218708 seconds_per_dispatch=0.000735990707 gbps=121.100660
LEG na=6 shape=mlp.gate_up_fused rep=4 position=5 arm=tailfullxvec inner=269 gpu_seconds=0.199140625 wall_seconds=0.199388625 seconds_per_dispatch=0.000740299721 gbps=120.395777
LEG na=6 shape=mlp.gate_up_fused rep=4 position=6 arm=tailfullxvec inner=269 gpu_seconds=0.198905208 wall_seconds=0.199162250 seconds_per_dispatch=0.000739424566 gbps=120.538273
LEG na=6 shape=mlp.gate_up_fused rep=4 position=7 arm=xvec inner=269 gpu_seconds=0.198839167 wall_seconds=0.199081417 seconds_per_dispatch=0.000739179058 gbps=120.578308
LEG na=6 shape=mlp.gate_up_fused rep=4 position=8 arm=shift inner=269 gpu_seconds=0.198723000 wall_seconds=0.198952917 seconds_per_dispatch=0.000738747212 gbps=120.648794
LEG na=6 shape=mlp.gate_up_fused rep=4 position=9 arm=rfull inner=269 gpu_seconds=0.198015167 wall_seconds=0.198238708 seconds_per_dispatch=0.000736115861 gbps=121.080070
LEG na=6 shape=mlp.gate_up_fused rep=4 position=10 arm=tailfull inner=269 gpu_seconds=0.199191583 wall_seconds=0.199423167 seconds_per_dispatch=0.000740489157 gbps=120.364976
LEG na=6 shape=mlp.gate_up_fused rep=4 position=11 arm=plain inner=269 gpu_seconds=0.198994500 wall_seconds=0.199217583 seconds_per_dispatch=0.000739756505 gbps=120.484186
LEG na=6 shape=mlp.gate_up_fused rep=5 position=0 arm=plain inner=269 gpu_seconds=0.199105250 wall_seconds=0.199348167 seconds_per_dispatch=0.000740168215 gbps=120.417168
LEG na=6 shape=mlp.gate_up_fused rep=5 position=1 arm=tailfull inner=269 gpu_seconds=0.199378458 wall_seconds=0.199609542 seconds_per_dispatch=0.000741183860 gbps=120.252160
LEG na=6 shape=mlp.gate_up_fused rep=5 position=2 arm=rfull inner=269 gpu_seconds=0.198201458 wall_seconds=0.198440625 seconds_per_dispatch=0.000736808396 gbps=120.966265
LEG na=6 shape=mlp.gate_up_fused rep=5 position=3 arm=shift inner=269 gpu_seconds=0.198544125 wall_seconds=0.198796792 seconds_per_dispatch=0.000738082249 gbps=120.757490
LEG na=6 shape=mlp.gate_up_fused rep=5 position=4 arm=xvec inner=269 gpu_seconds=0.198712250 wall_seconds=0.198914917 seconds_per_dispatch=0.000738707249 gbps=120.655321
LEG na=6 shape=mlp.gate_up_fused rep=5 position=5 arm=tailfullxvec inner=269 gpu_seconds=0.198321500 wall_seconds=0.198539375 seconds_per_dispatch=0.000737254646 gbps=120.893046
LEG na=6 shape=mlp.gate_up_fused rep=5 position=6 arm=tailfullxvec inner=269 gpu_seconds=0.199227417 wall_seconds=0.199459250 seconds_per_dispatch=0.000740622367 gbps=120.343327
LEG na=6 shape=mlp.gate_up_fused rep=5 position=7 arm=xvec inner=269 gpu_seconds=0.198462958 wall_seconds=0.198691625 seconds_per_dispatch=0.000737780515 gbps=120.806877
LEG na=6 shape=mlp.gate_up_fused rep=5 position=8 arm=shift inner=269 gpu_seconds=0.198566458 wall_seconds=0.198823750 seconds_per_dispatch=0.000738165273 gbps=120.743908
LEG na=6 shape=mlp.gate_up_fused rep=5 position=9 arm=rfull inner=269 gpu_seconds=0.198645625 wall_seconds=0.198889125 seconds_per_dispatch=0.000738459573 gbps=120.695788
LEG na=6 shape=mlp.gate_up_fused rep=5 position=10 arm=tailfull inner=269 gpu_seconds=0.198699000 wall_seconds=0.198940958 seconds_per_dispatch=0.000738657992 gbps=120.663367
LEG na=6 shape=mlp.gate_up_fused rep=5 position=11 arm=plain inner=269 gpu_seconds=0.199027167 wall_seconds=0.199277583 seconds_per_dispatch=0.000739877943 gbps=120.464410
LEG na=6 shape=mlp.gate_up_fused rep=6 position=0 arm=plain inner=269 gpu_seconds=0.198420708 wall_seconds=0.198684833 seconds_per_dispatch=0.000737623451 gbps=120.832601
LEG na=6 shape=mlp.gate_up_fused rep=6 position=1 arm=tailfull inner=269 gpu_seconds=0.198968625 wall_seconds=0.199225958 seconds_per_dispatch=0.000739660316 gbps=120.499854
LEG na=6 shape=mlp.gate_up_fused rep=6 position=2 arm=rfull inner=269 gpu_seconds=0.198028417 wall_seconds=0.198258875 seconds_per_dispatch=0.000736165118 gbps=121.071968
LEG na=6 shape=mlp.gate_up_fused rep=6 position=3 arm=shift inner=269 gpu_seconds=0.197860375 wall_seconds=0.198095750 seconds_per_dispatch=0.000735540427 gbps=121.174794
LEG na=6 shape=mlp.gate_up_fused rep=6 position=4 arm=xvec inner=269 gpu_seconds=0.197992375 wall_seconds=0.198236125 seconds_per_dispatch=0.000736031133 gbps=121.094008
LEG na=6 shape=mlp.gate_up_fused rep=6 position=5 arm=tailfullxvec inner=269 gpu_seconds=0.198474625 wall_seconds=0.198716958 seconds_per_dispatch=0.000737823884 gbps=120.799776
LEG na=6 shape=mlp.gate_up_fused rep=6 position=6 arm=tailfullxvec inner=269 gpu_seconds=0.198278292 wall_seconds=0.198527750 seconds_per_dispatch=0.000737094021 gbps=120.919391
LEG na=6 shape=mlp.gate_up_fused rep=6 position=7 arm=xvec inner=269 gpu_seconds=0.198213417 wall_seconds=0.198486083 seconds_per_dispatch=0.000736852850 gbps=120.958968
LEG na=6 shape=mlp.gate_up_fused rep=6 position=8 arm=shift inner=269 gpu_seconds=0.198304333 wall_seconds=0.198527750 seconds_per_dispatch=0.000737190830 gbps=120.903512
LEG na=6 shape=mlp.gate_up_fused rep=6 position=9 arm=rfull inner=269 gpu_seconds=0.198392833 wall_seconds=0.198641417 seconds_per_dispatch=0.000737519827 gbps=120.849578
LEG na=6 shape=mlp.gate_up_fused rep=6 position=10 arm=tailfull inner=269 gpu_seconds=0.199227250 wall_seconds=0.199457917 seconds_per_dispatch=0.000740621747 gbps=120.343428
LEG na=6 shape=mlp.gate_up_fused rep=6 position=11 arm=plain inner=269 gpu_seconds=0.198516167 wall_seconds=0.198747583 seconds_per_dispatch=0.000737978315 gbps=120.774497
LEG na=6 shape=mlp.gate_up_fused rep=7 position=0 arm=plain inner=269 gpu_seconds=0.198900084 wall_seconds=0.199128833 seconds_per_dispatch=0.000739405515 gbps=120.541378
LEG na=6 shape=mlp.gate_up_fused rep=7 position=1 arm=tailfull inner=269 gpu_seconds=0.198741750 wall_seconds=0.198969542 seconds_per_dispatch=0.000738816914 gbps=120.637411
LEG na=6 shape=mlp.gate_up_fused rep=7 position=2 arm=rfull inner=269 gpu_seconds=0.198430375 wall_seconds=0.198675417 seconds_per_dispatch=0.000737659386 gbps=120.826714
LEG na=6 shape=mlp.gate_up_fused rep=7 position=3 arm=shift inner=269 gpu_seconds=0.198623000 wall_seconds=0.198841000 seconds_per_dispatch=0.000738375464 gbps=120.709536
LEG na=6 shape=mlp.gate_up_fused rep=7 position=4 arm=xvec inner=269 gpu_seconds=0.198305500 wall_seconds=0.198537917 seconds_per_dispatch=0.000737195167 gbps=120.902800
LEG na=6 shape=mlp.gate_up_fused rep=7 position=5 arm=tailfullxvec inner=269 gpu_seconds=0.198958250 wall_seconds=0.199192625 seconds_per_dispatch=0.000739621747 gbps=120.506138
LEG na=6 shape=mlp.gate_up_fused rep=7 position=6 arm=tailfullxvec inner=269 gpu_seconds=0.199159417 wall_seconds=0.199379500 seconds_per_dispatch=0.000740369578 gbps=120.384417
LEG na=6 shape=mlp.gate_up_fused rep=7 position=7 arm=xvec inner=269 gpu_seconds=0.198120625 wall_seconds=0.198341042 seconds_per_dispatch=0.000736507900 gbps=121.015620
LEG na=6 shape=mlp.gate_up_fused rep=7 position=8 arm=shift inner=269 gpu_seconds=0.198492375 wall_seconds=0.198716125 seconds_per_dispatch=0.000737889870 gbps=120.788974
LEG na=6 shape=mlp.gate_up_fused rep=7 position=9 arm=rfull inner=269 gpu_seconds=0.198289750 wall_seconds=0.198534250 seconds_per_dispatch=0.000737136618 gbps=120.912403
LEG na=6 shape=mlp.gate_up_fused rep=7 position=10 arm=tailfull inner=269 gpu_seconds=0.199217625 wall_seconds=0.199450708 seconds_per_dispatch=0.000740585966 gbps=120.349242
LEG na=6 shape=mlp.gate_up_fused rep=7 position=11 arm=plain inner=269 gpu_seconds=0.199028250 wall_seconds=0.199266042 seconds_per_dispatch=0.000739881970 gbps=120.463755
LEG na=6 shape=mlp.gate_up_fused rep=8 position=0 arm=plain inner=269 gpu_seconds=0.198576250 wall_seconds=0.198811958 seconds_per_dispatch=0.000738201672 gbps=120.737955
LEG na=6 shape=mlp.gate_up_fused rep=8 position=1 arm=tailfull inner=269 gpu_seconds=0.199199833 wall_seconds=0.199501583 seconds_per_dispatch=0.000740519827 gbps=120.359991
LEG na=6 shape=mlp.gate_up_fused rep=8 position=2 arm=rfull inner=269 gpu_seconds=0.198525375 wall_seconds=0.198771333 seconds_per_dispatch=0.000738012546 gbps=120.768895
LEG na=6 shape=mlp.gate_up_fused rep=8 position=3 arm=shift inner=269 gpu_seconds=0.198486792 wall_seconds=0.198723792 seconds_per_dispatch=0.000737869114 gbps=120.792371
LEG na=6 shape=mlp.gate_up_fused rep=8 position=4 arm=xvec inner=269 gpu_seconds=0.198745250 wall_seconds=0.198989500 seconds_per_dispatch=0.000738829926 gbps=120.635287
LEG na=6 shape=mlp.gate_up_fused rep=8 position=5 arm=tailfullxvec inner=269 gpu_seconds=0.198773750 wall_seconds=0.199016417 seconds_per_dispatch=0.000738935874 gbps=120.617990
LEG na=6 shape=mlp.gate_up_fused rep=8 position=6 arm=tailfullxvec inner=269 gpu_seconds=0.198439125 wall_seconds=0.198681000 seconds_per_dispatch=0.000737691914 gbps=120.821387
LEG na=6 shape=mlp.gate_up_fused rep=8 position=7 arm=xvec inner=269 gpu_seconds=0.198701125 wall_seconds=0.198936833 seconds_per_dispatch=0.000738665892 gbps=120.662076
LEG na=6 shape=mlp.gate_up_fused rep=8 position=8 arm=shift inner=269 gpu_seconds=0.197877042 wall_seconds=0.198124000 seconds_per_dispatch=0.000735602386 gbps=121.164588
LEG na=6 shape=mlp.gate_up_fused rep=8 position=9 arm=rfull inner=269 gpu_seconds=0.198591625 wall_seconds=0.198843208 seconds_per_dispatch=0.000738258829 gbps=120.728607
LEG na=6 shape=mlp.gate_up_fused rep=8 position=10 arm=tailfull inner=269 gpu_seconds=0.199113375 wall_seconds=0.199352958 seconds_per_dispatch=0.000740198420 gbps=120.412254
LEG na=6 shape=mlp.gate_up_fused rep=8 position=11 arm=plain inner=269 gpu_seconds=0.199048750 wall_seconds=0.199303208 seconds_per_dispatch=0.000739958178 gbps=120.451348
LEG na=6 shape=mlp.gate_up_fused rep=9 position=0 arm=plain inner=269 gpu_seconds=0.199075000 wall_seconds=0.199322083 seconds_per_dispatch=0.000740055763 gbps=120.435465
LEG na=6 shape=mlp.gate_up_fused rep=9 position=1 arm=tailfull inner=269 gpu_seconds=0.198735000 wall_seconds=0.198972625 seconds_per_dispatch=0.000738791822 gbps=120.641509
LEG na=6 shape=mlp.gate_up_fused rep=9 position=2 arm=rfull inner=269 gpu_seconds=0.198524208 wall_seconds=0.198760292 seconds_per_dispatch=0.000738008209 gbps=120.769605
LEG na=6 shape=mlp.gate_up_fused rep=9 position=3 arm=shift inner=269 gpu_seconds=0.198619667 wall_seconds=0.198848375 seconds_per_dispatch=0.000738363073 gbps=120.711562
LEG na=6 shape=mlp.gate_up_fused rep=9 position=4 arm=xvec inner=269 gpu_seconds=0.198775167 wall_seconds=0.199010583 seconds_per_dispatch=0.000738941140 gbps=120.617131
LEG na=6 shape=mlp.gate_up_fused rep=9 position=5 arm=tailfullxvec inner=269 gpu_seconds=0.199097167 wall_seconds=0.199335458 seconds_per_dispatch=0.000740138166 gbps=120.422056
LEG na=6 shape=mlp.gate_up_fused rep=9 position=6 arm=tailfullxvec inner=269 gpu_seconds=0.198752083 wall_seconds=0.198995250 seconds_per_dispatch=0.000738855328 gbps=120.631139
LEG na=6 shape=mlp.gate_up_fused rep=9 position=7 arm=xvec inner=269 gpu_seconds=0.198738500 wall_seconds=0.198982708 seconds_per_dispatch=0.000738804833 gbps=120.639384
LEG na=6 shape=mlp.gate_up_fused rep=9 position=8 arm=shift inner=269 gpu_seconds=0.198713000 wall_seconds=0.198942500 seconds_per_dispatch=0.000738710038 gbps=120.654865
LEG na=6 shape=mlp.gate_up_fused rep=9 position=9 arm=rfull inner=269 gpu_seconds=0.197941500 wall_seconds=0.198191042 seconds_per_dispatch=0.000735842007 gbps=121.125132
LEG na=6 shape=mlp.gate_up_fused rep=9 position=10 arm=tailfull inner=269 gpu_seconds=0.199176750 wall_seconds=0.199422292 seconds_per_dispatch=0.000740434015 gbps=120.373940
LEG na=6 shape=mlp.gate_up_fused rep=9 position=11 arm=plain inner=269 gpu_seconds=0.198878625 wall_seconds=0.199129333 seconds_per_dispatch=0.000739325744 gbps=120.554384
LEG na=6 shape=mlp.gate_up_fused rep=10 position=0 arm=plain inner=269 gpu_seconds=0.198963000 wall_seconds=0.199223542 seconds_per_dispatch=0.000739639405 gbps=120.503261
LEG na=6 shape=mlp.gate_up_fused rep=10 position=1 arm=tailfull inner=269 gpu_seconds=0.199275417 wall_seconds=0.199506458 seconds_per_dispatch=0.000740800805 gbps=120.314340
LEG na=6 shape=mlp.gate_up_fused rep=10 position=2 arm=rfull inner=269 gpu_seconds=0.198071458 wall_seconds=0.198309208 seconds_per_dispatch=0.000736325124 gbps=121.045659
LEG na=6 shape=mlp.gate_up_fused rep=10 position=3 arm=shift inner=269 gpu_seconds=0.198542125 wall_seconds=0.198791208 seconds_per_dispatch=0.000738074813 gbps=120.758707
LEG na=6 shape=mlp.gate_up_fused rep=10 position=4 arm=xvec inner=269 gpu_seconds=0.198704750 wall_seconds=0.198951083 seconds_per_dispatch=0.000738679368 gbps=120.659875
LEG na=6 shape=mlp.gate_up_fused rep=10 position=5 arm=tailfullxvec inner=269 gpu_seconds=0.199036250 wall_seconds=0.199284417 seconds_per_dispatch=0.000739911710 gbps=120.458913
LEG na=6 shape=mlp.gate_up_fused rep=10 position=6 arm=tailfullxvec inner=269 gpu_seconds=0.199101375 wall_seconds=0.199319625 seconds_per_dispatch=0.000740153810 gbps=120.419511
LEG na=6 shape=mlp.gate_up_fused rep=10 position=7 arm=xvec inner=269 gpu_seconds=0.198372167 wall_seconds=0.198587708 seconds_per_dispatch=0.000737442999 gbps=120.862169
LEG na=6 shape=mlp.gate_up_fused rep=10 position=8 arm=shift inner=269 gpu_seconds=0.198557208 wall_seconds=0.198792458 seconds_per_dispatch=0.000738130886 gbps=120.749533
LEG na=6 shape=mlp.gate_up_fused rep=10 position=9 arm=rfull inner=269 gpu_seconds=0.198446042 wall_seconds=0.198669167 seconds_per_dispatch=0.000737717627 gbps=120.817175
LEG na=6 shape=mlp.gate_up_fused rep=10 position=10 arm=tailfull inner=269 gpu_seconds=0.198653208 wall_seconds=0.198873500 seconds_per_dispatch=0.000738487763 gbps=120.691181
LEG na=6 shape=mlp.gate_up_fused rep=10 position=11 arm=plain inner=269 gpu_seconds=0.199056958 wall_seconds=0.199292542 seconds_per_dispatch=0.000739988693 gbps=120.446381
LEG na=6 shape=mlp.gate_up_fused rep=11 position=0 arm=plain inner=269 gpu_seconds=0.198904750 wall_seconds=0.199143375 seconds_per_dispatch=0.000739422862 gbps=120.538550
LEG na=6 shape=mlp.gate_up_fused rep=11 position=1 arm=tailfull inner=269 gpu_seconds=0.198659750 wall_seconds=0.198904000 seconds_per_dispatch=0.000738512082 gbps=120.687206
LEG na=6 shape=mlp.gate_up_fused rep=11 position=2 arm=rfull inner=269 gpu_seconds=0.198557000 wall_seconds=0.198789917 seconds_per_dispatch=0.000738130111 gbps=120.749660
LEG na=6 shape=mlp.gate_up_fused rep=11 position=3 arm=shift inner=269 gpu_seconds=0.198218667 wall_seconds=0.198440792 seconds_per_dispatch=0.000736872367 gbps=120.955764
LEG na=6 shape=mlp.gate_up_fused rep=11 position=4 arm=xvec inner=269 gpu_seconds=0.198745042 wall_seconds=0.198965125 seconds_per_dispatch=0.000738829152 gbps=120.635413
LEG na=6 shape=mlp.gate_up_fused rep=11 position=5 arm=tailfullxvec inner=269 gpu_seconds=0.199123542 wall_seconds=0.199346750 seconds_per_dispatch=0.000740236214 gbps=120.406106
LEG na=6 shape=mlp.gate_up_fused rep=11 position=6 arm=tailfullxvec inner=269 gpu_seconds=0.198811500 wall_seconds=0.199056625 seconds_per_dispatch=0.000739076209 gbps=120.595087
LEG na=6 shape=mlp.gate_up_fused rep=11 position=7 arm=xvec inner=269 gpu_seconds=0.198701584 wall_seconds=0.198914250 seconds_per_dispatch=0.000738667597 gbps=120.661798
LEG na=6 shape=mlp.gate_up_fused rep=11 position=8 arm=shift inner=269 gpu_seconds=0.198325083 wall_seconds=0.198558958 seconds_per_dispatch=0.000737267968 gbps=120.890862
LEG na=6 shape=mlp.gate_up_fused rep=11 position=9 arm=rfull inner=269 gpu_seconds=0.198222125 wall_seconds=0.198451750 seconds_per_dispatch=0.000736885224 gbps=120.953653
LEG na=6 shape=mlp.gate_up_fused rep=11 position=10 arm=tailfull inner=269 gpu_seconds=0.199214250 wall_seconds=0.199444708 seconds_per_dispatch=0.000740573420 gbps=120.351281
LEG na=6 shape=mlp.gate_up_fused rep=11 position=11 arm=plain inner=269 gpu_seconds=0.198322500 wall_seconds=0.198545958 seconds_per_dispatch=0.000737258364 gbps=120.892437
LEG na=6 shape=mlp.gate_up_fused rep=12 position=0 arm=plain inner=269 gpu_seconds=0.198413250 wall_seconds=0.198659750 seconds_per_dispatch=0.000737595725 gbps=120.837143
LEG na=6 shape=mlp.gate_up_fused rep=12 position=1 arm=tailfull inner=269 gpu_seconds=0.199054958 wall_seconds=0.199275958 seconds_per_dispatch=0.000739981258 gbps=120.447591
LEG na=6 shape=mlp.gate_up_fused rep=12 position=2 arm=rfull inner=269 gpu_seconds=0.198433125 wall_seconds=0.198660833 seconds_per_dispatch=0.000737669609 gbps=120.825040
LEG na=6 shape=mlp.gate_up_fused rep=12 position=3 arm=shift inner=269 gpu_seconds=0.198335875 wall_seconds=0.198545625 seconds_per_dispatch=0.000737308085 gbps=120.884284
LEG na=6 shape=mlp.gate_up_fused rep=12 position=4 arm=xvec inner=269 gpu_seconds=0.198314167 wall_seconds=0.198559125 seconds_per_dispatch=0.000737227385 gbps=120.897517
LEG na=6 shape=mlp.gate_up_fused rep=12 position=5 arm=tailfullxvec inner=269 gpu_seconds=0.198950125 wall_seconds=0.199194875 seconds_per_dispatch=0.000739591542 gbps=120.511059
LEG na=6 shape=mlp.gate_up_fused rep=12 position=6 arm=tailfullxvec inner=269 gpu_seconds=0.199229250 wall_seconds=0.199455875 seconds_per_dispatch=0.000740629182 gbps=120.342220
LEG na=6 shape=mlp.gate_up_fused rep=12 position=7 arm=xvec inner=269 gpu_seconds=0.198761458 wall_seconds=0.199004417 seconds_per_dispatch=0.000738890179 gbps=120.625449
LEG na=6 shape=mlp.gate_up_fused rep=12 position=8 arm=shift inner=269 gpu_seconds=0.198661125 wall_seconds=0.198908917 seconds_per_dispatch=0.000738517193 gbps=120.686371
LEG na=6 shape=mlp.gate_up_fused rep=12 position=9 arm=rfull inner=269 gpu_seconds=0.198135625 wall_seconds=0.198357625 seconds_per_dispatch=0.000736563661 gbps=121.006458
LEG na=6 shape=mlp.gate_up_fused rep=12 position=10 arm=tailfull inner=269 gpu_seconds=0.199264792 wall_seconds=0.199503167 seconds_per_dispatch=0.000740761307 gbps=120.320755
LEG na=6 shape=mlp.gate_up_fused rep=12 position=11 arm=plain inner=269 gpu_seconds=0.199135500 wall_seconds=0.199376542 seconds_per_dispatch=0.000740280669 gbps=120.398875
LEG na=6 shape=mlp.gate_up_fused rep=13 position=0 arm=plain inner=269 gpu_seconds=0.198349375 wall_seconds=0.198585292 seconds_per_dispatch=0.000737358272 gbps=120.876056
LEG na=6 shape=mlp.gate_up_fused rep=13 position=1 arm=tailfull inner=269 gpu_seconds=0.199236833 wall_seconds=0.199445125 seconds_per_dispatch=0.000740657373 gbps=120.337640
LEG na=6 shape=mlp.gate_up_fused rep=13 position=2 arm=rfull inner=269 gpu_seconds=0.197967875 wall_seconds=0.198192042 seconds_per_dispatch=0.000735940055 gbps=121.108994
LEG na=6 shape=mlp.gate_up_fused rep=13 position=3 arm=shift inner=269 gpu_seconds=0.198519750 wall_seconds=0.198761792 seconds_per_dispatch=0.000737991635 gbps=120.772317
LEG na=6 shape=mlp.gate_up_fused rep=13 position=4 arm=xvec inner=269 gpu_seconds=0.198799875 wall_seconds=0.199028500 seconds_per_dispatch=0.000739032993 gbps=120.602139
LEG na=6 shape=mlp.gate_up_fused rep=13 position=5 arm=tailfullxvec inner=269 gpu_seconds=0.198600583 wall_seconds=0.198842625 seconds_per_dispatch=0.000738292131 gbps=120.723161
LEG na=6 shape=mlp.gate_up_fused rep=13 position=6 arm=tailfullxvec inner=269 gpu_seconds=0.199155417 wall_seconds=0.199403250 seconds_per_dispatch=0.000740354709 gbps=120.386835
LEG na=6 shape=mlp.gate_up_fused rep=13 position=7 arm=xvec inner=269 gpu_seconds=0.198642583 wall_seconds=0.198887500 seconds_per_dispatch=0.000738448265 gbps=120.697636
LEG na=6 shape=mlp.gate_up_fused rep=13 position=8 arm=shift inner=269 gpu_seconds=0.198512125 wall_seconds=0.198759083 seconds_per_dispatch=0.000737963289 gbps=120.776956
LEG na=6 shape=mlp.gate_up_fused rep=13 position=9 arm=rfull inner=269 gpu_seconds=0.198641125 wall_seconds=0.198866208 seconds_per_dispatch=0.000738442844 gbps=120.698522
LEG na=6 shape=mlp.gate_up_fused rep=13 position=10 arm=tailfull inner=269 gpu_seconds=0.198525667 wall_seconds=0.198747208 seconds_per_dispatch=0.000738013631 gbps=120.768718
LEG na=6 shape=mlp.gate_up_fused rep=13 position=11 arm=plain inner=269 gpu_seconds=0.198344750 wall_seconds=0.198610333 seconds_per_dispatch=0.000737341078 gbps=120.878875
LEG na=6 shape=mlp.gate_up_fused rep=14 position=0 arm=plain inner=269 gpu_seconds=0.198921458 wall_seconds=0.199200292 seconds_per_dispatch=0.000739484975 gbps=120.528426
LEG na=6 shape=mlp.gate_up_fused rep=14 position=1 arm=tailfull inner=269 gpu_seconds=0.198520750 wall_seconds=0.198765375 seconds_per_dispatch=0.000737995353 gbps=120.771709
LEG na=6 shape=mlp.gate_up_fused rep=14 position=2 arm=rfull inner=269 gpu_seconds=0.198143125 wall_seconds=0.198384875 seconds_per_dispatch=0.000736591542 gbps=121.001878
LEG na=6 shape=mlp.gate_up_fused rep=14 position=3 arm=shift inner=269 gpu_seconds=0.198006000 wall_seconds=0.198271208 seconds_per_dispatch=0.000736081784 gbps=121.085675
LEG na=6 shape=mlp.gate_up_fused rep=14 position=4 arm=xvec inner=269 gpu_seconds=0.198684875 wall_seconds=0.198944125 seconds_per_dispatch=0.000738605483 gbps=120.671945
LEG na=6 shape=mlp.gate_up_fused rep=14 position=5 arm=tailfullxvec inner=269 gpu_seconds=0.199114500 wall_seconds=0.199337125 seconds_per_dispatch=0.000740202603 gbps=120.411573
LEG na=6 shape=mlp.gate_up_fused rep=14 position=6 arm=tailfullxvec inner=269 gpu_seconds=0.198581292 wall_seconds=0.198810417 seconds_per_dispatch=0.000738220416 gbps=120.734889
LEG na=6 shape=mlp.gate_up_fused rep=14 position=7 arm=xvec inner=269 gpu_seconds=0.198757083 wall_seconds=0.199052167 seconds_per_dispatch=0.000738873916 gbps=120.628105
LEG na=6 shape=mlp.gate_up_fused rep=14 position=8 arm=shift inner=269 gpu_seconds=0.198638417 wall_seconds=0.198899500 seconds_per_dispatch=0.000738432775 gbps=120.700168
LEG na=6 shape=mlp.gate_up_fused rep=14 position=9 arm=rfull inner=269 gpu_seconds=0.198340000 wall_seconds=0.198600417 seconds_per_dispatch=0.000737323420 gbps=120.881770
LEG na=6 shape=mlp.gate_up_fused rep=14 position=10 arm=tailfull inner=269 gpu_seconds=0.199267917 wall_seconds=0.199487333 seconds_per_dispatch=0.000740772924 gbps=120.318868
LEG na=6 shape=mlp.gate_up_fused rep=14 position=11 arm=plain inner=269 gpu_seconds=0.198233250 wall_seconds=0.198574208 seconds_per_dispatch=0.000736926580 gbps=120.946866
LEG na=6 shape=mlp.gate_up_fused rep=15 position=0 arm=plain inner=269 gpu_seconds=0.198253750 wall_seconds=0.198523792 seconds_per_dispatch=0.000737002788 gbps=120.934359
LEG na=6 shape=mlp.gate_up_fused rep=15 position=1 arm=tailfull inner=269 gpu_seconds=0.198542333 wall_seconds=0.198778167 seconds_per_dispatch=0.000738075588 gbps=120.758580
LEG na=6 shape=mlp.gate_up_fused rep=15 position=2 arm=rfull inner=269 gpu_seconds=0.197779875 wall_seconds=0.198035375 seconds_per_dispatch=0.000735241171 gbps=121.224115
LEG na=6 shape=mlp.gate_up_fused rep=15 position=3 arm=shift inner=269 gpu_seconds=0.197870833 wall_seconds=0.198116042 seconds_per_dispatch=0.000735579306 gbps=121.168390
LEG na=6 shape=mlp.gate_up_fused rep=15 position=4 arm=xvec inner=269 gpu_seconds=0.198318875 wall_seconds=0.198557375 seconds_per_dispatch=0.000737244889 gbps=120.894646
LEG na=6 shape=mlp.gate_up_fused rep=15 position=5 arm=tailfullxvec inner=269 gpu_seconds=0.199058042 wall_seconds=0.199293500 seconds_per_dispatch=0.000739992720 gbps=120.445725
LEG na=6 shape=mlp.gate_up_fused rep=15 position=6 arm=tailfullxvec inner=269 gpu_seconds=0.199017708 wall_seconds=0.199232083 seconds_per_dispatch=0.000739842782 gbps=120.470135
LEG na=6 shape=mlp.gate_up_fused rep=15 position=7 arm=xvec inner=269 gpu_seconds=0.198343375 wall_seconds=0.198592583 seconds_per_dispatch=0.000737335967 gbps=120.879713
LEG na=6 shape=mlp.gate_up_fused rep=15 position=8 arm=shift inner=269 gpu_seconds=0.198130250 wall_seconds=0.198354208 seconds_per_dispatch=0.000736543681 gbps=121.009741
LEG na=6 shape=mlp.gate_up_fused rep=15 position=9 arm=rfull inner=269 gpu_seconds=0.198511792 wall_seconds=0.198715708 seconds_per_dispatch=0.000737962051 gbps=120.777159
LEG na=6 shape=mlp.gate_up_fused rep=15 position=10 arm=tailfull inner=269 gpu_seconds=0.198781917 wall_seconds=0.199012167 seconds_per_dispatch=0.000738966233 gbps=120.613035
LEG na=6 shape=mlp.gate_up_fused rep=15 position=11 arm=plain inner=269 gpu_seconds=0.199130875 wall_seconds=0.199355625 seconds_per_dispatch=0.000740263476 gbps=120.401672
LEG na=6 shape=mlp.gate_up_fused rep=16 position=0 arm=plain inner=269 gpu_seconds=0.198802292 wall_seconds=0.199022833 seconds_per_dispatch=0.000739041976 gbps=120.600673
LEG na=6 shape=mlp.gate_up_fused rep=16 position=1 arm=tailfull inner=269 gpu_seconds=0.199267375 wall_seconds=0.199498417 seconds_per_dispatch=0.000740770911 gbps=120.319195
LEG na=6 shape=mlp.gate_up_fused rep=16 position=2 arm=rfull inner=269 gpu_seconds=0.198449208 wall_seconds=0.198675125 seconds_per_dispatch=0.000737729399 gbps=120.815248
LEG na=6 shape=mlp.gate_up_fused rep=16 position=3 arm=shift inner=269 gpu_seconds=0.198120208 wall_seconds=0.198345083 seconds_per_dispatch=0.000736506351 gbps=121.015874
LEG na=6 shape=mlp.gate_up_fused rep=16 position=4 arm=xvec inner=269 gpu_seconds=0.198713125 wall_seconds=0.198949292 seconds_per_dispatch=0.000738710502 gbps=120.654789
LEG na=6 shape=mlp.gate_up_fused rep=16 position=5 arm=tailfullxvec inner=269 gpu_seconds=0.198989500 wall_seconds=0.199213667 seconds_per_dispatch=0.000739737918 gbps=120.487213
LEG na=6 shape=mlp.gate_up_fused rep=16 position=6 arm=tailfullxvec inner=269 gpu_seconds=0.198946125 wall_seconds=0.199183583 seconds_per_dispatch=0.000739576673 gbps=120.513482
LEG na=6 shape=mlp.gate_up_fused rep=16 position=7 arm=xvec inner=269 gpu_seconds=0.198647708 wall_seconds=0.198861000 seconds_per_dispatch=0.000738467317 gbps=120.694522
LEG na=6 shape=mlp.gate_up_fused rep=16 position=8 arm=shift inner=269 gpu_seconds=0.198279500 wall_seconds=0.198514250 seconds_per_dispatch=0.000737098513 gbps=120.918654
LEG na=6 shape=mlp.gate_up_fused rep=16 position=9 arm=rfull inner=269 gpu_seconds=0.198638375 wall_seconds=0.198885708 seconds_per_dispatch=0.000738432621 gbps=120.700193
LEG na=6 shape=mlp.gate_up_fused rep=16 position=10 arm=tailfull inner=269 gpu_seconds=0.199282250 wall_seconds=0.199520417 seconds_per_dispatch=0.000740826208 gbps=120.310215
LEG na=6 shape=mlp.gate_up_fused rep=16 position=11 arm=plain inner=269 gpu_seconds=0.198253750 wall_seconds=0.198494667 seconds_per_dispatch=0.000737002788 gbps=120.934359
LEG na=6 shape=mlp.gate_up_fused rep=17 position=0 arm=plain inner=269 gpu_seconds=0.198942542 wall_seconds=0.199208167 seconds_per_dispatch=0.000739563352 gbps=120.515653
LEG na=6 shape=mlp.gate_up_fused rep=17 position=1 arm=tailfull inner=269 gpu_seconds=0.198960750 wall_seconds=0.199199542 seconds_per_dispatch=0.000739631041 gbps=120.504623
LEG na=6 shape=mlp.gate_up_fused rep=17 position=2 arm=rfull inner=269 gpu_seconds=0.198607875 wall_seconds=0.198926917 seconds_per_dispatch=0.000738319238 gbps=120.718729
LEG na=6 shape=mlp.gate_up_fused rep=17 position=3 arm=shift inner=269 gpu_seconds=0.198725542 wall_seconds=0.198934958 seconds_per_dispatch=0.000738756661 gbps=120.647251
LEG na=6 shape=mlp.gate_up_fused rep=17 position=4 arm=xvec inner=269 gpu_seconds=0.198120000 wall_seconds=0.198359958 seconds_per_dispatch=0.000736505576 gbps=121.016002
LEG na=6 shape=mlp.gate_up_fused rep=17 position=5 arm=tailfullxvec inner=269 gpu_seconds=0.199057375 wall_seconds=0.199323083 seconds_per_dispatch=0.000739990242 gbps=120.446129
LEG na=6 shape=mlp.gate_up_fused rep=17 position=6 arm=tailfullxvec inner=269 gpu_seconds=0.199014083 wall_seconds=0.199263500 seconds_per_dispatch=0.000739829306 gbps=120.472330
LEG na=6 shape=mlp.gate_up_fused rep=17 position=7 arm=xvec inner=269 gpu_seconds=0.198684500 wall_seconds=0.198929833 seconds_per_dispatch=0.000738604089 gbps=120.672172
LEG na=6 shape=mlp.gate_up_fused rep=17 position=8 arm=shift inner=269 gpu_seconds=0.198638875 wall_seconds=0.198869875 seconds_per_dispatch=0.000738434480 gbps=120.699889
LEG na=6 shape=mlp.gate_up_fused rep=17 position=9 arm=rfull inner=269 gpu_seconds=0.198154833 wall_seconds=0.198406583 seconds_per_dispatch=0.000736635068 gbps=120.994728
LEG na=6 shape=mlp.gate_up_fused rep=17 position=10 arm=tailfull inner=269 gpu_seconds=0.199204625 wall_seconds=0.199455792 seconds_per_dispatch=0.000740537640 gbps=120.357096
LEG na=6 shape=mlp.gate_up_fused rep=17 position=11 arm=plain inner=269 gpu_seconds=0.199128958 wall_seconds=0.199364458 seconds_per_dispatch=0.000740256351 gbps=120.402831
LEG na=6 shape=mlp.gate_up_fused rep=18 position=0 arm=plain inner=269 gpu_seconds=0.198374500 wall_seconds=0.198621542 seconds_per_dispatch=0.000737451673 gbps=120.860747
LEG na=6 shape=mlp.gate_up_fused rep=18 position=1 arm=tailfull inner=269 gpu_seconds=0.199245125 wall_seconds=0.199492958 seconds_per_dispatch=0.000740688197 gbps=120.332632
LEG na=6 shape=mlp.gate_up_fused rep=18 position=2 arm=rfull inner=269 gpu_seconds=0.198739375 wall_seconds=0.198983375 seconds_per_dispatch=0.000738808085 gbps=120.638853
LEG na=6 shape=mlp.gate_up_fused rep=18 position=3 arm=shift inner=269 gpu_seconds=0.199907792 wall_seconds=0.200146958 seconds_per_dispatch=0.000743151642 gbps=119.933746
LEG na=6 shape=mlp.gate_up_fused rep=18 position=4 arm=xvec inner=269 gpu_seconds=0.199852875 wall_seconds=0.200083792 seconds_per_dispatch=0.000742947491 gbps=119.966702
LEG na=6 shape=mlp.gate_up_fused rep=18 position=5 arm=tailfullxvec inner=269 gpu_seconds=0.199554875 wall_seconds=0.199795208 seconds_per_dispatch=0.000741839684 gbps=120.145851
LEG na=6 shape=mlp.gate_up_fused rep=18 position=6 arm=tailfullxvec inner=269 gpu_seconds=0.200081958 wall_seconds=0.200336917 seconds_per_dispatch=0.000743799101 gbps=119.829346
LEG na=6 shape=mlp.gate_up_fused rep=18 position=7 arm=xvec inner=269 gpu_seconds=0.199474333 wall_seconds=0.199746292 seconds_per_dispatch=0.000741540273 gbps=120.194362
LEG na=6 shape=mlp.gate_up_fused rep=18 position=8 arm=shift inner=269 gpu_seconds=0.199363166 wall_seconds=0.199612125 seconds_per_dispatch=0.000741127013 gbps=120.261384
LEG na=6 shape=mlp.gate_up_fused rep=18 position=9 arm=rfull inner=269 gpu_seconds=0.199486125 wall_seconds=0.199735292 seconds_per_dispatch=0.000741584108 gbps=120.187257
LEG na=6 shape=mlp.gate_up_fused rep=18 position=10 arm=tailfull inner=269 gpu_seconds=0.199777542 wall_seconds=0.200024833 seconds_per_dispatch=0.000742667441 gbps=120.011939
LEG na=6 shape=mlp.gate_up_fused rep=18 position=11 arm=plain inner=269 gpu_seconds=0.200016000 wall_seconds=0.200271500 seconds_per_dispatch=0.000743553904 gbps=119.868862
LEG na=6 shape=mlp.gate_up_fused rep=19 position=0 arm=plain inner=269 gpu_seconds=0.199118083 wall_seconds=0.199321708 seconds_per_dispatch=0.000740215923 gbps=120.409407
LEG na=6 shape=mlp.gate_up_fused rep=19 position=1 arm=tailfull inner=269 gpu_seconds=0.198433250 wall_seconds=0.198658875 seconds_per_dispatch=0.000737670074 gbps=120.824964
LEG na=6 shape=mlp.gate_up_fused rep=19 position=2 arm=rfull inner=269 gpu_seconds=0.198367875 wall_seconds=0.198609208 seconds_per_dispatch=0.000737427045 gbps=120.864783
LEG na=6 shape=mlp.gate_up_fused rep=19 position=3 arm=shift inner=269 gpu_seconds=0.198518167 wall_seconds=0.198760042 seconds_per_dispatch=0.000737985750 gbps=120.773280
LEG na=6 shape=mlp.gate_up_fused rep=19 position=4 arm=xvec inner=269 gpu_seconds=0.198153125 wall_seconds=0.198385458 seconds_per_dispatch=0.000736628717 gbps=120.995772
LEG na=6 shape=mlp.gate_up_fused rep=19 position=5 arm=tailfullxvec inner=269 gpu_seconds=0.198420125 wall_seconds=0.198639000 seconds_per_dispatch=0.000737621283 gbps=120.832956
LEG na=6 shape=mlp.gate_up_fused rep=19 position=6 arm=tailfullxvec inner=269 gpu_seconds=0.198277125 wall_seconds=0.198499333 seconds_per_dispatch=0.000737089685 gbps=120.920102
LEG na=6 shape=mlp.gate_up_fused rep=19 position=7 arm=xvec inner=269 gpu_seconds=0.198031833 wall_seconds=0.198277375 seconds_per_dispatch=0.000736177819 gbps=121.069880
LEG na=6 shape=mlp.gate_up_fused rep=19 position=8 arm=shift inner=269 gpu_seconds=0.197875042 wall_seconds=0.198113917 seconds_per_dispatch=0.000735594951 gbps=121.165813
LEG na=6 shape=mlp.gate_up_fused rep=19 position=9 arm=rfull inner=269 gpu_seconds=0.198065209 wall_seconds=0.198317750 seconds_per_dispatch=0.000736301890 gbps=121.049479
LEG na=6 shape=mlp.gate_up_fused rep=19 position=10 arm=tailfull inner=269 gpu_seconds=0.199137375 wall_seconds=0.199369917 seconds_per_dispatch=0.000740287639 gbps=120.397742
LEG na=6 shape=mlp.gate_up_fused rep=19 position=11 arm=plain inner=269 gpu_seconds=0.198567125 wall_seconds=0.198802667 seconds_per_dispatch=0.000738167751 gbps=120.743503
LEG na=6 shape=mlp.gate_up_fused rep=20 position=0 arm=plain inner=269 gpu_seconds=0.198951625 wall_seconds=0.199199667 seconds_per_dispatch=0.000739597119 gbps=120.510150
LEG na=6 shape=mlp.gate_up_fused rep=20 position=1 arm=tailfull inner=269 gpu_seconds=0.199286042 wall_seconds=0.199494375 seconds_per_dispatch=0.000740840303 gbps=120.307926
LEG na=6 shape=mlp.gate_up_fused rep=20 position=2 arm=rfull inner=269 gpu_seconds=0.197927250 wall_seconds=0.198151542 seconds_per_dispatch=0.000735789034 gbps=121.133852
LEG na=6 shape=mlp.gate_up_fused rep=20 position=3 arm=shift inner=269 gpu_seconds=0.198523000 wall_seconds=0.198747583 seconds_per_dispatch=0.000738003718 gbps=120.770340
LEG na=6 shape=mlp.gate_up_fused rep=20 position=4 arm=xvec inner=269 gpu_seconds=0.198250500 wall_seconds=0.198482167 seconds_per_dispatch=0.000736990706 gbps=120.936342
LEG na=6 shape=mlp.gate_up_fused rep=20 position=5 arm=tailfullxvec inner=269 gpu_seconds=0.199055750 wall_seconds=0.199292333 seconds_per_dispatch=0.000739984201 gbps=120.447112
LEG na=6 shape=mlp.gate_up_fused rep=20 position=6 arm=tailfullxvec inner=269 gpu_seconds=0.199107500 wall_seconds=0.199347500 seconds_per_dispatch=0.000740176580 gbps=120.415807
LEG na=6 shape=mlp.gate_up_fused rep=20 position=7 arm=xvec inner=269 gpu_seconds=0.198173125 wall_seconds=0.198389167 seconds_per_dispatch=0.000736703067 gbps=120.983560
LEG na=6 shape=mlp.gate_up_fused rep=20 position=8 arm=shift inner=269 gpu_seconds=0.198391583 wall_seconds=0.198620333 seconds_per_dispatch=0.000737515179 gbps=120.850340
LEG na=6 shape=mlp.gate_up_fused rep=20 position=9 arm=rfull inner=269 gpu_seconds=0.198387750 wall_seconds=0.198605458 seconds_per_dispatch=0.000737500929 gbps=120.852675
LEG na=6 shape=mlp.gate_up_fused rep=20 position=10 arm=tailfull inner=269 gpu_seconds=0.199288958 wall_seconds=0.199510167 seconds_per_dispatch=0.000740851146 gbps=120.306165
LEG na=6 shape=mlp.gate_up_fused rep=20 position=11 arm=plain inner=269 gpu_seconds=0.199069875 wall_seconds=0.199289167 seconds_per_dispatch=0.000740036709 gbps=120.438566
e69_cell_ab: mlp.gate_up_fused inner=269 legs=252 entry=66.83C exit=73.07C
SHAPE na=6 shape=mlp.gate_up_fused inner=269 legs=252 entry_gpu_temp_c=66.83 exit_gpu_temp_c=73.07
PARITY na=6 shape=mlp.down arm=tailfull differing=0 elements=30720
PARITY na=6 shape=mlp.down arm=rfull differing=0 elements=30720
PARITY na=6 shape=mlp.down arm=shift differing=0 elements=30720
PARITY na=6 shape=mlp.down arm=xvec differing=0 elements=30720
PARITY na=6 shape=mlp.down arm=tailfullxvec differing=0 elements=30720
LEG na=6 shape=mlp.down rep=0 position=0 arm=plain inner=538 gpu_seconds=0.237154083 wall_seconds=0.237410667 seconds_per_dispatch=0.000440806846 gbps=101.097522
LEG na=6 shape=mlp.down rep=0 position=1 arm=tailfull inner=538 gpu_seconds=0.235927167 wall_seconds=0.236199833 seconds_per_dispatch=0.000438526332 gbps=101.623270
LEG na=6 shape=mlp.down rep=0 position=2 arm=rfull inner=538 gpu_seconds=0.235779375 wall_seconds=0.236067458 seconds_per_dispatch=0.000438251627 gbps=101.686970
LEG na=6 shape=mlp.down rep=0 position=3 arm=shift inner=538 gpu_seconds=0.235664000 wall_seconds=0.235966500 seconds_per_dispatch=0.000438037175 gbps=101.736753
LEG na=6 shape=mlp.down rep=0 position=4 arm=xvec inner=538 gpu_seconds=0.235600875 wall_seconds=0.235893583 seconds_per_dispatch=0.000437919842 gbps=101.764012
LEG na=6 shape=mlp.down rep=0 position=5 arm=tailfullxvec inner=538 gpu_seconds=0.236401625 wall_seconds=0.236679875 seconds_per_dispatch=0.000439408225 gbps=101.419312
LEG na=6 shape=mlp.down rep=0 position=6 arm=tailfullxvec inner=538 gpu_seconds=0.237004417 wall_seconds=0.237293167 seconds_per_dispatch=0.000440528655 gbps=101.161365
LEG na=6 shape=mlp.down rep=0 position=7 arm=xvec inner=538 gpu_seconds=0.236350042 wall_seconds=0.236635417 seconds_per_dispatch=0.000439312345 gbps=101.441447
LEG na=6 shape=mlp.down rep=0 position=8 arm=shift inner=538 gpu_seconds=0.236373708 wall_seconds=0.236652125 seconds_per_dispatch=0.000439356335 gbps=101.431290
LEG na=6 shape=mlp.down rep=0 position=9 arm=rfull inner=538 gpu_seconds=0.236556167 wall_seconds=0.236839958 seconds_per_dispatch=0.000439695477 gbps=101.353055
LEG na=6 shape=mlp.down rep=0 position=10 arm=tailfull inner=538 gpu_seconds=0.237157291 wall_seconds=0.237437083 seconds_per_dispatch=0.000440812809 gbps=101.096155
LEG na=6 shape=mlp.down rep=0 position=11 arm=plain inner=538 gpu_seconds=0.237671417 wall_seconds=0.237956500 seconds_per_dispatch=0.000441768433 gbps=100.877466
LEG na=6 shape=mlp.down rep=1 position=0 arm=plain inner=538 gpu_seconds=0.236077875 wall_seconds=0.236379000 seconds_per_dispatch=0.000438806459 gbps=101.558396
LEG na=6 shape=mlp.down rep=1 position=1 arm=tailfull inner=538 gpu_seconds=0.237800417 wall_seconds=0.238092125 seconds_per_dispatch=0.000442008209 gbps=100.822743
LEG na=6 shape=mlp.down rep=1 position=2 arm=rfull inner=538 gpu_seconds=0.235709000 wall_seconds=0.236006292 seconds_per_dispatch=0.000438120818 gbps=101.717330
LEG na=6 shape=mlp.down rep=1 position=3 arm=shift inner=538 gpu_seconds=0.237032792 wall_seconds=0.237334375 seconds_per_dispatch=0.000440581397 gbps=101.149255
LEG na=6 shape=mlp.down rep=1 position=4 arm=xvec inner=538 gpu_seconds=0.236393625 wall_seconds=0.236670125 seconds_per_dispatch=0.000439393355 gbps=101.422745
LEG na=6 shape=mlp.down rep=1 position=5 arm=tailfullxvec inner=538 gpu_seconds=0.237424583 wall_seconds=0.237741917 seconds_per_dispatch=0.000441309635 gbps=100.982341
LEG na=6 shape=mlp.down rep=1 position=6 arm=tailfullxvec inner=538 gpu_seconds=0.236577750 wall_seconds=0.236854375 seconds_per_dispatch=0.000439735595 gbps=101.343809
LEG na=6 shape=mlp.down rep=1 position=7 arm=xvec inner=538 gpu_seconds=0.237125042 wall_seconds=0.237418167 seconds_per_dispatch=0.000440752866 gbps=101.109904
LEG na=6 shape=mlp.down rep=1 position=8 arm=shift inner=538 gpu_seconds=0.236842250 wall_seconds=0.237116833 seconds_per_dispatch=0.000440227230 gbps=101.230630
LEG na=6 shape=mlp.down rep=1 position=9 arm=rfull inner=538 gpu_seconds=0.236884125 wall_seconds=0.237172792 seconds_per_dispatch=0.000440305065 gbps=101.212735
LEG na=6 shape=mlp.down rep=1 position=10 arm=tailfull inner=538 gpu_seconds=0.237769250 wall_seconds=0.238019292 seconds_per_dispatch=0.000441950279 gbps=100.835959
LEG na=6 shape=mlp.down rep=1 position=11 arm=plain inner=538 gpu_seconds=0.236056500 wall_seconds=0.236339667 seconds_per_dispatch=0.000438766729 gbps=101.567592
LEG na=6 shape=mlp.down rep=2 position=0 arm=plain inner=538 gpu_seconds=0.237687625 wall_seconds=0.238024708 seconds_per_dispatch=0.000441798559 gbps=100.870587
LEG na=6 shape=mlp.down rep=2 position=1 arm=tailfull inner=538 gpu_seconds=0.236605750 wall_seconds=0.236895875 seconds_per_dispatch=0.000439787639 gbps=101.331816
LEG na=6 shape=mlp.down rep=2 position=2 arm=rfull inner=538 gpu_seconds=0.237141417 wall_seconds=0.237428083 seconds_per_dispatch=0.000440783302 gbps=101.102922
LEG na=6 shape=mlp.down rep=2 position=3 arm=shift inner=538 gpu_seconds=0.236323375 wall_seconds=0.236619417 seconds_per_dispatch=0.000439262779 gbps=101.452894
LEG na=6 shape=mlp.down rep=2 position=4 arm=xvec inner=538 gpu_seconds=0.237256875 wall_seconds=0.237521542 seconds_per_dispatch=0.000440997909 gbps=101.053722
LEG na=6 shape=mlp.down rep=2 position=5 arm=tailfullxvec inner=538 gpu_seconds=0.236660000 wall_seconds=0.236955458 seconds_per_dispatch=0.000439888476 gbps=101.308587
LEG na=6 shape=mlp.down rep=2 position=6 arm=tailfullxvec inner=538 gpu_seconds=0.236784875 wall_seconds=0.237055750 seconds_per_dispatch=0.000440120585 gbps=101.255159
LEG na=6 shape=mlp.down rep=2 position=7 arm=xvec inner=538 gpu_seconds=0.236566708 wall_seconds=0.236832792 seconds_per_dispatch=0.000439715071 gbps=101.348539
LEG na=6 shape=mlp.down rep=2 position=8 arm=shift inner=538 gpu_seconds=0.237071875 wall_seconds=0.237359750 seconds_per_dispatch=0.000440654043 gbps=101.132579
LEG na=6 shape=mlp.down rep=2 position=9 arm=rfull inner=538 gpu_seconds=0.236950000 wall_seconds=0.237241208 seconds_per_dispatch=0.000440427509 gbps=101.184597
LEG na=6 shape=mlp.down rep=2 position=10 arm=tailfull inner=538 gpu_seconds=0.237773458 wall_seconds=0.238067667 seconds_per_dispatch=0.000441958101 gbps=100.834174
LEG na=6 shape=mlp.down rep=2 position=11 arm=plain inner=538 gpu_seconds=0.237015875 wall_seconds=0.237303208 seconds_per_dispatch=0.000440549954 gbps=101.156474
LEG na=6 shape=mlp.down rep=3 position=0 arm=plain inner=538 gpu_seconds=0.235660500 wall_seconds=0.235900250 seconds_per_dispatch=0.000438030669 gbps=101.738264
LEG na=6 shape=mlp.down rep=3 position=1 arm=tailfull inner=538 gpu_seconds=0.236262333 wall_seconds=0.236548708 seconds_per_dispatch=0.000439149318 gbps=101.479105
LEG na=6 shape=mlp.down rep=3 position=2 arm=rfull inner=538 gpu_seconds=0.235426250 wall_seconds=0.235721708 seconds_per_dispatch=0.000437595260 gbps=101.839494
LEG na=6 shape=mlp.down rep=3 position=3 arm=shift inner=538 gpu_seconds=0.235700000 wall_seconds=0.235984708 seconds_per_dispatch=0.000438104089 gbps=101.721214
LEG na=6 shape=mlp.down rep=3 position=4 arm=xvec inner=538 gpu_seconds=0.235623792 wall_seconds=0.235911208 seconds_per_dispatch=0.000437962438 gbps=101.754114
LEG na=6 shape=mlp.down rep=3 position=5 arm=tailfullxvec inner=538 gpu_seconds=0.236734041 wall_seconds=0.237011292 seconds_per_dispatch=0.000440026099 gbps=101.276902
LEG na=6 shape=mlp.down rep=3 position=6 arm=tailfullxvec inner=538 gpu_seconds=0.236678625 wall_seconds=0.236946958 seconds_per_dispatch=0.000439923095 gbps=101.300615
LEG na=6 shape=mlp.down rep=3 position=7 arm=xvec inner=538 gpu_seconds=0.236654125 wall_seconds=0.236921208 seconds_per_dispatch=0.000439877556 gbps=101.311102
LEG na=6 shape=mlp.down rep=3 position=8 arm=shift inner=538 gpu_seconds=0.236560500 wall_seconds=0.236829708 seconds_per_dispatch=0.000439703532 gbps=101.351199
LEG na=6 shape=mlp.down rep=3 position=9 arm=rfull inner=538 gpu_seconds=0.236816083 wall_seconds=0.237050000 seconds_per_dispatch=0.000440178594 gbps=101.241816
LEG na=6 shape=mlp.down rep=3 position=10 arm=tailfull inner=538 gpu_seconds=0.237457458 wall_seconds=0.237738500 seconds_per_dispatch=0.000441370741 gbps=100.968360
LEG na=6 shape=mlp.down rep=3 position=11 arm=plain inner=538 gpu_seconds=0.236038833 wall_seconds=0.236297042 seconds_per_dispatch=0.000438733891 gbps=101.575194
LEG na=6 shape=mlp.down rep=4 position=0 arm=plain inner=538 gpu_seconds=0.237150000 wall_seconds=0.237412625 seconds_per_dispatch=0.000440799256 gbps=101.099263
LEG na=6 shape=mlp.down rep=4 position=1 arm=tailfull inner=538 gpu_seconds=0.236392750 wall_seconds=0.236653500 seconds_per_dispatch=0.000439391729 gbps=101.423120
LEG na=6 shape=mlp.down rep=4 position=2 arm=rfull inner=538 gpu_seconds=0.236672750 wall_seconds=0.236908875 seconds_per_dispatch=0.000439912175 gbps=101.303130
LEG na=6 shape=mlp.down rep=4 position=3 arm=shift inner=538 gpu_seconds=0.236024333 wall_seconds=0.236278417 seconds_per_dispatch=0.000438706939 gbps=101.581434
LEG na=6 shape=mlp.down rep=4 position=4 arm=xvec inner=538 gpu_seconds=0.235812875 wall_seconds=0.236074833 seconds_per_dispatch=0.000438313894 gbps=101.672524
LEG na=6 shape=mlp.down rep=4 position=5 arm=tailfullxvec inner=538 gpu_seconds=0.236919125 wall_seconds=0.237184625 seconds_per_dispatch=0.000440370121 gbps=101.197783
LEG na=6 shape=mlp.down rep=4 position=6 arm=tailfullxvec inner=538 gpu_seconds=0.237296625 wall_seconds=0.237630375 seconds_per_dispatch=0.000441071794 gbps=101.036794
LEG na=6 shape=mlp.down rep=4 position=7 arm=xvec inner=538 gpu_seconds=0.236993333 wall_seconds=0.237295917 seconds_per_dispatch=0.000440508055 gbps=101.166096
LEG na=6 shape=mlp.down rep=4 position=8 arm=shift inner=538 gpu_seconds=0.236921042 wall_seconds=0.237201167 seconds_per_dispatch=0.000440373684 gbps=101.196964
LEG na=6 shape=mlp.down rep=4 position=9 arm=rfull inner=538 gpu_seconds=0.237305875 wall_seconds=0.237588875 seconds_per_dispatch=0.000441088987 gbps=101.032856
LEG na=6 shape=mlp.down rep=4 position=10 arm=tailfull inner=538 gpu_seconds=0.236299917 wall_seconds=0.236572375 seconds_per_dispatch=0.000439219176 gbps=101.462965
LEG na=6 shape=mlp.down rep=4 position=11 arm=plain inner=538 gpu_seconds=0.237310750 wall_seconds=0.237610625 seconds_per_dispatch=0.000441098048 gbps=101.030780
LEG na=6 shape=mlp.down rep=5 position=0 arm=plain inner=538 gpu_seconds=0.236246000 wall_seconds=0.236494125 seconds_per_dispatch=0.000439118959 gbps=101.486121
LEG na=6 shape=mlp.down rep=5 position=1 arm=tailfull inner=538 gpu_seconds=0.237762125 wall_seconds=0.238038792 seconds_per_dispatch=0.000441937035 gbps=100.838980
LEG na=6 shape=mlp.down rep=5 position=2 arm=rfull inner=538 gpu_seconds=0.236405792 wall_seconds=0.236679250 seconds_per_dispatch=0.000439415970 gbps=101.417525
LEG na=6 shape=mlp.down rep=5 position=3 arm=shift inner=538 gpu_seconds=0.237201958 wall_seconds=0.237495917 seconds_per_dispatch=0.000440895833 gbps=101.077118
LEG na=6 shape=mlp.down rep=5 position=4 arm=xvec inner=538 gpu_seconds=0.236548875 wall_seconds=0.236836000 seconds_per_dispatch=0.000439681924 gbps=101.356179
LEG na=6 shape=mlp.down rep=5 position=5 arm=tailfullxvec inner=538 gpu_seconds=0.237588042 wall_seconds=0.237883750 seconds_per_dispatch=0.000441613460 gbps=100.912866
LEG na=6 shape=mlp.down rep=5 position=6 arm=tailfullxvec inner=538 gpu_seconds=0.237452375 wall_seconds=0.237735875 seconds_per_dispatch=0.000441361292 gbps=100.970522
LEG na=6 shape=mlp.down rep=5 position=7 arm=xvec inner=538 gpu_seconds=0.236281500 wall_seconds=0.236587625 seconds_per_dispatch=0.000439184944 gbps=101.470874
LEG na=6 shape=mlp.down rep=5 position=8 arm=shift inner=538 gpu_seconds=0.237021250 wall_seconds=0.237284875 seconds_per_dispatch=0.000440559945 gbps=101.154180
LEG na=6 shape=mlp.down rep=5 position=9 arm=rfull inner=538 gpu_seconds=0.236083500 wall_seconds=0.236356917 seconds_per_dispatch=0.000438816915 gbps=101.555976
LEG na=6 shape=mlp.down rep=5 position=10 arm=tailfull inner=538 gpu_seconds=0.237530875 wall_seconds=0.237814333 seconds_per_dispatch=0.000441507203 gbps=100.937153
LEG na=6 shape=mlp.down rep=5 position=11 arm=plain inner=538 gpu_seconds=0.236280083 wall_seconds=0.236561333 seconds_per_dispatch=0.000439182311 gbps=101.471482
LEG na=6 shape=mlp.down rep=6 position=0 arm=plain inner=538 gpu_seconds=0.237583875 wall_seconds=0.237873917 seconds_per_dispatch=0.000441605716 gbps=100.914636
LEG na=6 shape=mlp.down rep=6 position=1 arm=tailfull inner=538 gpu_seconds=0.236718583 wall_seconds=0.237009583 seconds_per_dispatch=0.000439997367 gbps=101.283515
LEG na=6 shape=mlp.down rep=6 position=2 arm=rfull inner=538 gpu_seconds=0.236689417 wall_seconds=0.236982375 seconds_per_dispatch=0.000439943154 gbps=101.295996
LEG na=6 shape=mlp.down rep=6 position=3 arm=shift inner=538 gpu_seconds=0.236375875 wall_seconds=0.236652833 seconds_per_dispatch=0.000439360362 gbps=101.430361
LEG na=6 shape=mlp.down rep=6 position=4 arm=xvec inner=538 gpu_seconds=0.237281500 wall_seconds=0.237581875 seconds_per_dispatch=0.000441043681 gbps=101.043234
LEG na=6 shape=mlp.down rep=6 position=5 arm=tailfullxvec inner=538 gpu_seconds=0.237399667 wall_seconds=0.237687917 seconds_per_dispatch=0.000441263321 gbps=100.992940
LEG na=6 shape=mlp.down rep=6 position=6 arm=tailfullxvec inner=538 gpu_seconds=0.237467417 wall_seconds=0.237763292 seconds_per_dispatch=0.000441389250 gbps=100.964126
LEG na=6 shape=mlp.down rep=6 position=7 arm=xvec inner=538 gpu_seconds=0.235585250 wall_seconds=0.235882250 seconds_per_dispatch=0.000437890799 gbps=101.770761
LEG na=6 shape=mlp.down rep=6 position=8 arm=shift inner=538 gpu_seconds=0.235483208 wall_seconds=0.235768000 seconds_per_dispatch=0.000437701131 gbps=101.814861
LEG na=6 shape=mlp.down rep=6 position=9 arm=rfull inner=538 gpu_seconds=0.236761000 wall_seconds=0.237027875 seconds_per_dispatch=0.000440076208 gbps=101.265370
LEG na=6 shape=mlp.down rep=6 position=10 arm=tailfull inner=538 gpu_seconds=0.236056750 wall_seconds=0.236326083 seconds_per_dispatch=0.000438767193 gbps=101.567484
LEG na=6 shape=mlp.down rep=6 position=11 arm=plain inner=538 gpu_seconds=0.237173583 wall_seconds=0.237434417 seconds_per_dispatch=0.000440843092 gbps=101.089210
LEG na=6 shape=mlp.down rep=7 position=0 arm=plain inner=538 gpu_seconds=0.235937167 wall_seconds=0.236192917 seconds_per_dispatch=0.000438544920 gbps=101.618963
LEG na=6 shape=mlp.down rep=7 position=1 arm=tailfull inner=538 gpu_seconds=0.237224250 wall_seconds=0.237515458 seconds_per_dispatch=0.000440937268 gbps=101.067619
LEG na=6 shape=mlp.down rep=7 position=2 arm=rfull inner=538 gpu_seconds=0.235760375 wall_seconds=0.236023667 seconds_per_dispatch=0.000438216311 gbps=101.695165
LEG na=6 shape=mlp.down rep=7 position=3 arm=shift inner=538 gpu_seconds=0.236569292 wall_seconds=0.236823583 seconds_per_dispatch=0.000439719873 gbps=101.347432
LEG na=6 shape=mlp.down rep=7 position=4 arm=xvec inner=538 gpu_seconds=0.236236500 wall_seconds=0.236490542 seconds_per_dispatch=0.000439101301 gbps=101.490203
LEG na=6 shape=mlp.down rep=7 position=5 arm=tailfullxvec inner=538 gpu_seconds=0.236990750 wall_seconds=0.237271917 seconds_per_dispatch=0.000440503253 gbps=101.167198
LEG na=6 shape=mlp.down rep=7 position=6 arm=tailfullxvec inner=538 gpu_seconds=0.237002292 wall_seconds=0.237271958 seconds_per_dispatch=0.000440524706 gbps=101.162272
LEG na=6 shape=mlp.down rep=7 position=7 arm=xvec inner=538 gpu_seconds=0.236782833 wall_seconds=0.237051000 seconds_per_dispatch=0.000440116791 gbps=101.256032
LEG na=6 shape=mlp.down rep=7 position=8 arm=shift inner=538 gpu_seconds=0.236755375 wall_seconds=0.236992417 seconds_per_dispatch=0.000440065752 gbps=101.267776
LEG na=6 shape=mlp.down rep=7 position=9 arm=rfull inner=538 gpu_seconds=0.235518458 wall_seconds=0.235790167 seconds_per_dispatch=0.000437766651 gbps=101.799623
LEG na=6 shape=mlp.down rep=7 position=10 arm=tailfull inner=538 gpu_seconds=0.237492458 wall_seconds=0.237751750 seconds_per_dispatch=0.000441435796 gbps=100.953480
LEG na=6 shape=mlp.down rep=7 position=11 arm=plain inner=538 gpu_seconds=0.235961458 wall_seconds=0.236191458 seconds_per_dispatch=0.000438590071 gbps=101.608502
LEG na=6 shape=mlp.down rep=8 position=0 arm=plain inner=538 gpu_seconds=0.236949333 wall_seconds=0.237198375 seconds_per_dispatch=0.000440426270 gbps=101.184882
LEG na=6 shape=mlp.down rep=8 position=1 arm=tailfull inner=538 gpu_seconds=0.236357125 wall_seconds=0.236622792 seconds_per_dispatch=0.000439325511 gbps=101.438407
LEG na=6 shape=mlp.down rep=8 position=2 arm=rfull inner=538 gpu_seconds=0.236380417 wall_seconds=0.236672667 seconds_per_dispatch=0.000439368804 gbps=101.428412
LEG na=6 shape=mlp.down rep=8 position=3 arm=shift inner=538 gpu_seconds=0.235958833 wall_seconds=0.236228667 seconds_per_dispatch=0.000438585192 gbps=101.609632
LEG na=6 shape=mlp.down rep=8 position=4 arm=xvec inner=538 gpu_seconds=0.236989417 wall_seconds=0.237269583 seconds_per_dispatch=0.000440500774 gbps=101.167768
LEG na=6 shape=mlp.down rep=8 position=5 arm=tailfullxvec inner=538 gpu_seconds=0.237357750 wall_seconds=0.237655250 seconds_per_dispatch=0.000441185409 gbps=101.010775
LEG na=6 shape=mlp.down rep=8 position=6 arm=tailfullxvec inner=538 gpu_seconds=0.237735875 wall_seconds=0.238034083 seconds_per_dispatch=0.000441888244 gbps=100.850115
LEG na=6 shape=mlp.down rep=8 position=7 arm=xvec inner=538 gpu_seconds=0.237283000 wall_seconds=0.237586458 seconds_per_dispatch=0.000441046468 gbps=101.042596
LEG na=6 shape=mlp.down rep=8 position=8 arm=shift inner=538 gpu_seconds=0.236992750 wall_seconds=0.237270792 seconds_per_dispatch=0.000440506970 gbps=101.166345
LEG na=6 shape=mlp.down rep=8 position=9 arm=rfull inner=538 gpu_seconds=0.237229125 wall_seconds=0.237508833 seconds_per_dispatch=0.000440946329 gbps=101.065543
LEG na=6 shape=mlp.down rep=8 position=10 arm=tailfull inner=538 gpu_seconds=0.236335250 wall_seconds=0.236625125 seconds_per_dispatch=0.000439284851 gbps=101.447796
LEG na=6 shape=mlp.down rep=8 position=11 arm=plain inner=538 gpu_seconds=0.237612875 wall_seconds=0.237907333 seconds_per_dispatch=0.000441659619 gbps=100.902320
LEG na=6 shape=mlp.down rep=9 position=0 arm=plain inner=538 gpu_seconds=0.236410625 wall_seconds=0.236689500 seconds_per_dispatch=0.000439424954 gbps=101.415451
LEG na=6 shape=mlp.down rep=9 position=1 arm=tailfull inner=538 gpu_seconds=0.237707917 wall_seconds=0.237997500 seconds_per_dispatch=0.000441836276 gbps=100.861976
LEG na=6 shape=mlp.down rep=9 position=2 arm=rfull inner=538 gpu_seconds=0.236245667 wall_seconds=0.236533750 seconds_per_dispatch=0.000439118339 gbps=101.486265
LEG na=6 shape=mlp.down rep=9 position=3 arm=shift inner=538 gpu_seconds=0.237086167 wall_seconds=0.237380208 seconds_per_dispatch=0.000440680607 gbps=101.126483
LEG na=6 shape=mlp.down rep=9 position=4 arm=xvec inner=538 gpu_seconds=0.236670125 wall_seconds=0.236960542 seconds_per_dispatch=0.000439907296 gbps=101.304253
LEG na=6 shape=mlp.down rep=9 position=5 arm=tailfullxvec inner=538 gpu_seconds=0.236090500 wall_seconds=0.236381292 seconds_per_dispatch=0.000438829925 gbps=101.552965
LEG na=6 shape=mlp.down rep=9 position=6 arm=tailfullxvec inner=538 gpu_seconds=0.237539042 wall_seconds=0.237830167 seconds_per_dispatch=0.000441522383 gbps=100.933683
LEG na=6 shape=mlp.down rep=9 position=7 arm=xvec inner=538 gpu_seconds=0.237310709 wall_seconds=0.237602042 seconds_per_dispatch=0.000441097971 gbps=101.030798
LEG na=6 shape=mlp.down rep=9 position=8 arm=shift inner=538 gpu_seconds=0.237015375 wall_seconds=0.237261125 seconds_per_dispatch=0.000440549024 gbps=101.156688
LEG na=6 shape=mlp.down rep=9 position=9 arm=rfull inner=538 gpu_seconds=0.235625833 wall_seconds=0.235901792 seconds_per_dispatch=0.000437966233 gbps=101.753233
LEG na=6 shape=mlp.down rep=9 position=10 arm=tailfull inner=538 gpu_seconds=0.237787875 wall_seconds=0.238075167 seconds_per_dispatch=0.000441984898 gbps=100.828060
LEG na=6 shape=mlp.down rep=9 position=11 arm=plain inner=538 gpu_seconds=0.236262875 wall_seconds=0.236544917 seconds_per_dispatch=0.000439150326 gbps=101.478873
LEG na=6 shape=mlp.down rep=10 position=0 arm=plain inner=538 gpu_seconds=0.237143542 wall_seconds=0.237432958 seconds_per_dispatch=0.000440787252 gbps=101.102016
LEG na=6 shape=mlp.down rep=10 position=1 arm=tailfull inner=538 gpu_seconds=0.236668500 wall_seconds=0.236952667 seconds_per_dispatch=0.000439904275 gbps=101.304949
LEG na=6 shape=mlp.down rep=10 position=2 arm=rfull inner=538 gpu_seconds=0.237032250 wall_seconds=0.237330208 seconds_per_dispatch=0.000440580390 gbps=101.149486
LEG na=6 shape=mlp.down rep=10 position=3 arm=shift inner=538 gpu_seconds=0.236403375 wall_seconds=0.236684375 seconds_per_dispatch=0.000439411478 gbps=101.418562
LEG na=6 shape=mlp.down rep=10 position=4 arm=xvec inner=538 gpu_seconds=0.236109000 wall_seconds=0.236378625 seconds_per_dispatch=0.000438864312 gbps=101.545008
LEG na=6 shape=mlp.down rep=10 position=5 arm=tailfullxvec inner=538 gpu_seconds=0.236234458 wall_seconds=0.236499333 seconds_per_dispatch=0.000439097506 gbps=101.491080
LEG na=6 shape=mlp.down rep=10 position=6 arm=tailfullxvec inner=538 gpu_seconds=0.236028750 wall_seconds=0.236306250 seconds_per_dispatch=0.000438715149 gbps=101.579533
LEG na=6 shape=mlp.down rep=10 position=7 arm=xvec inner=538 gpu_seconds=0.235708333 wall_seconds=0.235997250 seconds_per_dispatch=0.000438119579 gbps=101.717618
LEG na=6 shape=mlp.down rep=10 position=8 arm=shift inner=538 gpu_seconds=0.235550292 wall_seconds=0.235851125 seconds_per_dispatch=0.000437825821 gbps=101.785865
LEG na=6 shape=mlp.down rep=10 position=9 arm=rfull inner=538 gpu_seconds=0.235523167 wall_seconds=0.235813625 seconds_per_dispatch=0.000437775403 gbps=101.797588
LEG na=6 shape=mlp.down rep=10 position=10 arm=tailfull inner=538 gpu_seconds=0.236270500 wall_seconds=0.236538250 seconds_per_dispatch=0.000439164498 gbps=101.475598
LEG na=6 shape=mlp.down rep=10 position=11 arm=plain inner=538 gpu_seconds=0.236327875 wall_seconds=0.236601125 seconds_per_dispatch=0.000439271143 gbps=101.450962
LEG na=6 shape=mlp.down rep=11 position=0 arm=plain inner=538 gpu_seconds=0.235972208 wall_seconds=0.236237708 seconds_per_dispatch=0.000438610052 gbps=101.603873
LEG na=6 shape=mlp.down rep=11 position=1 arm=tailfull inner=538 gpu_seconds=0.236181333 wall_seconds=0.236439083 seconds_per_dispatch=0.000438998761 gbps=101.513908
LEG na=6 shape=mlp.down rep=11 position=2 arm=rfull inner=538 gpu_seconds=0.236056167 wall_seconds=0.236300125 seconds_per_dispatch=0.000438766109 gbps=101.567735
LEG na=6 shape=mlp.down rep=11 position=3 arm=shift inner=538 gpu_seconds=0.236349667 wall_seconds=0.236640083 seconds_per_dispatch=0.000439311648 gbps=101.441608
LEG na=6 shape=mlp.down rep=11 position=4 arm=xvec inner=538 gpu_seconds=0.236369625 wall_seconds=0.236639458 seconds_per_dispatch=0.000439348745 gbps=101.433043
LEG na=6 shape=mlp.down rep=11 position=5 arm=tailfullxvec inner=538 gpu_seconds=0.236908250 wall_seconds=0.237184500 seconds_per_dispatch=0.000440349907 gbps=101.202429
LEG na=6 shape=mlp.down rep=11 position=6 arm=tailfullxvec inner=538 gpu_seconds=0.237179917 wall_seconds=0.237433417 seconds_per_dispatch=0.000440854864 gbps=101.086511
LEG na=6 shape=mlp.down rep=11 position=7 arm=xvec inner=538 gpu_seconds=0.236576250 wall_seconds=0.236851792 seconds_per_dispatch=0.000439732807 gbps=101.344451
LEG na=6 shape=mlp.down rep=11 position=8 arm=shift inner=538 gpu_seconds=0.236891542 wall_seconds=0.237140500 seconds_per_dispatch=0.000440318851 gbps=101.209567
LEG na=6 shape=mlp.down rep=11 position=9 arm=rfull inner=538 gpu_seconds=0.235441500 wall_seconds=0.235675125 seconds_per_dispatch=0.000437623606 gbps=101.832898
LEG na=6 shape=mlp.down rep=11 position=10 arm=tailfull inner=538 gpu_seconds=0.237337917 wall_seconds=0.237623833 seconds_per_dispatch=0.000441148544 gbps=101.019216
LEG na=6 shape=mlp.down rep=11 position=11 arm=plain inner=538 gpu_seconds=0.236432625 wall_seconds=0.236725583 seconds_per_dispatch=0.000439465846 gbps=101.406015
LEG na=6 shape=mlp.down rep=12 position=0 arm=plain inner=538 gpu_seconds=0.237547625 wall_seconds=0.237923458 seconds_per_dispatch=0.000441538337 gbps=100.930036
LEG na=6 shape=mlp.down rep=12 position=1 arm=tailfull inner=538 gpu_seconds=0.236831708 wall_seconds=0.237094583 seconds_per_dispatch=0.000440207636 gbps=101.235136
LEG na=6 shape=mlp.down rep=12 position=2 arm=rfull inner=538 gpu_seconds=0.237139000 wall_seconds=0.237422625 seconds_per_dispatch=0.000440778810 gbps=101.103953
LEG na=6 shape=mlp.down rep=12 position=3 arm=shift inner=538 gpu_seconds=0.236566167 wall_seconds=0.236900125 seconds_per_dispatch=0.000439714064 gbps=101.348771
LEG na=6 shape=mlp.down rep=12 position=4 arm=xvec inner=538 gpu_seconds=0.237281500 wall_seconds=0.237577917 seconds_per_dispatch=0.000441043680 gbps=101.043235
LEG na=6 shape=mlp.down rep=12 position=5 arm=tailfullxvec inner=538 gpu_seconds=0.237428625 wall_seconds=0.237711542 seconds_per_dispatch=0.000441317147 gbps=100.980622
LEG na=6 shape=mlp.down rep=12 position=6 arm=tailfullxvec inner=538 gpu_seconds=0.237596917 wall_seconds=0.237875375 seconds_per_dispatch=0.000441629957 gbps=100.909097
LEG na=6 shape=mlp.down rep=12 position=7 arm=xvec inner=538 gpu_seconds=0.237450292 wall_seconds=0.237714000 seconds_per_dispatch=0.000441357419 gbps=100.971408
LEG na=6 shape=mlp.down rep=12 position=8 arm=shift inner=538 gpu_seconds=0.235864292 wall_seconds=0.236131250 seconds_per_dispatch=0.000438409464 gbps=101.650360
LEG na=6 shape=mlp.down rep=12 position=9 arm=rfull inner=538 gpu_seconds=0.237337000 wall_seconds=0.237623208 seconds_per_dispatch=0.000441146840 gbps=101.019606
LEG na=6 shape=mlp.down rep=12 position=10 arm=tailfull inner=538 gpu_seconds=0.236515000 wall_seconds=0.236808667 seconds_per_dispatch=0.000439618959 gbps=101.370696
LEG na=6 shape=mlp.down rep=12 position=11 arm=plain inner=538 gpu_seconds=0.237390292 wall_seconds=0.237640792 seconds_per_dispatch=0.000441245895 gbps=100.996928
LEG na=6 shape=mlp.down rep=13 position=0 arm=plain inner=538 gpu_seconds=0.236521750 wall_seconds=0.236784208 seconds_per_dispatch=0.000439631506 gbps=101.367803
LEG na=6 shape=mlp.down rep=13 position=1 arm=tailfull inner=538 gpu_seconds=0.237766042 wall_seconds=0.238046333 seconds_per_dispatch=0.000441944315 gbps=100.837319
LEG na=6 shape=mlp.down rep=13 position=2 arm=rfull inner=538 gpu_seconds=0.236405250 wall_seconds=0.236695458 seconds_per_dispatch=0.000439414963 gbps=101.417757
LEG na=6 shape=mlp.down rep=13 position=3 arm=shift inner=538 gpu_seconds=0.237195208 wall_seconds=0.237490708 seconds_per_dispatch=0.000440883287 gbps=101.079994
LEG na=6 shape=mlp.down rep=13 position=4 arm=xvec inner=538 gpu_seconds=0.236813500 wall_seconds=0.237091000 seconds_per_dispatch=0.000440173791 gbps=101.242920
LEG na=6 shape=mlp.down rep=13 position=5 arm=tailfullxvec inner=538 gpu_seconds=0.237589750 wall_seconds=0.237902792 seconds_per_dispatch=0.000441616636 gbps=100.912141
LEG na=6 shape=mlp.down rep=13 position=6 arm=tailfullxvec inner=538 gpu_seconds=0.237791458 wall_seconds=0.238040958 seconds_per_dispatch=0.000441991558 gbps=100.826541
LEG na=6 shape=mlp.down rep=13 position=7 arm=xvec inner=538 gpu_seconds=0.237058625 wall_seconds=0.237332708 seconds_per_dispatch=0.000440629414 gbps=101.138232
LEG na=6 shape=mlp.down rep=13 position=8 arm=shift inner=538 gpu_seconds=0.237248834 wall_seconds=0.237513250 seconds_per_dispatch=0.000440982962 gbps=101.057147
LEG na=6 shape=mlp.down rep=13 position=9 arm=rfull inner=538 gpu_seconds=0.235334375 wall_seconds=0.235608625 seconds_per_dispatch=0.000437424489 gbps=101.879253
LEG na=6 shape=mlp.down rep=13 position=10 arm=tailfull inner=538 gpu_seconds=0.237645708 wall_seconds=0.237927625 seconds_per_dispatch=0.000441720647 gbps=100.888379
LEG na=6 shape=mlp.down rep=13 position=11 arm=plain inner=538 gpu_seconds=0.236399625 wall_seconds=0.236679625 seconds_per_dispatch=0.000439404507 gbps=101.420170
LEG na=6 shape=mlp.down rep=14 position=0 arm=plain inner=538 gpu_seconds=0.236393500 wall_seconds=0.236658750 seconds_per_dispatch=0.000439393122 gbps=101.422798
LEG na=6 shape=mlp.down rep=14 position=1 arm=tailfull inner=538 gpu_seconds=0.236106250 wall_seconds=0.236586708 seconds_per_dispatch=0.000438859201 gbps=101.546191
LEG na=6 shape=mlp.down rep=14 position=2 arm=rfull inner=538 gpu_seconds=0.235444167 wall_seconds=0.235741542 seconds_per_dispatch=0.000437628563 gbps=101.831745
LEG na=6 shape=mlp.down rep=14 position=3 arm=shift inner=538 gpu_seconds=0.235675167 wall_seconds=0.235938667 seconds_per_dispatch=0.000438057930 gbps=101.731933
LEG na=6 shape=mlp.down rep=14 position=4 arm=xvec inner=538 gpu_seconds=0.235432792 wall_seconds=0.235718792 seconds_per_dispatch=0.000437607419 gbps=101.836665
LEG na=6 shape=mlp.down rep=14 position=5 arm=tailfullxvec inner=538 gpu_seconds=0.236217625 wall_seconds=0.236528917 seconds_per_dispatch=0.000439066217 gbps=101.498312
LEG na=6 shape=mlp.down rep=14 position=6 arm=tailfullxvec inner=538 gpu_seconds=0.236765583 wall_seconds=0.237038000 seconds_per_dispatch=0.000440084727 gbps=101.263410
LEG na=6 shape=mlp.down rep=14 position=7 arm=xvec inner=538 gpu_seconds=0.235965500 wall_seconds=0.236239500 seconds_per_dispatch=0.000438597584 gbps=101.606761
LEG na=6 shape=mlp.down rep=14 position=8 arm=shift inner=538 gpu_seconds=0.235402542 wall_seconds=0.235666542 seconds_per_dispatch=0.000437551193 gbps=101.849751
LEG na=6 shape=mlp.down rep=14 position=9 arm=rfull inner=538 gpu_seconds=0.236690250 wall_seconds=0.236959833 seconds_per_dispatch=0.000439944703 gbps=101.295639
LEG na=6 shape=mlp.down rep=14 position=10 arm=tailfull inner=538 gpu_seconds=0.236324125 wall_seconds=0.236575333 seconds_per_dispatch=0.000439264173 gbps=101.452572
LEG na=6 shape=mlp.down rep=14 position=11 arm=plain inner=538 gpu_seconds=0.236941875 wall_seconds=0.237192417 seconds_per_dispatch=0.000440412407 gbps=101.188067
LEG na=6 shape=mlp.down rep=15 position=0 arm=plain inner=538 gpu_seconds=0.236529375 wall_seconds=0.236779292 seconds_per_dispatch=0.000439645678 gbps=101.364536
LEG na=6 shape=mlp.down rep=15 position=1 arm=tailfull inner=538 gpu_seconds=0.237315500 wall_seconds=0.237591375 seconds_per_dispatch=0.000441106877 gbps=101.028758
LEG na=6 shape=mlp.down rep=15 position=2 arm=rfull inner=538 gpu_seconds=0.236168125 wall_seconds=0.236412042 seconds_per_dispatch=0.000438974210 gbps=101.519586
LEG na=6 shape=mlp.down rep=15 position=3 arm=shift inner=538 gpu_seconds=0.236629750 wall_seconds=0.236889958 seconds_per_dispatch=0.000439832249 gbps=101.321538
LEG na=6 shape=mlp.down rep=15 position=4 arm=xvec inner=538 gpu_seconds=0.236644167 wall_seconds=0.236909917 seconds_per_dispatch=0.000439859046 gbps=101.315365
LEG na=6 shape=mlp.down rep=15 position=5 arm=tailfullxvec inner=538 gpu_seconds=0.237056875 wall_seconds=0.237348500 seconds_per_dispatch=0.000440626162 gbps=101.138979
LEG na=6 shape=mlp.down rep=15 position=6 arm=tailfullxvec inner=538 gpu_seconds=0.237230625 wall_seconds=0.237477667 seconds_per_dispatch=0.000440949117 gbps=101.064904
LEG na=6 shape=mlp.down rep=15 position=7 arm=xvec inner=538 gpu_seconds=0.235871250 wall_seconds=0.236134208 seconds_per_dispatch=0.000438422398 gbps=101.647362
LEG na=6 shape=mlp.down rep=15 position=8 arm=shift inner=538 gpu_seconds=0.237296417 wall_seconds=0.237584750 seconds_per_dispatch=0.000441071406 gbps=101.036883
LEG na=6 shape=mlp.down rep=15 position=9 arm=rfull inner=538 gpu_seconds=0.235933333 wall_seconds=0.236266083 seconds_per_dispatch=0.000438537794 gbps=101.620614
LEG na=6 shape=mlp.down rep=15 position=10 arm=tailfull inner=538 gpu_seconds=0.236895833 wall_seconds=0.237231625 seconds_per_dispatch=0.000440326828 gbps=101.207733
LEG na=6 shape=mlp.down rep=15 position=11 arm=plain inner=538 gpu_seconds=0.237979333 wall_seconds=0.238235958 seconds_per_dispatch=0.000442340768 gbps=100.746943
LEG na=6 shape=mlp.down rep=16 position=0 arm=plain inner=538 gpu_seconds=0.238241167 wall_seconds=0.238503250 seconds_per_dispatch=0.000442827447 gbps=100.636219
LEG na=6 shape=mlp.down rep=16 position=1 arm=tailfull inner=538 gpu_seconds=0.237866250 wall_seconds=0.238148125 seconds_per_dispatch=0.000442130576 gbps=100.794839
LEG na=6 shape=mlp.down rep=16 position=2 arm=rfull inner=538 gpu_seconds=0.236392417 wall_seconds=0.236748958 seconds_per_dispatch=0.000439391109 gbps=101.423263
LEG na=6 shape=mlp.down rep=16 position=3 arm=shift inner=538 gpu_seconds=0.236822167 wall_seconds=0.237136167 seconds_per_dispatch=0.000440189901 gbps=101.239215
LEG na=6 shape=mlp.down rep=16 position=4 arm=xvec inner=538 gpu_seconds=0.237521583 wall_seconds=0.237815292 seconds_per_dispatch=0.000441489932 gbps=100.941101
LEG na=6 shape=mlp.down rep=16 position=5 arm=tailfullxvec inner=538 gpu_seconds=0.238081333 wall_seconds=0.238370292 seconds_per_dispatch=0.000442530359 gbps=100.703780
LEG na=6 shape=mlp.down rep=16 position=6 arm=tailfullxvec inner=538 gpu_seconds=0.237350125 wall_seconds=0.237606750 seconds_per_dispatch=0.000441171236 gbps=101.014020
LEG na=6 shape=mlp.down rep=16 position=7 arm=xvec inner=538 gpu_seconds=0.237294917 wall_seconds=0.237569917 seconds_per_dispatch=0.000441068619 gbps=101.037521
LEG na=6 shape=mlp.down rep=16 position=8 arm=shift inner=538 gpu_seconds=0.235905083 wall_seconds=0.236180583 seconds_per_dispatch=0.000438485285 gbps=101.632783
LEG na=6 shape=mlp.down rep=16 position=9 arm=rfull inner=538 gpu_seconds=0.235531000 wall_seconds=0.235827167 seconds_per_dispatch=0.000437789963 gbps=101.794202
LEG na=6 shape=mlp.down rep=16 position=10 arm=tailfull inner=538 gpu_seconds=0.236517542 wall_seconds=0.236812125 seconds_per_dispatch=0.000439623684 gbps=101.369607
LEG na=6 shape=mlp.down rep=16 position=11 arm=plain inner=538 gpu_seconds=0.237482458 wall_seconds=0.237767917 seconds_per_dispatch=0.000441417209 gbps=100.957731
LEG na=6 shape=mlp.down rep=17 position=0 arm=plain inner=538 gpu_seconds=0.236681625 wall_seconds=0.236953667 seconds_per_dispatch=0.000439928671 gbps=101.299331
LEG na=6 shape=mlp.down rep=17 position=1 arm=tailfull inner=538 gpu_seconds=0.237524625 wall_seconds=0.237821958 seconds_per_dispatch=0.000441495586 gbps=100.939809
LEG na=6 shape=mlp.down rep=17 position=2 arm=rfull inner=538 gpu_seconds=0.236773292 wall_seconds=0.237062167 seconds_per_dispatch=0.000440099055 gbps=101.260113
LEG na=6 shape=mlp.down rep=17 position=3 arm=shift inner=538 gpu_seconds=0.237170708 wall_seconds=0.237465250 seconds_per_dispatch=0.000440837748 gbps=101.090436
LEG na=6 shape=mlp.down rep=17 position=4 arm=xvec inner=538 gpu_seconds=0.236935333 wall_seconds=0.237219792 seconds_per_dispatch=0.000440400247 gbps=101.190860
LEG na=6 shape=mlp.down rep=17 position=5 arm=tailfullxvec inner=538 gpu_seconds=0.237442792 wall_seconds=0.237714042 seconds_per_dispatch=0.000441343479 gbps=100.974597
LEG na=6 shape=mlp.down rep=17 position=6 arm=tailfullxvec inner=538 gpu_seconds=0.237868625 wall_seconds=0.238133708 seconds_per_dispatch=0.000442134991 gbps=100.793832
LEG na=6 shape=mlp.down rep=17 position=7 arm=xvec inner=538 gpu_seconds=0.235621125 wall_seconds=0.235960875 seconds_per_dispatch=0.000437957481 gbps=101.755266
LEG na=6 shape=mlp.down rep=17 position=8 arm=shift inner=538 gpu_seconds=0.235771750 wall_seconds=0.236141458 seconds_per_dispatch=0.000438237454 gbps=101.690259
LEG na=6 shape=mlp.down rep=17 position=9 arm=rfull inner=538 gpu_seconds=0.235552417 wall_seconds=0.235880083 seconds_per_dispatch=0.000437829771 gbps=101.784947
LEG na=6 shape=mlp.down rep=17 position=10 arm=tailfull inner=538 gpu_seconds=0.236144125 wall_seconds=0.236446167 seconds_per_dispatch=0.000438929600 gbps=101.529904
LEG na=6 shape=mlp.down rep=17 position=11 arm=plain inner=538 gpu_seconds=0.235639167 wall_seconds=0.235945125 seconds_per_dispatch=0.000437991016 gbps=101.747475
LEG na=6 shape=mlp.down rep=18 position=0 arm=plain inner=538 gpu_seconds=0.235555708 wall_seconds=0.235857292 seconds_per_dispatch=0.000437835889 gbps=101.783525
LEG na=6 shape=mlp.down rep=18 position=1 arm=tailfull inner=538 gpu_seconds=0.236508750 wall_seconds=0.236755583 seconds_per_dispatch=0.000439607342 gbps=101.373375
LEG na=6 shape=mlp.down rep=18 position=2 arm=rfull inner=538 gpu_seconds=0.236636500 wall_seconds=0.236893875 seconds_per_dispatch=0.000439844796 gbps=101.318648
LEG na=6 shape=mlp.down rep=18 position=3 arm=shift inner=538 gpu_seconds=0.236209875 wall_seconds=0.236492167 seconds_per_dispatch=0.000439051812 gbps=101.501642
LEG na=6 shape=mlp.down rep=18 position=4 arm=xvec inner=538 gpu_seconds=0.236872083 wall_seconds=0.237148708 seconds_per_dispatch=0.000440282683 gbps=101.217881
LEG na=6 shape=mlp.down rep=18 position=5 arm=tailfullxvec inner=538 gpu_seconds=0.236696125 wall_seconds=0.236926000 seconds_per_dispatch=0.000439955623 gbps=101.293125
LEG na=6 shape=mlp.down rep=18 position=6 arm=tailfullxvec inner=538 gpu_seconds=0.235917125 wall_seconds=0.236146042 seconds_per_dispatch=0.000438507668 gbps=101.627596
LEG na=6 shape=mlp.down rep=18 position=7 arm=xvec inner=538 gpu_seconds=0.236327375 wall_seconds=0.236584042 seconds_per_dispatch=0.000439270213 gbps=101.451177
LEG na=6 shape=mlp.down rep=18 position=8 arm=shift inner=538 gpu_seconds=0.235789625 wall_seconds=0.236056125 seconds_per_dispatch=0.000438270678 gbps=101.682550
LEG na=6 shape=mlp.down rep=18 position=9 arm=rfull inner=538 gpu_seconds=0.236783875 wall_seconds=0.237075458 seconds_per_dispatch=0.000440118727 gbps=101.255587
LEG na=6 shape=mlp.down rep=18 position=10 arm=tailfull inner=538 gpu_seconds=0.236707125 wall_seconds=0.236958250 seconds_per_dispatch=0.000439976069 gbps=101.288418
LEG na=6 shape=mlp.down rep=18 position=11 arm=plain inner=538 gpu_seconds=0.237067042 wall_seconds=0.237326792 seconds_per_dispatch=0.000440645059 gbps=101.134641
LEG na=6 shape=mlp.down rep=19 position=0 arm=plain inner=538 gpu_seconds=0.236367625 wall_seconds=0.236645833 seconds_per_dispatch=0.000439345028 gbps=101.433901
LEG na=6 shape=mlp.down rep=19 position=1 arm=tailfull inner=538 gpu_seconds=0.237167083 wall_seconds=0.237438917 seconds_per_dispatch=0.000440831010 gbps=101.091981
LEG na=6 shape=mlp.down rep=19 position=2 arm=rfull inner=538 gpu_seconds=0.236335750 wall_seconds=0.236613625 seconds_per_dispatch=0.000439285781 gbps=101.447581
LEG na=6 shape=mlp.down rep=19 position=3 arm=shift inner=538 gpu_seconds=0.237051917 wall_seconds=0.237328583 seconds_per_dispatch=0.000440616945 gbps=101.141094
LEG na=6 shape=mlp.down rep=19 position=4 arm=xvec inner=538 gpu_seconds=0.237340667 wall_seconds=0.237630125 seconds_per_dispatch=0.000441153655 gbps=101.018045
LEG na=6 shape=mlp.down rep=19 position=5 arm=tailfullxvec inner=538 gpu_seconds=0.237626250 wall_seconds=0.237925542 seconds_per_dispatch=0.000441684479 gbps=100.896640
LEG na=6 shape=mlp.down rep=19 position=6 arm=tailfullxvec inner=538 gpu_seconds=0.236727000 wall_seconds=0.237002542 seconds_per_dispatch=0.000440013011 gbps=101.279914
LEG na=6 shape=mlp.down rep=19 position=7 arm=xvec inner=538 gpu_seconds=0.235764042 wall_seconds=0.236024958 seconds_per_dispatch=0.000438223126 gbps=101.693583
LEG na=6 shape=mlp.down rep=19 position=8 arm=shift inner=538 gpu_seconds=0.237090833 wall_seconds=0.237380000 seconds_per_dispatch=0.000440689281 gbps=101.124493
LEG na=6 shape=mlp.down rep=19 position=9 arm=rfull inner=538 gpu_seconds=0.236090250 wall_seconds=0.236381125 seconds_per_dispatch=0.000438829461 gbps=101.553072
LEG na=6 shape=mlp.down rep=19 position=10 arm=tailfull inner=538 gpu_seconds=0.237749292 wall_seconds=0.238043208 seconds_per_dispatch=0.000441913181 gbps=100.844423
LEG na=6 shape=mlp.down rep=19 position=11 arm=plain inner=538 gpu_seconds=0.236770208 wall_seconds=0.237050125 seconds_per_dispatch=0.000440093324 gbps=101.261431
LEG na=6 shape=mlp.down rep=20 position=0 arm=plain inner=538 gpu_seconds=0.236920500 wall_seconds=0.237204708 seconds_per_dispatch=0.000440372676 gbps=101.197196
LEG na=6 shape=mlp.down rep=20 position=1 arm=tailfull inner=538 gpu_seconds=0.235872542 wall_seconds=0.236180083 seconds_per_dispatch=0.000438424799 gbps=101.646805
LEG na=6 shape=mlp.down rep=20 position=2 arm=rfull inner=538 gpu_seconds=0.236968292 wall_seconds=0.237263125 seconds_per_dispatch=0.000440461509 gbps=101.176786
LEG na=6 shape=mlp.down rep=20 position=3 arm=shift inner=538 gpu_seconds=0.237072000 wall_seconds=0.237346958 seconds_per_dispatch=0.000440654275 gbps=101.132526
LEG na=6 shape=mlp.down rep=20 position=4 arm=xvec inner=538 gpu_seconds=0.237117542 wall_seconds=0.237407083 seconds_per_dispatch=0.000440738925 gbps=101.113102
LEG na=6 shape=mlp.down rep=20 position=5 arm=tailfullxvec inner=538 gpu_seconds=0.237733250 wall_seconds=0.238023000 seconds_per_dispatch=0.000441883364 gbps=100.851228
LEG na=6 shape=mlp.down rep=20 position=6 arm=tailfullxvec inner=538 gpu_seconds=0.235950417 wall_seconds=0.236235958 seconds_per_dispatch=0.000438569548 gbps=101.613257
LEG na=6 shape=mlp.down rep=20 position=7 arm=xvec inner=538 gpu_seconds=0.237011875 wall_seconds=0.237285083 seconds_per_dispatch=0.000440542518 gbps=101.158181
LEG na=6 shape=mlp.down rep=20 position=8 arm=shift inner=538 gpu_seconds=0.235933000 wall_seconds=0.236202583 seconds_per_dispatch=0.000438537175 gbps=101.620758
LEG na=6 shape=mlp.down rep=20 position=9 arm=rfull inner=538 gpu_seconds=0.236992917 wall_seconds=0.237279042 seconds_per_dispatch=0.000440507280 gbps=101.166274
LEG na=6 shape=mlp.down rep=20 position=10 arm=tailfull inner=538 gpu_seconds=0.237013000 wall_seconds=0.237292875 seconds_per_dispatch=0.000440544610 gbps=101.157701
LEG na=6 shape=mlp.down rep=20 position=11 arm=plain inner=538 gpu_seconds=0.237497250 wall_seconds=0.237801375 seconds_per_dispatch=0.000441444703 gbps=100.951444
e69_cell_ab: mlp.down inner=538 legs=252 entry=67.80C exit=70.63C
SHAPE na=6 shape=mlp.down inner=538 legs=252 entry_gpu_temp_c=67.80 exit_gpu_temp_c=70.63
PARITY na=6 shape=head.compact_draft_vocab arm=tailfull differing=0 elements=590016
PARITY na=6 shape=head.compact_draft_vocab arm=rfull differing=0 elements=590016
PARITY na=6 shape=head.compact_draft_vocab arm=shift differing=0 elements=590016
PARITY na=6 shape=head.compact_draft_vocab arm=xvec differing=0 elements=590016
PARITY na=6 shape=head.compact_draft_vocab arm=tailfullxvec differing=0 elements=590016
LEG na=6 shape=head.compact_draft_vocab rep=0 position=0 arm=plain inner=95 gpu_seconds=0.196316417 wall_seconds=0.196542917 seconds_per_dispatch=0.002066488598 gbps=121.820251
LEG na=6 shape=head.compact_draft_vocab rep=0 position=1 arm=tailfull inner=95 gpu_seconds=0.196296625 wall_seconds=0.196481750 seconds_per_dispatch=0.002066280264 gbps=121.832534
LEG na=6 shape=head.compact_draft_vocab rep=0 position=2 arm=rfull inner=95 gpu_seconds=0.195851292 wall_seconds=0.196067167 seconds_per_dispatch=0.002061592545 gbps=122.109561
LEG na=6 shape=head.compact_draft_vocab rep=0 position=3 arm=shift inner=95 gpu_seconds=0.195736208 wall_seconds=0.195973208 seconds_per_dispatch=0.002060381142 gbps=122.181355
LEG na=6 shape=head.compact_draft_vocab rep=0 position=4 arm=xvec inner=95 gpu_seconds=0.196010333 wall_seconds=0.196229833 seconds_per_dispatch=0.002063266666 gbps=122.010482
LEG na=6 shape=head.compact_draft_vocab rep=0 position=5 arm=tailfullxvec inner=95 gpu_seconds=0.196182042 wall_seconds=0.196394333 seconds_per_dispatch=0.002065074123 gbps=121.903692
LEG na=6 shape=head.compact_draft_vocab rep=0 position=6 arm=tailfullxvec inner=95 gpu_seconds=0.196200458 wall_seconds=0.196411458 seconds_per_dispatch=0.002065267982 gbps=121.892249
LEG na=6 shape=head.compact_draft_vocab rep=0 position=7 arm=xvec inner=95 gpu_seconds=0.195947917 wall_seconds=0.196169667 seconds_per_dispatch=0.002062609650 gbps=122.049347
LEG na=6 shape=head.compact_draft_vocab rep=0 position=8 arm=shift inner=95 gpu_seconds=0.195946083 wall_seconds=0.196162333 seconds_per_dispatch=0.002062590349 gbps=122.050489
LEG na=6 shape=head.compact_draft_vocab rep=0 position=9 arm=rfull inner=95 gpu_seconds=0.195687375 wall_seconds=0.195908333 seconds_per_dispatch=0.002059867106 gbps=122.211845
LEG na=6 shape=head.compact_draft_vocab rep=0 position=10 arm=tailfull inner=95 gpu_seconds=0.196560333 wall_seconds=0.196759167 seconds_per_dispatch=0.002069056139 gbps=121.669081
LEG na=6 shape=head.compact_draft_vocab rep=0 position=11 arm=plain inner=95 gpu_seconds=0.196192250 wall_seconds=0.196372542 seconds_per_dispatch=0.002065181580 gbps=121.897349
LEG na=6 shape=head.compact_draft_vocab rep=1 position=0 arm=plain inner=95 gpu_seconds=0.196160375 wall_seconds=0.196423792 seconds_per_dispatch=0.002064846052 gbps=121.917157
LEG na=6 shape=head.compact_draft_vocab rep=1 position=1 arm=tailfull inner=95 gpu_seconds=0.196288875 wall_seconds=0.196527708 seconds_per_dispatch=0.002066198685 gbps=121.837344
LEG na=6 shape=head.compact_draft_vocab rep=1 position=2 arm=rfull inner=95 gpu_seconds=0.195604125 wall_seconds=0.195916125 seconds_per_dispatch=0.002058990790 gbps=122.263859
LEG na=6 shape=head.compact_draft_vocab rep=1 position=3 arm=shift inner=95 gpu_seconds=0.195887000 wall_seconds=0.196120583 seconds_per_dispatch=0.002061968419 gbps=122.087301
LEG na=6 shape=head.compact_draft_vocab rep=1 position=4 arm=xvec inner=95 gpu_seconds=0.196002833 wall_seconds=0.196223875 seconds_per_dispatch=0.002063187719 gbps=122.015150
LEG na=6 shape=head.compact_draft_vocab rep=1 position=5 arm=tailfullxvec inner=95 gpu_seconds=0.196372125 wall_seconds=0.196590042 seconds_per_dispatch=0.002067074998 gbps=121.785692
LEG na=6 shape=head.compact_draft_vocab rep=1 position=6 arm=tailfullxvec inner=95 gpu_seconds=0.196326542 wall_seconds=0.196520125 seconds_per_dispatch=0.002066595176 gbps=121.813969
LEG na=6 shape=head.compact_draft_vocab rep=1 position=7 arm=xvec inner=95 gpu_seconds=0.195918125 wall_seconds=0.196092750 seconds_per_dispatch=0.002062296054 gbps=122.067906
LEG na=6 shape=head.compact_draft_vocab rep=1 position=8 arm=shift inner=95 gpu_seconds=0.195776333 wall_seconds=0.195974917 seconds_per_dispatch=0.002060803509 gbps=122.156314
LEG na=6 shape=head.compact_draft_vocab rep=1 position=9 arm=rfull inner=95 gpu_seconds=0.195593750 wall_seconds=0.195843250 seconds_per_dispatch=0.002058881578 gbps=122.270345
LEG na=6 shape=head.compact_draft_vocab rep=1 position=10 arm=tailfull inner=95 gpu_seconds=0.196264500 wall_seconds=0.196506542 seconds_per_dispatch=0.002065942106 gbps=121.852476
LEG na=6 shape=head.compact_draft_vocab rep=1 position=11 arm=plain inner=95 gpu_seconds=0.195932375 wall_seconds=0.196163083 seconds_per_dispatch=0.002062446053 gbps=122.059028
LEG na=6 shape=head.compact_draft_vocab rep=2 position=0 arm=plain inner=95 gpu_seconds=0.195954500 wall_seconds=0.196191125 seconds_per_dispatch=0.002062678947 gbps=122.045246
LEG na=6 shape=head.compact_draft_vocab rep=2 position=1 arm=tailfull inner=95 gpu_seconds=0.196365833 wall_seconds=0.196619917 seconds_per_dispatch=0.002067008771 gbps=121.789594
LEG na=6 shape=head.compact_draft_vocab rep=2 position=2 arm=rfull inner=95 gpu_seconds=0.195762875 wall_seconds=0.195981208 seconds_per_dispatch=0.002060661842 gbps=122.164712
LEG na=6 shape=head.compact_draft_vocab rep=2 position=3 arm=shift inner=95 gpu_seconds=0.195822417 wall_seconds=0.196017000 seconds_per_dispatch=0.002061288595 gbps=122.127566
LEG na=6 shape=head.compact_draft_vocab rep=2 position=4 arm=xvec inner=95 gpu_seconds=0.196052250 wall_seconds=0.196270208 seconds_per_dispatch=0.002063707895 gbps=121.984395
LEG na=6 shape=head.compact_draft_vocab rep=2 position=5 arm=tailfullxvec inner=95 gpu_seconds=0.196308250 wall_seconds=0.196513500 seconds_per_dispatch=0.002066402630 gbps=121.825319
LEG na=6 shape=head.compact_draft_vocab rep=2 position=6 arm=tailfullxvec inner=95 gpu_seconds=0.196156000 wall_seconds=0.196352958 seconds_per_dispatch=0.002064800000 gbps=121.919876
LEG na=6 shape=head.compact_draft_vocab rep=2 position=7 arm=xvec inner=95 gpu_seconds=0.196028333 wall_seconds=0.196243125 seconds_per_dispatch=0.002063456141 gbps=121.999278
LEG na=6 shape=head.compact_draft_vocab rep=2 position=8 arm=shift inner=95 gpu_seconds=0.195885417 wall_seconds=0.196086458 seconds_per_dispatch=0.002061951754 gbps=122.088288
LEG na=6 shape=head.compact_draft_vocab rep=2 position=9 arm=rfull inner=95 gpu_seconds=0.195658375 wall_seconds=0.195867625 seconds_per_dispatch=0.002059561843 gbps=122.229959
LEG na=6 shape=head.compact_draft_vocab rep=2 position=10 arm=tailfull inner=95 gpu_seconds=0.196476833 wall_seconds=0.196671958 seconds_per_dispatch=0.002068177194 gbps=121.720789
LEG na=6 shape=head.compact_draft_vocab rep=2 position=11 arm=plain inner=95 gpu_seconds=0.196191667 wall_seconds=0.196392958 seconds_per_dispatch=0.002065175438 gbps=121.897712
LEG na=6 shape=head.compact_draft_vocab rep=3 position=0 arm=plain inner=95 gpu_seconds=0.196308958 wall_seconds=0.196512708 seconds_per_dispatch=0.002066410088 gbps=121.824880
LEG na=6 shape=head.compact_draft_vocab rep=3 position=1 arm=tailfull inner=95 gpu_seconds=0.196572458 wall_seconds=0.196765750 seconds_per_dispatch=0.002069183772 gbps=121.661577
LEG na=6 shape=head.compact_draft_vocab rep=3 position=2 arm=rfull inner=95 gpu_seconds=0.195778208 wall_seconds=0.195990625 seconds_per_dispatch=0.002060823245 gbps=122.155144
LEG na=6 shape=head.compact_draft_vocab rep=3 position=3 arm=shift inner=95 gpu_seconds=0.195842708 wall_seconds=0.196039250 seconds_per_dispatch=0.002061502192 gbps=122.114913
LEG na=6 shape=head.compact_draft_vocab rep=3 position=4 arm=xvec inner=95 gpu_seconds=0.195966500 wall_seconds=0.196140708 seconds_per_dispatch=0.002062805262 gbps=122.037773
LEG na=6 shape=head.compact_draft_vocab rep=3 position=5 arm=tailfullxvec inner=95 gpu_seconds=0.196377625 wall_seconds=0.196592958 seconds_per_dispatch=0.002067132895 gbps=121.782281
LEG na=6 shape=head.compact_draft_vocab rep=3 position=6 arm=tailfullxvec inner=95 gpu_seconds=0.196421583 wall_seconds=0.196651167 seconds_per_dispatch=0.002067595612 gbps=121.755027
LEG na=6 shape=head.compact_draft_vocab rep=3 position=7 arm=xvec inner=95 gpu_seconds=0.195833750 wall_seconds=0.196034958 seconds_per_dispatch=0.002061407895 gbps=122.120499
LEG na=6 shape=head.compact_draft_vocab rep=3 position=8 arm=shift inner=95 gpu_seconds=0.195865750 wall_seconds=0.196095083 seconds_per_dispatch=0.002061744738 gbps=122.100547
LEG na=6 shape=head.compact_draft_vocab rep=3 position=9 arm=rfull inner=95 gpu_seconds=0.195837750 wall_seconds=0.196043792 seconds_per_dispatch=0.002061449999 gbps=122.118004
LEG na=6 shape=head.compact_draft_vocab rep=3 position=10 arm=tailfull inner=95 gpu_seconds=0.196525125 wall_seconds=0.196737583 seconds_per_dispatch=0.002068685527 gbps=121.690879
LEG na=6 shape=head.compact_draft_vocab rep=3 position=11 arm=plain inner=95 gpu_seconds=0.196165125 wall_seconds=0.196365625 seconds_per_dispatch=0.002064896054 gbps=121.914205
LEG na=6 shape=head.compact_draft_vocab rep=4 position=0 arm=plain inner=95 gpu_seconds=0.196059250 wall_seconds=0.196314917 seconds_per_dispatch=0.002063781577 gbps=121.980040
LEG na=6 shape=head.compact_draft_vocab rep=4 position=1 arm=tailfull inner=95 gpu_seconds=0.196286917 wall_seconds=0.196556625 seconds_per_dispatch=0.002066178071 gbps=121.838560
LEG na=6 shape=head.compact_draft_vocab rep=4 position=2 arm=rfull inner=95 gpu_seconds=0.195824250 wall_seconds=0.196079750 seconds_per_dispatch=0.002061307893 gbps=122.126423
LEG na=6 shape=head.compact_draft_vocab rep=4 position=3 arm=shift inner=95 gpu_seconds=0.195714000 wall_seconds=0.195934167 seconds_per_dispatch=0.002060147370 gbps=122.195219
LEG na=6 shape=head.compact_draft_vocab rep=4 position=4 arm=xvec inner=95 gpu_seconds=0.196024292 wall_seconds=0.196245000 seconds_per_dispatch=0.002063413597 gbps=122.001794
LEG na=6 shape=head.compact_draft_vocab rep=4 position=5 arm=tailfullxvec inner=95 gpu_seconds=0.196363000 wall_seconds=0.196580375 seconds_per_dispatch=0.002066978947 gbps=121.791352
LEG na=6 shape=head.compact_draft_vocab rep=4 position=6 arm=tailfullxvec inner=95 gpu_seconds=0.196314000 wall_seconds=0.196556208 seconds_per_dispatch=0.002066463156 gbps=121.821751
LEG na=6 shape=head.compact_draft_vocab rep=4 position=7 arm=xvec inner=95 gpu_seconds=0.195955667 wall_seconds=0.196168042 seconds_per_dispatch=0.002062691229 gbps=122.044520
LEG na=6 shape=head.compact_draft_vocab rep=4 position=8 arm=shift inner=95 gpu_seconds=0.195805375 wall_seconds=0.196069708 seconds_per_dispatch=0.002061109211 gbps=122.138196
LEG na=6 shape=head.compact_draft_vocab rep=4 position=9 arm=rfull inner=95 gpu_seconds=0.195569167 wall_seconds=0.195794750 seconds_per_dispatch=0.002058622807 gbps=122.285714
LEG na=6 shape=head.compact_draft_vocab rep=4 position=10 arm=tailfull inner=95 gpu_seconds=0.196552417 wall_seconds=0.196771250 seconds_per_dispatch=0.002068972806 gbps=121.673982
LEG na=6 shape=head.compact_draft_vocab rep=4 position=11 arm=plain inner=95 gpu_seconds=0.196008875 wall_seconds=0.196221042 seconds_per_dispatch=0.002063251316 gbps=122.011390
LEG na=6 shape=head.compact_draft_vocab rep=5 position=0 arm=plain inner=95 gpu_seconds=0.196251625 wall_seconds=0.196469625 seconds_per_dispatch=0.002065806581 gbps=121.860470
LEG na=6 shape=head.compact_draft_vocab rep=5 position=1 arm=tailfull inner=95 gpu_seconds=0.196518458 wall_seconds=0.196734792 seconds_per_dispatch=0.002068615352 gbps=121.695007
LEG na=6 shape=head.compact_draft_vocab rep=5 position=2 arm=rfull inner=95 gpu_seconds=0.195860000 wall_seconds=0.196086708 seconds_per_dispatch=0.002061684209 gbps=122.104132
LEG na=6 shape=head.compact_draft_vocab rep=5 position=3 arm=shift inner=95 gpu_seconds=0.195906583 wall_seconds=0.196112083 seconds_per_dispatch=0.002062174560 gbps=122.075097
LEG na=6 shape=head.compact_draft_vocab rep=5 position=4 arm=xvec inner=95 gpu_seconds=0.195753583 wall_seconds=0.195974083 seconds_per_dispatch=0.002060564034 gbps=122.170511
LEG na=6 shape=head.compact_draft_vocab rep=5 position=5 arm=tailfullxvec inner=95 gpu_seconds=0.196312542 wall_seconds=0.196592792 seconds_per_dispatch=0.002066447806 gbps=121.822656
LEG na=6 shape=head.compact_draft_vocab rep=5 position=6 arm=tailfullxvec inner=95 gpu_seconds=0.196318500 wall_seconds=0.196509667 seconds_per_dispatch=0.002066510526 gbps=121.818958
LEG na=6 shape=head.compact_draft_vocab rep=5 position=7 arm=xvec inner=95 gpu_seconds=0.195747833 wall_seconds=0.195946958 seconds_per_dispatch=0.002060503508 gbps=122.174099
LEG na=6 shape=head.compact_draft_vocab rep=5 position=8 arm=shift inner=95 gpu_seconds=0.195902500 wall_seconds=0.196113417 seconds_per_dispatch=0.002062131580 gbps=122.077642
LEG na=6 shape=head.compact_draft_vocab rep=5 position=9 arm=rfull inner=95 gpu_seconds=0.195779958 wall_seconds=0.196002667 seconds_per_dispatch=0.002060841666 gbps=122.154052
LEG na=6 shape=head.compact_draft_vocab rep=5 position=10 arm=tailfull inner=95 gpu_seconds=0.196443125 wall_seconds=0.196673250 seconds_per_dispatch=0.002067822370 gbps=121.741676
LEG na=6 shape=head.compact_draft_vocab rep=5 position=11 arm=plain inner=95 gpu_seconds=0.196330000 wall_seconds=0.196530708 seconds_per_dispatch=0.002066631581 gbps=121.811823
LEG na=6 shape=head.compact_draft_vocab rep=6 position=0 arm=plain inner=95 gpu_seconds=0.196267375 wall_seconds=0.196480167 seconds_per_dispatch=0.002065972369 gbps=121.850691
LEG na=6 shape=head.compact_draft_vocab rep=6 position=1 arm=tailfull inner=95 gpu_seconds=0.196528625 wall_seconds=0.196728542 seconds_per_dispatch=0.002068722368 gbps=121.688712
LEG na=6 shape=head.compact_draft_vocab rep=6 position=2 arm=rfull inner=95 gpu_seconds=0.195819333 wall_seconds=0.196009250 seconds_per_dispatch=0.002061256141 gbps=122.129489
LEG na=6 shape=head.compact_draft_vocab rep=6 position=3 arm=shift inner=95 gpu_seconds=0.195779125 wall_seconds=0.195999458 seconds_per_dispatch=0.002060832894 gbps=122.154572
LEG na=6 shape=head.compact_draft_vocab rep=6 position=4 arm=xvec inner=95 gpu_seconds=0.196046750 wall_seconds=0.196259042 seconds_per_dispatch=0.002063650001 gbps=121.987818
LEG na=6 shape=head.compact_draft_vocab rep=6 position=5 arm=tailfullxvec inner=95 gpu_seconds=0.196330000 wall_seconds=0.196536875 seconds_per_dispatch=0.002066631578 gbps=121.811823
LEG na=6 shape=head.compact_draft_vocab rep=6 position=6 arm=tailfullxvec inner=95 gpu_seconds=0.196384208 wall_seconds=0.196585208 seconds_per_dispatch=0.002067202192 gbps=121.778199
LEG na=6 shape=head.compact_draft_vocab rep=6 position=7 arm=xvec inner=95 gpu_seconds=0.195961000 wall_seconds=0.196166208 seconds_per_dispatch=0.002062747368 gbps=122.041198
LEG na=6 shape=head.compact_draft_vocab rep=6 position=8 arm=shift inner=95 gpu_seconds=0.195648792 wall_seconds=0.195866042 seconds_per_dispatch=0.002059460966 gbps=122.235946
LEG na=6 shape=head.compact_draft_vocab rep=6 position=9 arm=rfull inner=95 gpu_seconds=0.195882542 wall_seconds=0.196075583 seconds_per_dispatch=0.002061921490 gbps=122.090080
LEG na=6 shape=head.compact_draft_vocab rep=6 position=10 arm=tailfull inner=95 gpu_seconds=0.196557125 wall_seconds=0.196741875 seconds_per_dispatch=0.002069022367 gbps=121.671067
LEG na=6 shape=head.compact_draft_vocab rep=6 position=11 arm=plain inner=95 gpu_seconds=0.196325667 wall_seconds=0.196531125 seconds_per_dispatch=0.002066585963 gbps=121.814512
LEG na=6 shape=head.compact_draft_vocab rep=7 position=0 arm=plain inner=95 gpu_seconds=0.196362250 wall_seconds=0.196566500 seconds_per_dispatch=0.002066971053 gbps=121.791817
LEG na=6 shape=head.compact_draft_vocab rep=7 position=1 arm=tailfull inner=95 gpu_seconds=0.196373250 wall_seconds=0.196576000 seconds_per_dispatch=0.002067086843 gbps=121.784995
LEG na=6 shape=head.compact_draft_vocab rep=7 position=2 arm=rfull inner=95 gpu_seconds=0.195619250 wall_seconds=0.195820792 seconds_per_dispatch=0.002059149999 gbps=122.254406
LEG na=6 shape=head.compact_draft_vocab rep=7 position=3 arm=shift inner=95 gpu_seconds=0.195906042 wall_seconds=0.196107375 seconds_per_dispatch=0.002062168860 gbps=122.075435
LEG na=6 shape=head.compact_draft_vocab rep=7 position=4 arm=xvec inner=95 gpu_seconds=0.195811625 wall_seconds=0.196010167 seconds_per_dispatch=0.002061175001 gbps=122.134297
LEG na=6 shape=head.compact_draft_vocab rep=7 position=5 arm=tailfullxvec inner=95 gpu_seconds=0.196292000 wall_seconds=0.196497958 seconds_per_dispatch=0.002066231580 gbps=121.835404
LEG na=6 shape=head.compact_draft_vocab rep=7 position=6 arm=tailfullxvec inner=95 gpu_seconds=0.196272375 wall_seconds=0.196482333 seconds_per_dispatch=0.002066024998 gbps=121.847587
LEG na=6 shape=head.compact_draft_vocab rep=7 position=7 arm=xvec inner=95 gpu_seconds=0.196061625 wall_seconds=0.196255500 seconds_per_dispatch=0.002063806578 gbps=121.978563
LEG na=6 shape=head.compact_draft_vocab rep=7 position=8 arm=shift inner=95 gpu_seconds=0.195956208 wall_seconds=0.196171958 seconds_per_dispatch=0.002062696929 gbps=122.044182
LEG na=6 shape=head.compact_draft_vocab rep=7 position=9 arm=rfull inner=95 gpu_seconds=0.195732375 wall_seconds=0.195913625 seconds_per_dispatch=0.002060340791 gbps=122.183748
LEG na=6 shape=head.compact_draft_vocab rep=7 position=10 arm=tailfull inner=95 gpu_seconds=0.196503000 wall_seconds=0.196695500 seconds_per_dispatch=0.002068452633 gbps=121.704581
LEG na=6 shape=head.compact_draft_vocab rep=7 position=11 arm=plain inner=95 gpu_seconds=0.196233292 wall_seconds=0.196435958 seconds_per_dispatch=0.002065613596 gbps=121.871855
LEG na=6 shape=head.compact_draft_vocab rep=8 position=0 arm=plain inner=95 gpu_seconds=0.196003000 wall_seconds=0.196201500 seconds_per_dispatch=0.002063189474 gbps=122.015047
LEG na=6 shape=head.compact_draft_vocab rep=8 position=1 arm=tailfull inner=95 gpu_seconds=0.196563333 wall_seconds=0.196778042 seconds_per_dispatch=0.002069087719 gbps=121.667225
LEG na=6 shape=head.compact_draft_vocab rep=8 position=2 arm=rfull inner=95 gpu_seconds=0.195785458 wall_seconds=0.195999458 seconds_per_dispatch=0.002060899560 gbps=122.150620
LEG na=6 shape=head.compact_draft_vocab rep=8 position=3 arm=shift inner=95 gpu_seconds=0.195905542 wall_seconds=0.196175792 seconds_per_dispatch=0.002062163598 gbps=122.075746
LEG na=6 shape=head.compact_draft_vocab rep=8 position=4 arm=xvec inner=95 gpu_seconds=0.195956667 wall_seconds=0.196183542 seconds_per_dispatch=0.002062701755 gbps=122.043897
LEG na=6 shape=head.compact_draft_vocab rep=8 position=5 arm=tailfullxvec inner=95 gpu_seconds=0.196214000 wall_seconds=0.196418042 seconds_per_dispatch=0.002065410526 gbps=121.883837
LEG na=6 shape=head.compact_draft_vocab rep=8 position=6 arm=tailfullxvec inner=95 gpu_seconds=0.196318417 wall_seconds=0.196521750 seconds_per_dispatch=0.002066509649 gbps=121.819010
LEG na=6 shape=head.compact_draft_vocab rep=8 position=7 arm=xvec inner=95 gpu_seconds=0.196117000 wall_seconds=0.196331208 seconds_per_dispatch=0.002064389473 gbps=121.944121
LEG na=6 shape=head.compact_draft_vocab rep=8 position=8 arm=shift inner=95 gpu_seconds=0.195870250 wall_seconds=0.196100250 seconds_per_dispatch=0.002061792105 gbps=122.097742
LEG na=6 shape=head.compact_draft_vocab rep=8 position=9 arm=rfull inner=95 gpu_seconds=0.195825625 wall_seconds=0.196038708 seconds_per_dispatch=0.002061322368 gbps=122.125566
LEG na=6 shape=head.compact_draft_vocab rep=8 position=10 arm=tailfull inner=95 gpu_seconds=0.196388542 wall_seconds=0.196615833 seconds_per_dispatch=0.002067247808 gbps=121.775512
LEG na=6 shape=head.compact_draft_vocab rep=8 position=11 arm=plain inner=95 gpu_seconds=0.196447000 wall_seconds=0.196660875 seconds_per_dispatch=0.002067863157 gbps=121.739274
LEG na=6 shape=head.compact_draft_vocab rep=9 position=0 arm=plain inner=95 gpu_seconds=0.196261209 wall_seconds=0.196483750 seconds_per_dispatch=0.002065907458 gbps=121.854519
LEG na=6 shape=head.compact_draft_vocab rep=9 position=1 arm=tailfull inner=95 gpu_seconds=0.196334500 wall_seconds=0.196545458 seconds_per_dispatch=0.002066678948 gbps=121.809031
LEG na=6 shape=head.compact_draft_vocab rep=9 position=2 arm=rfull inner=95 gpu_seconds=0.195785250 wall_seconds=0.196013917 seconds_per_dispatch=0.002060897369 gbps=122.150750
LEG na=6 shape=head.compact_draft_vocab rep=9 position=3 arm=shift inner=95 gpu_seconds=0.195770292 wall_seconds=0.195986750 seconds_per_dispatch=0.002060739914 gbps=122.160084
LEG na=6 shape=head.compact_draft_vocab rep=9 position=4 arm=xvec inner=95 gpu_seconds=0.196047375 wall_seconds=0.196265750 seconds_per_dispatch=0.002063656581 gbps=121.987429
LEG na=6 shape=head.compact_draft_vocab rep=9 position=5 arm=tailfullxvec inner=95 gpu_seconds=0.196454125 wall_seconds=0.196670667 seconds_per_dispatch=0.002067938158 gbps=121.734859
LEG na=6 shape=head.compact_draft_vocab rep=9 position=6 arm=tailfullxvec inner=95 gpu_seconds=0.196221500 wall_seconds=0.196445458 seconds_per_dispatch=0.002065489475 gbps=121.879178
LEG na=6 shape=head.compact_draft_vocab rep=9 position=7 arm=xvec inner=95 gpu_seconds=0.195894542 wall_seconds=0.196200042 seconds_per_dispatch=0.002062047807 gbps=122.082601
LEG na=6 shape=head.compact_draft_vocab rep=9 position=8 arm=shift inner=95 gpu_seconds=0.195911667 wall_seconds=0.196125625 seconds_per_dispatch=0.002062228072 gbps=122.071930
LEG na=6 shape=head.compact_draft_vocab rep=9 position=9 arm=rfull inner=95 gpu_seconds=0.195576625 wall_seconds=0.195792500 seconds_per_dispatch=0.002058701315 gbps=122.281051
LEG na=6 shape=head.compact_draft_vocab rep=9 position=10 arm=tailfull inner=95 gpu_seconds=0.196521000 wall_seconds=0.196729708 seconds_per_dispatch=0.002068642105 gbps=121.693433
LEG na=6 shape=head.compact_draft_vocab rep=9 position=11 arm=plain inner=95 gpu_seconds=0.196206833 wall_seconds=0.196383542 seconds_per_dispatch=0.002065335087 gbps=121.888289
LEG na=6 shape=head.compact_draft_vocab rep=10 position=0 arm=plain inner=95 gpu_seconds=0.196152375 wall_seconds=0.196389917 seconds_per_dispatch=0.002064761843 gbps=121.922129
LEG na=6 shape=head.compact_draft_vocab rep=10 position=1 arm=tailfull inner=95 gpu_seconds=0.196495833 wall_seconds=0.196694833 seconds_per_dispatch=0.002068377193 gbps=121.709019
LEG na=6 shape=head.compact_draft_vocab rep=10 position=2 arm=rfull inner=95 gpu_seconds=0.195749958 wall_seconds=0.195953167 seconds_per_dispatch=0.002060525877 gbps=122.172773
LEG na=6 shape=head.compact_draft_vocab rep=10 position=3 arm=shift inner=95 gpu_seconds=0.195874708 wall_seconds=0.196083375 seconds_per_dispatch=0.002061839037 gbps=122.094963
LEG na=6 shape=head.compact_draft_vocab rep=10 position=4 arm=xvec inner=95 gpu_seconds=0.195978250 wall_seconds=0.196280875 seconds_per_dispatch=0.002062928949 gbps=122.030456
LEG na=6 shape=head.compact_draft_vocab rep=10 position=5 arm=tailfullxvec inner=95 gpu_seconds=0.196431750 wall_seconds=0.196660250 seconds_per_dispatch=0.002067702634 gbps=121.748725
LEG na=6 shape=head.compact_draft_vocab rep=10 position=6 arm=tailfullxvec inner=95 gpu_seconds=0.196302792 wall_seconds=0.196517708 seconds_per_dispatch=0.002066345175 gbps=121.828707
LEG na=6 shape=head.compact_draft_vocab rep=10 position=7 arm=xvec inner=95 gpu_seconds=0.195852125 wall_seconds=0.196126250 seconds_per_dispatch=0.002061601316 gbps=122.109041
LEG na=6 shape=head.compact_draft_vocab rep=10 position=8 arm=shift inner=95 gpu_seconds=0.195665292 wall_seconds=0.195911292 seconds_per_dispatch=0.002059634650 gbps=122.225638
LEG na=6 shape=head.compact_draft_vocab rep=10 position=9 arm=rfull inner=95 gpu_seconds=0.195536375 wall_seconds=0.195760542 seconds_per_dispatch=0.002058277632 gbps=122.306222
LEG na=6 shape=head.compact_draft_vocab rep=10 position=10 arm=tailfull inner=95 gpu_seconds=0.196344292 wall_seconds=0.196580208 seconds_per_dispatch=0.002066782016 gbps=121.802956
LEG na=6 shape=head.compact_draft_vocab rep=10 position=11 arm=plain inner=95 gpu_seconds=0.195968875 wall_seconds=0.196195250 seconds_per_dispatch=0.002062830265 gbps=122.036294
LEG na=6 shape=head.compact_draft_vocab rep=11 position=0 arm=plain inner=95 gpu_seconds=0.196119792 wall_seconds=0.196331417 seconds_per_dispatch=0.002064418859 gbps=121.942385
LEG na=6 shape=head.compact_draft_vocab rep=11 position=1 arm=tailfull inner=95 gpu_seconds=0.196465125 wall_seconds=0.196688125 seconds_per_dispatch=0.002068053946 gbps=121.728043
LEG na=6 shape=head.compact_draft_vocab rep=11 position=2 arm=rfull inner=95 gpu_seconds=0.195834125 wall_seconds=0.196047750 seconds_per_dispatch=0.002061411844 gbps=122.120265
LEG na=6 shape=head.compact_draft_vocab rep=11 position=3 arm=shift inner=95 gpu_seconds=0.195814708 wall_seconds=0.196022083 seconds_per_dispatch=0.002061207458 gbps=122.132374
LEG na=6 shape=head.compact_draft_vocab rep=11 position=4 arm=xvec inner=95 gpu_seconds=0.195877000 wall_seconds=0.196096542 seconds_per_dispatch=0.002061863158 gbps=122.093534
LEG na=6 shape=head.compact_draft_vocab rep=11 position=5 arm=tailfullxvec inner=95 gpu_seconds=0.196415666 wall_seconds=0.196613250 seconds_per_dispatch=0.002067533331 gbps=121.758695
LEG na=6 shape=head.compact_draft_vocab rep=11 position=6 arm=tailfullxvec inner=95 gpu_seconds=0.196205625 wall_seconds=0.196409000 seconds_per_dispatch=0.002065322369 gbps=121.889040
LEG na=6 shape=head.compact_draft_vocab rep=11 position=7 arm=xvec inner=95 gpu_seconds=0.196037667 wall_seconds=0.196251083 seconds_per_dispatch=0.002063554386 gbps=121.993470
LEG na=6 shape=head.compact_draft_vocab rep=11 position=8 arm=shift inner=95 gpu_seconds=0.195916625 wall_seconds=0.196122625 seconds_per_dispatch=0.002062280263 gbps=122.068840
LEG na=6 shape=head.compact_draft_vocab rep=11 position=9 arm=rfull inner=95 gpu_seconds=0.195678750 wall_seconds=0.195890125 seconds_per_dispatch=0.002059776316 gbps=122.217232
LEG na=6 shape=head.compact_draft_vocab rep=11 position=10 arm=tailfull inner=95 gpu_seconds=0.196598250 wall_seconds=0.196790292 seconds_per_dispatch=0.002069455263 gbps=121.645616
LEG na=6 shape=head.compact_draft_vocab rep=11 position=11 arm=plain inner=95 gpu_seconds=0.196163875 wall_seconds=0.196365792 seconds_per_dispatch=0.002064882895 gbps=121.914982
LEG na=6 shape=head.compact_draft_vocab rep=12 position=0 arm=plain inner=95 gpu_seconds=0.196307583 wall_seconds=0.196509417 seconds_per_dispatch=0.002066395613 gbps=121.825733
LEG na=6 shape=head.compact_draft_vocab rep=12 position=1 arm=tailfull inner=95 gpu_seconds=0.196591125 wall_seconds=0.196775833 seconds_per_dispatch=0.002069380262 gbps=121.650025
LEG na=6 shape=head.compact_draft_vocab rep=12 position=2 arm=rfull inner=95 gpu_seconds=0.195542250 wall_seconds=0.195752667 seconds_per_dispatch=0.002058339472 gbps=122.302547
LEG na=6 shape=head.compact_draft_vocab rep=12 position=3 arm=shift inner=95 gpu_seconds=0.195903083 wall_seconds=0.196133333 seconds_per_dispatch=0.002062137719 gbps=122.077278
LEG na=6 shape=head.compact_draft_vocab rep=12 position=4 arm=xvec inner=95 gpu_seconds=0.195998292 wall_seconds=0.196225167 seconds_per_dispatch=0.002063139913 gbps=122.017978
LEG na=6 shape=head.compact_draft_vocab rep=12 position=5 arm=tailfullxvec inner=95 gpu_seconds=0.196313958 wall_seconds=0.196520417 seconds_per_dispatch=0.002066462720 gbps=121.821777
LEG na=6 shape=head.compact_draft_vocab rep=12 position=6 arm=tailfullxvec inner=95 gpu_seconds=0.196408875 wall_seconds=0.196628667 seconds_per_dispatch=0.002067461843 gbps=121.762905
LEG na=6 shape=head.compact_draft_vocab rep=12 position=7 arm=xvec inner=95 gpu_seconds=0.195724000 wall_seconds=0.195943958 seconds_per_dispatch=0.002060252631 gbps=122.188976
LEG na=6 shape=head.compact_draft_vocab rep=12 position=8 arm=shift inner=95 gpu_seconds=0.195835708 wall_seconds=0.196047417 seconds_per_dispatch=0.002061428510 gbps=122.119277
LEG na=6 shape=head.compact_draft_vocab rep=12 position=9 arm=rfull inner=95 gpu_seconds=0.195861167 wall_seconds=0.196067167 seconds_per_dispatch=0.002061696493 gbps=122.103404
LEG na=6 shape=head.compact_draft_vocab rep=12 position=10 arm=tailfull inner=95 gpu_seconds=0.196498167 wall_seconds=0.196715708 seconds_per_dispatch=0.002068401753 gbps=121.707574
LEG na=6 shape=head.compact_draft_vocab rep=12 position=11 arm=plain inner=95 gpu_seconds=0.196280875 wall_seconds=0.196499792 seconds_per_dispatch=0.002066114474 gbps=121.842310
LEG na=6 shape=head.compact_draft_vocab rep=13 position=0 arm=plain inner=95 gpu_seconds=0.196091208 wall_seconds=0.196332667 seconds_per_dispatch=0.002064117983 gbps=121.960160
LEG na=6 shape=head.compact_draft_vocab rep=13 position=1 arm=tailfull inner=95 gpu_seconds=0.196382750 wall_seconds=0.196599625 seconds_per_dispatch=0.002067186843 gbps=121.779103
LEG na=6 shape=head.compact_draft_vocab rep=13 position=2 arm=rfull inner=95 gpu_seconds=0.195943333 wall_seconds=0.196159708 seconds_per_dispatch=0.002062561402 gbps=122.052202
LEG na=6 shape=head.compact_draft_vocab rep=13 position=3 arm=shift inner=95 gpu_seconds=0.195700750 wall_seconds=0.195920292 seconds_per_dispatch=0.002060007895 gbps=122.203493
LEG na=6 shape=head.compact_draft_vocab rep=13 position=4 arm=xvec inner=95 gpu_seconds=0.195947667 wall_seconds=0.196163792 seconds_per_dispatch=0.002062607017 gbps=122.049502
LEG na=6 shape=head.compact_draft_vocab rep=13 position=5 arm=tailfullxvec inner=95 gpu_seconds=0.196245375 wall_seconds=0.196469167 seconds_per_dispatch=0.002065740790 gbps=121.864351
LEG na=6 shape=head.compact_draft_vocab rep=13 position=6 arm=tailfullxvec inner=95 gpu_seconds=0.196350917 wall_seconds=0.196576958 seconds_per_dispatch=0.002066851755 gbps=121.798847
LEG na=6 shape=head.compact_draft_vocab rep=13 position=7 arm=xvec inner=95 gpu_seconds=0.196080125 wall_seconds=0.196344083 seconds_per_dispatch=0.002064001315 gbps=121.967054
LEG na=6 shape=head.compact_draft_vocab rep=13 position=8 arm=shift inner=95 gpu_seconds=0.195804500 wall_seconds=0.196016458 seconds_per_dispatch=0.002061100000 gbps=122.138741
LEG na=6 shape=head.compact_draft_vocab rep=13 position=9 arm=rfull inner=95 gpu_seconds=0.195749125 wall_seconds=0.195974500 seconds_per_dispatch=0.002060517105 gbps=122.173293
LEG na=6 shape=head.compact_draft_vocab rep=13 position=10 arm=tailfull inner=95 gpu_seconds=0.196486500 wall_seconds=0.196702042 seconds_per_dispatch=0.002068278946 gbps=121.714801
LEG na=6 shape=head.compact_draft_vocab rep=13 position=11 arm=plain inner=95 gpu_seconds=0.196011667 wall_seconds=0.196232750 seconds_per_dispatch=0.002063280702 gbps=122.009652
LEG na=6 shape=head.compact_draft_vocab rep=14 position=0 arm=plain inner=95 gpu_seconds=0.196044125 wall_seconds=0.196260833 seconds_per_dispatch=0.002063622367 gbps=121.989451
LEG na=6 shape=head.compact_draft_vocab rep=14 position=1 arm=tailfull inner=95 gpu_seconds=0.196417000 wall_seconds=0.196628792 seconds_per_dispatch=0.002067547370 gbps=121.757868
LEG na=6 shape=head.compact_draft_vocab rep=14 position=2 arm=rfull inner=95 gpu_seconds=0.195812833 wall_seconds=0.196026708 seconds_per_dispatch=0.002061187719 gbps=122.133544
LEG na=6 shape=head.compact_draft_vocab rep=14 position=3 arm=shift inner=95 gpu_seconds=0.195819625 wall_seconds=0.196029875 seconds_per_dispatch=0.002061259210 gbps=122.129308
LEG na=6 shape=head.compact_draft_vocab rep=14 position=4 arm=xvec inner=95 gpu_seconds=0.195822542 wall_seconds=0.196042167 seconds_per_dispatch=0.002061289912 gbps=122.127489
LEG na=6 shape=head.compact_draft_vocab rep=14 position=5 arm=tailfullxvec inner=95 gpu_seconds=0.196369125 wall_seconds=0.196580292 seconds_per_dispatch=0.002067043421 gbps=121.787553
LEG na=6 shape=head.compact_draft_vocab rep=14 position=6 arm=tailfullxvec inner=95 gpu_seconds=0.196352542 wall_seconds=0.196552875 seconds_per_dispatch=0.002066868860 gbps=121.797839
LEG na=6 shape=head.compact_draft_vocab rep=14 position=7 arm=xvec inner=95 gpu_seconds=0.195738000 wall_seconds=0.196021583 seconds_per_dispatch=0.002060400001 gbps=122.180237
LEG na=6 shape=head.compact_draft_vocab rep=14 position=8 arm=shift inner=95 gpu_seconds=0.195871250 wall_seconds=0.196063375 seconds_per_dispatch=0.002061802632 gbps=122.097118
LEG na=6 shape=head.compact_draft_vocab rep=14 position=9 arm=rfull inner=95 gpu_seconds=0.195640917 wall_seconds=0.195831208 seconds_per_dispatch=0.002059378071 gbps=122.240867
LEG na=6 shape=head.compact_draft_vocab rep=14 position=10 arm=tailfull inner=95 gpu_seconds=0.196536458 wall_seconds=0.196756375 seconds_per_dispatch=0.002068804825 gbps=121.683862
LEG na=6 shape=head.compact_draft_vocab rep=14 position=11 arm=plain inner=95 gpu_seconds=0.196235375 wall_seconds=0.196480833 seconds_per_dispatch=0.002065635526 gbps=121.870561
LEG na=6 shape=head.compact_draft_vocab rep=15 position=0 arm=plain inner=95 gpu_seconds=0.196125250 wall_seconds=0.196426750 seconds_per_dispatch=0.002064476317 gbps=121.938991
LEG na=6 shape=head.compact_draft_vocab rep=15 position=1 arm=tailfull inner=95 gpu_seconds=0.196228000 wall_seconds=0.196467542 seconds_per_dispatch=0.002065557893 gbps=121.875141
LEG na=6 shape=head.compact_draft_vocab rep=15 position=2 arm=rfull inner=95 gpu_seconds=0.195545125 wall_seconds=0.195773083 seconds_per_dispatch=0.002058369735 gbps=122.300749
LEG na=6 shape=head.compact_draft_vocab rep=15 position=3 arm=shift inner=95 gpu_seconds=0.195621125 wall_seconds=0.195827542 seconds_per_dispatch=0.002059169736 gbps=122.253234
LEG na=6 shape=head.compact_draft_vocab rep=15 position=4 arm=xvec inner=95 gpu_seconds=0.195896375 wall_seconds=0.196130667 seconds_per_dispatch=0.002062067108 gbps=122.081458
LEG na=6 shape=head.compact_draft_vocab rep=15 position=5 arm=tailfullxvec inner=95 gpu_seconds=0.196267208 wall_seconds=0.196495083 seconds_per_dispatch=0.002065970614 gbps=121.850794
LEG na=6 shape=head.compact_draft_vocab rep=15 position=6 arm=tailfullxvec inner=95 gpu_seconds=0.196262375 wall_seconds=0.196492792 seconds_per_dispatch=0.002065919737 gbps=121.853795
LEG na=6 shape=head.compact_draft_vocab rep=15 position=7 arm=xvec inner=95 gpu_seconds=0.195948750 wall_seconds=0.196147500 seconds_per_dispatch=0.002062618421 gbps=122.048828
LEG na=6 shape=head.compact_draft_vocab rep=15 position=8 arm=shift inner=95 gpu_seconds=0.195736875 wall_seconds=0.195937083 seconds_per_dispatch=0.002060388159 gbps=122.180939
LEG na=6 shape=head.compact_draft_vocab rep=15 position=9 arm=rfull inner=95 gpu_seconds=0.195914667 wall_seconds=0.196117333 seconds_per_dispatch=0.002062259649 gbps=122.070060
LEG na=6 shape=head.compact_draft_vocab rep=15 position=10 arm=tailfull inner=95 gpu_seconds=0.196576875 wall_seconds=0.196788583 seconds_per_dispatch=0.002069230262 gbps=121.658843
LEG na=6 shape=head.compact_draft_vocab rep=15 position=11 arm=plain inner=95 gpu_seconds=0.197220417 wall_seconds=0.197464250 seconds_per_dispatch=0.002076004387 gbps=121.261863
LEG na=6 shape=head.compact_draft_vocab rep=16 position=0 arm=plain inner=95 gpu_seconds=0.197913625 wall_seconds=0.198113583 seconds_per_dispatch=0.002083301314 gbps=120.837134
LEG na=6 shape=head.compact_draft_vocab rep=16 position=1 arm=tailfull inner=95 gpu_seconds=0.197712125 wall_seconds=0.197915583 seconds_per_dispatch=0.002081180263 gbps=120.960286
LEG na=6 shape=head.compact_draft_vocab rep=16 position=2 arm=rfull inner=95 gpu_seconds=0.197253250 wall_seconds=0.197459083 seconds_per_dispatch=0.002076350001 gbps=121.241679
LEG na=6 shape=head.compact_draft_vocab rep=16 position=3 arm=shift inner=95 gpu_seconds=0.197073083 wall_seconds=0.197271292 seconds_per_dispatch=0.002074453509 gbps=121.352520
LEG na=6 shape=head.compact_draft_vocab rep=16 position=4 arm=xvec inner=95 gpu_seconds=0.196908708 wall_seconds=0.197114250 seconds_per_dispatch=0.002072723247 gbps=121.453822
LEG na=6 shape=head.compact_draft_vocab rep=16 position=5 arm=tailfullxvec inner=95 gpu_seconds=0.197426750 wall_seconds=0.197632875 seconds_per_dispatch=0.002078176314 gbps=121.135131
LEG na=6 shape=head.compact_draft_vocab rep=16 position=6 arm=tailfullxvec inner=95 gpu_seconds=0.197295958 wall_seconds=0.197477417 seconds_per_dispatch=0.002076799562 gbps=121.215434
LEG na=6 shape=head.compact_draft_vocab rep=16 position=7 arm=xvec inner=95 gpu_seconds=0.196772250 wall_seconds=0.196993750 seconds_per_dispatch=0.002071286841 gbps=121.538048
LEG na=6 shape=head.compact_draft_vocab rep=16 position=8 arm=shift inner=95 gpu_seconds=0.196940208 wall_seconds=0.197141000 seconds_per_dispatch=0.002073054824 gbps=121.434396
LEG na=6 shape=head.compact_draft_vocab rep=16 position=9 arm=rfull inner=95 gpu_seconds=0.196147750 wall_seconds=0.196358708 seconds_per_dispatch=0.002064713159 gbps=121.925004
LEG na=6 shape=head.compact_draft_vocab rep=16 position=10 arm=tailfull inner=95 gpu_seconds=0.196453125 wall_seconds=0.196661917 seconds_per_dispatch=0.002067927631 gbps=121.735479
LEG na=6 shape=head.compact_draft_vocab rep=16 position=11 arm=plain inner=95 gpu_seconds=0.196293125 wall_seconds=0.196488833 seconds_per_dispatch=0.002066243420 gbps=121.834706
LEG na=6 shape=head.compact_draft_vocab rep=17 position=0 arm=plain inner=95 gpu_seconds=0.196095000 wall_seconds=0.196302042 seconds_per_dispatch=0.002064157895 gbps=121.957802
LEG na=6 shape=head.compact_draft_vocab rep=17 position=1 arm=tailfull inner=95 gpu_seconds=0.196537667 wall_seconds=0.196735542 seconds_per_dispatch=0.002068817544 gbps=121.683113
LEG na=6 shape=head.compact_draft_vocab rep=17 position=2 arm=rfull inner=95 gpu_seconds=0.195767500 wall_seconds=0.195972333 seconds_per_dispatch=0.002060710526 gbps=122.161826
LEG na=6 shape=head.compact_draft_vocab rep=17 position=3 arm=shift inner=95 gpu_seconds=0.195834708 wall_seconds=0.196038167 seconds_per_dispatch=0.002061417981 gbps=122.119901
LEG na=6 shape=head.compact_draft_vocab rep=17 position=4 arm=xvec inner=95 gpu_seconds=0.196018792 wall_seconds=0.196206583 seconds_per_dispatch=0.002063355700 gbps=122.005217
LEG na=6 shape=head.compact_draft_vocab rep=17 position=5 arm=tailfullxvec inner=95 gpu_seconds=0.196162125 wall_seconds=0.196382250 seconds_per_dispatch=0.002064864475 gbps=121.916069
LEG na=6 shape=head.compact_draft_vocab rep=17 position=6 arm=tailfullxvec inner=95 gpu_seconds=0.196394500 wall_seconds=0.196602875 seconds_per_dispatch=0.002067310527 gbps=121.771817
LEG na=6 shape=head.compact_draft_vocab rep=17 position=7 arm=xvec inner=95 gpu_seconds=0.196119000 wall_seconds=0.196396083 seconds_per_dispatch=0.002064410526 gbps=121.942878
LEG na=6 shape=head.compact_draft_vocab rep=17 position=8 arm=shift inner=95 gpu_seconds=0.195827500 wall_seconds=0.196051083 seconds_per_dispatch=0.002061342105 gbps=122.124396
LEG na=6 shape=head.compact_draft_vocab rep=17 position=9 arm=rfull inner=95 gpu_seconds=0.195834292 wall_seconds=0.196050000 seconds_per_dispatch=0.002061413596 gbps=122.120161
LEG na=6 shape=head.compact_draft_vocab rep=17 position=10 arm=tailfull inner=95 gpu_seconds=0.196423875 wall_seconds=0.196641292 seconds_per_dispatch=0.002067619739 gbps=121.753606
LEG na=6 shape=head.compact_draft_vocab rep=17 position=11 arm=plain inner=95 gpu_seconds=0.196366500 wall_seconds=0.196587417 seconds_per_dispatch=0.002067015791 gbps=121.789181
LEG na=6 shape=head.compact_draft_vocab rep=18 position=0 arm=plain inner=95 gpu_seconds=0.196332292 wall_seconds=0.196566875 seconds_per_dispatch=0.002066655702 gbps=121.810401
LEG na=6 shape=head.compact_draft_vocab rep=18 position=1 arm=tailfull inner=95 gpu_seconds=0.196298458 wall_seconds=0.196520000 seconds_per_dispatch=0.002066299562 gbps=121.831396
LEG na=6 shape=head.compact_draft_vocab rep=18 position=2 arm=rfull inner=95 gpu_seconds=0.195725250 wall_seconds=0.195991375 seconds_per_dispatch=0.002060265790 gbps=122.188196
LEG na=6 shape=head.compact_draft_vocab rep=18 position=3 arm=shift inner=95 gpu_seconds=0.195924000 wall_seconds=0.196135208 seconds_per_dispatch=0.002062357894 gbps=122.064245
LEG na=6 shape=head.compact_draft_vocab rep=18 position=4 arm=xvec inner=95 gpu_seconds=0.196011792 wall_seconds=0.196226958 seconds_per_dispatch=0.002063282018 gbps=122.009574
LEG na=6 shape=head.compact_draft_vocab rep=18 position=5 arm=tailfullxvec inner=95 gpu_seconds=0.196386875 wall_seconds=0.196602458 seconds_per_dispatch=0.002067230262 gbps=121.776545
LEG na=6 shape=head.compact_draft_vocab rep=18 position=6 arm=tailfullxvec inner=95 gpu_seconds=0.196096500 wall_seconds=0.196340792 seconds_per_dispatch=0.002064173683 gbps=121.956869
LEG na=6 shape=head.compact_draft_vocab rep=18 position=7 arm=xvec inner=95 gpu_seconds=0.195975708 wall_seconds=0.196198708 seconds_per_dispatch=0.002062902193 gbps=122.032039
LEG na=6 shape=head.compact_draft_vocab rep=18 position=8 arm=shift inner=95 gpu_seconds=0.195957500 wall_seconds=0.196167417 seconds_per_dispatch=0.002062710527 gbps=122.043378
LEG na=6 shape=head.compact_draft_vocab rep=18 position=9 arm=rfull inner=95 gpu_seconds=0.195550750 wall_seconds=0.195753917 seconds_per_dispatch=0.002058428947 gbps=122.297231
LEG na=6 shape=head.compact_draft_vocab rep=18 position=10 arm=tailfull inner=95 gpu_seconds=0.196555167 wall_seconds=0.196768875 seconds_per_dispatch=0.002069001755 gbps=121.672280
LEG na=6 shape=head.compact_draft_vocab rep=18 position=11 arm=plain inner=95 gpu_seconds=0.196225500 wall_seconds=0.196452042 seconds_per_dispatch=0.002065531579 gbps=121.876694
LEG na=6 shape=head.compact_draft_vocab rep=19 position=0 arm=plain inner=95 gpu_seconds=0.196213125 wall_seconds=0.196410542 seconds_per_dispatch=0.002065401316 gbps=121.884381
LEG na=6 shape=head.compact_draft_vocab rep=19 position=1 arm=tailfull inner=95 gpu_seconds=0.196561750 wall_seconds=0.196758667 seconds_per_dispatch=0.002069071053 gbps=121.668205
LEG na=6 shape=head.compact_draft_vocab rep=19 position=2 arm=rfull inner=95 gpu_seconds=0.195740000 wall_seconds=0.195960792 seconds_per_dispatch=0.002060421054 gbps=122.178988
LEG na=6 shape=head.compact_draft_vocab rep=19 position=3 arm=shift inner=95 gpu_seconds=0.195841625 wall_seconds=0.196066250 seconds_per_dispatch=0.002061490791 gbps=122.115588
LEG na=6 shape=head.compact_draft_vocab rep=19 position=4 arm=xvec inner=95 gpu_seconds=0.196056750 wall_seconds=0.196265292 seconds_per_dispatch=0.002063755262 gbps=121.981596
LEG na=6 shape=head.compact_draft_vocab rep=19 position=5 arm=tailfullxvec inner=95 gpu_seconds=0.196136333 wall_seconds=0.196339917 seconds_per_dispatch=0.002064592982 gbps=121.932101
LEG na=6 shape=head.compact_draft_vocab rep=19 position=6 arm=tailfullxvec inner=95 gpu_seconds=0.196072125 wall_seconds=0.196276875 seconds_per_dispatch=0.002063917106 gbps=121.972030
LEG na=6 shape=head.compact_draft_vocab rep=19 position=7 arm=xvec inner=95 gpu_seconds=0.195879875 wall_seconds=0.196100417 seconds_per_dispatch=0.002061893421 gbps=122.091742
LEG na=6 shape=head.compact_draft_vocab rep=19 position=8 arm=shift inner=95 gpu_seconds=0.195680250 wall_seconds=0.195904167 seconds_per_dispatch=0.002059792107 gbps=122.216295
LEG na=6 shape=head.compact_draft_vocab rep=19 position=9 arm=rfull inner=95 gpu_seconds=0.195637708 wall_seconds=0.195849167 seconds_per_dispatch=0.002059344298 gbps=122.242871
LEG na=6 shape=head.compact_draft_vocab rep=19 position=10 arm=tailfull inner=95 gpu_seconds=0.196250375 wall_seconds=0.196469833 seconds_per_dispatch=0.002065793422 gbps=121.861246
LEG na=6 shape=head.compact_draft_vocab rep=19 position=11 arm=plain inner=95 gpu_seconds=0.196426417 wall_seconds=0.196642042 seconds_per_dispatch=0.002067646492 gbps=121.752031
LEG na=6 shape=head.compact_draft_vocab rep=20 position=0 arm=plain inner=95 gpu_seconds=0.196496042 wall_seconds=0.196674208 seconds_per_dispatch=0.002068379387 gbps=121.708890
LEG na=6 shape=head.compact_draft_vocab rep=20 position=1 arm=tailfull inner=95 gpu_seconds=0.196509208 wall_seconds=0.196707417 seconds_per_dispatch=0.002068517982 gbps=121.700736
LEG na=6 shape=head.compact_draft_vocab rep=20 position=2 arm=rfull inner=95 gpu_seconds=0.195988500 wall_seconds=0.196199625 seconds_per_dispatch=0.002063036842 gbps=122.024074
LEG na=6 shape=head.compact_draft_vocab rep=20 position=3 arm=shift inner=95 gpu_seconds=0.195808750 wall_seconds=0.196006917 seconds_per_dispatch=0.002061144736 gbps=122.136091
LEG na=6 shape=head.compact_draft_vocab rep=20 position=4 arm=xvec inner=95 gpu_seconds=0.196138708 wall_seconds=0.196327208 seconds_per_dispatch=0.002064617983 gbps=121.930624
LEG na=6 shape=head.compact_draft_vocab rep=20 position=5 arm=tailfullxvec inner=95 gpu_seconds=0.196458625 wall_seconds=0.196676917 seconds_per_dispatch=0.002067985525 gbps=121.732071
LEG na=6 shape=head.compact_draft_vocab rep=20 position=6 arm=tailfullxvec inner=95 gpu_seconds=0.196274750 wall_seconds=0.196485333 seconds_per_dispatch=0.002066049999 gbps=121.846112
LEG na=6 shape=head.compact_draft_vocab rep=20 position=7 arm=xvec inner=95 gpu_seconds=0.196099208 wall_seconds=0.196295833 seconds_per_dispatch=0.002064202192 gbps=121.955185
LEG na=6 shape=head.compact_draft_vocab rep=20 position=8 arm=shift inner=95 gpu_seconds=0.196007041 wall_seconds=0.196217875 seconds_per_dispatch=0.002063232016 gbps=122.012531
LEG na=6 shape=head.compact_draft_vocab rep=20 position=9 arm=rfull inner=95 gpu_seconds=0.195883833 wall_seconds=0.196086625 seconds_per_dispatch=0.002061935088 gbps=122.089275
LEG na=6 shape=head.compact_draft_vocab rep=20 position=10 arm=tailfull inner=95 gpu_seconds=0.196599625 wall_seconds=0.196797042 seconds_per_dispatch=0.002069469735 gbps=121.644765
LEG na=6 shape=head.compact_draft_vocab rep=20 position=11 arm=plain inner=95 gpu_seconds=0.196334542 wall_seconds=0.196533875 seconds_per_dispatch=0.002066679387 gbps=121.809005
e69_cell_ab: head.compact_draft_vocab inner=95 legs=252 entry=67.65C exit=71.88C
SHAPE na=6 shape=head.compact_draft_vocab inner=95 legs=252 entry_gpu_temp_c=67.65 exit_gpu_temp_c=71.88
PARITY na=6 shape=head.lm_head arm=tailfull differing=0 elements=1489920
PARITY na=6 shape=head.lm_head arm=rfull differing=0 elements=1489920
PARITY na=6 shape=head.lm_head arm=shift differing=0 elements=1489920
PARITY na=6 shape=head.lm_head arm=xvec differing=0 elements=1489920
PARITY na=6 shape=head.lm_head arm=tailfullxvec differing=0 elements=1489920
LEG na=6 shape=head.lm_head rep=0 position=0 arm=plain inner=37 gpu_seconds=0.192309833 wall_seconds=0.192510333 seconds_per_dispatch=0.005197563064 gbps=122.307164
LEG na=6 shape=head.lm_head rep=0 position=1 arm=tailfull inner=37 gpu_seconds=0.192412958 wall_seconds=0.192599250 seconds_per_dispatch=0.005200350229 gbps=122.241613
LEG na=6 shape=head.lm_head rep=0 position=2 arm=rfull inner=37 gpu_seconds=0.191862042 wall_seconds=0.192067458 seconds_per_dispatch=0.005185460590 gbps=122.592620
LEG na=6 shape=head.lm_head rep=0 position=3 arm=shift inner=37 gpu_seconds=0.191997333 wall_seconds=0.192190000 seconds_per_dispatch=0.005189117120 gbps=122.506235
LEG na=6 shape=head.lm_head rep=0 position=4 arm=xvec inner=37 gpu_seconds=0.192050625 wall_seconds=0.192230417 seconds_per_dispatch=0.005190557435 gbps=122.472241
LEG na=6 shape=head.lm_head rep=0 position=5 arm=tailfullxvec inner=37 gpu_seconds=0.192395875 wall_seconds=0.192596417 seconds_per_dispatch=0.005199888513 gbps=122.252467
LEG na=6 shape=head.lm_head rep=0 position=6 arm=tailfullxvec inner=37 gpu_seconds=0.192324250 wall_seconds=0.192525833 seconds_per_dispatch=0.005197952703 gbps=122.297996
LEG na=6 shape=head.lm_head rep=0 position=7 arm=xvec inner=37 gpu_seconds=0.192013500 wall_seconds=0.192198167 seconds_per_dispatch=0.005189554055 gbps=122.495920
LEG na=6 shape=head.lm_head rep=0 position=8 arm=shift inner=37 gpu_seconds=0.192006000 wall_seconds=0.192211042 seconds_per_dispatch=0.005189351354 gbps=122.500705
LEG na=6 shape=head.lm_head rep=0 position=9 arm=rfull inner=37 gpu_seconds=0.191929833 wall_seconds=0.192125500 seconds_per_dispatch=0.005187292797 gbps=122.549319
LEG na=6 shape=head.lm_head rep=0 position=10 arm=tailfull inner=37 gpu_seconds=0.192565708 wall_seconds=0.192765000 seconds_per_dispatch=0.005204478600 gbps=122.144647
LEG na=6 shape=head.lm_head rep=0 position=11 arm=plain inner=37 gpu_seconds=0.192373500 wall_seconds=0.192554667 seconds_per_dispatch=0.005199283783 gbps=122.266686
LEG na=6 shape=head.lm_head rep=1 position=0 arm=plain inner=37 gpu_seconds=0.192187667 wall_seconds=0.192398750 seconds_per_dispatch=0.005194261261 gbps=122.384911
LEG na=6 shape=head.lm_head rep=1 position=1 arm=tailfull inner=37 gpu_seconds=0.192467375 wall_seconds=0.192663417 seconds_per_dispatch=0.005201820945 gbps=122.207051
LEG na=6 shape=head.lm_head rep=1 position=2 arm=rfull inner=37 gpu_seconds=0.191842792 wall_seconds=0.192043750 seconds_per_dispatch=0.005184940314 gbps=122.604921
LEG na=6 shape=head.lm_head rep=1 position=3 arm=shift inner=37 gpu_seconds=0.191984750 wall_seconds=0.192176333 seconds_per_dispatch=0.005188777030 gbps=122.514264
LEG na=6 shape=head.lm_head rep=1 position=4 arm=xvec inner=37 gpu_seconds=0.192079333 wall_seconds=0.192291958 seconds_per_dispatch=0.005191333334 gbps=122.453936
LEG na=6 shape=head.lm_head rep=1 position=5 arm=tailfullxvec inner=37 gpu_seconds=0.192353250 wall_seconds=0.192564875 seconds_per_dispatch=0.005198736486 gbps=122.279558
LEG na=6 shape=head.lm_head rep=1 position=6 arm=tailfullxvec inner=37 gpu_seconds=0.192426708 wall_seconds=0.192638417 seconds_per_dispatch=0.005200721846 gbps=122.232878
LEG na=6 shape=head.lm_head rep=1 position=7 arm=xvec inner=37 gpu_seconds=0.192131500 wall_seconds=0.192321542 seconds_per_dispatch=0.005192743243 gbps=122.420688
LEG na=6 shape=head.lm_head rep=1 position=8 arm=shift inner=37 gpu_seconds=0.191973583 wall_seconds=0.192307667 seconds_per_dispatch=0.005188475225 gbps=122.521391
LEG na=6 shape=head.lm_head rep=1 position=9 arm=rfull inner=37 gpu_seconds=0.191816125 wall_seconds=0.192054792 seconds_per_dispatch=0.005184219590 gbps=122.621966
LEG na=6 shape=head.lm_head rep=1 position=10 arm=tailfull inner=37 gpu_seconds=0.192439667 wall_seconds=0.192659583 seconds_per_dispatch=0.005201072073 gbps=122.224647
LEG na=6 shape=head.lm_head rep=1 position=11 arm=plain inner=37 gpu_seconds=0.192242125 wall_seconds=0.192447375 seconds_per_dispatch=0.005195733103 gbps=122.350242
LEG na=6 shape=head.lm_head rep=2 position=0 arm=plain inner=37 gpu_seconds=0.192317500 wall_seconds=0.192538250 seconds_per_dispatch=0.005197770271 gbps=122.302289
LEG na=6 shape=head.lm_head rep=2 position=1 arm=tailfull inner=37 gpu_seconds=0.192577500 wall_seconds=0.192788875 seconds_per_dispatch=0.005204797294 gbps=122.137168
LEG na=6 shape=head.lm_head rep=2 position=2 arm=rfull inner=37 gpu_seconds=0.191868250 wall_seconds=0.192087042 seconds_per_dispatch=0.005185628379 gbps=122.588653
LEG na=6 shape=head.lm_head rep=2 position=3 arm=shift inner=37 gpu_seconds=0.191858208 wall_seconds=0.192077958 seconds_per_dispatch=0.005185356980 gbps=122.595070
LEG na=6 shape=head.lm_head rep=2 position=4 arm=xvec inner=37 gpu_seconds=0.191971375 wall_seconds=0.192183583 seconds_per_dispatch=0.005188415538 gbps=122.522800
LEG na=6 shape=head.lm_head rep=2 position=5 arm=tailfullxvec inner=37 gpu_seconds=0.192373542 wall_seconds=0.192584417 seconds_per_dispatch=0.005199284909 gbps=122.266660
LEG na=6 shape=head.lm_head rep=2 position=6 arm=tailfullxvec inner=37 gpu_seconds=0.192407917 wall_seconds=0.192619375 seconds_per_dispatch=0.005200213967 gbps=122.244816
LEG na=6 shape=head.lm_head rep=2 position=7 arm=xvec inner=37 gpu_seconds=0.191988500 wall_seconds=0.192241000 seconds_per_dispatch=0.005188878380 gbps=122.511871
LEG na=6 shape=head.lm_head rep=2 position=8 arm=shift inner=37 gpu_seconds=0.191877750 wall_seconds=0.192089042 seconds_per_dispatch=0.005185885135 gbps=122.582584
LEG na=6 shape=head.lm_head rep=2 position=9 arm=rfull inner=37 gpu_seconds=0.191760000 wall_seconds=0.191968833 seconds_per_dispatch=0.005182702705 gbps=122.657856
LEG na=6 shape=head.lm_head rep=2 position=10 arm=tailfull inner=37 gpu_seconds=0.192487625 wall_seconds=0.192695667 seconds_per_dispatch=0.005202368242 gbps=122.194195
LEG na=6 shape=head.lm_head rep=2 position=11 arm=plain inner=37 gpu_seconds=0.192351625 wall_seconds=0.192529500 seconds_per_dispatch=0.005198692563 gbps=122.280591
LEG na=6 shape=head.lm_head rep=3 position=0 arm=plain inner=37 gpu_seconds=0.192266250 wall_seconds=0.192459000 seconds_per_dispatch=0.005196385136 gbps=122.334889
LEG na=6 shape=head.lm_head rep=3 position=1 arm=tailfull inner=37 gpu_seconds=0.192546750 wall_seconds=0.192769917 seconds_per_dispatch=0.005203966215 gbps=122.156673
LEG na=6 shape=head.lm_head rep=3 position=2 arm=rfull inner=37 gpu_seconds=0.191754125 wall_seconds=0.191962167 seconds_per_dispatch=0.005182543921 gbps=122.661614
LEG na=6 shape=head.lm_head rep=3 position=3 arm=shift inner=37 gpu_seconds=0.191909292 wall_seconds=0.192124583 seconds_per_dispatch=0.005186737609 gbps=122.562437
LEG na=6 shape=head.lm_head rep=3 position=4 arm=xvec inner=37 gpu_seconds=0.192089042 wall_seconds=0.192328000 seconds_per_dispatch=0.005191595721 gbps=122.447747
LEG na=6 shape=head.lm_head rep=3 position=5 arm=tailfullxvec inner=37 gpu_seconds=0.192423500 wall_seconds=0.192609000 seconds_per_dispatch=0.005200635132 gbps=122.234916
LEG na=6 shape=head.lm_head rep=3 position=6 arm=tailfullxvec inner=37 gpu_seconds=0.192295125 wall_seconds=0.192511000 seconds_per_dispatch=0.005197165540 gbps=122.316519
LEG na=6 shape=head.lm_head rep=3 position=7 arm=xvec inner=37 gpu_seconds=0.192092750 wall_seconds=0.192374625 seconds_per_dispatch=0.005191695946 gbps=122.445383
LEG na=6 shape=head.lm_head rep=3 position=8 arm=shift inner=37 gpu_seconds=0.191946625 wall_seconds=0.192142375 seconds_per_dispatch=0.005187746616 gbps=122.538599
LEG na=6 shape=head.lm_head rep=3 position=9 arm=rfull inner=37 gpu_seconds=0.191873875 wall_seconds=0.192083458 seconds_per_dispatch=0.005185780405 gbps=122.585060
LEG na=6 shape=head.lm_head rep=3 position=10 arm=tailfull inner=37 gpu_seconds=0.192516250 wall_seconds=0.192726792 seconds_per_dispatch=0.005203141894 gbps=122.176026
LEG na=6 shape=head.lm_head rep=3 position=11 arm=plain inner=37 gpu_seconds=0.192375125 wall_seconds=0.192587208 seconds_per_dispatch=0.005199327706 gbps=122.265654
LEG na=6 shape=head.lm_head rep=4 position=0 arm=plain inner=37 gpu_seconds=0.192194417 wall_seconds=0.192404083 seconds_per_dispatch=0.005194443693 gbps=122.380612
LEG na=6 shape=head.lm_head rep=4 position=1 arm=tailfull inner=37 gpu_seconds=0.192464458 wall_seconds=0.192677250 seconds_per_dispatch=0.005201742116 gbps=122.208903
LEG na=6 shape=head.lm_head rep=4 position=2 arm=rfull inner=37 gpu_seconds=0.191862875 wall_seconds=0.192074625 seconds_per_dispatch=0.005185483112 gbps=122.592088
LEG na=6 shape=head.lm_head rep=4 position=3 arm=shift inner=37 gpu_seconds=0.191822500 wall_seconds=0.192020042 seconds_per_dispatch=0.005184391891 gbps=122.617891
LEG na=6 shape=head.lm_head rep=4 position=4 arm=xvec inner=37 gpu_seconds=0.191916875 wall_seconds=0.192136917 seconds_per_dispatch=0.005186942570 gbps=122.557594
LEG na=6 shape=head.lm_head rep=4 position=5 arm=tailfullxvec inner=37 gpu_seconds=0.192230083 wall_seconds=0.192475417 seconds_per_dispatch=0.005195407656 gbps=122.357906
LEG na=6 shape=head.lm_head rep=4 position=6 arm=tailfullxvec inner=37 gpu_seconds=0.192460916 wall_seconds=0.192683542 seconds_per_dispatch=0.005201646391 gbps=122.211152
LEG na=6 shape=head.lm_head rep=4 position=7 arm=xvec inner=37 gpu_seconds=0.192038000 wall_seconds=0.192251292 seconds_per_dispatch=0.005190216213 gbps=122.480293
LEG na=6 shape=head.lm_head rep=4 position=8 arm=shift inner=37 gpu_seconds=0.192026125 wall_seconds=0.192210875 seconds_per_dispatch=0.005189895271 gbps=122.487867
LEG na=6 shape=head.lm_head rep=4 position=9 arm=rfull inner=37 gpu_seconds=0.191926000 wall_seconds=0.192095625 seconds_per_dispatch=0.005187189188 gbps=122.551767
LEG na=6 shape=head.lm_head rep=4 position=10 arm=tailfull inner=37 gpu_seconds=0.192486375 wall_seconds=0.192697583 seconds_per_dispatch=0.005202334462 gbps=122.194989
LEG na=6 shape=head.lm_head rep=4 position=11 arm=plain inner=37 gpu_seconds=0.192313042 wall_seconds=0.192503208 seconds_per_dispatch=0.005197649778 gbps=122.305124
LEG na=6 shape=head.lm_head rep=5 position=0 arm=plain inner=37 gpu_seconds=0.192407750 wall_seconds=0.192593667 seconds_per_dispatch=0.005200209461 gbps=122.244922
LEG na=6 shape=head.lm_head rep=5 position=1 arm=tailfull inner=37 gpu_seconds=0.192603917 wall_seconds=0.192798500 seconds_per_dispatch=0.005205511260 gbps=122.120416
LEG na=6 shape=head.lm_head rep=5 position=2 arm=rfull inner=37 gpu_seconds=0.191995000 wall_seconds=0.192188208 seconds_per_dispatch=0.005189054054 gbps=122.507724
LEG na=6 shape=head.lm_head rep=5 position=3 arm=shift inner=37 gpu_seconds=0.191901833 wall_seconds=0.192105250 seconds_per_dispatch=0.005186536035 gbps=122.567200
LEG na=6 shape=head.lm_head rep=5 position=4 arm=xvec inner=37 gpu_seconds=0.192045625 wall_seconds=0.192245000 seconds_per_dispatch=0.005190422293 gbps=122.475430
LEG na=6 shape=head.lm_head rep=5 position=5 arm=tailfullxvec inner=37 gpu_seconds=0.192393375 wall_seconds=0.192571083 seconds_per_dispatch=0.005199820949 gbps=122.254056
LEG na=6 shape=head.lm_head rep=5 position=6 arm=tailfullxvec inner=37 gpu_seconds=0.192327625 wall_seconds=0.192537208 seconds_per_dispatch=0.005198043922 gbps=122.295850
LEG na=6 shape=head.lm_head rep=5 position=7 arm=xvec inner=37 gpu_seconds=0.192084750 wall_seconds=0.192281125 seconds_per_dispatch=0.005191479728 gbps=122.450483
LEG na=6 shape=head.lm_head rep=5 position=8 arm=shift inner=37 gpu_seconds=0.191933958 wall_seconds=0.192139583 seconds_per_dispatch=0.005187404279 gbps=122.546685
LEG na=6 shape=head.lm_head rep=5 position=9 arm=rfull inner=37 gpu_seconds=0.191786125 wall_seconds=0.192019833 seconds_per_dispatch=0.005183408779 gbps=122.641147
LEG na=6 shape=head.lm_head rep=5 position=10 arm=tailfull inner=37 gpu_seconds=0.192609125 wall_seconds=0.192810958 seconds_per_dispatch=0.005205652022 gbps=122.117114
LEG na=6 shape=head.lm_head rep=5 position=11 arm=plain inner=37 gpu_seconds=0.192471000 wall_seconds=0.192680000 seconds_per_dispatch=0.005201918923 gbps=122.204750
LEG na=6 shape=head.lm_head rep=6 position=0 arm=plain inner=37 gpu_seconds=0.192345750 wall_seconds=0.192562542 seconds_per_dispatch=0.005198533785 gbps=122.284326
LEG na=6 shape=head.lm_head rep=6 position=1 arm=tailfull inner=37 gpu_seconds=0.192589125 wall_seconds=0.192797542 seconds_per_dispatch=0.005205111490 gbps=122.129795
LEG na=6 shape=head.lm_head rep=6 position=2 arm=rfull inner=37 gpu_seconds=0.191691625 wall_seconds=0.191899792 seconds_per_dispatch=0.005180854728 gbps=122.701607
LEG na=6 shape=head.lm_head rep=6 position=3 arm=shift inner=37 gpu_seconds=0.191949375 wall_seconds=0.192175125 seconds_per_dispatch=0.005187820945 gbps=122.536843
LEG na=6 shape=head.lm_head rep=6 position=4 arm=xvec inner=37 gpu_seconds=0.192160708 wall_seconds=0.192371167 seconds_per_dispatch=0.005193532658 gbps=122.402080
LEG na=6 shape=head.lm_head rep=6 position=5 arm=tailfullxvec inner=37 gpu_seconds=0.192348417 wall_seconds=0.192568875 seconds_per_dispatch=0.005198605856 gbps=122.282631
LEG na=6 shape=head.lm_head rep=6 position=6 arm=tailfullxvec inner=37 gpu_seconds=0.192381583 wall_seconds=0.192597250 seconds_per_dispatch=0.005199502254 gbps=122.261549
LEG na=6 shape=head.lm_head rep=6 position=7 arm=xvec inner=37 gpu_seconds=0.191900375 wall_seconds=0.192144625 seconds_per_dispatch=0.005186496623 gbps=122.568131
LEG na=6 shape=head.lm_head rep=6 position=8 arm=shift inner=37 gpu_seconds=0.191946958 wall_seconds=0.192155125 seconds_per_dispatch=0.005187755633 gbps=122.538386
LEG na=6 shape=head.lm_head rep=6 position=9 arm=rfull inner=37 gpu_seconds=0.191872750 wall_seconds=0.192064708 seconds_per_dispatch=0.005185750005 gbps=122.585778
LEG na=6 shape=head.lm_head rep=6 position=10 arm=tailfull inner=37 gpu_seconds=0.192571333 wall_seconds=0.192792375 seconds_per_dispatch=0.005204630632 gbps=122.141079
LEG na=6 shape=head.lm_head rep=6 position=11 arm=plain inner=37 gpu_seconds=0.192304625 wall_seconds=0.192554333 seconds_per_dispatch=0.005197422296 gbps=122.310477
LEG na=6 shape=head.lm_head rep=7 position=0 arm=plain inner=37 gpu_seconds=0.192204333 wall_seconds=0.192434375 seconds_per_dispatch=0.005194711713 gbps=122.374298
LEG na=6 shape=head.lm_head rep=7 position=1 arm=tailfull inner=37 gpu_seconds=0.192453875 wall_seconds=0.192669667 seconds_per_dispatch=0.005201456080 gbps=122.215624
LEG na=6 shape=head.lm_head rep=7 position=2 arm=rfull inner=37 gpu_seconds=0.191790417 wall_seconds=0.192053042 seconds_per_dispatch=0.005183524773 gbps=122.638403
LEG na=6 shape=head.lm_head rep=7 position=3 arm=shift inner=37 gpu_seconds=0.191919083 wall_seconds=0.192132583 seconds_per_dispatch=0.005187002250 gbps=122.556184
LEG na=6 shape=head.lm_head rep=7 position=4 arm=xvec inner=37 gpu_seconds=0.192109625 wall_seconds=0.192337250 seconds_per_dispatch=0.005192152029 gbps=122.434628
LEG na=6 shape=head.lm_head rep=7 position=5 arm=tailfullxvec inner=37 gpu_seconds=0.192405042 wall_seconds=0.192616583 seconds_per_dispatch=0.005200136264 gbps=122.246643
LEG na=6 shape=head.lm_head rep=7 position=6 arm=tailfullxvec inner=37 gpu_seconds=0.192233375 wall_seconds=0.192441250 seconds_per_dispatch=0.005195496623 gbps=122.355810
LEG na=6 shape=head.lm_head rep=7 position=7 arm=xvec inner=37 gpu_seconds=0.192018667 wall_seconds=0.192232667 seconds_per_dispatch=0.005189693690 gbps=122.492624
LEG na=6 shape=head.lm_head rep=7 position=8 arm=shift inner=37 gpu_seconds=0.191963375 wall_seconds=0.192182042 seconds_per_dispatch=0.005188199326 gbps=122.527906
LEG na=6 shape=head.lm_head rep=7 position=9 arm=rfull inner=37 gpu_seconds=0.191804500 wall_seconds=0.192016750 seconds_per_dispatch=0.005183905407 gbps=122.629398
LEG na=6 shape=head.lm_head rep=7 position=10 arm=tailfull inner=37 gpu_seconds=0.192429750 wall_seconds=0.192629042 seconds_per_dispatch=0.005200804054 gbps=122.230946
LEG na=6 shape=head.lm_head rep=7 position=11 arm=plain inner=37 gpu_seconds=0.192237000 wall_seconds=0.192429083 seconds_per_dispatch=0.005195594600 gbps=122.353503
LEG na=6 shape=head.lm_head rep=8 position=0 arm=plain inner=37 gpu_seconds=0.192295625 wall_seconds=0.192481958 seconds_per_dispatch=0.005197179051 gbps=122.316202
LEG na=6 shape=head.lm_head rep=8 position=1 arm=tailfull inner=37 gpu_seconds=0.192600375 wall_seconds=0.192801250 seconds_per_dispatch=0.005205415535 gbps=122.122662
LEG na=6 shape=head.lm_head rep=8 position=2 arm=rfull inner=37 gpu_seconds=0.191828125 wall_seconds=0.192028000 seconds_per_dispatch=0.005184543917 gbps=122.614296
LEG na=6 shape=head.lm_head rep=8 position=3 arm=shift inner=37 gpu_seconds=0.191971208 wall_seconds=0.192183750 seconds_per_dispatch=0.005188411032 gbps=122.522907
LEG na=6 shape=head.lm_head rep=8 position=4 arm=xvec inner=37 gpu_seconds=0.191950167 wall_seconds=0.192150875 seconds_per_dispatch=0.005187842347 gbps=122.536337
LEG na=6 shape=head.lm_head rep=8 position=5 arm=tailfullxvec inner=37 gpu_seconds=0.192499666 wall_seconds=0.192700042 seconds_per_dispatch=0.005202693689 gbps=122.186551
LEG na=6 shape=head.lm_head rep=8 position=6 arm=tailfullxvec inner=37 gpu_seconds=0.192485667 wall_seconds=0.192662667 seconds_per_dispatch=0.005202315314 gbps=122.195438
LEG na=6 shape=head.lm_head rep=8 position=7 arm=xvec inner=37 gpu_seconds=0.192052458 wall_seconds=0.192258458 seconds_per_dispatch=0.005190606984 gbps=122.471072
LEG na=6 shape=head.lm_head rep=8 position=8 arm=shift inner=37 gpu_seconds=0.191877500 wall_seconds=0.192092792 seconds_per_dispatch=0.005185878376 gbps=122.582744
LEG na=6 shape=head.lm_head rep=8 position=9 arm=rfull inner=37 gpu_seconds=0.191666250 wall_seconds=0.191866375 seconds_per_dispatch=0.005180168916 gbps=122.717852
LEG na=6 shape=head.lm_head rep=8 position=10 arm=tailfull inner=37 gpu_seconds=0.192588667 wall_seconds=0.192780208 seconds_per_dispatch=0.005205099100 gbps=122.130086
LEG na=6 shape=head.lm_head rep=8 position=11 arm=plain inner=37 gpu_seconds=0.192251083 wall_seconds=0.192463625 seconds_per_dispatch=0.005195975228 gbps=122.344540
LEG na=6 shape=head.lm_head rep=9 position=0 arm=plain inner=37 gpu_seconds=0.192330750 wall_seconds=0.192547417 seconds_per_dispatch=0.005198128377 gbps=122.293863
LEG na=6 shape=head.lm_head rep=9 position=1 arm=tailfull inner=37 gpu_seconds=0.192531500 wall_seconds=0.192718958 seconds_per_dispatch=0.005203554054 gbps=122.166349
LEG na=6 shape=head.lm_head rep=9 position=2 arm=rfull inner=37 gpu_seconds=0.191787750 wall_seconds=0.192012625 seconds_per_dispatch=0.005183452703 gbps=122.640108
LEG na=6 shape=head.lm_head rep=9 position=3 arm=shift inner=37 gpu_seconds=0.191955750 wall_seconds=0.192154083 seconds_per_dispatch=0.005187993240 gbps=122.532773
LEG na=6 shape=head.lm_head rep=9 position=4 arm=xvec inner=37 gpu_seconds=0.192089000 wall_seconds=0.192271625 seconds_per_dispatch=0.005191594595 gbps=122.447774
LEG na=6 shape=head.lm_head rep=9 position=5 arm=tailfullxvec inner=37 gpu_seconds=0.192455625 wall_seconds=0.192644458 seconds_per_dispatch=0.005201503376 gbps=122.214513
LEG na=6 shape=head.lm_head rep=9 position=6 arm=tailfullxvec inner=37 gpu_seconds=0.192432833 wall_seconds=0.192631667 seconds_per_dispatch=0.005200887388 gbps=122.228988
LEG na=6 shape=head.lm_head rep=9 position=7 arm=xvec inner=37 gpu_seconds=0.192023167 wall_seconds=0.192226333 seconds_per_dispatch=0.005189815316 gbps=122.489754
LEG na=6 shape=head.lm_head rep=9 position=8 arm=shift inner=37 gpu_seconds=0.191959125 wall_seconds=0.192147458 seconds_per_dispatch=0.005188084459 gbps=122.530619
LEG na=6 shape=head.lm_head rep=9 position=9 arm=rfull inner=37 gpu_seconds=0.191842708 wall_seconds=0.192051792 seconds_per_dispatch=0.005184938061 gbps=122.604975
LEG na=6 shape=head.lm_head rep=9 position=10 arm=tailfull inner=37 gpu_seconds=0.192594000 wall_seconds=0.192808000 seconds_per_dispatch=0.005205243247 gbps=122.126704
LEG na=6 shape=head.lm_head rep=9 position=11 arm=plain inner=37 gpu_seconds=0.192336958 wall_seconds=0.192500500 seconds_per_dispatch=0.005198296172 gbps=122.289916
LEG na=6 shape=head.lm_head rep=10 position=0 arm=plain inner=37 gpu_seconds=0.192305333 wall_seconds=0.192491833 seconds_per_dispatch=0.005197441438 gbps=122.310026
LEG na=6 shape=head.lm_head rep=10 position=1 arm=tailfull inner=37 gpu_seconds=0.192480167 wall_seconds=0.192681167 seconds_per_dispatch=0.005202166667 gbps=122.198930
LEG na=6 shape=head.lm_head rep=10 position=2 arm=rfull inner=37 gpu_seconds=0.191948750 wall_seconds=0.192142458 seconds_per_dispatch=0.005187804049 gbps=122.537242
LEG na=6 shape=head.lm_head rep=10 position=3 arm=shift inner=37 gpu_seconds=0.192005750 wall_seconds=0.192175417 seconds_per_dispatch=0.005189344595 gbps=122.500865
LEG na=6 shape=head.lm_head rep=10 position=4 arm=xvec inner=37 gpu_seconds=0.191991917 wall_seconds=0.192171958 seconds_per_dispatch=0.005188970720 gbps=122.509691
LEG na=6 shape=head.lm_head rep=10 position=5 arm=tailfullxvec inner=37 gpu_seconds=0.192314250 wall_seconds=0.192547542 seconds_per_dispatch=0.005197682437 gbps=122.304355
LEG na=6 shape=head.lm_head rep=10 position=6 arm=tailfullxvec inner=37 gpu_seconds=0.192193833 wall_seconds=0.192457917 seconds_per_dispatch=0.005194427930 gbps=122.380984
LEG na=6 shape=head.lm_head rep=10 position=7 arm=xvec inner=37 gpu_seconds=0.192068208 wall_seconds=0.192304708 seconds_per_dispatch=0.005191032655 gbps=122.461029
LEG na=6 shape=head.lm_head rep=10 position=8 arm=shift inner=37 gpu_seconds=0.191880875 wall_seconds=0.192073042 seconds_per_dispatch=0.005185969596 gbps=122.580588
LEG na=6 shape=head.lm_head rep=10 position=9 arm=rfull inner=37 gpu_seconds=0.191899875 wall_seconds=0.192151542 seconds_per_dispatch=0.005186483107 gbps=122.568451
LEG na=6 shape=head.lm_head rep=10 position=10 arm=tailfull inner=37 gpu_seconds=0.192546250 wall_seconds=0.192792792 seconds_per_dispatch=0.005203952704 gbps=122.156990
LEG na=6 shape=head.lm_head rep=10 position=11 arm=plain inner=37 gpu_seconds=0.192182500 wall_seconds=0.192422042 seconds_per_dispatch=0.005194121619 gbps=122.388201
LEG na=6 shape=head.lm_head rep=11 position=0 arm=plain inner=37 gpu_seconds=0.192432000 wall_seconds=0.192634708 seconds_per_dispatch=0.005200864867 gbps=122.229517
LEG na=6 shape=head.lm_head rep=11 position=1 arm=tailfull inner=37 gpu_seconds=0.192557417 wall_seconds=0.192751625 seconds_per_dispatch=0.005204254503 gbps=122.149906
LEG na=6 shape=head.lm_head rep=11 position=2 arm=rfull inner=37 gpu_seconds=0.191877667 wall_seconds=0.192085250 seconds_per_dispatch=0.005185882882 gbps=122.582637
LEG na=6 shape=head.lm_head rep=11 position=3 arm=shift inner=37 gpu_seconds=0.191821292 wall_seconds=0.192015625 seconds_per_dispatch=0.005184359232 gbps=122.618663
LEG na=6 shape=head.lm_head rep=11 position=4 arm=xvec inner=37 gpu_seconds=0.191924792 wall_seconds=0.192143958 seconds_per_dispatch=0.005187156535 gbps=122.552538
LEG na=6 shape=head.lm_head rep=11 position=5 arm=tailfullxvec inner=37 gpu_seconds=0.192327750 wall_seconds=0.192534208 seconds_per_dispatch=0.005198047301 gbps=122.295771
LEG na=6 shape=head.lm_head rep=11 position=6 arm=tailfullxvec inner=37 gpu_seconds=0.192530958 wall_seconds=0.192734333 seconds_per_dispatch=0.005203539418 gbps=122.166693
LEG na=6 shape=head.lm_head rep=11 position=7 arm=xvec inner=37 gpu_seconds=0.192068500 wall_seconds=0.192290333 seconds_per_dispatch=0.005191040540 gbps=122.460843
LEG na=6 shape=head.lm_head rep=11 position=8 arm=shift inner=37 gpu_seconds=0.191975500 wall_seconds=0.192179583 seconds_per_dispatch=0.005188527026 gbps=122.520167
LEG na=6 shape=head.lm_head rep=11 position=9 arm=rfull inner=37 gpu_seconds=0.191743958 wall_seconds=0.191959625 seconds_per_dispatch=0.005182269143 gbps=122.668117
LEG na=6 shape=head.lm_head rep=11 position=10 arm=tailfull inner=37 gpu_seconds=0.192501375 wall_seconds=0.192712583 seconds_per_dispatch=0.005202739864 gbps=122.185467
LEG na=6 shape=head.lm_head rep=11 position=11 arm=plain inner=37 gpu_seconds=0.192228500 wall_seconds=0.192426542 seconds_per_dispatch=0.005195364859 gbps=122.358914
LEG na=6 shape=head.lm_head rep=12 position=0 arm=plain inner=37 gpu_seconds=0.192262667 wall_seconds=0.192526875 seconds_per_dispatch=0.005196288285 gbps=122.337169
LEG na=6 shape=head.lm_head rep=12 position=1 arm=tailfull inner=37 gpu_seconds=0.192550833 wall_seconds=0.192761417 seconds_per_dispatch=0.005204076577 gbps=122.154083
LEG na=6 shape=head.lm_head rep=12 position=2 arm=rfull inner=37 gpu_seconds=0.191833667 wall_seconds=0.192051875 seconds_per_dispatch=0.005184693696 gbps=122.610753
LEG na=6 shape=head.lm_head rep=12 position=3 arm=shift inner=37 gpu_seconds=0.191856917 wall_seconds=0.192077750 seconds_per_dispatch=0.005185322075 gbps=122.595895
LEG na=6 shape=head.lm_head rep=12 position=4 arm=xvec inner=37 gpu_seconds=0.192081667 wall_seconds=0.192289125 seconds_per_dispatch=0.005191396400 gbps=122.452448
LEG na=6 shape=head.lm_head rep=12 position=5 arm=tailfullxvec inner=37 gpu_seconds=0.192349083 wall_seconds=0.192542042 seconds_per_dispatch=0.005198623878 gbps=122.282207
LEG na=6 shape=head.lm_head rep=12 position=6 arm=tailfullxvec inner=37 gpu_seconds=0.192360708 wall_seconds=0.192571375 seconds_per_dispatch=0.005198938067 gbps=122.274817
LEG na=6 shape=head.lm_head rep=12 position=7 arm=xvec inner=37 gpu_seconds=0.192020125 wall_seconds=0.192215875 seconds_per_dispatch=0.005189733108 gbps=122.491694
LEG na=6 shape=head.lm_head rep=12 position=8 arm=shift inner=37 gpu_seconds=0.191782250 wall_seconds=0.192001125 seconds_per_dispatch=0.005183304056 gbps=122.643625
LEG na=6 shape=head.lm_head rep=12 position=9 arm=rfull inner=37 gpu_seconds=0.191864625 wall_seconds=0.192073750 seconds_per_dispatch=0.005185530408 gbps=122.590969
LEG na=6 shape=head.lm_head rep=12 position=10 arm=tailfull inner=37 gpu_seconds=0.192476333 wall_seconds=0.192714583 seconds_per_dispatch=0.005202063064 gbps=122.201364
LEG na=6 shape=head.lm_head rep=12 position=11 arm=plain inner=37 gpu_seconds=0.192243875 wall_seconds=0.192483042 seconds_per_dispatch=0.005195780406 gbps=122.349128
LEG na=6 shape=head.lm_head rep=13 position=0 arm=plain inner=37 gpu_seconds=0.192452917 wall_seconds=0.192658083 seconds_per_dispatch=0.005201430180 gbps=122.216232
LEG na=6 shape=head.lm_head rep=13 position=1 arm=tailfull inner=37 gpu_seconds=0.192429250 wall_seconds=0.192629750 seconds_per_dispatch=0.005200790537 gbps=122.231264
LEG na=6 shape=head.lm_head rep=13 position=2 arm=rfull inner=37 gpu_seconds=0.191688042 wall_seconds=0.191914708 seconds_per_dispatch=0.005180757883 gbps=122.703901
LEG na=6 shape=head.lm_head rep=13 position=3 arm=shift inner=37 gpu_seconds=0.191953250 wall_seconds=0.192171833 seconds_per_dispatch=0.005187925675 gbps=122.534369
LEG na=6 shape=head.lm_head rep=13 position=4 arm=xvec inner=37 gpu_seconds=0.191934750 wall_seconds=0.192155125 seconds_per_dispatch=0.005187425674 gbps=122.546180
LEG na=6 shape=head.lm_head rep=13 position=5 arm=tailfullxvec inner=37 gpu_seconds=0.192316750 wall_seconds=0.192545042 seconds_per_dispatch=0.005197750002 gbps=122.302766
LEG na=6 shape=head.lm_head rep=13 position=6 arm=tailfullxvec inner=37 gpu_seconds=0.192228375 wall_seconds=0.192489125 seconds_per_dispatch=0.005195361487 gbps=122.358993
LEG na=6 shape=head.lm_head rep=13 position=7 arm=xvec inner=37 gpu_seconds=0.192021583 wall_seconds=0.192240042 seconds_per_dispatch=0.005189772525 gbps=122.490764
LEG na=6 shape=head.lm_head rep=13 position=8 arm=shift inner=37 gpu_seconds=0.191973667 wall_seconds=0.192188500 seconds_per_dispatch=0.005188477477 gbps=122.521337
LEG na=6 shape=head.lm_head rep=13 position=9 arm=rfull inner=37 gpu_seconds=0.191827292 wall_seconds=0.192035958 seconds_per_dispatch=0.005184521395 gbps=122.614828
LEG na=6 shape=head.lm_head rep=13 position=10 arm=tailfull inner=37 gpu_seconds=0.192488750 wall_seconds=0.192709542 seconds_per_dispatch=0.005202398648 gbps=122.193481
LEG na=6 shape=head.lm_head rep=13 position=11 arm=plain inner=37 gpu_seconds=0.192346458 wall_seconds=0.192551375 seconds_per_dispatch=0.005198552928 gbps=122.283876
LEG na=6 shape=head.lm_head rep=14 position=0 arm=plain inner=37 gpu_seconds=0.192201792 wall_seconds=0.192385875 seconds_per_dispatch=0.005194643015 gbps=122.375917
LEG na=6 shape=head.lm_head rep=14 position=1 arm=tailfull inner=37 gpu_seconds=0.192582375 wall_seconds=0.192795500 seconds_per_dispatch=0.005204929051 gbps=122.134076
LEG na=6 shape=head.lm_head rep=14 position=2 arm=rfull inner=37 gpu_seconds=0.191927250 wall_seconds=0.192110625 seconds_per_dispatch=0.005187222973 gbps=122.550969
LEG na=6 shape=head.lm_head rep=14 position=3 arm=shift inner=37 gpu_seconds=0.191953583 wall_seconds=0.192129958 seconds_per_dispatch=0.005187934686 gbps=122.534156
LEG na=6 shape=head.lm_head rep=14 position=4 arm=xvec inner=37 gpu_seconds=0.191963333 wall_seconds=0.192135292 seconds_per_dispatch=0.005188198194 gbps=122.527933
LEG na=6 shape=head.lm_head rep=14 position=5 arm=tailfullxvec inner=37 gpu_seconds=0.192399625 wall_seconds=0.192581917 seconds_per_dispatch=0.005199989864 gbps=122.250084
LEG na=6 shape=head.lm_head rep=14 position=6 arm=tailfullxvec inner=37 gpu_seconds=0.192429875 wall_seconds=0.192614458 seconds_per_dispatch=0.005200807427 gbps=122.230867
LEG na=6 shape=head.lm_head rep=14 position=7 arm=xvec inner=37 gpu_seconds=0.192095083 wall_seconds=0.192294458 seconds_per_dispatch=0.005191759011 gbps=122.443896
LEG na=6 shape=head.lm_head rep=14 position=8 arm=shift inner=37 gpu_seconds=0.191922500 wall_seconds=0.192111083 seconds_per_dispatch=0.005187094595 gbps=122.554002
LEG na=6 shape=head.lm_head rep=14 position=9 arm=rfull inner=37 gpu_seconds=0.191896250 wall_seconds=0.192111125 seconds_per_dispatch=0.005186385135 gbps=122.570766
LEG na=6 shape=head.lm_head rep=14 position=10 arm=tailfull inner=37 gpu_seconds=0.192460000 wall_seconds=0.192678250 seconds_per_dispatch=0.005201621623 gbps=122.211734
LEG na=6 shape=head.lm_head rep=14 position=11 arm=plain inner=37 gpu_seconds=0.192211958 wall_seconds=0.192416708 seconds_per_dispatch=0.005194917793 gbps=122.369444
LEG na=6 shape=head.lm_head rep=15 position=0 arm=plain inner=37 gpu_seconds=0.192332583 wall_seconds=0.192559417 seconds_per_dispatch=0.005198177932 gbps=122.292697
LEG na=6 shape=head.lm_head rep=15 position=1 arm=tailfull inner=37 gpu_seconds=0.192553375 wall_seconds=0.192763125 seconds_per_dispatch=0.005204145268 gbps=122.152470
LEG na=6 shape=head.lm_head rep=15 position=2 arm=rfull inner=37 gpu_seconds=0.191774500 wall_seconds=0.191992750 seconds_per_dispatch=0.005183094596 gbps=122.648581
LEG na=6 shape=head.lm_head rep=15 position=3 arm=shift inner=37 gpu_seconds=0.191839750 wall_seconds=0.192043417 seconds_per_dispatch=0.005184858112 gbps=122.606865
LEG na=6 shape=head.lm_head rep=15 position=4 arm=xvec inner=37 gpu_seconds=0.192090125 wall_seconds=0.192354792 seconds_per_dispatch=0.005191625002 gbps=122.447057
LEG na=6 shape=head.lm_head rep=15 position=5 arm=tailfullxvec inner=37 gpu_seconds=0.192367500 wall_seconds=0.192581667 seconds_per_dispatch=0.005199121620 gbps=122.270500
LEG na=6 shape=head.lm_head rep=15 position=6 arm=tailfullxvec inner=37 gpu_seconds=0.192418708 wall_seconds=0.192622792 seconds_per_dispatch=0.005200505628 gbps=122.237960
LEG na=6 shape=head.lm_head rep=15 position=7 arm=xvec inner=37 gpu_seconds=0.191999875 wall_seconds=0.192208333 seconds_per_dispatch=0.005189185811 gbps=122.504613
LEG na=6 shape=head.lm_head rep=15 position=8 arm=shift inner=37 gpu_seconds=0.191841375 wall_seconds=0.192054792 seconds_per_dispatch=0.005184902029 gbps=122.605827
LEG na=6 shape=head.lm_head rep=15 position=9 arm=rfull inner=37 gpu_seconds=0.191816750 wall_seconds=0.192028083 seconds_per_dispatch=0.005184236486 gbps=122.621567
LEG na=6 shape=head.lm_head rep=15 position=10 arm=tailfull inner=37 gpu_seconds=0.192460500 wall_seconds=0.192662083 seconds_per_dispatch=0.005201635140 gbps=122.211417
LEG na=6 shape=head.lm_head rep=15 position=11 arm=plain inner=37 gpu_seconds=0.192349375 wall_seconds=0.192560833 seconds_per_dispatch=0.005198631757 gbps=122.282021
LEG na=6 shape=head.lm_head rep=16 position=0 arm=plain inner=37 gpu_seconds=0.192304542 wall_seconds=0.192545125 seconds_per_dispatch=0.005197420049 gbps=122.310530
LEG na=6 shape=head.lm_head rep=16 position=1 arm=tailfull inner=37 gpu_seconds=0.192437625 wall_seconds=0.192656625 seconds_per_dispatch=0.005201016893 gbps=122.225944
LEG na=6 shape=head.lm_head rep=16 position=2 arm=rfull inner=37 gpu_seconds=0.191885708 wall_seconds=0.192101875 seconds_per_dispatch=0.005186100226 gbps=122.577500
LEG na=6 shape=head.lm_head rep=16 position=3 arm=shift inner=37 gpu_seconds=0.191898875 wall_seconds=0.192113875 seconds_per_dispatch=0.005186456079 gbps=122.569090
LEG na=6 shape=head.lm_head rep=16 position=4 arm=xvec inner=37 gpu_seconds=0.192075583 wall_seconds=0.192287042 seconds_per_dispatch=0.005191231977 gbps=122.456327
LEG na=6 shape=head.lm_head rep=16 position=5 arm=tailfullxvec inner=37 gpu_seconds=0.192471292 wall_seconds=0.192668792 seconds_per_dispatch=0.005201926801 gbps=122.204565
LEG na=6 shape=head.lm_head rep=16 position=6 arm=tailfullxvec inner=37 gpu_seconds=0.192323375 wall_seconds=0.192540375 seconds_per_dispatch=0.005197929055 gbps=122.298553
LEG na=6 shape=head.lm_head rep=16 position=7 arm=xvec inner=37 gpu_seconds=0.191942250 wall_seconds=0.192162542 seconds_per_dispatch=0.005187628375 gbps=122.541392
LEG na=6 shape=head.lm_head rep=16 position=8 arm=shift inner=37 gpu_seconds=0.191944375 wall_seconds=0.192145875 seconds_per_dispatch=0.005187685809 gbps=122.540035
LEG na=6 shape=head.lm_head rep=16 position=9 arm=rfull inner=37 gpu_seconds=0.191947666 wall_seconds=0.192166500 seconds_per_dispatch=0.005187774769 gbps=122.537934
LEG na=6 shape=head.lm_head rep=16 position=10 arm=tailfull inner=37 gpu_seconds=0.192529500 wall_seconds=0.192688875 seconds_per_dispatch=0.005203500000 gbps=122.167618
LEG na=6 shape=head.lm_head rep=16 position=11 arm=plain inner=37 gpu_seconds=0.192225209 wall_seconds=0.192414083 seconds_per_dispatch=0.005195275906 gbps=122.361009
LEG na=6 shape=head.lm_head rep=17 position=0 arm=plain inner=37 gpu_seconds=0.192200292 wall_seconds=0.192398583 seconds_per_dispatch=0.005194602478 gbps=122.376872
LEG na=6 shape=head.lm_head rep=17 position=1 arm=tailfull inner=37 gpu_seconds=0.192549083 wall_seconds=0.192747833 seconds_per_dispatch=0.005204029281 gbps=122.155193
LEG na=6 shape=head.lm_head rep=17 position=2 arm=rfull inner=37 gpu_seconds=0.191794875 wall_seconds=0.191996167 seconds_per_dispatch=0.005183645272 gbps=122.635552
LEG na=6 shape=head.lm_head rep=17 position=3 arm=shift inner=37 gpu_seconds=0.191896625 wall_seconds=0.192122875 seconds_per_dispatch=0.005186395267 gbps=122.570527
LEG na=6 shape=head.lm_head rep=17 position=4 arm=xvec inner=37 gpu_seconds=0.193040750 wall_seconds=0.193257333 seconds_per_dispatch=0.005217317567 gbps=121.844069
LEG na=6 shape=head.lm_head rep=17 position=5 arm=tailfullxvec inner=37 gpu_seconds=0.193639875 wall_seconds=0.193860250 seconds_per_dispatch=0.005233510133 gbps=121.467081
LEG na=6 shape=head.lm_head rep=17 position=6 arm=tailfullxvec inner=37 gpu_seconds=0.194356542 wall_seconds=0.194576458 seconds_per_dispatch=0.005252879503 gbps=121.019186
LEG na=6 shape=head.lm_head rep=17 position=7 arm=xvec inner=37 gpu_seconds=0.193578458 wall_seconds=0.193752000 seconds_per_dispatch=0.005231850227 gbps=121.505619
LEG na=6 shape=head.lm_head rep=17 position=8 arm=shift inner=37 gpu_seconds=0.193096500 wall_seconds=0.193299667 seconds_per_dispatch=0.005218824321 gbps=121.808890
LEG na=6 shape=head.lm_head rep=17 position=9 arm=rfull inner=37 gpu_seconds=0.192979625 wall_seconds=0.193166750 seconds_per_dispatch=0.005215665539 gbps=121.882662
LEG na=6 shape=head.lm_head rep=17 position=10 arm=tailfull inner=37 gpu_seconds=0.193398708 wall_seconds=0.193600958 seconds_per_dispatch=0.005226992115 gbps=121.618550
LEG na=6 shape=head.lm_head rep=17 position=11 arm=plain inner=37 gpu_seconds=0.193317250 wall_seconds=0.193497125 seconds_per_dispatch=0.005224790544 gbps=121.669796
LEG na=6 shape=head.lm_head rep=18 position=0 arm=plain inner=37 gpu_seconds=0.193512958 wall_seconds=0.193716042 seconds_per_dispatch=0.005230079959 gbps=121.546746
LEG na=6 shape=head.lm_head rep=18 position=1 arm=tailfull inner=37 gpu_seconds=0.193573125 wall_seconds=0.193823833 seconds_per_dispatch=0.005231706079 gbps=121.508967
LEG na=6 shape=head.lm_head rep=18 position=2 arm=rfull inner=37 gpu_seconds=0.192266000 wall_seconds=0.192471167 seconds_per_dispatch=0.005196378378 gbps=122.335048
LEG na=6 shape=head.lm_head rep=18 position=3 arm=shift inner=37 gpu_seconds=0.191910625 wall_seconds=0.192121792 seconds_per_dispatch=0.005186773648 gbps=122.561585
LEG na=6 shape=head.lm_head rep=18 position=4 arm=xvec inner=37 gpu_seconds=0.191968500 wall_seconds=0.192167542 seconds_per_dispatch=0.005188337836 gbps=122.524635
LEG na=6 shape=head.lm_head rep=18 position=5 arm=tailfullxvec inner=37 gpu_seconds=0.192402625 wall_seconds=0.192572375 seconds_per_dispatch=0.005200070946 gbps=122.248178
LEG na=6 shape=head.lm_head rep=18 position=6 arm=tailfullxvec inner=37 gpu_seconds=0.192388500 wall_seconds=0.192570708 seconds_per_dispatch=0.005199689192 gbps=122.257154
LEG na=6 shape=head.lm_head rep=18 position=7 arm=xvec inner=37 gpu_seconds=0.192088458 wall_seconds=0.192281292 seconds_per_dispatch=0.005191579958 gbps=122.448119
LEG na=6 shape=head.lm_head rep=18 position=8 arm=shift inner=37 gpu_seconds=0.191911500 wall_seconds=0.192110042 seconds_per_dispatch=0.005186797296 gbps=122.561026
LEG na=6 shape=head.lm_head rep=18 position=9 arm=rfull inner=37 gpu_seconds=0.191918666 wall_seconds=0.192114125 seconds_per_dispatch=0.005186990986 gbps=122.556450
LEG na=6 shape=head.lm_head rep=18 position=10 arm=tailfull inner=37 gpu_seconds=0.192729917 wall_seconds=0.192919708 seconds_per_dispatch=0.005208916666 gbps=122.040578
LEG na=6 shape=head.lm_head rep=18 position=11 arm=plain inner=37 gpu_seconds=0.192417083 wall_seconds=0.192589208 seconds_per_dispatch=0.005200461711 gbps=122.238992
LEG na=6 shape=head.lm_head rep=19 position=0 arm=plain inner=37 gpu_seconds=0.192358500 wall_seconds=0.192565458 seconds_per_dispatch=0.005198878375 gbps=122.276221
LEG na=6 shape=head.lm_head rep=19 position=1 arm=tailfull inner=37 gpu_seconds=0.192627250 wall_seconds=0.192819083 seconds_per_dispatch=0.005206141891 gbps=122.105623
LEG na=6 shape=head.lm_head rep=19 position=2 arm=rfull inner=37 gpu_seconds=0.191754500 wall_seconds=0.191953750 seconds_per_dispatch=0.005182554052 gbps=122.661374
LEG na=6 shape=head.lm_head rep=19 position=3 arm=shift inner=37 gpu_seconds=0.192125250 wall_seconds=0.192315167 seconds_per_dispatch=0.005192574328 gbps=122.424670
LEG na=6 shape=head.lm_head rep=19 position=4 arm=xvec inner=37 gpu_seconds=0.192115042 wall_seconds=0.192289458 seconds_per_dispatch=0.005192298423 gbps=122.431176
LEG na=6 shape=head.lm_head rep=19 position=5 arm=tailfullxvec inner=37 gpu_seconds=0.192452208 wall_seconds=0.192625792 seconds_per_dispatch=0.005201411037 gbps=122.216682
LEG na=6 shape=head.lm_head rep=19 position=6 arm=tailfullxvec inner=37 gpu_seconds=0.192345625 wall_seconds=0.192552833 seconds_per_dispatch=0.005198530400 gbps=122.284406
LEG na=6 shape=head.lm_head rep=19 position=7 arm=xvec inner=37 gpu_seconds=0.191942250 wall_seconds=0.192137917 seconds_per_dispatch=0.005187628375 gbps=122.541392
LEG na=6 shape=head.lm_head rep=19 position=8 arm=shift inner=37 gpu_seconds=0.191996125 wall_seconds=0.192162958 seconds_per_dispatch=0.005189084461 gbps=122.507006
LEG na=6 shape=head.lm_head rep=19 position=9 arm=rfull inner=37 gpu_seconds=0.191974833 wall_seconds=0.192151083 seconds_per_dispatch=0.005188509010 gbps=122.520593
LEG na=6 shape=head.lm_head rep=19 position=10 arm=tailfull inner=37 gpu_seconds=0.192637500 wall_seconds=0.192841542 seconds_per_dispatch=0.005206418916 gbps=122.099126
LEG na=6 shape=head.lm_head rep=19 position=11 arm=plain inner=37 gpu_seconds=0.192390500 wall_seconds=0.192606083 seconds_per_dispatch=0.005199743246 gbps=122.255883
LEG na=6 shape=head.lm_head rep=20 position=0 arm=plain inner=37 gpu_seconds=0.192230042 wall_seconds=0.192449417 seconds_per_dispatch=0.005195406530 gbps=122.357932
LEG na=6 shape=head.lm_head rep=20 position=1 arm=tailfull inner=37 gpu_seconds=0.192495875 wall_seconds=0.192699625 seconds_per_dispatch=0.005202591218 gbps=122.188958
LEG na=6 shape=head.lm_head rep=20 position=2 arm=rfull inner=37 gpu_seconds=0.191776208 wall_seconds=0.191979833 seconds_per_dispatch=0.005183140766 gbps=122.647489
LEG na=6 shape=head.lm_head rep=20 position=3 arm=shift inner=37 gpu_seconds=0.191914875 wall_seconds=0.192133292 seconds_per_dispatch=0.005186888509 gbps=122.558871
LEG na=6 shape=head.lm_head rep=20 position=4 arm=xvec inner=37 gpu_seconds=0.192052417 wall_seconds=0.192323625 seconds_per_dispatch=0.005190605858 gbps=122.471098
LEG na=6 shape=head.lm_head rep=20 position=5 arm=tailfullxvec inner=37 gpu_seconds=0.192382292 wall_seconds=0.192609542 seconds_per_dispatch=0.005199521396 gbps=122.261099
LEG na=6 shape=head.lm_head rep=20 position=6 arm=tailfullxvec inner=37 gpu_seconds=0.192248125 wall_seconds=0.192460625 seconds_per_dispatch=0.005195895273 gbps=122.346423
LEG na=6 shape=head.lm_head rep=20 position=7 arm=xvec inner=37 gpu_seconds=0.192105375 wall_seconds=0.192321750 seconds_per_dispatch=0.005192037162 gbps=122.437336
LEG na=6 shape=head.lm_head rep=20 position=8 arm=shift inner=37 gpu_seconds=0.192016125 wall_seconds=0.192229750 seconds_per_dispatch=0.005189624999 gbps=122.494246
LEG na=6 shape=head.lm_head rep=20 position=9 arm=rfull inner=37 gpu_seconds=0.191806125 wall_seconds=0.192008917 seconds_per_dispatch=0.005183949324 gbps=122.628359
LEG na=6 shape=head.lm_head rep=20 position=10 arm=tailfull inner=37 gpu_seconds=0.192365625 wall_seconds=0.192581125 seconds_per_dispatch=0.005199070951 gbps=122.271692
LEG na=6 shape=head.lm_head rep=20 position=11 arm=plain inner=37 gpu_seconds=0.192287167 wall_seconds=0.192586833 seconds_per_dispatch=0.005196950449 gbps=122.321582
e69_cell_ab: head.lm_head inner=37 legs=252 entry=67.60C exit=72.81C
SHAPE na=6 shape=head.lm_head inner=37 legs=252 entry_gpu_temp_c=67.60 exit_gpu_temp_c=72.81
e69_cell_ab: wrote research/e72-artifacts/rung2-na6.json
e69_wandb_stream: run_id=5jouy9t1 url=https://wandb.ai/wandb-applied-ai-team/qwen38-mlx-challenge-senpai/runs/5jouy9t1 legs=1764
wandb: updating run metadata
wandb: uploading history steps 1724-1764, summary, console lines 1772-1812
wandb: 
wandb: Run history:
wandb:                 leg/full_attn.qkv_proj_fused/plain/gbps ▂▃█▃▄▃▂▅▂▆▆▃▆█▂▃▃█▇▃▄▃▂▆▄▆▆▃▃▃▃▄▃▂▃▁▃▇▇▇
wandb:          leg/full_attn.qkv_proj_fused/plain/gpu_seconds ▇▆▁▆▅▆▇▄▇▃▃▆▃▁▇▆▆▁▁▆▅▆▇▃▅▃▃▆▆▆▆▅▆▇▆█▆▂▂▂
wandb: leg/full_attn.qkv_proj_fused/plain/seconds_per_dispatch ▇▆▁▆▅▆▇▄▇▃▃▆▃▁▇▆▆▁▁▆▅▆▇▃▅▃▃▆▆▆▆▅▆▇▆█▆▂▂▂
wandb:                 leg/full_attn.qkv_proj_fused/rfull/gbps █▆▅▂▁▂▂█▇▄▃▂▂▅▂▆▅▇▇▃█▇▂▂▂█▃▃▅▄▁▁▂▂▅█▅▃▅▂
wandb:          leg/full_attn.qkv_proj_fused/rfull/gpu_seconds ▁▃▄▇█▇▇▁▂▅▆▇▇▄▇▃▄▂▂▆▁▂▇▆▇▁▆▆▄▅██▇▇▄▁▄▆▄▇
wandb: leg/full_attn.qkv_proj_fused/rfull/seconds_per_dispatch ▁▃▄▇█▇▇▁▂▅▆▇▇▄▇▃▄▂▂▆▁▂▇▆▇▁▆▆▄▅██▇▇▄▁▄▆▄▇
wandb:                 leg/full_attn.qkv_proj_fused/shift/gbps █▃▃▂▆▆▁▁▁▂▂▂▄▄▁▁▁▃█▆▁▁▂▂██▃▁▁▂▃▇▆▃▅▂▂▂▁▄
wandb:          leg/full_attn.qkv_proj_fused/shift/gpu_seconds ▁▆▆▇▃▃███▇▇▇▅▅███▆▁▃██▇▇▁▁▆██▇▆▂▃▆▄▇▇▇█▅
wandb: leg/full_attn.qkv_proj_fused/shift/seconds_per_dispatch ▁▆▆▇▃▃███▇▇▇▅▅███▆▁▃██▇▇▁▁▆██▇▆▂▃▆▄▇▇▇█▅
wandb:              leg/full_attn.qkv_proj_fused/tailfull/gbps ▆▄▄▇▄▃▆▃▃▄▄▆▇▇▄▃▃██▄▄▃▄▄▅▇▃▄▃▃█▃▄▆▄▁▄▄▆▃
wandb:                                                    +168 ...
wandb: 
wandb: Run summary:
wandb:                 leg/full_attn.qkv_proj_fused/plain/gbps 118.48609
wandb:          leg/full_attn.qkv_proj_fused/plain/gpu_seconds 0.20226
wandb: leg/full_attn.qkv_proj_fused/plain/seconds_per_dispatch 0.00031
wandb:                 leg/full_attn.qkv_proj_fused/rfull/gbps 117.95453
wandb:          leg/full_attn.qkv_proj_fused/rfull/gpu_seconds 0.20317
wandb: leg/full_attn.qkv_proj_fused/rfull/seconds_per_dispatch 0.00031
wandb:                 leg/full_attn.qkv_proj_fused/shift/gbps 118.28351
wandb:          leg/full_attn.qkv_proj_fused/shift/gpu_seconds 0.20261
wandb: leg/full_attn.qkv_proj_fused/shift/seconds_per_dispatch 0.00031
wandb:              leg/full_attn.qkv_proj_fused/tailfull/gbps 117.45999
wandb:                                                    +172 ...
wandb: 
wandb: 🚀 View run e72-rung2-na6 at: https://wandb.ai/wandb-applied-ai-team/qwen38-mlx-challenge-senpai/runs/5jouy9t1
wandb: ⭐️ View project at: https://wandb.ai/wandb-applied-ai-team/qwen38-mlx-challenge-senpai
wandb: Synced 7 W&B file(s), 0 media file(s), 0 artifact file(s) and 0 other file(s)
wandb: Find logs at: ./wandb/run-20260820_103210-5jouy9t1/logs
e72_rung2 na=6 exit_thermal gpu_temp=64.77352905273438C cpu_temp=42.96397399902344C gpu_power=0.01652984693646431W status=0
e72_rung2 finished=2026-08-20T10:39:16Z status=0
