e73_rung1 head=4731872d9a317e5cb6b1cfa2bdeb002d25819759 dirty=1
e73_rung1 host=ip-10-231-2-22 chip=Apple M4 Pro
e73_rung1 arms=m3_ipg3,m4_ipg2,m4_ipg4,m5_ipg3,m5_ipg5,m6_ipg2,m6_ipg3,m6_ipg4,m6_ipg6,m7_ipg4,m7_ipg5,m8_ipg2,m8_ipg3,m8_ipg4,m8_ipg5,m8_ipg6,m9_ipg3,m9_ipg5,m9_ipg6
e73_rung1 reps=11 target_bytes=12e9 shape=all
e73_rung1 started=2026-08-20T10:27:42Z
/tmp/e73-build/arms-s1.metal 219050 bytes arms=19 source_sha256=8a03ace3735f57d167c630705d45d53d8e58d2778b4845a2fe8bb4e5a56f2472
e73_rung1 cool_gate before=gpu_temp=35.71197509765625C cpu_temp=38.86296463012695C gpu_power=0.00502798892557621W
benchmark.sh: GPU cool-down gate passed (current 35.7C, target <=40C, waited 0s)
e73_rung1 cool_gate_passed_real_gate=true gate_qualified_for_timing=true
e73_rung1 entry_thermal gpu_temp=35.75212478637695C cpu_temp=38.86912155151367C gpu_power=0.005622382275760174W
wandb: [wandb.login()] Loaded credentials for https://api.wandb.ai from WANDB_API_KEY.
wandb: W&B API key is configured. Use `wandb login --relogin` to force relogin
e73_cell_ab: session entry gpu_temp_c=35.86
wandb: Tracking run with wandb version 0.28.1
wandb: Run data is saved locally in /Users/ec2-user/.senpai/native/qwen38-mlx-senpai-r2/roles/student-qwen-alphonse/workspace/target/wandb/run-20260820_102751-rwjal2ws
wandb: Run `wandb offline` to turn off syncing.
wandb: Syncing run e73-rung1-s1
wandb: ⭐️ View project at https://wandb.ai/wandb-applied-ai-team/qwen38-mlx-challenge-senpai
wandb: 🚀 View run at https://wandb.ai/wandb-applied-ai-team/qwen38-mlx-challenge-senpai/runs/rwjal2ws
ARM arm=m3_ipg3 m=3 ipg=3 groups=1 max_total_threads_per_threadgroup=1024 static_threadgroup_memory_bytes=0 thread_execution_width=32
ARM arm=m4_ipg2 m=4 ipg=2 groups=2 max_total_threads_per_threadgroup=1024 static_threadgroup_memory_bytes=0 thread_execution_width=32
ARM arm=m4_ipg4 m=4 ipg=4 groups=1 max_total_threads_per_threadgroup=1024 static_threadgroup_memory_bytes=0 thread_execution_width=32
ARM arm=m5_ipg3 m=5 ipg=3 groups=2 max_total_threads_per_threadgroup=1024 static_threadgroup_memory_bytes=0 thread_execution_width=32
ARM arm=m5_ipg5 m=5 ipg=5 groups=1 max_total_threads_per_threadgroup=1024 static_threadgroup_memory_bytes=0 thread_execution_width=32
ARM arm=m6_ipg2 m=6 ipg=2 groups=3 max_total_threads_per_threadgroup=1024 static_threadgroup_memory_bytes=0 thread_execution_width=32
ARM arm=m6_ipg3 m=6 ipg=3 groups=2 max_total_threads_per_threadgroup=1024 static_threadgroup_memory_bytes=0 thread_execution_width=32
ARM arm=m6_ipg4 m=6 ipg=4 groups=2 max_total_threads_per_threadgroup=1024 static_threadgroup_memory_bytes=0 thread_execution_width=32
ARM arm=m6_ipg6 m=6 ipg=6 groups=1 max_total_threads_per_threadgroup=1024 static_threadgroup_memory_bytes=0 thread_execution_width=32
ARM arm=m7_ipg4 m=7 ipg=4 groups=2 max_total_threads_per_threadgroup=1024 static_threadgroup_memory_bytes=0 thread_execution_width=32
ARM arm=m7_ipg5 m=7 ipg=5 groups=2 max_total_threads_per_threadgroup=1024 static_threadgroup_memory_bytes=0 thread_execution_width=32
ARM arm=m8_ipg2 m=8 ipg=2 groups=4 max_total_threads_per_threadgroup=1024 static_threadgroup_memory_bytes=0 thread_execution_width=32
ARM arm=m8_ipg3 m=8 ipg=3 groups=3 max_total_threads_per_threadgroup=1024 static_threadgroup_memory_bytes=0 thread_execution_width=32
ARM arm=m8_ipg4 m=8 ipg=4 groups=2 max_total_threads_per_threadgroup=1024 static_threadgroup_memory_bytes=0 thread_execution_width=32
ARM arm=m8_ipg5 m=8 ipg=5 groups=2 max_total_threads_per_threadgroup=1024 static_threadgroup_memory_bytes=0 thread_execution_width=32
ARM arm=m8_ipg6 m=8 ipg=6 groups=2 max_total_threads_per_threadgroup=1024 static_threadgroup_memory_bytes=0 thread_execution_width=32
ARM arm=m9_ipg3 m=9 ipg=3 groups=3 max_total_threads_per_threadgroup=1024 static_threadgroup_memory_bytes=0 thread_execution_width=32
ARM arm=m9_ipg5 m=9 ipg=5 groups=2 max_total_threads_per_threadgroup=1024 static_threadgroup_memory_bytes=0 thread_execution_width=32
ARM arm=m9_ipg6 m=9 ipg=6 groups=2 max_total_threads_per_threadgroup=1024 static_threadgroup_memory_bytes=0 thread_execution_width=32
PARITY shape=linear_attn.in_proj_fused_qkvzba arm=m3_ipg3 m=3 ipg=3 differing=0 zero_rows=0 compared_rows=3
PARITY shape=linear_attn.in_proj_fused_qkvzba arm=m4_ipg2 m=4 ipg=2 differing=0 zero_rows=0 compared_rows=4
PARITY shape=linear_attn.in_proj_fused_qkvzba arm=m4_ipg4 m=4 ipg=4 differing=0 zero_rows=0 compared_rows=4
PARITY shape=linear_attn.in_proj_fused_qkvzba arm=m5_ipg3 m=5 ipg=3 differing=0 zero_rows=0 compared_rows=5
PARITY shape=linear_attn.in_proj_fused_qkvzba arm=m5_ipg5 m=5 ipg=5 differing=0 zero_rows=0 compared_rows=5
PARITY shape=linear_attn.in_proj_fused_qkvzba arm=m6_ipg2 m=6 ipg=2 differing=0 zero_rows=0 compared_rows=6
PARITY shape=linear_attn.in_proj_fused_qkvzba arm=m6_ipg3 m=6 ipg=3 differing=0 zero_rows=0 compared_rows=6
PARITY shape=linear_attn.in_proj_fused_qkvzba arm=m6_ipg4 m=6 ipg=4 differing=0 zero_rows=0 compared_rows=6
PARITY shape=linear_attn.in_proj_fused_qkvzba arm=m6_ipg6 m=6 ipg=6 differing=0 zero_rows=0 compared_rows=6
PARITY shape=linear_attn.in_proj_fused_qkvzba arm=m7_ipg4 m=7 ipg=4 differing=0 zero_rows=0 compared_rows=7
PARITY shape=linear_attn.in_proj_fused_qkvzba arm=m7_ipg5 m=7 ipg=5 differing=0 zero_rows=0 compared_rows=7
PARITY shape=linear_attn.in_proj_fused_qkvzba arm=m8_ipg2 m=8 ipg=2 differing=0 zero_rows=0 compared_rows=8
PARITY shape=linear_attn.in_proj_fused_qkvzba arm=m8_ipg3 m=8 ipg=3 differing=0 zero_rows=0 compared_rows=8
PARITY shape=linear_attn.in_proj_fused_qkvzba arm=m8_ipg4 m=8 ipg=4 differing=0 zero_rows=0 compared_rows=8
PARITY shape=linear_attn.in_proj_fused_qkvzba arm=m8_ipg5 m=8 ipg=5 differing=0 zero_rows=0 compared_rows=8
PARITY shape=linear_attn.in_proj_fused_qkvzba arm=m8_ipg6 m=8 ipg=6 differing=0 zero_rows=0 compared_rows=8
PARITY shape=linear_attn.in_proj_fused_qkvzba arm=m9_ipg3 m=9 ipg=3 differing=0 zero_rows=0 compared_rows=9
PARITY shape=linear_attn.in_proj_fused_qkvzba arm=m9_ipg5 m=9 ipg=5 differing=0 zero_rows=0 compared_rows=9
PARITY shape=linear_attn.in_proj_fused_qkvzba arm=m9_ipg6 m=9 ipg=6 differing=0 zero_rows=0 compared_rows=9
LEG shape=linear_attn.in_proj_fused_qkvzba rep=0 position=0 arm=m3_ipg3 m=3 ipg=3 groups=1 inner=252 gpu_seconds=0.052704625 wall_seconds=0.052923917 seconds_per_dispatch=0.000209145338 gbps=226.935013
LEG shape=linear_attn.in_proj_fused_qkvzba rep=0 position=1 arm=m4_ipg2 m=4 ipg=2 groups=2 inner=252 gpu_seconds=0.086167542 wall_seconds=0.086378000 seconds_per_dispatch=0.000341934690 gbps=277.610909
LEG shape=linear_attn.in_proj_fused_qkvzba rep=0 position=2 arm=m4_ipg4 m=4 ipg=4 groups=1 inner=252 gpu_seconds=0.060857375 wall_seconds=0.061093292 seconds_per_dispatch=0.000241497520 gbps=196.533696
LEG shape=linear_attn.in_proj_fused_qkvzba rep=0 position=3 arm=m5_ipg3 m=5 ipg=3 groups=2 inner=252 gpu_seconds=0.092033458 wall_seconds=0.092265458 seconds_per_dispatch=0.000365212137 gbps=259.916883
LEG shape=linear_attn.in_proj_fused_qkvzba rep=0 position=4 arm=m5_ipg5 m=5 ipg=5 groups=1 inner=252 gpu_seconds=0.071804042 wall_seconds=0.072028542 seconds_per_dispatch=0.000284936674 gbps=166.571749
LEG shape=linear_attn.in_proj_fused_qkvzba rep=0 position=5 arm=m6_ipg2 m=6 ipg=2 groups=3 inner=252 gpu_seconds=0.127637625 wall_seconds=0.127864167 seconds_per_dispatch=0.000506498512 gbps=281.120668
LEG shape=linear_attn.in_proj_fused_qkvzba rep=0 position=6 arm=m6_ipg3 m=6 ipg=3 groups=2 inner=252 gpu_seconds=0.098873250 wall_seconds=0.099098792 seconds_per_dispatch=0.000392354166 gbps=241.936516
LEG shape=linear_attn.in_proj_fused_qkvzba rep=0 position=7 arm=m6_ipg4 m=6 ipg=4 groups=2 inner=252 gpu_seconds=0.099014042 wall_seconds=0.099246792 seconds_per_dispatch=0.000392912864 gbps=241.592497
LEG shape=linear_attn.in_proj_fused_qkvzba rep=0 position=8 arm=m6_ipg6 m=6 ipg=6 groups=1 inner=252 gpu_seconds=0.092139917 wall_seconds=0.092370167 seconds_per_dispatch=0.000365634590 gbps=129.808287
LEG shape=linear_attn.in_proj_fused_qkvzba rep=0 position=9 arm=m7_ipg4 m=7 ipg=4 groups=2 inner=252 gpu_seconds=0.107187708 wall_seconds=0.107413083 seconds_per_dispatch=0.000425348049 gbps=223.169708
LEG shape=linear_attn.in_proj_fused_qkvzba rep=0 position=10 arm=m7_ipg5 m=7 ipg=5 groups=2 inner=252 gpu_seconds=0.107796042 wall_seconds=0.108024458 seconds_per_dispatch=0.000427762070 gbps=221.910278
LEG shape=linear_attn.in_proj_fused_qkvzba rep=0 position=11 arm=m8_ipg2 m=8 ipg=2 groups=4 inner=252 gpu_seconds=0.168465917 wall_seconds=0.168696792 seconds_per_dispatch=0.000668515543 gbps=283.986815
LEG shape=linear_attn.in_proj_fused_qkvzba rep=0 position=12 arm=m8_ipg3 m=8 ipg=3 groups=3 inner=252 gpu_seconds=0.139544000 wall_seconds=0.139807292 seconds_per_dispatch=0.000553746032 gbps=257.134483
LEG shape=linear_attn.in_proj_fused_qkvzba rep=0 position=13 arm=m8_ipg4 m=8 ipg=4 groups=2 inner=252 gpu_seconds=0.116073875 wall_seconds=0.116292708 seconds_per_dispatch=0.000460610615 gbps=206.084699
LEG shape=linear_attn.in_proj_fused_qkvzba rep=0 position=14 arm=m8_ipg5 m=8 ipg=5 groups=2 inner=252 gpu_seconds=0.117055083 wall_seconds=0.117283208 seconds_per_dispatch=0.000464504298 gbps=204.357205
LEG shape=linear_attn.in_proj_fused_qkvzba rep=0 position=15 arm=m8_ipg6 m=8 ipg=6 groups=2 inner=252 gpu_seconds=0.126081583 wall_seconds=0.126312958 seconds_per_dispatch=0.000500323743 gbps=189.726754
LEG shape=linear_attn.in_proj_fused_qkvzba rep=0 position=16 arm=m9_ipg3 m=9 ipg=3 groups=3 inner=252 gpu_seconds=0.146671500 wall_seconds=0.146886500 seconds_per_dispatch=0.000582029762 gbps=244.639036
LEG shape=linear_attn.in_proj_fused_qkvzba rep=0 position=17 arm=m9_ipg5 m=9 ipg=5 groups=2 inner=252 gpu_seconds=0.126688125 wall_seconds=0.126927833 seconds_per_dispatch=0.000502730655 gbps=188.818404
LEG shape=linear_attn.in_proj_fused_qkvzba rep=0 position=18 arm=m9_ipg6 m=9 ipg=6 groups=2 inner=252 gpu_seconds=0.135868875 wall_seconds=0.136146708 seconds_per_dispatch=0.000539162203 gbps=176.059819
LEG shape=linear_attn.in_proj_fused_qkvzba rep=0 position=19 arm=m9_ipg6 m=9 ipg=6 groups=2 inner=252 gpu_seconds=0.135208708 wall_seconds=0.135457708 seconds_per_dispatch=0.000536542494 gbps=176.919445
LEG shape=linear_attn.in_proj_fused_qkvzba rep=0 position=20 arm=m9_ipg5 m=9 ipg=5 groups=2 inner=252 gpu_seconds=0.126462583 wall_seconds=0.126703167 seconds_per_dispatch=0.000501835648 gbps=189.155156
LEG shape=linear_attn.in_proj_fused_qkvzba rep=0 position=21 arm=m9_ipg3 m=9 ipg=3 groups=3 inner=252 gpu_seconds=0.145917250 wall_seconds=0.146148500 seconds_per_dispatch=0.000579036706 gbps=245.903582
LEG shape=linear_attn.in_proj_fused_qkvzba rep=0 position=22 arm=m8_ipg6 m=8 ipg=6 groups=2 inner=252 gpu_seconds=0.125423250 wall_seconds=0.125648833 seconds_per_dispatch=0.000497711310 gbps=190.722610
LEG shape=linear_attn.in_proj_fused_qkvzba rep=0 position=23 arm=m8_ipg5 m=8 ipg=5 groups=2 inner=252 gpu_seconds=0.116665583 wall_seconds=0.116888250 seconds_per_dispatch=0.000462958664 gbps=205.039472
LEG shape=linear_attn.in_proj_fused_qkvzba rep=0 position=24 arm=m8_ipg4 m=8 ipg=4 groups=2 inner=252 gpu_seconds=0.115540250 wall_seconds=0.115771125 seconds_per_dispatch=0.000458493055 gbps=207.036506
LEG shape=linear_attn.in_proj_fused_qkvzba rep=0 position=25 arm=m8_ipg3 m=8 ipg=3 groups=3 inner=252 gpu_seconds=0.138944000 wall_seconds=0.139163417 seconds_per_dispatch=0.000551365079 gbps=258.244864
LEG shape=linear_attn.in_proj_fused_qkvzba rep=0 position=26 arm=m8_ipg2 m=8 ipg=2 groups=4 inner=252 gpu_seconds=0.168166833 wall_seconds=0.168401500 seconds_per_dispatch=0.000667328703 gbps=284.491884
LEG shape=linear_attn.in_proj_fused_qkvzba rep=0 position=27 arm=m7_ipg5 m=7 ipg=5 groups=2 inner=252 gpu_seconds=0.107312583 wall_seconds=0.107546208 seconds_per_dispatch=0.000425843585 gbps=222.910015
LEG shape=linear_attn.in_proj_fused_qkvzba rep=0 position=28 arm=m7_ipg4 m=7 ipg=4 groups=2 inner=252 gpu_seconds=0.106665875 wall_seconds=0.106906208 seconds_per_dispatch=0.000423277282 gbps=224.261504
LEG shape=linear_attn.in_proj_fused_qkvzba rep=0 position=29 arm=m6_ipg6 m=6 ipg=6 groups=1 inner=252 gpu_seconds=0.091650083 wall_seconds=0.091869667 seconds_per_dispatch=0.000363690806 gbps=130.502062
LEG shape=linear_attn.in_proj_fused_qkvzba rep=0 position=30 arm=m6_ipg4 m=6 ipg=4 groups=2 inner=252 gpu_seconds=0.098406833 wall_seconds=0.098634750 seconds_per_dispatch=0.000390503307 gbps=243.083217
LEG shape=linear_attn.in_proj_fused_qkvzba rep=0 position=31 arm=m6_ipg3 m=6 ipg=3 groups=2 inner=252 gpu_seconds=0.098469083 wall_seconds=0.098697792 seconds_per_dispatch=0.000390750330 gbps=242.929545
LEG shape=linear_attn.in_proj_fused_qkvzba rep=0 position=32 arm=m6_ipg2 m=6 ipg=2 groups=3 inner=252 gpu_seconds=0.126917667 wall_seconds=0.127144042 seconds_per_dispatch=0.000503641535 gbps=282.715364
LEG shape=linear_attn.in_proj_fused_qkvzba rep=0 position=33 arm=m5_ipg5 m=5 ipg=5 groups=1 inner=252 gpu_seconds=0.071538625 wall_seconds=0.071780542 seconds_per_dispatch=0.000283883433 gbps=167.189749
LEG shape=linear_attn.in_proj_fused_qkvzba rep=0 position=34 arm=m5_ipg3 m=5 ipg=3 groups=2 inner=252 gpu_seconds=0.091615625 wall_seconds=0.091851542 seconds_per_dispatch=0.000363554067 gbps=261.102291
LEG shape=linear_attn.in_proj_fused_qkvzba rep=0 position=35 arm=m4_ipg4 m=4 ipg=4 groups=1 inner=252 gpu_seconds=0.060445125 wall_seconds=0.060670375 seconds_per_dispatch=0.000239861607 gbps=197.874102
LEG shape=linear_attn.in_proj_fused_qkvzba rep=0 position=36 arm=m4_ipg2 m=4 ipg=2 groups=2 inner=252 gpu_seconds=0.085911292 wall_seconds=0.086127917 seconds_per_dispatch=0.000340917824 gbps=278.438947
LEG shape=linear_attn.in_proj_fused_qkvzba rep=0 position=37 arm=m3_ipg3 m=3 ipg=3 groups=1 inner=252 gpu_seconds=0.052597708 wall_seconds=0.052827375 seconds_per_dispatch=0.000208721065 gbps=227.396310
LEG shape=linear_attn.in_proj_fused_qkvzba rep=1 position=0 arm=m3_ipg3 m=3 ipg=3 groups=1 inner=252 gpu_seconds=0.052534208 wall_seconds=0.052763042 seconds_per_dispatch=0.000208469081 gbps=227.671172
LEG shape=linear_attn.in_proj_fused_qkvzba rep=1 position=1 arm=m4_ipg2 m=4 ipg=2 groups=2 inner=252 gpu_seconds=0.085841417 wall_seconds=0.086064667 seconds_per_dispatch=0.000340640542 gbps=278.665597
LEG shape=linear_attn.in_proj_fused_qkvzba rep=1 position=2 arm=m4_ipg4 m=4 ipg=4 groups=1 inner=252 gpu_seconds=0.060520625 wall_seconds=0.060754417 seconds_per_dispatch=0.000240161210 gbps=197.627252
LEG shape=linear_attn.in_proj_fused_qkvzba rep=1 position=3 arm=m5_ipg3 m=5 ipg=3 groups=2 inner=252 gpu_seconds=0.091664125 wall_seconds=0.091903792 seconds_per_dispatch=0.000363746528 gbps=260.964141
LEG shape=linear_attn.in_proj_fused_qkvzba rep=1 position=4 arm=m5_ipg5 m=5 ipg=5 groups=1 inner=252 gpu_seconds=0.071526875 wall_seconds=0.071756375 seconds_per_dispatch=0.000283836806 gbps=167.217214
LEG shape=linear_attn.in_proj_fused_qkvzba rep=1 position=5 arm=m6_ipg2 m=6 ipg=2 groups=3 inner=252 gpu_seconds=0.126859375 wall_seconds=0.127100750 seconds_per_dispatch=0.000503410218 gbps=282.845272
LEG shape=linear_attn.in_proj_fused_qkvzba rep=1 position=6 arm=m6_ipg3 m=6 ipg=3 groups=2 inner=252 gpu_seconds=0.098403458 wall_seconds=0.098706375 seconds_per_dispatch=0.000390489915 gbps=243.091554
LEG shape=linear_attn.in_proj_fused_qkvzba rep=1 position=7 arm=m6_ipg4 m=6 ipg=4 groups=2 inner=252 gpu_seconds=0.098432625 wall_seconds=0.098674458 seconds_per_dispatch=0.000390605655 gbps=243.019523
LEG shape=linear_attn.in_proj_fused_qkvzba rep=1 position=8 arm=m6_ipg6 m=6 ipg=6 groups=1 inner=252 gpu_seconds=0.091875875 wall_seconds=0.092102833 seconds_per_dispatch=0.000364586805 gbps=130.181343
LEG shape=linear_attn.in_proj_fused_qkvzba rep=1 position=9 arm=m7_ipg4 m=7 ipg=4 groups=2 inner=252 gpu_seconds=0.106699000 wall_seconds=0.106924083 seconds_per_dispatch=0.000423408731 gbps=224.191882
LEG shape=linear_attn.in_proj_fused_qkvzba rep=1 position=10 arm=m7_ipg5 m=7 ipg=5 groups=2 inner=252 gpu_seconds=0.107445083 wall_seconds=0.107672875 seconds_per_dispatch=0.000426369378 gbps=222.635125
LEG shape=linear_attn.in_proj_fused_qkvzba rep=1 position=11 arm=m8_ipg2 m=8 ipg=2 groups=4 inner=252 gpu_seconds=0.168048375 wall_seconds=0.168274958 seconds_per_dispatch=0.000666858631 gbps=284.692424
LEG shape=linear_attn.in_proj_fused_qkvzba rep=1 position=12 arm=m8_ipg3 m=8 ipg=3 groups=3 inner=252 gpu_seconds=0.138848500 wall_seconds=0.139086542 seconds_per_dispatch=0.000550986111 gbps=258.422485
LEG shape=linear_attn.in_proj_fused_qkvzba rep=1 position=13 arm=m8_ipg4 m=8 ipg=4 groups=2 inner=252 gpu_seconds=0.115438875 wall_seconds=0.115662708 seconds_per_dispatch=0.000458090774 gbps=207.218319
LEG shape=linear_attn.in_proj_fused_qkvzba rep=1 position=14 arm=m8_ipg5 m=8 ipg=5 groups=2 inner=252 gpu_seconds=0.116694583 wall_seconds=0.116903917 seconds_per_dispatch=0.000463073743 gbps=204.988517
LEG shape=linear_attn.in_proj_fused_qkvzba rep=1 position=15 arm=m8_ipg6 m=8 ipg=6 groups=2 inner=252 gpu_seconds=0.125522125 wall_seconds=0.125715292 seconds_per_dispatch=0.000498103671 gbps=190.572376
LEG shape=linear_attn.in_proj_fused_qkvzba rep=1 position=16 arm=m9_ipg3 m=9 ipg=3 groups=3 inner=252 gpu_seconds=0.145918125 wall_seconds=0.146159292 seconds_per_dispatch=0.000579040179 gbps=245.902107
LEG shape=linear_attn.in_proj_fused_qkvzba rep=1 position=17 arm=m9_ipg5 m=9 ipg=5 groups=2 inner=252 gpu_seconds=0.126519417 wall_seconds=0.126741958 seconds_per_dispatch=0.000502061177 gbps=189.070186
LEG shape=linear_attn.in_proj_fused_qkvzba rep=1 position=18 arm=m9_ipg6 m=9 ipg=6 groups=2 inner=252 gpu_seconds=0.135766250 wall_seconds=0.136004042 seconds_per_dispatch=0.000538754960 gbps=176.192902
LEG shape=linear_attn.in_proj_fused_qkvzba rep=1 position=19 arm=m9_ipg6 m=9 ipg=6 groups=2 inner=252 gpu_seconds=0.135813708 wall_seconds=0.136054542 seconds_per_dispatch=0.000538943286 gbps=176.131334
LEG shape=linear_attn.in_proj_fused_qkvzba rep=1 position=20 arm=m9_ipg5 m=9 ipg=5 groups=2 inner=252 gpu_seconds=0.126410792 wall_seconds=0.126628083 seconds_per_dispatch=0.000501630126 gbps=189.232654
LEG shape=linear_attn.in_proj_fused_qkvzba rep=1 position=21 arm=m9_ipg3 m=9 ipg=3 groups=3 inner=252 gpu_seconds=0.145932333 wall_seconds=0.146154083 seconds_per_dispatch=0.000579096561 gbps=245.878165
LEG shape=linear_attn.in_proj_fused_qkvzba rep=1 position=22 arm=m8_ipg6 m=8 ipg=6 groups=2 inner=252 gpu_seconds=0.125547875 wall_seconds=0.125775292 seconds_per_dispatch=0.000498205853 gbps=190.533289
LEG shape=linear_attn.in_proj_fused_qkvzba rep=1 position=23 arm=m8_ipg5 m=8 ipg=5 groups=2 inner=252 gpu_seconds=0.116704875 wall_seconds=0.116925500 seconds_per_dispatch=0.000463114584 gbps=204.970440
LEG shape=linear_attn.in_proj_fused_qkvzba rep=1 position=24 arm=m8_ipg4 m=8 ipg=4 groups=2 inner=252 gpu_seconds=0.115460375 wall_seconds=0.115694125 seconds_per_dispatch=0.000458176091 gbps=207.179733
LEG shape=linear_attn.in_proj_fused_qkvzba rep=1 position=25 arm=m8_ipg3 m=8 ipg=3 groups=3 inner=252 gpu_seconds=0.138869333 wall_seconds=0.139113250 seconds_per_dispatch=0.000551068783 gbps=258.383716
LEG shape=linear_attn.in_proj_fused_qkvzba rep=1 position=26 arm=m8_ipg2 m=8 ipg=2 groups=4 inner=252 gpu_seconds=0.168113208 wall_seconds=0.168356000 seconds_per_dispatch=0.000667115906 gbps=284.582631
LEG shape=linear_attn.in_proj_fused_qkvzba rep=1 position=27 arm=m7_ipg5 m=7 ipg=5 groups=2 inner=252 gpu_seconds=0.107362208 wall_seconds=0.107586792 seconds_per_dispatch=0.000426040509 gbps=222.806982
LEG shape=linear_attn.in_proj_fused_qkvzba rep=1 position=28 arm=m7_ipg4 m=7 ipg=4 groups=2 inner=252 gpu_seconds=0.106741875 wall_seconds=0.106970583 seconds_per_dispatch=0.000423578869 gbps=224.101831
LEG shape=linear_attn.in_proj_fused_qkvzba rep=1 position=29 arm=m6_ipg6 m=6 ipg=6 groups=1 inner=252 gpu_seconds=0.091987583 wall_seconds=0.092208458 seconds_per_dispatch=0.000365030093 gbps=130.023253
LEG shape=linear_attn.in_proj_fused_qkvzba rep=1 position=30 arm=m6_ipg4 m=6 ipg=4 groups=2 inner=252 gpu_seconds=0.098464208 wall_seconds=0.098701250 seconds_per_dispatch=0.000390730985 gbps=242.941573
LEG shape=linear_attn.in_proj_fused_qkvzba rep=1 position=31 arm=m6_ipg3 m=6 ipg=3 groups=2 inner=252 gpu_seconds=0.098401125 wall_seconds=0.098627208 seconds_per_dispatch=0.000390480654 gbps=243.097319
LEG shape=linear_attn.in_proj_fused_qkvzba rep=1 position=32 arm=m6_ipg2 m=6 ipg=2 groups=3 inner=252 gpu_seconds=0.126900000 wall_seconds=0.127127667 seconds_per_dispatch=0.000503571429 gbps=282.754723
LEG shape=linear_attn.in_proj_fused_qkvzba rep=1 position=33 arm=m5_ipg5 m=5 ipg=5 groups=1 inner=252 gpu_seconds=0.071402167 wall_seconds=0.071624750 seconds_per_dispatch=0.000283341931 gbps=167.509270
LEG shape=linear_attn.in_proj_fused_qkvzba rep=1 position=34 arm=m5_ipg3 m=5 ipg=3 groups=2 inner=252 gpu_seconds=0.091502750 wall_seconds=0.091723583 seconds_per_dispatch=0.000363106151 gbps=261.424379
LEG shape=linear_attn.in_proj_fused_qkvzba rep=1 position=35 arm=m4_ipg4 m=4 ipg=4 groups=1 inner=252 gpu_seconds=0.060528167 wall_seconds=0.060750417 seconds_per_dispatch=0.000240191137 gbps=197.602628
LEG shape=linear_attn.in_proj_fused_qkvzba rep=1 position=36 arm=m4_ipg2 m=4 ipg=2 groups=2 inner=252 gpu_seconds=0.085841250 wall_seconds=0.086075750 seconds_per_dispatch=0.000340639881 gbps=278.666138
LEG shape=linear_attn.in_proj_fused_qkvzba rep=1 position=37 arm=m3_ipg3 m=3 ipg=3 groups=1 inner=252 gpu_seconds=0.052546042 wall_seconds=0.052771292 seconds_per_dispatch=0.000208516038 gbps=227.619901
LEG shape=linear_attn.in_proj_fused_qkvzba rep=2 position=0 arm=m3_ipg3 m=3 ipg=3 groups=1 inner=252 gpu_seconds=0.052631833 wall_seconds=0.052865667 seconds_per_dispatch=0.000208856482 gbps=227.248873
LEG shape=linear_attn.in_proj_fused_qkvzba rep=2 position=1 arm=m4_ipg2 m=4 ipg=2 groups=2 inner=252 gpu_seconds=0.085879500 wall_seconds=0.086086167 seconds_per_dispatch=0.000340791667 gbps=278.542022
LEG shape=linear_attn.in_proj_fused_qkvzba rep=2 position=2 arm=m4_ipg4 m=4 ipg=4 groups=1 inner=252 gpu_seconds=0.060462250 wall_seconds=0.060693167 seconds_per_dispatch=0.000239929564 gbps=197.818056
LEG shape=linear_attn.in_proj_fused_qkvzba rep=2 position=3 arm=m5_ipg3 m=5 ipg=3 groups=2 inner=252 gpu_seconds=0.091794292 wall_seconds=0.092036125 seconds_per_dispatch=0.000364263062 gbps=260.594087
LEG shape=linear_attn.in_proj_fused_qkvzba rep=2 position=4 arm=m5_ipg5 m=5 ipg=5 groups=1 inner=252 gpu_seconds=0.071585917 wall_seconds=0.071823292 seconds_per_dispatch=0.000284071098 gbps=167.079299
LEG shape=linear_attn.in_proj_fused_qkvzba rep=2 position=5 arm=m6_ipg2 m=6 ipg=2 groups=3 inner=252 gpu_seconds=0.126875375 wall_seconds=0.127092375 seconds_per_dispatch=0.000503473710 gbps=282.809603
LEG shape=linear_attn.in_proj_fused_qkvzba rep=2 position=6 arm=m6_ipg3 m=6 ipg=3 groups=2 inner=252 gpu_seconds=0.098379583 wall_seconds=0.098605583 seconds_per_dispatch=0.000390395172 gbps=243.150548
LEG shape=linear_attn.in_proj_fused_qkvzba rep=2 position=7 arm=m6_ipg4 m=6 ipg=4 groups=2 inner=252 gpu_seconds=0.098379042 wall_seconds=0.098608542 seconds_per_dispatch=0.000390393022 gbps=243.151887
LEG shape=linear_attn.in_proj_fused_qkvzba rep=2 position=8 arm=m6_ipg6 m=6 ipg=6 groups=1 inner=252 gpu_seconds=0.092068833 wall_seconds=0.092306125 seconds_per_dispatch=0.000365352513 gbps=129.908508
LEG shape=linear_attn.in_proj_fused_qkvzba rep=2 position=9 arm=m7_ipg4 m=7 ipg=4 groups=2 inner=252 gpu_seconds=0.106560000 wall_seconds=0.106795792 seconds_per_dispatch=0.000422857143 gbps=224.484324
LEG shape=linear_attn.in_proj_fused_qkvzba rep=2 position=10 arm=m7_ipg5 m=7 ipg=5 groups=2 inner=252 gpu_seconds=0.107180000 wall_seconds=0.107411792 seconds_per_dispatch=0.000425317460 gbps=223.185759
LEG shape=linear_attn.in_proj_fused_qkvzba rep=2 position=11 arm=m8_ipg2 m=8 ipg=2 groups=4 inner=252 gpu_seconds=0.167744000 wall_seconds=0.167963875 seconds_per_dispatch=0.000665650794 gbps=285.209004
LEG shape=linear_attn.in_proj_fused_qkvzba rep=2 position=12 arm=m8_ipg3 m=8 ipg=3 groups=3 inner=252 gpu_seconds=0.138204167 wall_seconds=0.138428250 seconds_per_dispatch=0.000548429233 gbps=259.627298
LEG shape=linear_attn.in_proj_fused_qkvzba rep=2 position=13 arm=m8_ipg4 m=8 ipg=4 groups=2 inner=252 gpu_seconds=0.114781375 wall_seconds=0.115015750 seconds_per_dispatch=0.000455481647 gbps=208.405324
LEG shape=linear_attn.in_proj_fused_qkvzba rep=2 position=14 arm=m8_ipg5 m=8 ipg=5 groups=2 inner=252 gpu_seconds=0.116050750 wall_seconds=0.116278042 seconds_per_dispatch=0.000460518849 gbps=206.125765
LEG shape=linear_attn.in_proj_fused_qkvzba rep=2 position=15 arm=m8_ipg6 m=8 ipg=6 groups=2 inner=252 gpu_seconds=0.124777125 wall_seconds=0.124997833 seconds_per_dispatch=0.000495147321 gbps=191.710216
LEG shape=linear_attn.in_proj_fused_qkvzba rep=2 position=16 arm=m9_ipg3 m=9 ipg=3 groups=3 inner=252 gpu_seconds=0.145196917 wall_seconds=0.145424417 seconds_per_dispatch=0.000576178241 gbps=247.123529
LEG shape=linear_attn.in_proj_fused_qkvzba rep=2 position=17 arm=m9_ipg5 m=9 ipg=5 groups=2 inner=252 gpu_seconds=0.125806791 wall_seconds=0.126034583 seconds_per_dispatch=0.000499233300 gbps=190.141163
LEG shape=linear_attn.in_proj_fused_qkvzba rep=2 position=18 arm=m9_ipg6 m=9 ipg=6 groups=2 inner=252 gpu_seconds=0.135113625 wall_seconds=0.135343208 seconds_per_dispatch=0.000536165179 gbps=177.043948
LEG shape=linear_attn.in_proj_fused_qkvzba rep=2 position=19 arm=m9_ipg6 m=9 ipg=6 groups=2 inner=252 gpu_seconds=0.135639750 wall_seconds=0.135889917 seconds_per_dispatch=0.000538252977 gbps=176.357223
LEG shape=linear_attn.in_proj_fused_qkvzba rep=2 position=20 arm=m9_ipg5 m=9 ipg=5 groups=2 inner=252 gpu_seconds=0.126199167 wall_seconds=0.126444792 seconds_per_dispatch=0.000500790344 gbps=189.549981
LEG shape=linear_attn.in_proj_fused_qkvzba rep=2 position=21 arm=m9_ipg3 m=9 ipg=3 groups=3 inner=252 gpu_seconds=0.145912625 wall_seconds=0.146148125 seconds_per_dispatch=0.000579018353 gbps=245.911376
LEG shape=linear_attn.in_proj_fused_qkvzba rep=2 position=22 arm=m8_ipg6 m=8 ipg=6 groups=2 inner=252 gpu_seconds=0.125368083 wall_seconds=0.125603542 seconds_per_dispatch=0.000497492394 gbps=190.806535
LEG shape=linear_attn.in_proj_fused_qkvzba rep=2 position=23 arm=m8_ipg5 m=8 ipg=5 groups=2 inner=252 gpu_seconds=0.116850583 wall_seconds=0.117092000 seconds_per_dispatch=0.000463692791 gbps=204.714850
LEG shape=linear_attn.in_proj_fused_qkvzba rep=2 position=24 arm=m8_ipg4 m=8 ipg=4 groups=2 inner=252 gpu_seconds=0.115535042 wall_seconds=0.115757292 seconds_per_dispatch=0.000458472387 gbps=207.045839
LEG shape=linear_attn.in_proj_fused_qkvzba rep=2 position=25 arm=m8_ipg3 m=8 ipg=3 groups=3 inner=252 gpu_seconds=0.138952250 wall_seconds=0.139190833 seconds_per_dispatch=0.000551397818 gbps=258.229531
LEG shape=linear_attn.in_proj_fused_qkvzba rep=2 position=26 arm=m8_ipg2 m=8 ipg=2 groups=4 inner=252 gpu_seconds=0.168067208 wall_seconds=0.168301958 seconds_per_dispatch=0.000666933367 gbps=284.660521
LEG shape=linear_attn.in_proj_fused_qkvzba rep=2 position=27 arm=m7_ipg5 m=7 ipg=5 groups=2 inner=252 gpu_seconds=0.107239250 wall_seconds=0.107473333 seconds_per_dispatch=0.000425552579 gbps=223.062448
LEG shape=linear_attn.in_proj_fused_qkvzba rep=2 position=28 arm=m7_ipg4 m=7 ipg=4 groups=2 inner=252 gpu_seconds=0.106683875 wall_seconds=0.106920208 seconds_per_dispatch=0.000423348710 gbps=224.223666
LEG shape=linear_attn.in_proj_fused_qkvzba rep=2 position=29 arm=m6_ipg6 m=6 ipg=6 groups=1 inner=252 gpu_seconds=0.091900958 wall_seconds=0.092140833 seconds_per_dispatch=0.000364686342 gbps=130.145812
LEG shape=linear_attn.in_proj_fused_qkvzba rep=2 position=30 arm=m6_ipg4 m=6 ipg=4 groups=2 inner=252 gpu_seconds=0.098324625 wall_seconds=0.098553083 seconds_per_dispatch=0.000390177084 gbps=243.286456
LEG shape=linear_attn.in_proj_fused_qkvzba rep=2 position=31 arm=m6_ipg3 m=6 ipg=3 groups=2 inner=252 gpu_seconds=0.098378667 wall_seconds=0.098609875 seconds_per_dispatch=0.000390391534 gbps=243.152814
LEG shape=linear_attn.in_proj_fused_qkvzba rep=2 position=32 arm=m6_ipg2 m=6 ipg=2 groups=3 inner=252 gpu_seconds=0.126656875 wall_seconds=0.126906167 seconds_per_dispatch=0.000502606647 gbps=283.297487
LEG shape=linear_attn.in_proj_fused_qkvzba rep=2 position=33 arm=m5_ipg5 m=5 ipg=5 groups=1 inner=252 gpu_seconds=0.071380875 wall_seconds=0.071605833 seconds_per_dispatch=0.000283257441 gbps=167.559235
LEG shape=linear_attn.in_proj_fused_qkvzba rep=2 position=34 arm=m5_ipg3 m=5 ipg=3 groups=2 inner=252 gpu_seconds=0.091646625 wall_seconds=0.091874250 seconds_per_dispatch=0.000363677083 gbps=261.013972
LEG shape=linear_attn.in_proj_fused_qkvzba rep=2 position=35 arm=m4_ipg4 m=4 ipg=4 groups=1 inner=252 gpu_seconds=0.060396375 wall_seconds=0.060618583 seconds_per_dispatch=0.000239668155 gbps=198.033819
LEG shape=linear_attn.in_proj_fused_qkvzba rep=2 position=36 arm=m4_ipg2 m=4 ipg=2 groups=2 inner=252 gpu_seconds=0.085892542 wall_seconds=0.086125250 seconds_per_dispatch=0.000340843419 gbps=278.499730
LEG shape=linear_attn.in_proj_fused_qkvzba rep=2 position=37 arm=m3_ipg3 m=3 ipg=3 groups=1 inner=252 gpu_seconds=0.052060958 wall_seconds=0.052286208 seconds_per_dispatch=0.000206591104 gbps=229.740773
LEG shape=linear_attn.in_proj_fused_qkvzba rep=3 position=0 arm=m3_ipg3 m=3 ipg=3 groups=1 inner=252 gpu_seconds=0.052445458 wall_seconds=0.052680833 seconds_per_dispatch=0.000208116898 gbps=228.056446
LEG shape=linear_attn.in_proj_fused_qkvzba rep=3 position=1 arm=m4_ipg2 m=4 ipg=2 groups=2 inner=252 gpu_seconds=0.085865500 wall_seconds=0.086085500 seconds_per_dispatch=0.000340736112 gbps=278.587437
LEG shape=linear_attn.in_proj_fused_qkvzba rep=3 position=2 arm=m4_ipg4 m=4 ipg=4 groups=1 inner=252 gpu_seconds=0.060429333 wall_seconds=0.060656625 seconds_per_dispatch=0.000239798942 gbps=197.925810
LEG shape=linear_attn.in_proj_fused_qkvzba rep=3 position=3 arm=m5_ipg3 m=5 ipg=3 groups=2 inner=252 gpu_seconds=0.091752125 wall_seconds=0.091979250 seconds_per_dispatch=0.000364095734 gbps=260.713848
LEG shape=linear_attn.in_proj_fused_qkvzba rep=3 position=4 arm=m5_ipg5 m=5 ipg=5 groups=1 inner=252 gpu_seconds=0.071605000 wall_seconds=0.071840583 seconds_per_dispatch=0.000284146825 gbps=167.034771
LEG shape=linear_attn.in_proj_fused_qkvzba rep=3 position=5 arm=m6_ipg2 m=6 ipg=2 groups=3 inner=252 gpu_seconds=0.126933125 wall_seconds=0.127142542 seconds_per_dispatch=0.000503702877 gbps=282.680934
LEG shape=linear_attn.in_proj_fused_qkvzba rep=3 position=6 arm=m6_ipg3 m=6 ipg=3 groups=2 inner=252 gpu_seconds=0.098477750 wall_seconds=0.098706125 seconds_per_dispatch=0.000390784723 gbps=242.908165
LEG shape=linear_attn.in_proj_fused_qkvzba rep=3 position=7 arm=m6_ipg4 m=6 ipg=4 groups=2 inner=252 gpu_seconds=0.098359375 wall_seconds=0.098613875 seconds_per_dispatch=0.000390314980 gbps=243.200504
LEG shape=linear_attn.in_proj_fused_qkvzba rep=3 position=8 arm=m6_ipg6 m=6 ipg=6 groups=1 inner=252 gpu_seconds=0.091913500 wall_seconds=0.092153458 seconds_per_dispatch=0.000364736111 gbps=130.128053
LEG shape=linear_attn.in_proj_fused_qkvzba rep=3 position=9 arm=m7_ipg4 m=7 ipg=4 groups=2 inner=252 gpu_seconds=0.106622333 wall_seconds=0.106852917 seconds_per_dispatch=0.000423104498 gbps=224.353087
LEG shape=linear_attn.in_proj_fused_qkvzba rep=3 position=10 arm=m7_ipg5 m=7 ipg=5 groups=2 inner=252 gpu_seconds=0.107381000 wall_seconds=0.107592375 seconds_per_dispatch=0.000426115079 gbps=222.767991
LEG shape=linear_attn.in_proj_fused_qkvzba rep=3 position=11 arm=m8_ipg2 m=8 ipg=2 groups=4 inner=252 gpu_seconds=0.168011500 wall_seconds=0.168238333 seconds_per_dispatch=0.000666712302 gbps=284.754908
LEG shape=linear_attn.in_proj_fused_qkvzba rep=3 position=12 arm=m8_ipg3 m=8 ipg=3 groups=3 inner=252 gpu_seconds=0.138966917 wall_seconds=0.139199750 seconds_per_dispatch=0.000551456018 gbps=258.202278
LEG shape=linear_attn.in_proj_fused_qkvzba rep=3 position=13 arm=m8_ipg4 m=8 ipg=4 groups=2 inner=252 gpu_seconds=0.115423125 wall_seconds=0.115653375 seconds_per_dispatch=0.000458028274 gbps=207.246595
LEG shape=linear_attn.in_proj_fused_qkvzba rep=3 position=14 arm=m8_ipg5 m=8 ipg=5 groups=2 inner=252 gpu_seconds=0.116785625 wall_seconds=0.117066833 seconds_per_dispatch=0.000463435020 gbps=204.828716
LEG shape=linear_attn.in_proj_fused_qkvzba rep=3 position=15 arm=m8_ipg6 m=8 ipg=6 groups=2 inner=252 gpu_seconds=0.125438000 wall_seconds=0.125665333 seconds_per_dispatch=0.000497769842 gbps=190.700183
LEG shape=linear_attn.in_proj_fused_qkvzba rep=3 position=16 arm=m9_ipg3 m=9 ipg=3 groups=3 inner=252 gpu_seconds=0.145983208 wall_seconds=0.146217250 seconds_per_dispatch=0.000579298446 gbps=245.792477
LEG shape=linear_attn.in_proj_fused_qkvzba rep=3 position=17 arm=m9_ipg5 m=9 ipg=5 groups=2 inner=252 gpu_seconds=0.126418500 wall_seconds=0.126627375 seconds_per_dispatch=0.000501660715 gbps=189.221115
LEG shape=linear_attn.in_proj_fused_qkvzba rep=3 position=18 arm=m9_ipg6 m=9 ipg=6 groups=2 inner=252 gpu_seconds=0.135650167 wall_seconds=0.135863542 seconds_per_dispatch=0.000538294313 gbps=176.343680
LEG shape=linear_attn.in_proj_fused_qkvzba rep=3 position=19 arm=m9_ipg6 m=9 ipg=6 groups=2 inner=252 gpu_seconds=0.135896250 wall_seconds=0.136100833 seconds_per_dispatch=0.000539270833 gbps=176.024354
LEG shape=linear_attn.in_proj_fused_qkvzba rep=3 position=20 arm=m9_ipg5 m=9 ipg=5 groups=2 inner=252 gpu_seconds=0.126383708 wall_seconds=0.126613958 seconds_per_dispatch=0.000501522652 gbps=189.273206
LEG shape=linear_attn.in_proj_fused_qkvzba rep=3 position=21 arm=m9_ipg3 m=9 ipg=3 groups=3 inner=252 gpu_seconds=0.146030875 wall_seconds=0.146256958 seconds_per_dispatch=0.000579487599 gbps=245.712247
LEG shape=linear_attn.in_proj_fused_qkvzba rep=3 position=22 arm=m8_ipg6 m=8 ipg=6 groups=2 inner=252 gpu_seconds=0.125293167 wall_seconds=0.125510000 seconds_per_dispatch=0.000497195106 gbps=190.920624
LEG shape=linear_attn.in_proj_fused_qkvzba rep=3 position=23 arm=m8_ipg5 m=8 ipg=5 groups=2 inner=252 gpu_seconds=0.116837875 wall_seconds=0.117071208 seconds_per_dispatch=0.000463642361 gbps=204.737116
LEG shape=linear_attn.in_proj_fused_qkvzba rep=3 position=24 arm=m8_ipg4 m=8 ipg=4 groups=2 inner=252 gpu_seconds=0.115426958 wall_seconds=0.115648417 seconds_per_dispatch=0.000458043485 gbps=207.239712
LEG shape=linear_attn.in_proj_fused_qkvzba rep=3 position=25 arm=m8_ipg3 m=8 ipg=3 groups=3 inner=252 gpu_seconds=0.138933000 wall_seconds=0.139173750 seconds_per_dispatch=0.000551321428 gbps=258.265311
LEG shape=linear_attn.in_proj_fused_qkvzba rep=3 position=26 arm=m8_ipg2 m=8 ipg=2 groups=4 inner=252 gpu_seconds=0.168057375 wall_seconds=0.168288208 seconds_per_dispatch=0.000666894345 gbps=284.677178
LEG shape=linear_attn.in_proj_fused_qkvzba rep=3 position=27 arm=m7_ipg5 m=7 ipg=5 groups=2 inner=252 gpu_seconds=0.107268958 wall_seconds=0.107513500 seconds_per_dispatch=0.000425670470 gbps=223.000670
LEG shape=linear_attn.in_proj_fused_qkvzba rep=3 position=28 arm=m7_ipg4 m=7 ipg=4 groups=2 inner=252 gpu_seconds=0.106672000 wall_seconds=0.106945750 seconds_per_dispatch=0.000423301588 gbps=224.248627
LEG shape=linear_attn.in_proj_fused_qkvzba rep=3 position=29 arm=m6_ipg6 m=6 ipg=6 groups=1 inner=252 gpu_seconds=0.091897625 wall_seconds=0.092127625 seconds_per_dispatch=0.000364673115 gbps=130.150532
LEG shape=linear_attn.in_proj_fused_qkvzba rep=3 position=30 arm=m6_ipg4 m=6 ipg=4 groups=2 inner=252 gpu_seconds=0.098402625 wall_seconds=0.098640500 seconds_per_dispatch=0.000390486607 gbps=243.093613
LEG shape=linear_attn.in_proj_fused_qkvzba rep=3 position=31 arm=m6_ipg3 m=6 ipg=3 groups=2 inner=252 gpu_seconds=0.098512792 wall_seconds=0.098745333 seconds_per_dispatch=0.000390923776 gbps=242.821762
LEG shape=linear_attn.in_proj_fused_qkvzba rep=3 position=32 arm=m6_ipg2 m=6 ipg=2 groups=3 inner=252 gpu_seconds=0.126954000 wall_seconds=0.127194667 seconds_per_dispatch=0.000503785714 gbps=282.634453
LEG shape=linear_attn.in_proj_fused_qkvzba rep=3 position=33 arm=m5_ipg5 m=5 ipg=5 groups=1 inner=252 gpu_seconds=0.071590875 wall_seconds=0.071812292 seconds_per_dispatch=0.000284090774 gbps=167.067727
LEG shape=linear_attn.in_proj_fused_qkvzba rep=3 position=34 arm=m5_ipg3 m=5 ipg=3 groups=2 inner=252 gpu_seconds=0.091669625 wall_seconds=0.091893458 seconds_per_dispatch=0.000363768353 gbps=260.948483
LEG shape=linear_attn.in_proj_fused_qkvzba rep=3 position=35 arm=m4_ipg4 m=4 ipg=4 groups=1 inner=252 gpu_seconds=0.060411250 wall_seconds=0.060632708 seconds_per_dispatch=0.000239727183 gbps=197.985057
LEG shape=linear_attn.in_proj_fused_qkvzba rep=3 position=36 arm=m4_ipg2 m=4 ipg=2 groups=2 inner=252 gpu_seconds=0.085935875 wall_seconds=0.086164583 seconds_per_dispatch=0.000341015377 gbps=278.359295
LEG shape=linear_attn.in_proj_fused_qkvzba rep=3 position=37 arm=m3_ipg3 m=3 ipg=3 groups=1 inner=252 gpu_seconds=0.053169625 wall_seconds=0.053379542 seconds_per_dispatch=0.000210990576 gbps=224.950332
LEG shape=linear_attn.in_proj_fused_qkvzba rep=4 position=0 arm=m3_ipg3 m=3 ipg=3 groups=1 inner=252 gpu_seconds=0.052495250 wall_seconds=0.052725708 seconds_per_dispatch=0.000208314484 gbps=227.840134
LEG shape=linear_attn.in_proj_fused_qkvzba rep=4 position=1 arm=m4_ipg2 m=4 ipg=2 groups=2 inner=252 gpu_seconds=0.085886208 wall_seconds=0.086125375 seconds_per_dispatch=0.000340818287 gbps=278.520266
LEG shape=linear_attn.in_proj_fused_qkvzba rep=4 position=2 arm=m4_ipg4 m=4 ipg=4 groups=1 inner=252 gpu_seconds=0.060566500 wall_seconds=0.060788542 seconds_per_dispatch=0.000240343253 gbps=197.477563
LEG shape=linear_attn.in_proj_fused_qkvzba rep=4 position=3 arm=m5_ipg3 m=5 ipg=3 groups=2 inner=252 gpu_seconds=0.091730875 wall_seconds=0.091955208 seconds_per_dispatch=0.000364011410 gbps=260.774244
LEG shape=linear_attn.in_proj_fused_qkvzba rep=4 position=4 arm=m5_ipg5 m=5 ipg=5 groups=1 inner=252 gpu_seconds=0.071578583 wall_seconds=0.071793375 seconds_per_dispatch=0.000284041998 gbps=167.096417
LEG shape=linear_attn.in_proj_fused_qkvzba rep=4 position=5 arm=m6_ipg2 m=6 ipg=2 groups=3 inner=252 gpu_seconds=0.127024042 wall_seconds=0.127261708 seconds_per_dispatch=0.000504063658 gbps=282.478607
LEG shape=linear_attn.in_proj_fused_qkvzba rep=4 position=6 arm=m6_ipg3 m=6 ipg=3 groups=2 inner=252 gpu_seconds=0.098387917 wall_seconds=0.098618000 seconds_per_dispatch=0.000390428240 gbps=243.129954
LEG shape=linear_attn.in_proj_fused_qkvzba rep=4 position=7 arm=m6_ipg4 m=6 ipg=4 groups=2 inner=252 gpu_seconds=0.098297875 wall_seconds=0.098538083 seconds_per_dispatch=0.000390070932 gbps=243.352663
LEG shape=linear_attn.in_proj_fused_qkvzba rep=4 position=8 arm=m6_ipg6 m=6 ipg=6 groups=1 inner=252 gpu_seconds=0.091860250 wall_seconds=0.092095750 seconds_per_dispatch=0.000364524801 gbps=130.203486
LEG shape=linear_attn.in_proj_fused_qkvzba rep=4 position=9 arm=m7_ipg4 m=7 ipg=4 groups=2 inner=252 gpu_seconds=0.106676000 wall_seconds=0.106899958 seconds_per_dispatch=0.000423317461 gbps=224.240219
LEG shape=linear_attn.in_proj_fused_qkvzba rep=4 position=10 arm=m7_ipg5 m=7 ipg=5 groups=2 inner=252 gpu_seconds=0.107476708 wall_seconds=0.107766500 seconds_per_dispatch=0.000426494875 gbps=222.569615
LEG shape=linear_attn.in_proj_fused_qkvzba rep=4 position=11 arm=m8_ipg2 m=8 ipg=2 groups=4 inner=252 gpu_seconds=0.167998875 wall_seconds=0.168238958 seconds_per_dispatch=0.000666662202 gbps=284.776307
LEG shape=linear_attn.in_proj_fused_qkvzba rep=4 position=12 arm=m8_ipg3 m=8 ipg=3 groups=3 inner=252 gpu_seconds=0.138993083 wall_seconds=0.139193708 seconds_per_dispatch=0.000551559854 gbps=258.153669
LEG shape=linear_attn.in_proj_fused_qkvzba rep=4 position=13 arm=m8_ipg4 m=8 ipg=4 groups=2 inner=252 gpu_seconds=0.115641792 wall_seconds=0.115855625 seconds_per_dispatch=0.000458895998 gbps=206.854713
LEG shape=linear_attn.in_proj_fused_qkvzba rep=4 position=14 arm=m8_ipg5 m=8 ipg=5 groups=2 inner=252 gpu_seconds=0.116835625 wall_seconds=0.117041333 seconds_per_dispatch=0.000463633432 gbps=204.741059
LEG shape=linear_attn.in_proj_fused_qkvzba rep=4 position=15 arm=m8_ipg6 m=8 ipg=6 groups=2 inner=252 gpu_seconds=0.125438375 wall_seconds=0.125676917 seconds_per_dispatch=0.000497771329 gbps=190.699613
LEG shape=linear_attn.in_proj_fused_qkvzba rep=4 position=16 arm=m9_ipg3 m=9 ipg=3 groups=3 inner=252 gpu_seconds=0.146024583 wall_seconds=0.146259292 seconds_per_dispatch=0.000579462632 gbps=245.722834
LEG shape=linear_attn.in_proj_fused_qkvzba rep=4 position=17 arm=m9_ipg5 m=9 ipg=5 groups=2 inner=252 gpu_seconds=0.126516917 wall_seconds=0.126733292 seconds_per_dispatch=0.000502051256 gbps=189.073922
LEG shape=linear_attn.in_proj_fused_qkvzba rep=4 position=18 arm=m9_ipg6 m=9 ipg=6 groups=2 inner=252 gpu_seconds=0.135814125 wall_seconds=0.136049958 seconds_per_dispatch=0.000538944940 gbps=176.130794
LEG shape=linear_attn.in_proj_fused_qkvzba rep=4 position=19 arm=m9_ipg6 m=9 ipg=6 groups=2 inner=252 gpu_seconds=0.135883000 wall_seconds=0.136097500 seconds_per_dispatch=0.000539218254 gbps=176.041518
LEG shape=linear_attn.in_proj_fused_qkvzba rep=4 position=20 arm=m9_ipg5 m=9 ipg=5 groups=2 inner=252 gpu_seconds=0.126374083 wall_seconds=0.126600458 seconds_per_dispatch=0.000501484458 gbps=189.287621
LEG shape=linear_attn.in_proj_fused_qkvzba rep=4 position=21 arm=m9_ipg3 m=9 ipg=3 groups=3 inner=252 gpu_seconds=0.145956000 wall_seconds=0.146191875 seconds_per_dispatch=0.000579190476 gbps=245.838297
LEG shape=linear_attn.in_proj_fused_qkvzba rep=4 position=22 arm=m8_ipg6 m=8 ipg=6 groups=2 inner=252 gpu_seconds=0.125534667 wall_seconds=0.125770708 seconds_per_dispatch=0.000498153439 gbps=190.553337
LEG shape=linear_attn.in_proj_fused_qkvzba rep=4 position=23 arm=m8_ipg5 m=8 ipg=5 groups=2 inner=252 gpu_seconds=0.116787250 wall_seconds=0.117005458 seconds_per_dispatch=0.000463441468 gbps=204.825866
LEG shape=linear_attn.in_proj_fused_qkvzba rep=4 position=24 arm=m8_ipg4 m=8 ipg=4 groups=2 inner=252 gpu_seconds=0.115401417 wall_seconds=0.115628750 seconds_per_dispatch=0.000457942129 gbps=207.285580
LEG shape=linear_attn.in_proj_fused_qkvzba rep=4 position=25 arm=m8_ipg3 m=8 ipg=3 groups=3 inner=252 gpu_seconds=0.138906250 wall_seconds=0.139135292 seconds_per_dispatch=0.000551215278 gbps=258.315046
LEG shape=linear_attn.in_proj_fused_qkvzba rep=4 position=26 arm=m8_ipg2 m=8 ipg=2 groups=4 inner=252 gpu_seconds=0.167722875 wall_seconds=0.167937000 seconds_per_dispatch=0.000665566964 gbps=285.244927
LEG shape=linear_attn.in_proj_fused_qkvzba rep=4 position=27 arm=m7_ipg5 m=7 ipg=5 groups=2 inner=252 gpu_seconds=0.106669750 wall_seconds=0.107013333 seconds_per_dispatch=0.000423292659 gbps=224.253358
LEG shape=linear_attn.in_proj_fused_qkvzba rep=4 position=28 arm=m7_ipg4 m=7 ipg=4 groups=2 inner=252 gpu_seconds=0.106040125 wall_seconds=0.106285333 seconds_per_dispatch=0.000420794147 gbps=225.584887
LEG shape=linear_attn.in_proj_fused_qkvzba rep=4 position=29 arm=m6_ipg6 m=6 ipg=6 groups=1 inner=252 gpu_seconds=0.091297708 wall_seconds=0.091549958 seconds_per_dispatch=0.000362292494 gbps=131.005750
LEG shape=linear_attn.in_proj_fused_qkvzba rep=4 position=30 arm=m6_ipg4 m=6 ipg=4 groups=2 inner=252 gpu_seconds=0.097779458 wall_seconds=0.098009708 seconds_per_dispatch=0.000388013724 gbps=244.642893
LEG shape=linear_attn.in_proj_fused_qkvzba rep=4 position=31 arm=m6_ipg3 m=6 ipg=3 groups=2 inner=252 gpu_seconds=0.097752542 wall_seconds=0.097994708 seconds_per_dispatch=0.000387906912 gbps=244.710257
LEG shape=linear_attn.in_proj_fused_qkvzba rep=4 position=32 arm=m6_ipg2 m=6 ipg=2 groups=3 inner=252 gpu_seconds=0.126177833 wall_seconds=0.126405417 seconds_per_dispatch=0.000500705688 gbps=284.373043
LEG shape=linear_attn.in_proj_fused_qkvzba rep=4 position=33 arm=m5_ipg5 m=5 ipg=5 groups=1 inner=252 gpu_seconds=0.070832833 wall_seconds=0.071045542 seconds_per_dispatch=0.000281082671 gbps=168.855660
LEG shape=linear_attn.in_proj_fused_qkvzba rep=4 position=34 arm=m5_ipg3 m=5 ipg=3 groups=2 inner=252 gpu_seconds=0.091057500 wall_seconds=0.091291417 seconds_per_dispatch=0.000361339286 gbps=262.702683
LEG shape=linear_attn.in_proj_fused_qkvzba rep=4 position=35 arm=m4_ipg4 m=4 ipg=4 groups=1 inner=252 gpu_seconds=0.059824833 wall_seconds=0.060038708 seconds_per_dispatch=0.000237400133 gbps=199.925752
LEG shape=linear_attn.in_proj_fused_qkvzba rep=4 position=36 arm=m4_ipg2 m=4 ipg=2 groups=2 inner=252 gpu_seconds=0.085230625 wall_seconds=0.085453792 seconds_per_dispatch=0.000338216766 gbps=280.662609
LEG shape=linear_attn.in_proj_fused_qkvzba rep=4 position=37 arm=m3_ipg3 m=3 ipg=3 groups=1 inner=252 gpu_seconds=0.052442542 wall_seconds=0.052673042 seconds_per_dispatch=0.000208105324 gbps=228.069129
LEG shape=linear_attn.in_proj_fused_qkvzba rep=5 position=0 arm=m3_ipg3 m=3 ipg=3 groups=1 inner=252 gpu_seconds=0.052378375 wall_seconds=0.052619250 seconds_per_dispatch=0.000207850695 gbps=228.348527
LEG shape=linear_attn.in_proj_fused_qkvzba rep=5 position=1 arm=m4_ipg2 m=4 ipg=2 groups=2 inner=252 gpu_seconds=0.085868917 wall_seconds=0.086095708 seconds_per_dispatch=0.000340749669 gbps=278.576352
LEG shape=linear_attn.in_proj_fused_qkvzba rep=5 position=2 arm=m4_ipg4 m=4 ipg=4 groups=1 inner=252 gpu_seconds=0.060455875 wall_seconds=0.060682917 seconds_per_dispatch=0.000239904266 gbps=197.838916
LEG shape=linear_attn.in_proj_fused_qkvzba rep=5 position=3 arm=m5_ipg3 m=5 ipg=3 groups=2 inner=252 gpu_seconds=0.091672083 wall_seconds=0.091894292 seconds_per_dispatch=0.000363778109 gbps=260.941485
LEG shape=linear_attn.in_proj_fused_qkvzba rep=5 position=4 arm=m5_ipg5 m=5 ipg=5 groups=1 inner=252 gpu_seconds=0.071483958 wall_seconds=0.071718000 seconds_per_dispatch=0.000283666501 gbps=167.317606
LEG shape=linear_attn.in_proj_fused_qkvzba rep=5 position=5 arm=m6_ipg2 m=6 ipg=2 groups=3 inner=252 gpu_seconds=0.126884458 wall_seconds=0.127119458 seconds_per_dispatch=0.000503509755 gbps=282.789357
LEG shape=linear_attn.in_proj_fused_qkvzba rep=5 position=6 arm=m6_ipg3 m=6 ipg=3 groups=2 inner=252 gpu_seconds=0.098393583 wall_seconds=0.098625833 seconds_per_dispatch=0.000390450727 gbps=243.115951
LEG shape=linear_attn.in_proj_fused_qkvzba rep=5 position=7 arm=m6_ipg4 m=6 ipg=4 groups=2 inner=252 gpu_seconds=0.098359792 wall_seconds=0.098612083 seconds_per_dispatch=0.000390316633 gbps=243.199474
LEG shape=linear_attn.in_proj_fused_qkvzba rep=5 position=8 arm=m6_ipg6 m=6 ipg=6 groups=1 inner=252 gpu_seconds=0.091951958 wall_seconds=0.092167500 seconds_per_dispatch=0.000364888724 gbps=130.073628
LEG shape=linear_attn.in_proj_fused_qkvzba rep=5 position=9 arm=m7_ipg4 m=7 ipg=4 groups=2 inner=252 gpu_seconds=0.106626166 wall_seconds=0.106852417 seconds_per_dispatch=0.000423119708 gbps=224.345021
LEG shape=linear_attn.in_proj_fused_qkvzba rep=5 position=10 arm=m7_ipg5 m=7 ipg=5 groups=2 inner=252 gpu_seconds=0.107310625 wall_seconds=0.107544958 seconds_per_dispatch=0.000425835814 gbps=222.914083
LEG shape=linear_attn.in_proj_fused_qkvzba rep=5 position=11 arm=m8_ipg2 m=8 ipg=2 groups=4 inner=252 gpu_seconds=0.168060500 wall_seconds=0.168290750 seconds_per_dispatch=0.000666906746 gbps=284.671884
LEG shape=linear_attn.in_proj_fused_qkvzba rep=5 position=12 arm=m8_ipg3 m=8 ipg=3 groups=3 inner=252 gpu_seconds=0.138915500 wall_seconds=0.139142708 seconds_per_dispatch=0.000551251984 gbps=258.297846
LEG shape=linear_attn.in_proj_fused_qkvzba rep=5 position=13 arm=m8_ipg4 m=8 ipg=4 groups=2 inner=252 gpu_seconds=0.115440000 wall_seconds=0.115670500 seconds_per_dispatch=0.000458095238 gbps=207.216299
LEG shape=linear_attn.in_proj_fused_qkvzba rep=5 position=14 arm=m8_ipg5 m=8 ipg=5 groups=2 inner=252 gpu_seconds=0.116531750 wall_seconds=0.116764833 seconds_per_dispatch=0.000462427579 gbps=205.274954
LEG shape=linear_attn.in_proj_fused_qkvzba rep=5 position=15 arm=m8_ipg6 m=8 ipg=6 groups=2 inner=252 gpu_seconds=0.125468375 wall_seconds=0.125705583 seconds_per_dispatch=0.000497890378 gbps=190.654016
LEG shape=linear_attn.in_proj_fused_qkvzba rep=5 position=16 arm=m9_ipg3 m=9 ipg=3 groups=3 inner=252 gpu_seconds=0.145981250 wall_seconds=0.146210625 seconds_per_dispatch=0.000579290675 gbps=245.795774
LEG shape=linear_attn.in_proj_fused_qkvzba rep=5 position=17 arm=m9_ipg5 m=9 ipg=5 groups=2 inner=252 gpu_seconds=0.126436625 wall_seconds=0.126665958 seconds_per_dispatch=0.000501732639 gbps=189.193990
LEG shape=linear_attn.in_proj_fused_qkvzba rep=5 position=18 arm=m9_ipg6 m=9 ipg=6 groups=2 inner=252 gpu_seconds=0.135669125 wall_seconds=0.135862542 seconds_per_dispatch=0.000538369544 gbps=176.319038
LEG shape=linear_attn.in_proj_fused_qkvzba rep=5 position=19 arm=m9_ipg6 m=9 ipg=6 groups=2 inner=252 gpu_seconds=0.135820542 wall_seconds=0.136023708 seconds_per_dispatch=0.000538970404 gbps=176.122472
LEG shape=linear_attn.in_proj_fused_qkvzba rep=5 position=20 arm=m9_ipg5 m=9 ipg=5 groups=2 inner=252 gpu_seconds=0.126388791 wall_seconds=0.126618542 seconds_per_dispatch=0.000501542823 gbps=189.265593
LEG shape=linear_attn.in_proj_fused_qkvzba rep=5 position=21 arm=m9_ipg3 m=9 ipg=3 groups=3 inner=252 gpu_seconds=0.146039667 wall_seconds=0.146270750 seconds_per_dispatch=0.000579522487 gbps=245.697455
LEG shape=linear_attn.in_proj_fused_qkvzba rep=5 position=22 arm=m8_ipg6 m=8 ipg=6 groups=2 inner=252 gpu_seconds=0.125401125 wall_seconds=0.125636875 seconds_per_dispatch=0.000497623512 gbps=190.756260
LEG shape=linear_attn.in_proj_fused_qkvzba rep=5 position=23 arm=m8_ipg5 m=8 ipg=5 groups=2 inner=252 gpu_seconds=0.116822917 wall_seconds=0.117060292 seconds_per_dispatch=0.000463583002 gbps=204.763332
LEG shape=linear_attn.in_proj_fused_qkvzba rep=5 position=24 arm=m8_ipg4 m=8 ipg=4 groups=2 inner=252 gpu_seconds=0.115479500 wall_seconds=0.115694417 seconds_per_dispatch=0.000458251984 gbps=207.145421
LEG shape=linear_attn.in_proj_fused_qkvzba rep=5 position=25 arm=m8_ipg3 m=8 ipg=3 groups=3 inner=252 gpu_seconds=0.138987500 wall_seconds=0.139216333 seconds_per_dispatch=0.000551537698 gbps=258.164039
LEG shape=linear_attn.in_proj_fused_qkvzba rep=5 position=26 arm=m8_ipg2 m=8 ipg=2 groups=4 inner=252 gpu_seconds=0.168070458 wall_seconds=0.168312708 seconds_per_dispatch=0.000666946263 gbps=284.655017
LEG shape=linear_attn.in_proj_fused_qkvzba rep=5 position=27 arm=m7_ipg5 m=7 ipg=5 groups=2 inner=252 gpu_seconds=0.107296875 wall_seconds=0.107512708 seconds_per_dispatch=0.000425781250 gbps=222.942650
LEG shape=linear_attn.in_proj_fused_qkvzba rep=5 position=28 arm=m7_ipg4 m=7 ipg=4 groups=2 inner=252 gpu_seconds=0.106688667 wall_seconds=0.106911000 seconds_per_dispatch=0.000423367726 gbps=224.213596
LEG shape=linear_attn.in_proj_fused_qkvzba rep=5 position=29 arm=m6_ipg6 m=6 ipg=6 groups=1 inner=252 gpu_seconds=0.091895625 wall_seconds=0.092118917 seconds_per_dispatch=0.000364665179 gbps=130.153365
LEG shape=linear_attn.in_proj_fused_qkvzba rep=5 position=30 arm=m6_ipg4 m=6 ipg=4 groups=2 inner=252 gpu_seconds=0.098431583 wall_seconds=0.098662583 seconds_per_dispatch=0.000390601521 gbps=243.022095
LEG shape=linear_attn.in_proj_fused_qkvzba rep=5 position=31 arm=m6_ipg3 m=6 ipg=3 groups=2 inner=252 gpu_seconds=0.098347708 wall_seconds=0.098583917 seconds_per_dispatch=0.000390268684 gbps=243.229354
LEG shape=linear_attn.in_proj_fused_qkvzba rep=5 position=32 arm=m6_ipg2 m=6 ipg=2 groups=3 inner=252 gpu_seconds=0.126966542 wall_seconds=0.127192708 seconds_per_dispatch=0.000503835483 gbps=282.606535
LEG shape=linear_attn.in_proj_fused_qkvzba rep=5 position=33 arm=m5_ipg5 m=5 ipg=5 groups=1 inner=252 gpu_seconds=0.071511500 wall_seconds=0.071744750 seconds_per_dispatch=0.000283775794 gbps=167.253166
LEG shape=linear_attn.in_proj_fused_qkvzba rep=5 position=34 arm=m5_ipg3 m=5 ipg=3 groups=2 inner=252 gpu_seconds=0.091690375 wall_seconds=0.091920750 seconds_per_dispatch=0.000363850694 gbps=260.889429
LEG shape=linear_attn.in_proj_fused_qkvzba rep=5 position=35 arm=m4_ipg4 m=4 ipg=4 groups=1 inner=252 gpu_seconds=0.060499375 wall_seconds=0.060728333 seconds_per_dispatch=0.000240076885 gbps=197.696667
LEG shape=linear_attn.in_proj_fused_qkvzba rep=5 position=36 arm=m4_ipg2 m=4 ipg=2 groups=2 inner=252 gpu_seconds=0.085859625 wall_seconds=0.086077458 seconds_per_dispatch=0.000340712797 gbps=278.606500
LEG shape=linear_attn.in_proj_fused_qkvzba rep=5 position=37 arm=m3_ipg3 m=3 ipg=3 groups=1 inner=252 gpu_seconds=0.052517583 wall_seconds=0.052741458 seconds_per_dispatch=0.000208403108 gbps=227.743245
LEG shape=linear_attn.in_proj_fused_qkvzba rep=6 position=0 arm=m3_ipg3 m=3 ipg=3 groups=1 inner=252 gpu_seconds=0.052311375 wall_seconds=0.052543083 seconds_per_dispatch=0.000207584822 gbps=228.640994
LEG shape=linear_attn.in_proj_fused_qkvzba rep=6 position=1 arm=m4_ipg2 m=4 ipg=2 groups=2 inner=252 gpu_seconds=0.085799000 wall_seconds=0.086023667 seconds_per_dispatch=0.000340472222 gbps=278.803361
LEG shape=linear_attn.in_proj_fused_qkvzba rep=6 position=2 arm=m4_ipg4 m=4 ipg=4 groups=1 inner=252 gpu_seconds=0.060565500 wall_seconds=0.060790667 seconds_per_dispatch=0.000240339286 gbps=197.480823
LEG shape=linear_attn.in_proj_fused_qkvzba rep=6 position=3 arm=m5_ipg3 m=5 ipg=3 groups=2 inner=252 gpu_seconds=0.091642542 wall_seconds=0.091865792 seconds_per_dispatch=0.000363660879 gbps=261.025602
LEG shape=linear_attn.in_proj_fused_qkvzba rep=6 position=4 arm=m5_ipg5 m=5 ipg=5 groups=1 inner=252 gpu_seconds=0.071544167 wall_seconds=0.071775917 seconds_per_dispatch=0.000283905423 gbps=167.176799
LEG shape=linear_attn.in_proj_fused_qkvzba rep=6 position=5 arm=m6_ipg2 m=6 ipg=2 groups=3 inner=252 gpu_seconds=0.126886792 wall_seconds=0.127133292 seconds_per_dispatch=0.000503519014 gbps=282.784157
LEG shape=linear_attn.in_proj_fused_qkvzba rep=6 position=6 arm=m6_ipg3 m=6 ipg=3 groups=2 inner=252 gpu_seconds=0.098398167 wall_seconds=0.098611958 seconds_per_dispatch=0.000390468916 gbps=243.104627
LEG shape=linear_attn.in_proj_fused_qkvzba rep=6 position=7 arm=m6_ipg4 m=6 ipg=4 groups=2 inner=252 gpu_seconds=0.098378500 wall_seconds=0.098610708 seconds_per_dispatch=0.000390390873 gbps=243.153226
LEG shape=linear_attn.in_proj_fused_qkvzba rep=6 position=8 arm=m6_ipg6 m=6 ipg=6 groups=1 inner=252 gpu_seconds=0.091942750 wall_seconds=0.092172625 seconds_per_dispatch=0.000364852182 gbps=130.086655
LEG shape=linear_attn.in_proj_fused_qkvzba rep=6 position=9 arm=m7_ipg4 m=7 ipg=4 groups=2 inner=252 gpu_seconds=0.106736167 wall_seconds=0.106959083 seconds_per_dispatch=0.000423556218 gbps=224.113815
LEG shape=linear_attn.in_proj_fused_qkvzba rep=6 position=10 arm=m7_ipg5 m=7 ipg=5 groups=2 inner=252 gpu_seconds=0.107214542 wall_seconds=0.107441333 seconds_per_dispatch=0.000425454530 gbps=223.113854
LEG shape=linear_attn.in_proj_fused_qkvzba rep=6 position=11 arm=m8_ipg2 m=8 ipg=2 groups=4 inner=252 gpu_seconds=0.168039000 wall_seconds=0.168266708 seconds_per_dispatch=0.000666821428 gbps=284.708307
LEG shape=linear_attn.in_proj_fused_qkvzba rep=6 position=12 arm=m8_ipg3 m=8 ipg=3 groups=3 inner=252 gpu_seconds=0.138906417 wall_seconds=0.139151875 seconds_per_dispatch=0.000551215939 gbps=258.314736
LEG shape=linear_attn.in_proj_fused_qkvzba rep=6 position=13 arm=m8_ipg4 m=8 ipg=4 groups=2 inner=252 gpu_seconds=0.115416125 wall_seconds=0.115638250 seconds_per_dispatch=0.000458000496 gbps=207.259164
LEG shape=linear_attn.in_proj_fused_qkvzba rep=6 position=14 arm=m8_ipg5 m=8 ipg=5 groups=2 inner=252 gpu_seconds=0.116731750 wall_seconds=0.116961208 seconds_per_dispatch=0.000463221230 gbps=204.923250
LEG shape=linear_attn.in_proj_fused_qkvzba rep=6 position=15 arm=m8_ipg6 m=8 ipg=6 groups=2 inner=252 gpu_seconds=0.125415042 wall_seconds=0.125637292 seconds_per_dispatch=0.000497678737 gbps=190.735092
LEG shape=linear_attn.in_proj_fused_qkvzba rep=6 position=16 arm=m9_ipg3 m=9 ipg=3 groups=3 inner=252 gpu_seconds=0.145963875 wall_seconds=0.146220333 seconds_per_dispatch=0.000579221726 gbps=245.825033
LEG shape=linear_attn.in_proj_fused_qkvzba rep=6 position=17 arm=m9_ipg5 m=9 ipg=5 groups=2 inner=252 gpu_seconds=0.126402125 wall_seconds=0.126637417 seconds_per_dispatch=0.000501595734 gbps=189.245629
LEG shape=linear_attn.in_proj_fused_qkvzba rep=6 position=18 arm=m9_ipg6 m=9 ipg=6 groups=2 inner=252 gpu_seconds=0.135808250 wall_seconds=0.136037125 seconds_per_dispatch=0.000538921628 gbps=176.138413
LEG shape=linear_attn.in_proj_fused_qkvzba rep=6 position=19 arm=m9_ipg6 m=9 ipg=6 groups=2 inner=252 gpu_seconds=0.135648250 wall_seconds=0.135871917 seconds_per_dispatch=0.000538286707 gbps=176.346172
LEG shape=linear_attn.in_proj_fused_qkvzba rep=6 position=20 arm=m9_ipg5 m=9 ipg=5 groups=2 inner=252 gpu_seconds=0.126096375 wall_seconds=0.126330167 seconds_per_dispatch=0.000500382441 gbps=189.704499
LEG shape=linear_attn.in_proj_fused_qkvzba rep=6 position=21 arm=m9_ipg3 m=9 ipg=3 groups=3 inner=252 gpu_seconds=0.145956833 wall_seconds=0.146189667 seconds_per_dispatch=0.000579193782 gbps=245.836893
LEG shape=linear_attn.in_proj_fused_qkvzba rep=6 position=22 arm=m8_ipg6 m=8 ipg=6 groups=2 inner=252 gpu_seconds=0.125529125 wall_seconds=0.125737833 seconds_per_dispatch=0.000498131449 gbps=190.561749
LEG shape=linear_attn.in_proj_fused_qkvzba rep=6 position=23 arm=m8_ipg5 m=8 ipg=5 groups=2 inner=252 gpu_seconds=0.116687875 wall_seconds=0.116914500 seconds_per_dispatch=0.000463047123 gbps=205.000302
LEG shape=linear_attn.in_proj_fused_qkvzba rep=6 position=24 arm=m8_ipg4 m=8 ipg=4 groups=2 inner=252 gpu_seconds=0.115528667 wall_seconds=0.115768917 seconds_per_dispatch=0.000458447090 gbps=207.057264
LEG shape=linear_attn.in_proj_fused_qkvzba rep=6 position=25 arm=m8_ipg3 m=8 ipg=3 groups=3 inner=252 gpu_seconds=0.138935375 wall_seconds=0.139158042 seconds_per_dispatch=0.000551330853 gbps=258.260896
LEG shape=linear_attn.in_proj_fused_qkvzba rep=6 position=26 arm=m8_ipg2 m=8 ipg=2 groups=4 inner=252 gpu_seconds=0.168143292 wall_seconds=0.168459458 seconds_per_dispatch=0.000667235285 gbps=284.531715
LEG shape=linear_attn.in_proj_fused_qkvzba rep=6 position=27 arm=m7_ipg5 m=7 ipg=5 groups=2 inner=252 gpu_seconds=0.107286750 wall_seconds=0.107523750 seconds_per_dispatch=0.000425741072 gbps=222.963689
LEG shape=linear_attn.in_proj_fused_qkvzba rep=6 position=28 arm=m7_ipg4 m=7 ipg=4 groups=2 inner=252 gpu_seconds=0.106645458 wall_seconds=0.106878708 seconds_per_dispatch=0.000423196262 gbps=224.304438
LEG shape=linear_attn.in_proj_fused_qkvzba rep=6 position=29 arm=m6_ipg6 m=6 ipg=6 groups=1 inner=252 gpu_seconds=0.091906042 wall_seconds=0.092141792 seconds_per_dispatch=0.000364706514 gbps=130.138613
LEG shape=linear_attn.in_proj_fused_qkvzba rep=6 position=30 arm=m6_ipg4 m=6 ipg=4 groups=2 inner=252 gpu_seconds=0.098432625 wall_seconds=0.098662083 seconds_per_dispatch=0.000390605655 gbps=243.019523
LEG shape=linear_attn.in_proj_fused_qkvzba rep=6 position=31 arm=m6_ipg3 m=6 ipg=3 groups=2 inner=252 gpu_seconds=0.098504000 wall_seconds=0.098738625 seconds_per_dispatch=0.000390888888 gbps=242.843434
LEG shape=linear_attn.in_proj_fused_qkvzba rep=6 position=32 arm=m6_ipg2 m=6 ipg=2 groups=3 inner=252 gpu_seconds=0.126934333 wall_seconds=0.127156292 seconds_per_dispatch=0.000503707672 gbps=282.678244
LEG shape=linear_attn.in_proj_fused_qkvzba rep=6 position=33 arm=m5_ipg5 m=5 ipg=5 groups=1 inner=252 gpu_seconds=0.071434375 wall_seconds=0.071639500 seconds_per_dispatch=0.000283469742 gbps=167.433743
LEG shape=linear_attn.in_proj_fused_qkvzba rep=6 position=34 arm=m5_ipg3 m=5 ipg=3 groups=2 inner=252 gpu_seconds=0.091750917 wall_seconds=0.091977042 seconds_per_dispatch=0.000364090939 gbps=260.717282
LEG shape=linear_attn.in_proj_fused_qkvzba rep=6 position=35 arm=m4_ipg4 m=4 ipg=4 groups=1 inner=252 gpu_seconds=0.060546167 wall_seconds=0.060781000 seconds_per_dispatch=0.000240262566 gbps=197.543882
LEG shape=linear_attn.in_proj_fused_qkvzba rep=6 position=36 arm=m4_ipg2 m=4 ipg=2 groups=2 inner=252 gpu_seconds=0.085879875 wall_seconds=0.086104625 seconds_per_dispatch=0.000340793154 gbps=278.540806
LEG shape=linear_attn.in_proj_fused_qkvzba rep=6 position=37 arm=m3_ipg3 m=3 ipg=3 groups=1 inner=252 gpu_seconds=0.052604792 wall_seconds=0.052834292 seconds_per_dispatch=0.000208749173 gbps=227.365691
LEG shape=linear_attn.in_proj_fused_qkvzba rep=7 position=0 arm=m3_ipg3 m=3 ipg=3 groups=1 inner=252 gpu_seconds=0.052676375 wall_seconds=0.052866208 seconds_per_dispatch=0.000209033234 gbps=227.056717
LEG shape=linear_attn.in_proj_fused_qkvzba rep=7 position=1 arm=m4_ipg2 m=4 ipg=2 groups=2 inner=252 gpu_seconds=0.085841000 wall_seconds=0.086043667 seconds_per_dispatch=0.000340638889 gbps=278.666949
LEG shape=linear_attn.in_proj_fused_qkvzba rep=7 position=2 arm=m4_ipg4 m=4 ipg=4 groups=1 inner=252 gpu_seconds=0.060568000 wall_seconds=0.060796083 seconds_per_dispatch=0.000240349206 gbps=197.472672
LEG shape=linear_attn.in_proj_fused_qkvzba rep=7 position=3 arm=m5_ipg3 m=5 ipg=3 groups=2 inner=252 gpu_seconds=0.091728625 wall_seconds=0.091967708 seconds_per_dispatch=0.000364002481 gbps=260.780640
LEG shape=linear_attn.in_proj_fused_qkvzba rep=7 position=4 arm=m5_ipg5 m=5 ipg=5 groups=1 inner=252 gpu_seconds=0.071603917 wall_seconds=0.071833417 seconds_per_dispatch=0.000284142527 gbps=167.037298
LEG shape=linear_attn.in_proj_fused_qkvzba rep=7 position=5 arm=m6_ipg2 m=6 ipg=2 groups=3 inner=252 gpu_seconds=0.126895250 wall_seconds=0.127127333 seconds_per_dispatch=0.000503552580 gbps=282.765307
LEG shape=linear_attn.in_proj_fused_qkvzba rep=7 position=6 arm=m6_ipg3 m=6 ipg=3 groups=2 inner=252 gpu_seconds=0.098273875 wall_seconds=0.098505542 seconds_per_dispatch=0.000389975694 gbps=243.412093
LEG shape=linear_attn.in_proj_fused_qkvzba rep=7 position=7 arm=m6_ipg4 m=6 ipg=4 groups=2 inner=252 gpu_seconds=0.098537875 wall_seconds=0.098797417 seconds_per_dispatch=0.000391023313 gbps=242.759950
LEG shape=linear_attn.in_proj_fused_qkvzba rep=7 position=8 arm=m6_ipg6 m=6 ipg=6 groups=1 inner=252 gpu_seconds=0.091984917 wall_seconds=0.092189083 seconds_per_dispatch=0.000365019511 gbps=130.027022
LEG shape=linear_attn.in_proj_fused_qkvzba rep=7 position=9 arm=m7_ipg4 m=7 ipg=4 groups=2 inner=252 gpu_seconds=0.106694917 wall_seconds=0.106929292 seconds_per_dispatch=0.000423392527 gbps=224.200462
LEG shape=linear_attn.in_proj_fused_qkvzba rep=7 position=10 arm=m7_ipg5 m=7 ipg=5 groups=2 inner=252 gpu_seconds=0.107256583 wall_seconds=0.107494583 seconds_per_dispatch=0.000425621363 gbps=223.026399
LEG shape=linear_attn.in_proj_fused_qkvzba rep=7 position=11 arm=m8_ipg2 m=8 ipg=2 groups=4 inner=252 gpu_seconds=0.168026000 wall_seconds=0.168232292 seconds_per_dispatch=0.000666769841 gbps=284.730335
LEG shape=linear_attn.in_proj_fused_qkvzba rep=7 position=12 arm=m8_ipg3 m=8 ipg=3 groups=3 inner=252 gpu_seconds=0.138539500 wall_seconds=0.138802583 seconds_per_dispatch=0.000549759921 gbps=258.998873
LEG shape=linear_attn.in_proj_fused_qkvzba rep=7 position=13 arm=m8_ipg4 m=8 ipg=4 groups=2 inner=252 gpu_seconds=0.115505958 wall_seconds=0.115734583 seconds_per_dispatch=0.000458356977 gbps=207.097971
LEG shape=linear_attn.in_proj_fused_qkvzba rep=7 position=14 arm=m8_ipg5 m=8 ipg=5 groups=2 inner=252 gpu_seconds=0.116860875 wall_seconds=0.117094250 seconds_per_dispatch=0.000463733632 gbps=204.696821
LEG shape=linear_attn.in_proj_fused_qkvzba rep=7 position=15 arm=m8_ipg6 m=8 ipg=6 groups=2 inner=252 gpu_seconds=0.125449875 wall_seconds=0.125682708 seconds_per_dispatch=0.000497816965 gbps=190.682132
LEG shape=linear_attn.in_proj_fused_qkvzba rep=7 position=16 arm=m9_ipg3 m=9 ipg=3 groups=3 inner=252 gpu_seconds=0.145996875 wall_seconds=0.146243542 seconds_per_dispatch=0.000579352679 gbps=245.769468
LEG shape=linear_attn.in_proj_fused_qkvzba rep=7 position=17 arm=m9_ipg5 m=9 ipg=5 groups=2 inner=252 gpu_seconds=0.126476708 wall_seconds=0.126687625 seconds_per_dispatch=0.000501891700 gbps=189.134030
LEG shape=linear_attn.in_proj_fused_qkvzba rep=7 position=18 arm=m9_ipg6 m=9 ipg=6 groups=2 inner=252 gpu_seconds=0.135883542 wall_seconds=0.136108875 seconds_per_dispatch=0.000539220403 gbps=176.040816
LEG shape=linear_attn.in_proj_fused_qkvzba rep=7 position=19 arm=m9_ipg6 m=9 ipg=6 groups=2 inner=252 gpu_seconds=0.135820125 wall_seconds=0.136046208 seconds_per_dispatch=0.000538968750 gbps=176.123013
LEG shape=linear_attn.in_proj_fused_qkvzba rep=7 position=20 arm=m9_ipg5 m=9 ipg=5 groups=2 inner=252 gpu_seconds=0.126462167 wall_seconds=0.126698917 seconds_per_dispatch=0.000501833995 gbps=189.155779
LEG shape=linear_attn.in_proj_fused_qkvzba rep=7 position=21 arm=m9_ipg3 m=9 ipg=3 groups=3 inner=252 gpu_seconds=0.145865542 wall_seconds=0.146088208 seconds_per_dispatch=0.000578831514 gbps=245.990753
LEG shape=linear_attn.in_proj_fused_qkvzba rep=7 position=22 arm=m8_ipg6 m=8 ipg=6 groups=2 inner=252 gpu_seconds=0.125401750 wall_seconds=0.125632750 seconds_per_dispatch=0.000497625992 gbps=190.755309
LEG shape=linear_attn.in_proj_fused_qkvzba rep=7 position=23 arm=m8_ipg5 m=8 ipg=5 groups=2 inner=252 gpu_seconds=0.116759583 wall_seconds=0.117003917 seconds_per_dispatch=0.000463331680 gbps=204.874400
LEG shape=linear_attn.in_proj_fused_qkvzba rep=7 position=24 arm=m8_ipg4 m=8 ipg=4 groups=2 inner=252 gpu_seconds=0.115577500 wall_seconds=0.115798958 seconds_per_dispatch=0.000458640873 gbps=206.969779
LEG shape=linear_attn.in_proj_fused_qkvzba rep=7 position=25 arm=m8_ipg3 m=8 ipg=3 groups=3 inner=252 gpu_seconds=0.138907125 wall_seconds=0.139150208 seconds_per_dispatch=0.000551218750 gbps=258.313419
LEG shape=linear_attn.in_proj_fused_qkvzba rep=7 position=26 arm=m8_ipg2 m=8 ipg=2 groups=4 inner=252 gpu_seconds=0.168073917 wall_seconds=0.168286583 seconds_per_dispatch=0.000666959987 gbps=284.649160
LEG shape=linear_attn.in_proj_fused_qkvzba rep=7 position=27 arm=m7_ipg5 m=7 ipg=5 groups=2 inner=252 gpu_seconds=0.107309125 wall_seconds=0.107534958 seconds_per_dispatch=0.000425829861 gbps=222.917199
LEG shape=linear_attn.in_proj_fused_qkvzba rep=7 position=28 arm=m7_ipg4 m=7 ipg=4 groups=2 inner=252 gpu_seconds=0.106670458 wall_seconds=0.106921125 seconds_per_dispatch=0.000423295470 gbps=224.251869
LEG shape=linear_attn.in_proj_fused_qkvzba rep=7 position=29 arm=m6_ipg6 m=6 ipg=6 groups=1 inner=252 gpu_seconds=0.091879167 wall_seconds=0.092112500 seconds_per_dispatch=0.000364599868 gbps=130.176679
LEG shape=linear_attn.in_proj_fused_qkvzba rep=7 position=30 arm=m6_ipg4 m=6 ipg=4 groups=2 inner=252 gpu_seconds=0.098436208 wall_seconds=0.098662042 seconds_per_dispatch=0.000390619874 gbps=243.010677
LEG shape=linear_attn.in_proj_fused_qkvzba rep=7 position=31 arm=m6_ipg3 m=6 ipg=3 groups=2 inner=252 gpu_seconds=0.098316750 wall_seconds=0.098554500 seconds_per_dispatch=0.000390145833 gbps=243.305943
LEG shape=linear_attn.in_proj_fused_qkvzba rep=7 position=32 arm=m6_ipg2 m=6 ipg=2 groups=3 inner=252 gpu_seconds=0.126953500 wall_seconds=0.127176542 seconds_per_dispatch=0.000503783730 gbps=282.635567
LEG shape=linear_attn.in_proj_fused_qkvzba rep=7 position=33 arm=m5_ipg5 m=5 ipg=5 groups=1 inner=252 gpu_seconds=0.071553667 wall_seconds=0.071782250 seconds_per_dispatch=0.000283943121 gbps=167.154604
LEG shape=linear_attn.in_proj_fused_qkvzba rep=7 position=34 arm=m5_ipg3 m=5 ipg=3 groups=2 inner=252 gpu_seconds=0.091765500 wall_seconds=0.091994292 seconds_per_dispatch=0.000364148809 gbps=260.675849
LEG shape=linear_attn.in_proj_fused_qkvzba rep=7 position=35 arm=m4_ipg4 m=4 ipg=4 groups=1 inner=252 gpu_seconds=0.060496375 wall_seconds=0.060722417 seconds_per_dispatch=0.000240064980 gbps=197.706471
LEG shape=linear_attn.in_proj_fused_qkvzba rep=7 position=36 arm=m4_ipg2 m=4 ipg=2 groups=2 inner=252 gpu_seconds=0.085947958 wall_seconds=0.086189750 seconds_per_dispatch=0.000341063327 gbps=278.320161
LEG shape=linear_attn.in_proj_fused_qkvzba rep=7 position=37 arm=m3_ipg3 m=3 ipg=3 groups=1 inner=252 gpu_seconds=0.052442208 wall_seconds=0.052648958 seconds_per_dispatch=0.000208104002 gbps=228.070578
LEG shape=linear_attn.in_proj_fused_qkvzba rep=8 position=0 arm=m3_ipg3 m=3 ipg=3 groups=1 inner=252 gpu_seconds=0.052414958 wall_seconds=0.052641917 seconds_per_dispatch=0.000207995866 gbps=228.189151
LEG shape=linear_attn.in_proj_fused_qkvzba rep=8 position=1 arm=m4_ipg2 m=4 ipg=2 groups=2 inner=252 gpu_seconds=0.085937667 wall_seconds=0.086177458 seconds_per_dispatch=0.000341022487 gbps=278.353492
LEG shape=linear_attn.in_proj_fused_qkvzba rep=8 position=2 arm=m4_ipg4 m=4 ipg=4 groups=1 inner=252 gpu_seconds=0.060437250 wall_seconds=0.060659125 seconds_per_dispatch=0.000239830358 gbps=197.899884
LEG shape=linear_attn.in_proj_fused_qkvzba rep=8 position=3 arm=m5_ipg3 m=5 ipg=3 groups=2 inner=252 gpu_seconds=0.091670000 wall_seconds=0.091983208 seconds_per_dispatch=0.000363769841 gbps=260.947416
LEG shape=linear_attn.in_proj_fused_qkvzba rep=8 position=4 arm=m5_ipg5 m=5 ipg=5 groups=1 inner=252 gpu_seconds=0.071550250 wall_seconds=0.071787208 seconds_per_dispatch=0.000283929564 gbps=167.162586
LEG shape=linear_attn.in_proj_fused_qkvzba rep=8 position=5 arm=m6_ipg2 m=6 ipg=2 groups=3 inner=252 gpu_seconds=0.126903875 wall_seconds=0.127134667 seconds_per_dispatch=0.000503586806 gbps=282.746089
LEG shape=linear_attn.in_proj_fused_qkvzba rep=8 position=6 arm=m6_ipg3 m=6 ipg=3 groups=2 inner=252 gpu_seconds=0.098437333 wall_seconds=0.098669042 seconds_per_dispatch=0.000390624338 gbps=243.007900
LEG shape=linear_attn.in_proj_fused_qkvzba rep=8 position=7 arm=m6_ipg4 m=6 ipg=4 groups=2 inner=252 gpu_seconds=0.098532625 wall_seconds=0.098769667 seconds_per_dispatch=0.000391002480 gbps=242.772885
LEG shape=linear_attn.in_proj_fused_qkvzba rep=8 position=8 arm=m6_ipg6 m=6 ipg=6 groups=1 inner=252 gpu_seconds=0.091924375 wall_seconds=0.092157917 seconds_per_dispatch=0.000364779266 gbps=130.112658
LEG shape=linear_attn.in_proj_fused_qkvzba rep=8 position=9 arm=m7_ipg4 m=7 ipg=4 groups=2 inner=252 gpu_seconds=0.106706333 wall_seconds=0.106937042 seconds_per_dispatch=0.000423437831 gbps=224.176474
LEG shape=linear_attn.in_proj_fused_qkvzba rep=8 position=10 arm=m7_ipg5 m=7 ipg=5 groups=2 inner=252 gpu_seconds=0.107360542 wall_seconds=0.107583500 seconds_per_dispatch=0.000426033895 gbps=222.810441
LEG shape=linear_attn.in_proj_fused_qkvzba rep=8 position=11 arm=m8_ipg2 m=8 ipg=2 groups=4 inner=252 gpu_seconds=0.168043417 wall_seconds=0.168279750 seconds_per_dispatch=0.000666838955 gbps=284.700824
LEG shape=linear_attn.in_proj_fused_qkvzba rep=8 position=12 arm=m8_ipg3 m=8 ipg=3 groups=3 inner=252 gpu_seconds=0.138928125 wall_seconds=0.139150417 seconds_per_dispatch=0.000551302083 gbps=258.274373
LEG shape=linear_attn.in_proj_fused_qkvzba rep=8 position=13 arm=m8_ipg4 m=8 ipg=4 groups=2 inner=252 gpu_seconds=0.115490500 wall_seconds=0.115721292 seconds_per_dispatch=0.000458295635 gbps=207.125691
LEG shape=linear_attn.in_proj_fused_qkvzba rep=8 position=14 arm=m8_ipg5 m=8 ipg=5 groups=2 inner=252 gpu_seconds=0.116848958 wall_seconds=0.117070083 seconds_per_dispatch=0.000463686342 gbps=204.717697
LEG shape=linear_attn.in_proj_fused_qkvzba rep=8 position=15 arm=m8_ipg6 m=8 ipg=6 groups=2 inner=252 gpu_seconds=0.125487958 wall_seconds=0.125708417 seconds_per_dispatch=0.000497968089 gbps=190.624263
LEG shape=linear_attn.in_proj_fused_qkvzba rep=8 position=16 arm=m9_ipg3 m=9 ipg=3 groups=3 inner=252 gpu_seconds=0.146031542 wall_seconds=0.146255125 seconds_per_dispatch=0.000579490244 gbps=245.711125
LEG shape=linear_attn.in_proj_fused_qkvzba rep=8 position=17 arm=m9_ipg5 m=9 ipg=5 groups=2 inner=252 gpu_seconds=0.126272042 wall_seconds=0.126503417 seconds_per_dispatch=0.000501079530 gbps=189.440586
LEG shape=linear_attn.in_proj_fused_qkvzba rep=8 position=18 arm=m9_ipg6 m=9 ipg=6 groups=2 inner=252 gpu_seconds=0.135765958 wall_seconds=0.135995458 seconds_per_dispatch=0.000538753803 gbps=176.193281
LEG shape=linear_attn.in_proj_fused_qkvzba rep=8 position=19 arm=m9_ipg6 m=9 ipg=6 groups=2 inner=252 gpu_seconds=0.135847417 wall_seconds=0.136091250 seconds_per_dispatch=0.000539077050 gbps=176.087630
LEG shape=linear_attn.in_proj_fused_qkvzba rep=8 position=20 arm=m9_ipg5 m=9 ipg=5 groups=2 inner=252 gpu_seconds=0.126399708 wall_seconds=0.126635583 seconds_per_dispatch=0.000501586145 gbps=189.249247
LEG shape=linear_attn.in_proj_fused_qkvzba rep=8 position=21 arm=m9_ipg3 m=9 ipg=3 groups=3 inner=252 gpu_seconds=0.145943250 wall_seconds=0.146158083 seconds_per_dispatch=0.000579139881 gbps=245.859774
LEG shape=linear_attn.in_proj_fused_qkvzba rep=8 position=22 arm=m8_ipg6 m=8 ipg=6 groups=2 inner=252 gpu_seconds=0.125411625 wall_seconds=0.125624792 seconds_per_dispatch=0.000497665179 gbps=190.740289
LEG shape=linear_attn.in_proj_fused_qkvzba rep=8 position=23 arm=m8_ipg5 m=8 ipg=5 groups=2 inner=252 gpu_seconds=0.116843625 wall_seconds=0.117063250 seconds_per_dispatch=0.000463665178 gbps=204.727041
LEG shape=linear_attn.in_proj_fused_qkvzba rep=8 position=24 arm=m8_ipg4 m=8 ipg=4 groups=2 inner=252 gpu_seconds=0.115526500 wall_seconds=0.115751250 seconds_per_dispatch=0.000458438493 gbps=207.061147
LEG shape=linear_attn.in_proj_fused_qkvzba rep=8 position=25 arm=m8_ipg3 m=8 ipg=3 groups=3 inner=252 gpu_seconds=0.138894583 wall_seconds=0.139128333 seconds_per_dispatch=0.000551168981 gbps=258.336744
LEG shape=linear_attn.in_proj_fused_qkvzba rep=8 position=26 arm=m8_ipg2 m=8 ipg=2 groups=4 inner=252 gpu_seconds=0.168142292 wall_seconds=0.168382917 seconds_per_dispatch=0.000667231316 gbps=284.533407
LEG shape=linear_attn.in_proj_fused_qkvzba rep=8 position=27 arm=m7_ipg5 m=7 ipg=5 groups=2 inner=252 gpu_seconds=0.107264458 wall_seconds=0.107502667 seconds_per_dispatch=0.000425652612 gbps=223.010026
LEG shape=linear_attn.in_proj_fused_qkvzba rep=8 position=28 arm=m7_ipg4 m=7 ipg=4 groups=2 inner=252 gpu_seconds=0.106660750 wall_seconds=0.106890542 seconds_per_dispatch=0.000423256944 gbps=224.272280
LEG shape=linear_attn.in_proj_fused_qkvzba rep=8 position=29 arm=m6_ipg6 m=6 ipg=6 groups=1 inner=252 gpu_seconds=0.091873250 wall_seconds=0.092106500 seconds_per_dispatch=0.000364576389 gbps=130.185063
LEG shape=linear_attn.in_proj_fused_qkvzba rep=8 position=30 arm=m6_ipg4 m=6 ipg=4 groups=2 inner=252 gpu_seconds=0.098411208 wall_seconds=0.098643833 seconds_per_dispatch=0.000390520668 gbps=243.072410
LEG shape=linear_attn.in_proj_fused_qkvzba rep=8 position=31 arm=m6_ipg3 m=6 ipg=3 groups=2 inner=252 gpu_seconds=0.098398292 wall_seconds=0.098709333 seconds_per_dispatch=0.000390469412 gbps=243.104318
LEG shape=linear_attn.in_proj_fused_qkvzba rep=8 position=32 arm=m6_ipg2 m=6 ipg=2 groups=3 inner=252 gpu_seconds=0.127008750 wall_seconds=0.127237167 seconds_per_dispatch=0.000504002977 gbps=282.512617
LEG shape=linear_attn.in_proj_fused_qkvzba rep=8 position=33 arm=m5_ipg5 m=5 ipg=5 groups=1 inner=252 gpu_seconds=0.071543375 wall_seconds=0.071780458 seconds_per_dispatch=0.000283902282 gbps=167.178649
LEG shape=linear_attn.in_proj_fused_qkvzba rep=8 position=34 arm=m5_ipg3 m=5 ipg=3 groups=2 inner=252 gpu_seconds=0.091669750 wall_seconds=0.091901750 seconds_per_dispatch=0.000363768849 gbps=260.948128
LEG shape=linear_attn.in_proj_fused_qkvzba rep=8 position=35 arm=m4_ipg4 m=4 ipg=4 groups=1 inner=252 gpu_seconds=0.060476500 wall_seconds=0.060700083 seconds_per_dispatch=0.000239986110 gbps=197.771446
LEG shape=linear_attn.in_proj_fused_qkvzba rep=8 position=36 arm=m4_ipg2 m=4 ipg=2 groups=2 inner=252 gpu_seconds=0.086005250 wall_seconds=0.086228667 seconds_per_dispatch=0.000341290675 gbps=278.134760
LEG shape=linear_attn.in_proj_fused_qkvzba rep=8 position=37 arm=m3_ipg3 m=3 ipg=3 groups=1 inner=252 gpu_seconds=0.052485417 wall_seconds=0.052721792 seconds_per_dispatch=0.000208275463 gbps=227.882821
LEG shape=linear_attn.in_proj_fused_qkvzba rep=9 position=0 arm=m3_ipg3 m=3 ipg=3 groups=1 inner=252 gpu_seconds=0.052468834 wall_seconds=0.052698875 seconds_per_dispatch=0.000208209657 gbps=227.954845
LEG shape=linear_attn.in_proj_fused_qkvzba rep=9 position=1 arm=m4_ipg2 m=4 ipg=2 groups=2 inner=252 gpu_seconds=0.085910083 wall_seconds=0.086137583 seconds_per_dispatch=0.000340913029 gbps=278.442864
LEG shape=linear_attn.in_proj_fused_qkvzba rep=9 position=2 arm=m4_ipg4 m=4 ipg=4 groups=1 inner=252 gpu_seconds=0.060486625 wall_seconds=0.060710000 seconds_per_dispatch=0.000240026289 gbps=197.738340
LEG shape=linear_attn.in_proj_fused_qkvzba rep=9 position=3 arm=m5_ipg3 m=5 ipg=3 groups=2 inner=252 gpu_seconds=0.091587708 wall_seconds=0.091812833 seconds_per_dispatch=0.000363443287 gbps=261.181877
LEG shape=linear_attn.in_proj_fused_qkvzba rep=9 position=4 arm=m5_ipg5 m=5 ipg=5 groups=1 inner=252 gpu_seconds=0.071456792 wall_seconds=0.071677250 seconds_per_dispatch=0.000283558697 gbps=167.381218
LEG shape=linear_attn.in_proj_fused_qkvzba rep=9 position=5 arm=m6_ipg2 m=6 ipg=2 groups=3 inner=252 gpu_seconds=0.126902250 wall_seconds=0.127132625 seconds_per_dispatch=0.000503580358 gbps=282.749710
LEG shape=linear_attn.in_proj_fused_qkvzba rep=9 position=6 arm=m6_ipg3 m=6 ipg=3 groups=2 inner=252 gpu_seconds=0.098478708 wall_seconds=0.098696292 seconds_per_dispatch=0.000390788525 gbps=242.905802
LEG shape=linear_attn.in_proj_fused_qkvzba rep=9 position=7 arm=m6_ipg4 m=6 ipg=4 groups=2 inner=252 gpu_seconds=0.098491750 wall_seconds=0.098727375 seconds_per_dispatch=0.000390840278 gbps=242.873638
LEG shape=linear_attn.in_proj_fused_qkvzba rep=9 position=8 arm=m6_ipg6 m=6 ipg=6 groups=1 inner=252 gpu_seconds=0.091958542 wall_seconds=0.092175208 seconds_per_dispatch=0.000364914848 gbps=130.064316
LEG shape=linear_attn.in_proj_fused_qkvzba rep=9 position=9 arm=m7_ipg4 m=7 ipg=4 groups=2 inner=252 gpu_seconds=0.106789625 wall_seconds=0.107022875 seconds_per_dispatch=0.000423768353 gbps=224.001626
LEG shape=linear_attn.in_proj_fused_qkvzba rep=9 position=10 arm=m7_ipg5 m=7 ipg=5 groups=2 inner=252 gpu_seconds=0.107310917 wall_seconds=0.107547417 seconds_per_dispatch=0.000425836970 gbps=222.913478
LEG shape=linear_attn.in_proj_fused_qkvzba rep=9 position=11 arm=m8_ipg2 m=8 ipg=2 groups=4 inner=252 gpu_seconds=0.168105000 wall_seconds=0.168319083 seconds_per_dispatch=0.000667083334 gbps=284.596527
LEG shape=linear_attn.in_proj_fused_qkvzba rep=9 position=12 arm=m8_ipg3 m=8 ipg=3 groups=3 inner=252 gpu_seconds=0.138865125 wall_seconds=0.139095958 seconds_per_dispatch=0.000551052083 gbps=258.391547
LEG shape=linear_attn.in_proj_fused_qkvzba rep=9 position=13 arm=m8_ipg4 m=8 ipg=4 groups=2 inner=252 gpu_seconds=0.115496500 wall_seconds=0.115731208 seconds_per_dispatch=0.000458319444 gbps=207.114931
LEG shape=linear_attn.in_proj_fused_qkvzba rep=9 position=14 arm=m8_ipg5 m=8 ipg=5 groups=2 inner=252 gpu_seconds=0.116791375 wall_seconds=0.117022125 seconds_per_dispatch=0.000463457837 gbps=204.818632
LEG shape=linear_attn.in_proj_fused_qkvzba rep=9 position=15 arm=m8_ipg6 m=8 ipg=6 groups=2 inner=252 gpu_seconds=0.125357250 wall_seconds=0.125595958 seconds_per_dispatch=0.000497449405 gbps=190.823025
LEG shape=linear_attn.in_proj_fused_qkvzba rep=9 position=16 arm=m9_ipg3 m=9 ipg=3 groups=3 inner=252 gpu_seconds=0.146032333 wall_seconds=0.146254125 seconds_per_dispatch=0.000579493386 gbps=245.709793
LEG shape=linear_attn.in_proj_fused_qkvzba rep=9 position=17 arm=m9_ipg5 m=9 ipg=5 groups=2 inner=252 gpu_seconds=0.126441292 wall_seconds=0.126677042 seconds_per_dispatch=0.000501751157 gbps=189.187008
LEG shape=linear_attn.in_proj_fused_qkvzba rep=9 position=18 arm=m9_ipg6 m=9 ipg=6 groups=2 inner=252 gpu_seconds=0.135894917 wall_seconds=0.136139042 seconds_per_dispatch=0.000539265543 gbps=176.026081
LEG shape=linear_attn.in_proj_fused_qkvzba rep=9 position=19 arm=m9_ipg6 m=9 ipg=6 groups=2 inner=252 gpu_seconds=0.135725250 wall_seconds=0.135955250 seconds_per_dispatch=0.000538592262 gbps=176.246127
LEG shape=linear_attn.in_proj_fused_qkvzba rep=9 position=20 arm=m9_ipg5 m=9 ipg=5 groups=2 inner=252 gpu_seconds=0.126535750 wall_seconds=0.126761500 seconds_per_dispatch=0.000502125992 gbps=189.045780
LEG shape=linear_attn.in_proj_fused_qkvzba rep=9 position=21 arm=m9_ipg3 m=9 ipg=3 groups=3 inner=252 gpu_seconds=0.145881750 wall_seconds=0.146117167 seconds_per_dispatch=0.000578895833 gbps=245.963422
LEG shape=linear_attn.in_proj_fused_qkvzba rep=9 position=22 arm=m8_ipg6 m=8 ipg=6 groups=2 inner=252 gpu_seconds=0.125444333 wall_seconds=0.125671792 seconds_per_dispatch=0.000497794973 gbps=190.690555
LEG shape=linear_attn.in_proj_fused_qkvzba rep=9 position=23 arm=m8_ipg5 m=8 ipg=5 groups=2 inner=252 gpu_seconds=0.116758875 wall_seconds=0.116994000 seconds_per_dispatch=0.000463328869 gbps=204.875643
LEG shape=linear_attn.in_proj_fused_qkvzba rep=9 position=24 arm=m8_ipg4 m=8 ipg=4 groups=2 inner=252 gpu_seconds=0.115452625 wall_seconds=0.115694417 seconds_per_dispatch=0.000458145338 gbps=207.193640
LEG shape=linear_attn.in_proj_fused_qkvzba rep=9 position=25 arm=m8_ipg3 m=8 ipg=3 groups=3 inner=252 gpu_seconds=0.138888375 wall_seconds=0.139111125 seconds_per_dispatch=0.000551144345 gbps=258.348292
LEG shape=linear_attn.in_proj_fused_qkvzba rep=9 position=26 arm=m8_ipg2 m=8 ipg=2 groups=4 inner=252 gpu_seconds=0.167964417 wall_seconds=0.168200167 seconds_per_dispatch=0.000666525463 gbps=284.834729
LEG shape=linear_attn.in_proj_fused_qkvzba rep=9 position=27 arm=m7_ipg5 m=7 ipg=5 groups=2 inner=252 gpu_seconds=0.107292375 wall_seconds=0.107522500 seconds_per_dispatch=0.000425763392 gbps=222.952000
LEG shape=linear_attn.in_proj_fused_qkvzba rep=9 position=28 arm=m7_ipg4 m=7 ipg=4 groups=2 inner=252 gpu_seconds=0.106342542 wall_seconds=0.106576125 seconds_per_dispatch=0.000421994212 gbps=224.943369
LEG shape=linear_attn.in_proj_fused_qkvzba rep=9 position=29 arm=m6_ipg6 m=6 ipg=6 groups=1 inner=252 gpu_seconds=0.091319333 wall_seconds=0.091580750 seconds_per_dispatch=0.000362378307 gbps=130.974728
LEG shape=linear_attn.in_proj_fused_qkvzba rep=9 position=30 arm=m6_ipg4 m=6 ipg=4 groups=2 inner=252 gpu_seconds=0.097763458 wall_seconds=0.097994708 seconds_per_dispatch=0.000387950231 gbps=244.682932
LEG shape=linear_attn.in_proj_fused_qkvzba rep=9 position=31 arm=m6_ipg3 m=6 ipg=3 groups=2 inner=252 gpu_seconds=0.097814333 wall_seconds=0.098061958 seconds_per_dispatch=0.000388152116 gbps=244.555668
LEG shape=linear_attn.in_proj_fused_qkvzba rep=9 position=32 arm=m6_ipg2 m=6 ipg=2 groups=3 inner=252 gpu_seconds=0.126258125 wall_seconds=0.126503208 seconds_per_dispatch=0.000501024305 gbps=284.192201
LEG shape=linear_attn.in_proj_fused_qkvzba rep=9 position=33 arm=m5_ipg5 m=5 ipg=5 groups=1 inner=252 gpu_seconds=0.070849083 wall_seconds=0.071097542 seconds_per_dispatch=0.000281147156 gbps=168.816931
LEG shape=linear_attn.in_proj_fused_qkvzba rep=9 position=34 arm=m5_ipg3 m=5 ipg=3 groups=2 inner=252 gpu_seconds=0.091012750 wall_seconds=0.091248042 seconds_per_dispatch=0.000361161706 gbps=262.831852
LEG shape=linear_attn.in_proj_fused_qkvzba rep=9 position=35 arm=m4_ipg4 m=4 ipg=4 groups=1 inner=252 gpu_seconds=0.059845750 wall_seconds=0.060074375 seconds_per_dispatch=0.000237483135 gbps=199.855876
LEG shape=linear_attn.in_proj_fused_qkvzba rep=9 position=36 arm=m4_ipg2 m=4 ipg=2 groups=2 inner=252 gpu_seconds=0.085191500 wall_seconds=0.085416833 seconds_per_dispatch=0.000338061508 gbps=280.791506
LEG shape=linear_attn.in_proj_fused_qkvzba rep=9 position=37 arm=m3_ipg3 m=3 ipg=3 groups=1 inner=252 gpu_seconds=0.051603250 wall_seconds=0.051833083 seconds_per_dispatch=0.000204774801 gbps=231.778518
LEG shape=linear_attn.in_proj_fused_qkvzba rep=10 position=0 arm=m3_ipg3 m=3 ipg=3 groups=1 inner=252 gpu_seconds=0.051708333 wall_seconds=0.051938375 seconds_per_dispatch=0.000205191798 gbps=231.307491
LEG shape=linear_attn.in_proj_fused_qkvzba rep=10 position=1 arm=m4_ipg2 m=4 ipg=2 groups=2 inner=252 gpu_seconds=0.085333625 wall_seconds=0.085556458 seconds_per_dispatch=0.000338625496 gbps=280.323842
LEG shape=linear_attn.in_proj_fused_qkvzba rep=10 position=2 arm=m4_ipg4 m=4 ipg=4 groups=1 inner=252 gpu_seconds=0.059877875 wall_seconds=0.060101250 seconds_per_dispatch=0.000237610615 gbps=199.748652
LEG shape=linear_attn.in_proj_fused_qkvzba rep=10 position=3 arm=m5_ipg3 m=5 ipg=3 groups=2 inner=252 gpu_seconds=0.091599125 wall_seconds=0.091820250 seconds_per_dispatch=0.000363488591 gbps=261.149324
LEG shape=linear_attn.in_proj_fused_qkvzba rep=10 position=4 arm=m5_ipg5 m=5 ipg=5 groups=1 inner=252 gpu_seconds=0.071448750 wall_seconds=0.071676708 seconds_per_dispatch=0.000283526786 gbps=167.400056
LEG shape=linear_attn.in_proj_fused_qkvzba rep=10 position=5 arm=m6_ipg2 m=6 ipg=2 groups=3 inner=252 gpu_seconds=0.127014417 wall_seconds=0.127252417 seconds_per_dispatch=0.000504025463 gbps=282.500013
LEG shape=linear_attn.in_proj_fused_qkvzba rep=10 position=6 arm=m6_ipg3 m=6 ipg=3 groups=2 inner=252 gpu_seconds=0.098512458 wall_seconds=0.098745083 seconds_per_dispatch=0.000390922454 gbps=242.822583
LEG shape=linear_attn.in_proj_fused_qkvzba rep=10 position=7 arm=m6_ipg4 m=6 ipg=4 groups=2 inner=252 gpu_seconds=0.098067125 wall_seconds=0.098309167 seconds_per_dispatch=0.000389155257 gbps=243.925267
LEG shape=linear_attn.in_proj_fused_qkvzba rep=10 position=8 arm=m6_ipg6 m=6 ipg=6 groups=1 inner=252 gpu_seconds=0.091666792 wall_seconds=0.091886833 seconds_per_dispatch=0.000363757109 gbps=130.478275
LEG shape=linear_attn.in_proj_fused_qkvzba rep=10 position=9 arm=m7_ipg4 m=7 ipg=4 groups=2 inner=252 gpu_seconds=0.106594875 wall_seconds=0.106849458 seconds_per_dispatch=0.000422995536 gbps=224.410879
LEG shape=linear_attn.in_proj_fused_qkvzba rep=10 position=10 arm=m7_ipg5 m=7 ipg=5 groups=2 inner=252 gpu_seconds=0.107314875 wall_seconds=0.107524375 seconds_per_dispatch=0.000425852678 gbps=222.905255
LEG shape=linear_attn.in_proj_fused_qkvzba rep=10 position=11 arm=m8_ipg2 m=8 ipg=2 groups=4 inner=252 gpu_seconds=0.168155125 wall_seconds=0.168359625 seconds_per_dispatch=0.000667282242 gbps=284.511692
LEG shape=linear_attn.in_proj_fused_qkvzba rep=10 position=12 arm=m8_ipg3 m=8 ipg=3 groups=3 inner=252 gpu_seconds=0.138942500 wall_seconds=0.139176000 seconds_per_dispatch=0.000551359126 gbps=258.247652
LEG shape=linear_attn.in_proj_fused_qkvzba rep=10 position=13 arm=m8_ipg4 m=8 ipg=4 groups=2 inner=252 gpu_seconds=0.115543750 wall_seconds=0.115779292 seconds_per_dispatch=0.000458506945 gbps=207.030234
LEG shape=linear_attn.in_proj_fused_qkvzba rep=10 position=14 arm=m8_ipg5 m=8 ipg=5 groups=2 inner=252 gpu_seconds=0.116822500 wall_seconds=0.117060917 seconds_per_dispatch=0.000463581349 gbps=204.764062
LEG shape=linear_attn.in_proj_fused_qkvzba rep=10 position=15 arm=m8_ipg6 m=8 ipg=6 groups=2 inner=252 gpu_seconds=0.125412125 wall_seconds=0.125649167 seconds_per_dispatch=0.000497667162 gbps=190.739529
LEG shape=linear_attn.in_proj_fused_qkvzba rep=10 position=16 arm=m9_ipg3 m=9 ipg=3 groups=3 inner=252 gpu_seconds=0.146010958 wall_seconds=0.146221292 seconds_per_dispatch=0.000579408565 gbps=245.745763
LEG shape=linear_attn.in_proj_fused_qkvzba rep=10 position=17 arm=m9_ipg5 m=9 ipg=5 groups=2 inner=252 gpu_seconds=0.126414500 wall_seconds=0.126624500 seconds_per_dispatch=0.000501644841 gbps=189.227103
LEG shape=linear_attn.in_proj_fused_qkvzba rep=10 position=18 arm=m9_ipg6 m=9 ipg=6 groups=2 inner=252 gpu_seconds=0.135915125 wall_seconds=0.136136417 seconds_per_dispatch=0.000539345734 gbps=175.999909
LEG shape=linear_attn.in_proj_fused_qkvzba rep=10 position=19 arm=m9_ipg6 m=9 ipg=6 groups=2 inner=252 gpu_seconds=0.135770250 wall_seconds=0.136014958 seconds_per_dispatch=0.000538770834 gbps=176.187711
LEG shape=linear_attn.in_proj_fused_qkvzba rep=10 position=20 arm=m9_ipg5 m=9 ipg=5 groups=2 inner=252 gpu_seconds=0.126506375 wall_seconds=0.126716167 seconds_per_dispatch=0.000502009424 gbps=189.089677
LEG shape=linear_attn.in_proj_fused_qkvzba rep=10 position=21 arm=m9_ipg3 m=9 ipg=3 groups=3 inner=252 gpu_seconds=0.145928917 wall_seconds=0.146165500 seconds_per_dispatch=0.000579083002 gbps=245.883922
LEG shape=linear_attn.in_proj_fused_qkvzba rep=10 position=22 arm=m8_ipg6 m=8 ipg=6 groups=2 inner=252 gpu_seconds=0.125493875 wall_seconds=0.125720458 seconds_per_dispatch=0.000497991567 gbps=190.615276
LEG shape=linear_attn.in_proj_fused_qkvzba rep=10 position=23 arm=m8_ipg5 m=8 ipg=5 groups=2 inner=252 gpu_seconds=0.116713542 wall_seconds=0.116948417 seconds_per_dispatch=0.000463148975 gbps=204.955220
LEG shape=linear_attn.in_proj_fused_qkvzba rep=10 position=24 arm=m8_ipg4 m=8 ipg=4 groups=2 inner=252 gpu_seconds=0.115523292 wall_seconds=0.115761792 seconds_per_dispatch=0.000458425760 gbps=207.066898
LEG shape=linear_attn.in_proj_fused_qkvzba rep=10 position=25 arm=m8_ipg3 m=8 ipg=3 groups=3 inner=252 gpu_seconds=0.138907500 wall_seconds=0.139144792 seconds_per_dispatch=0.000551220238 gbps=258.312722
LEG shape=linear_attn.in_proj_fused_qkvzba rep=10 position=26 arm=m8_ipg2 m=8 ipg=2 groups=4 inner=252 gpu_seconds=0.168130292 wall_seconds=0.168363583 seconds_per_dispatch=0.000667183697 gbps=284.553716
LEG shape=linear_attn.in_proj_fused_qkvzba rep=10 position=27 arm=m7_ipg5 m=7 ipg=5 groups=2 inner=252 gpu_seconds=0.107419375 wall_seconds=0.107646833 seconds_per_dispatch=0.000426267361 gbps=222.688408
LEG shape=linear_attn.in_proj_fused_qkvzba rep=10 position=28 arm=m7_ipg4 m=7 ipg=4 groups=2 inner=252 gpu_seconds=0.106674292 wall_seconds=0.106916625 seconds_per_dispatch=0.000423310681 gbps=224.243810
LEG shape=linear_attn.in_proj_fused_qkvzba rep=10 position=29 arm=m6_ipg6 m=6 ipg=6 groups=1 inner=252 gpu_seconds=0.091887625 wall_seconds=0.092105500 seconds_per_dispatch=0.000364633432 gbps=130.164696
LEG shape=linear_attn.in_proj_fused_qkvzba rep=10 position=30 arm=m6_ipg4 m=6 ipg=4 groups=2 inner=252 gpu_seconds=0.098371542 wall_seconds=0.098599458 seconds_per_dispatch=0.000390363261 gbps=243.170425
LEG shape=linear_attn.in_proj_fused_qkvzba rep=10 position=31 arm=m6_ipg3 m=6 ipg=3 groups=2 inner=252 gpu_seconds=0.098350875 wall_seconds=0.098568750 seconds_per_dispatch=0.000390281250 gbps=243.221523
LEG shape=linear_attn.in_proj_fused_qkvzba rep=10 position=32 arm=m6_ipg2 m=6 ipg=2 groups=3 inner=252 gpu_seconds=0.127037625 wall_seconds=0.127233458 seconds_per_dispatch=0.000504117560 gbps=282.448404
LEG shape=linear_attn.in_proj_fused_qkvzba rep=10 position=33 arm=m5_ipg5 m=5 ipg=5 groups=1 inner=252 gpu_seconds=0.071533917 wall_seconds=0.071768292 seconds_per_dispatch=0.000283864749 gbps=167.200754
LEG shape=linear_attn.in_proj_fused_qkvzba rep=10 position=34 arm=m5_ipg3 m=5 ipg=3 groups=2 inner=252 gpu_seconds=0.091620625 wall_seconds=0.091856292 seconds_per_dispatch=0.000363573909 gbps=261.088042
LEG shape=linear_attn.in_proj_fused_qkvzba rep=10 position=35 arm=m4_ipg4 m=4 ipg=4 groups=1 inner=252 gpu_seconds=0.060460125 wall_seconds=0.060684417 seconds_per_dispatch=0.000239921131 gbps=197.825009
LEG shape=linear_attn.in_proj_fused_qkvzba rep=10 position=36 arm=m4_ipg2 m=4 ipg=2 groups=2 inner=252 gpu_seconds=0.085829250 wall_seconds=0.086056500 seconds_per_dispatch=0.000340592262 gbps=278.705099
LEG shape=linear_attn.in_proj_fused_qkvzba rep=10 position=37 arm=m3_ipg3 m=3 ipg=3 groups=1 inner=252 gpu_seconds=0.052550792 wall_seconds=0.052781708 seconds_per_dispatch=0.000208534888 gbps=227.599326
e73_cell_ab: linear_attn.in_proj_fused_qkvzba inner=252 legs=418 entry=35.79C exit=59.31C
SHAPE shape=linear_attn.in_proj_fused_qkvzba k=5120 n=16480 inner=252 legs=418 bytes_per_stream=47462400 entry_gpu_temp_c=35.79 exit_gpu_temp_c=59.31
PARITY shape=full_attn.qkv_proj_fused arm=m3_ipg3 m=3 ipg=3 differing=0 zero_rows=0 compared_rows=3
PARITY shape=full_attn.qkv_proj_fused arm=m4_ipg2 m=4 ipg=2 differing=0 zero_rows=0 compared_rows=4
PARITY shape=full_attn.qkv_proj_fused arm=m4_ipg4 m=4 ipg=4 differing=0 zero_rows=0 compared_rows=4
PARITY shape=full_attn.qkv_proj_fused arm=m5_ipg3 m=5 ipg=3 differing=0 zero_rows=0 compared_rows=5
PARITY shape=full_attn.qkv_proj_fused arm=m5_ipg5 m=5 ipg=5 differing=0 zero_rows=0 compared_rows=5
PARITY shape=full_attn.qkv_proj_fused arm=m6_ipg2 m=6 ipg=2 differing=0 zero_rows=0 compared_rows=6
PARITY shape=full_attn.qkv_proj_fused arm=m6_ipg3 m=6 ipg=3 differing=0 zero_rows=0 compared_rows=6
PARITY shape=full_attn.qkv_proj_fused arm=m6_ipg4 m=6 ipg=4 differing=0 zero_rows=0 compared_rows=6
PARITY shape=full_attn.qkv_proj_fused arm=m6_ipg6 m=6 ipg=6 differing=0 zero_rows=0 compared_rows=6
PARITY shape=full_attn.qkv_proj_fused arm=m7_ipg4 m=7 ipg=4 differing=0 zero_rows=0 compared_rows=7
PARITY shape=full_attn.qkv_proj_fused arm=m7_ipg5 m=7 ipg=5 differing=0 zero_rows=0 compared_rows=7
PARITY shape=full_attn.qkv_proj_fused arm=m8_ipg2 m=8 ipg=2 differing=0 zero_rows=0 compared_rows=8
PARITY shape=full_attn.qkv_proj_fused arm=m8_ipg3 m=8 ipg=3 differing=0 zero_rows=0 compared_rows=8
PARITY shape=full_attn.qkv_proj_fused arm=m8_ipg4 m=8 ipg=4 differing=0 zero_rows=0 compared_rows=8
PARITY shape=full_attn.qkv_proj_fused arm=m8_ipg5 m=8 ipg=5 differing=0 zero_rows=0 compared_rows=8
PARITY shape=full_attn.qkv_proj_fused arm=m8_ipg6 m=8 ipg=6 differing=0 zero_rows=0 compared_rows=8
PARITY shape=full_attn.qkv_proj_fused arm=m9_ipg3 m=9 ipg=3 differing=0 zero_rows=0 compared_rows=9
PARITY shape=full_attn.qkv_proj_fused arm=m9_ipg5 m=9 ipg=5 differing=0 zero_rows=0 compared_rows=9
PARITY shape=full_attn.qkv_proj_fused arm=m9_ipg6 m=9 ipg=6 differing=0 zero_rows=0 compared_rows=9
LEG shape=full_attn.qkv_proj_fused rep=0 position=0 arm=m3_ipg3 m=3 ipg=3 groups=1 inner=290 gpu_seconds=0.053189250 wall_seconds=0.053478167 seconds_per_dispatch=0.000183411207 gbps=225.109908
LEG shape=full_attn.qkv_proj_fused rep=0 position=1 arm=m4_ipg2 m=4 ipg=2 groups=2 inner=290 gpu_seconds=0.086517667 wall_seconds=0.086731208 seconds_per_dispatch=0.000298336782 gbps=276.785717
LEG shape=full_attn.qkv_proj_fused rep=0 position=2 arm=m4_ipg4 m=4 ipg=4 groups=1 inner=290 gpu_seconds=0.061195042 wall_seconds=0.061427042 seconds_per_dispatch=0.000211017385 gbps=195.660087
LEG shape=full_attn.qkv_proj_fused rep=0 position=3 arm=m5_ipg3 m=5 ipg=3 groups=2 inner=290 gpu_seconds=0.092426833 wall_seconds=0.092662542 seconds_per_dispatch=0.000318713218 gbps=259.089850
LEG shape=full_attn.qkv_proj_fused rep=0 position=4 arm=m5_ipg5 m=5 ipg=5 groups=1 inner=290 gpu_seconds=0.072304708 wall_seconds=0.072534042 seconds_per_dispatch=0.000249326581 gbps=165.596784
LEG shape=full_attn.qkv_proj_fused rep=0 position=5 arm=m6_ipg2 m=6 ipg=2 groups=3 inner=290 gpu_seconds=0.127781458 wall_seconds=0.128017250 seconds_per_dispatch=0.000440625718 gbps=281.107150
LEG shape=full_attn.qkv_proj_fused rep=0 position=6 arm=m6_ipg3 m=6 ipg=3 groups=2 inner=290 gpu_seconds=0.099123000 wall_seconds=0.099346333 seconds_per_dispatch=0.000341803448 gbps=241.587264
LEG shape=full_attn.qkv_proj_fused rep=0 position=7 arm=m6_ipg4 m=6 ipg=4 groups=2 inner=290 gpu_seconds=0.099277750 wall_seconds=0.099514458 seconds_per_dispatch=0.000342337069 gbps=241.210688
LEG shape=full_attn.qkv_proj_fused rep=0 position=8 arm=m6_ipg6 m=6 ipg=6 groups=1 inner=290 gpu_seconds=0.092974750 wall_seconds=0.093230542 seconds_per_dispatch=0.000320602587 gbps=128.781494
LEG shape=full_attn.qkv_proj_fused rep=0 position=9 arm=m7_ipg4 m=7 ipg=4 groups=2 inner=290 gpu_seconds=0.107457458 wall_seconds=0.107686292 seconds_per_dispatch=0.000370542960 gbps=222.849626
LEG shape=full_attn.qkv_proj_fused rep=0 position=10 arm=m7_ipg5 m=7 ipg=5 groups=2 inner=290 gpu_seconds=0.108128250 wall_seconds=0.108359125 seconds_per_dispatch=0.000372856035 gbps=221.467141
LEG shape=full_attn.qkv_proj_fused rep=0 position=11 arm=m8_ipg2 m=8 ipg=2 groups=4 inner=290 gpu_seconds=0.168566542 wall_seconds=0.168800750 seconds_per_dispatch=0.000581263936 gbps=284.123459
LEG shape=full_attn.qkv_proj_fused rep=0 position=12 arm=m8_ipg3 m=8 ipg=3 groups=3 inner=290 gpu_seconds=0.139685917 wall_seconds=0.139938917 seconds_per_dispatch=0.000481675575 gbps=257.150344
LEG shape=full_attn.qkv_proj_fused rep=0 position=13 arm=m8_ipg4 m=8 ipg=4 groups=2 inner=290 gpu_seconds=0.116219417 wall_seconds=0.116444500 seconds_per_dispatch=0.000400756609 gbps=206.048654
LEG shape=full_attn.qkv_proj_fused rep=0 position=14 arm=m8_ipg5 m=8 ipg=5 groups=2 inner=290 gpu_seconds=0.117656375 wall_seconds=0.117892458 seconds_per_dispatch=0.000405711638 gbps=203.532145
LEG shape=full_attn.qkv_proj_fused rep=0 position=15 arm=m8_ipg6 m=8 ipg=6 groups=2 inner=290 gpu_seconds=0.126335167 wall_seconds=0.126569292 seconds_per_dispatch=0.000435638506 gbps=189.550186
LEG shape=full_attn.qkv_proj_fused rep=0 position=16 arm=m9_ipg3 m=9 ipg=3 groups=3 inner=290 gpu_seconds=0.146663625 wall_seconds=0.146880000 seconds_per_dispatch=0.000505736638 gbps=244.916090
LEG shape=full_attn.qkv_proj_fused rep=0 position=17 arm=m9_ipg5 m=9 ipg=5 groups=2 inner=290 gpu_seconds=0.127376042 wall_seconds=0.127608625 seconds_per_dispatch=0.000439227730 gbps=188.001245
LEG shape=full_attn.qkv_proj_fused rep=0 position=18 arm=m9_ipg6 m=9 ipg=6 groups=2 inner=290 gpu_seconds=0.136517250 wall_seconds=0.136770167 seconds_per_dispatch=0.000470749138 gbps=175.412663
LEG shape=full_attn.qkv_proj_fused rep=0 position=19 arm=m9_ipg6 m=9 ipg=6 groups=2 inner=290 gpu_seconds=0.136725583 wall_seconds=0.136965875 seconds_per_dispatch=0.000471467529 gbps=175.145381
LEG shape=full_attn.qkv_proj_fused rep=0 position=20 arm=m9_ipg5 m=9 ipg=5 groups=2 inner=290 gpu_seconds=0.127292000 wall_seconds=0.127526833 seconds_per_dispatch=0.000438937931 gbps=188.125368
LEG shape=full_attn.qkv_proj_fused rep=0 position=21 arm=m9_ipg3 m=9 ipg=3 groups=3 inner=290 gpu_seconds=0.146772875 wall_seconds=0.147003667 seconds_per_dispatch=0.000506113362 gbps=244.733788
LEG shape=full_attn.qkv_proj_fused rep=0 position=22 arm=m8_ipg6 m=8 ipg=6 groups=2 inner=290 gpu_seconds=0.126444625 wall_seconds=0.126661042 seconds_per_dispatch=0.000436015949 gbps=189.386100
LEG shape=full_attn.qkv_proj_fused rep=0 position=23 arm=m8_ipg5 m=8 ipg=5 groups=2 inner=290 gpu_seconds=0.117651542 wall_seconds=0.117882917 seconds_per_dispatch=0.000405694971 gbps=203.540507
LEG shape=full_attn.qkv_proj_fused rep=0 position=24 arm=m8_ipg4 m=8 ipg=4 groups=2 inner=290 gpu_seconds=0.116319167 wall_seconds=0.116553042 seconds_per_dispatch=0.000401100575 gbps=205.871956
LEG shape=full_attn.qkv_proj_fused rep=0 position=25 arm=m8_ipg3 m=8 ipg=3 groups=3 inner=290 gpu_seconds=0.139818375 wall_seconds=0.140046583 seconds_per_dispatch=0.000482132328 gbps=256.906731
LEG shape=full_attn.qkv_proj_fused rep=0 position=26 arm=m8_ipg2 m=8 ipg=2 groups=4 inner=290 gpu_seconds=0.168789875 wall_seconds=0.169026750 seconds_per_dispatch=0.000582034052 gbps=283.747522
LEG shape=full_attn.qkv_proj_fused rep=0 position=27 arm=m7_ipg5 m=7 ipg=5 groups=2 inner=290 gpu_seconds=0.108137583 wall_seconds=0.108365542 seconds_per_dispatch=0.000372888218 gbps=221.448026
LEG shape=full_attn.qkv_proj_fused rep=0 position=28 arm=m7_ipg4 m=7 ipg=4 groups=2 inner=290 gpu_seconds=0.107484000 wall_seconds=0.107730750 seconds_per_dispatch=0.000370634483 gbps=222.794596
LEG shape=full_attn.qkv_proj_fused rep=0 position=29 arm=m6_ipg6 m=6 ipg=6 groups=1 inner=290 gpu_seconds=0.092924375 wall_seconds=0.093147042 seconds_per_dispatch=0.000320428879 gbps=128.851308
LEG shape=full_attn.qkv_proj_fused rep=0 position=30 arm=m6_ipg4 m=6 ipg=4 groups=2 inner=290 gpu_seconds=0.099185250 wall_seconds=0.099409000 seconds_per_dispatch=0.000342018103 gbps=241.435641
LEG shape=full_attn.qkv_proj_fused rep=0 position=31 arm=m6_ipg3 m=6 ipg=3 groups=2 inner=290 gpu_seconds=0.098758500 wall_seconds=0.099000167 seconds_per_dispatch=0.000340546551 gbps=242.478920
LEG shape=full_attn.qkv_proj_fused rep=0 position=32 arm=m6_ipg2 m=6 ipg=2 groups=3 inner=290 gpu_seconds=0.127748250 wall_seconds=0.127990208 seconds_per_dispatch=0.000440511206 gbps=281.180225
LEG shape=full_attn.qkv_proj_fused rep=0 position=33 arm=m5_ipg5 m=5 ipg=5 groups=1 inner=290 gpu_seconds=0.072347667 wall_seconds=0.072586125 seconds_per_dispatch=0.000249474712 gbps=165.498457
LEG shape=full_attn.qkv_proj_fused rep=0 position=34 arm=m5_ipg3 m=5 ipg=3 groups=2 inner=290 gpu_seconds=0.092395792 wall_seconds=0.092641000 seconds_per_dispatch=0.000318606179 gbps=259.176895
LEG shape=full_attn.qkv_proj_fused rep=0 position=35 arm=m4_ipg4 m=4 ipg=4 groups=1 inner=290 gpu_seconds=0.061208625 wall_seconds=0.061419792 seconds_per_dispatch=0.000211064224 gbps=195.616666
LEG shape=full_attn.qkv_proj_fused rep=0 position=36 arm=m4_ipg2 m=4 ipg=2 groups=2 inner=290 gpu_seconds=0.086503583 wall_seconds=0.086704542 seconds_per_dispatch=0.000298288218 gbps=276.830780
LEG shape=full_attn.qkv_proj_fused rep=0 position=37 arm=m3_ipg3 m=3 ipg=3 groups=1 inner=290 gpu_seconds=0.053192500 wall_seconds=0.053396917 seconds_per_dispatch=0.000183422414 gbps=225.096154
LEG shape=full_attn.qkv_proj_fused rep=1 position=0 arm=m3_ipg3 m=3 ipg=3 groups=1 inner=290 gpu_seconds=0.053205125 wall_seconds=0.053416000 seconds_per_dispatch=0.000183465948 gbps=225.042742
LEG shape=full_attn.qkv_proj_fused rep=1 position=1 arm=m4_ipg2 m=4 ipg=2 groups=2 inner=290 gpu_seconds=0.086618958 wall_seconds=0.086826917 seconds_per_dispatch=0.000298686063 gbps=276.462046
LEG shape=full_attn.qkv_proj_fused rep=1 position=2 arm=m4_ipg4 m=4 ipg=4 groups=1 inner=290 gpu_seconds=0.061191792 wall_seconds=0.061455292 seconds_per_dispatch=0.000211006178 gbps=195.670479
LEG shape=full_attn.qkv_proj_fused rep=1 position=3 arm=m5_ipg3 m=5 ipg=3 groups=2 inner=290 gpu_seconds=0.092368875 wall_seconds=0.092662625 seconds_per_dispatch=0.000318513363 gbps=259.252420
LEG shape=full_attn.qkv_proj_fused rep=1 position=4 arm=m5_ipg5 m=5 ipg=5 groups=1 inner=290 gpu_seconds=0.072430250 wall_seconds=0.072654750 seconds_per_dispatch=0.000249759483 gbps=165.309759
LEG shape=full_attn.qkv_proj_fused rep=1 position=5 arm=m6_ipg2 m=6 ipg=2 groups=3 inner=290 gpu_seconds=0.127680250 wall_seconds=0.127915875 seconds_per_dispatch=0.000440276724 gbps=281.329976
LEG shape=full_attn.qkv_proj_fused rep=1 position=6 arm=m6_ipg3 m=6 ipg=3 groups=2 inner=290 gpu_seconds=0.099240042 wall_seconds=0.099470667 seconds_per_dispatch=0.000342207040 gbps=241.302341
LEG shape=full_attn.qkv_proj_fused rep=1 position=7 arm=m6_ipg4 m=6 ipg=4 groups=2 inner=290 gpu_seconds=0.099174708 wall_seconds=0.099422708 seconds_per_dispatch=0.000341981752 gbps=241.461305
LEG shape=full_attn.qkv_proj_fused rep=1 position=8 arm=m6_ipg6 m=6 ipg=6 groups=1 inner=290 gpu_seconds=0.093124208 wall_seconds=0.093347875 seconds_per_dispatch=0.000321117960 gbps=128.574808
LEG shape=full_attn.qkv_proj_fused rep=1 position=9 arm=m7_ipg4 m=7 ipg=4 groups=2 inner=290 gpu_seconds=0.107938250 wall_seconds=0.108160333 seconds_per_dispatch=0.000372200862 gbps=221.856982
LEG shape=full_attn.qkv_proj_fused rep=1 position=10 arm=m7_ipg5 m=7 ipg=5 groups=2 inner=290 gpu_seconds=0.109040333 wall_seconds=0.109274875 seconds_per_dispatch=0.000376001150 gbps=219.614648
LEG shape=full_attn.qkv_proj_fused rep=1 position=11 arm=m8_ipg2 m=8 ipg=2 groups=4 inner=290 gpu_seconds=0.169885625 wall_seconds=0.170102000 seconds_per_dispatch=0.000585812500 gbps=281.917371
LEG shape=full_attn.qkv_proj_fused rep=1 position=12 arm=m8_ipg3 m=8 ipg=3 groups=3 inner=290 gpu_seconds=0.140374542 wall_seconds=0.140629333 seconds_per_dispatch=0.000484050144 gbps=255.888861
LEG shape=full_attn.qkv_proj_fused rep=1 position=13 arm=m8_ipg4 m=8 ipg=4 groups=2 inner=290 gpu_seconds=0.116859708 wall_seconds=0.117090958 seconds_per_dispatch=0.000402964511 gbps=204.919683
LEG shape=full_attn.qkv_proj_fused rep=1 position=14 arm=m8_ipg5 m=8 ipg=5 groups=2 inner=290 gpu_seconds=0.118606875 wall_seconds=0.118848583 seconds_per_dispatch=0.000408989224 gbps=201.901065
LEG shape=full_attn.qkv_proj_fused rep=1 position=15 arm=m8_ipg6 m=8 ipg=6 groups=2 inner=290 gpu_seconds=0.127389625 wall_seconds=0.127615542 seconds_per_dispatch=0.000439274569 gbps=187.981199
LEG shape=full_attn.qkv_proj_fused rep=1 position=16 arm=m9_ipg3 m=9 ipg=3 groups=3 inner=290 gpu_seconds=0.147504750 wall_seconds=0.147759125 seconds_per_dispatch=0.000508637069 gbps=243.519491
LEG shape=full_attn.qkv_proj_fused rep=1 position=17 arm=m9_ipg5 m=9 ipg=5 groups=2 inner=290 gpu_seconds=0.128198625 wall_seconds=0.128466042 seconds_per_dispatch=0.000442064224 gbps=186.794939
LEG shape=full_attn.qkv_proj_fused rep=1 position=18 arm=m9_ipg6 m=9 ipg=6 groups=2 inner=290 gpu_seconds=0.137475500 wall_seconds=0.137748292 seconds_per_dispatch=0.000474053448 gbps=174.189979
LEG shape=full_attn.qkv_proj_fused rep=1 position=19 arm=m9_ipg6 m=9 ipg=6 groups=2 inner=290 gpu_seconds=0.137711250 wall_seconds=0.137932708 seconds_per_dispatch=0.000474866379 gbps=173.891780
LEG shape=full_attn.qkv_proj_fused rep=1 position=20 arm=m9_ipg5 m=9 ipg=5 groups=2 inner=290 gpu_seconds=0.127968250 wall_seconds=0.128196250 seconds_per_dispatch=0.000441269828 gbps=187.131217
LEG shape=full_attn.qkv_proj_fused rep=1 position=21 arm=m9_ipg3 m=9 ipg=3 groups=3 inner=290 gpu_seconds=0.146742625 wall_seconds=0.146976625 seconds_per_dispatch=0.000506009051 gbps=244.784238
LEG shape=full_attn.qkv_proj_fused rep=1 position=22 arm=m8_ipg6 m=8 ipg=6 groups=2 inner=290 gpu_seconds=0.126455500 wall_seconds=0.126696083 seconds_per_dispatch=0.000436053448 gbps=189.369813
LEG shape=full_attn.qkv_proj_fused rep=1 position=23 arm=m8_ipg5 m=8 ipg=5 groups=2 inner=290 gpu_seconds=0.117325250 wall_seconds=0.117612417 seconds_per_dispatch=0.000404569827 gbps=204.106571
LEG shape=full_attn.qkv_proj_fused rep=1 position=24 arm=m8_ipg4 m=8 ipg=4 groups=2 inner=290 gpu_seconds=0.115508875 wall_seconds=0.115777875 seconds_per_dispatch=0.000398306465 gbps=207.316143
LEG shape=full_attn.qkv_proj_fused rep=1 position=25 arm=m8_ipg3 m=8 ipg=3 groups=3 inner=290 gpu_seconds=0.138936125 wall_seconds=0.139187208 seconds_per_dispatch=0.000479090086 gbps=258.538099
LEG shape=full_attn.qkv_proj_fused rep=1 position=26 arm=m8_ipg2 m=8 ipg=2 groups=4 inner=290 gpu_seconds=0.168147708 wall_seconds=0.168398083 seconds_per_dispatch=0.000579819684 gbps=284.831172
LEG shape=full_attn.qkv_proj_fused rep=1 position=27 arm=m7_ipg5 m=7 ipg=5 groups=2 inner=290 gpu_seconds=0.107402625 wall_seconds=0.107636083 seconds_per_dispatch=0.000370353879 gbps=222.963400
LEG shape=full_attn.qkv_proj_fused rep=1 position=28 arm=m7_ipg4 m=7 ipg=4 groups=2 inner=290 gpu_seconds=0.106666750 wall_seconds=0.106918167 seconds_per_dispatch=0.000367816379 gbps=224.501585
LEG shape=full_attn.qkv_proj_fused rep=1 position=29 arm=m6_ipg6 m=6 ipg=6 groups=1 inner=290 gpu_seconds=0.092733959 wall_seconds=0.092974750 seconds_per_dispatch=0.000319772271 gbps=129.115886
LEG shape=full_attn.qkv_proj_fused rep=1 position=30 arm=m6_ipg4 m=6 ipg=4 groups=2 inner=290 gpu_seconds=0.099080000 wall_seconds=0.099320750 seconds_per_dispatch=0.000341655173 gbps=241.692111
LEG shape=full_attn.qkv_proj_fused rep=1 position=31 arm=m6_ipg3 m=6 ipg=3 groups=2 inner=290 gpu_seconds=0.099223250 wall_seconds=0.099455250 seconds_per_dispatch=0.000342149138 gbps=241.343177
LEG shape=full_attn.qkv_proj_fused rep=1 position=32 arm=m6_ipg2 m=6 ipg=2 groups=3 inner=290 gpu_seconds=0.127721167 wall_seconds=0.127946042 seconds_per_dispatch=0.000440417816 gbps=281.239849
LEG shape=full_attn.qkv_proj_fused rep=1 position=33 arm=m5_ipg5 m=5 ipg=5 groups=1 inner=290 gpu_seconds=0.072435250 wall_seconds=0.072674542 seconds_per_dispatch=0.000249776724 gbps=165.298348
LEG shape=full_attn.qkv_proj_fused rep=1 position=34 arm=m5_ipg3 m=5 ipg=3 groups=2 inner=290 gpu_seconds=0.092360375 wall_seconds=0.092592833 seconds_per_dispatch=0.000318484052 gbps=259.276280
LEG shape=full_attn.qkv_proj_fused rep=1 position=35 arm=m4_ipg4 m=4 ipg=4 groups=1 inner=290 gpu_seconds=0.061201667 wall_seconds=0.061431667 seconds_per_dispatch=0.000211040230 gbps=195.638907
LEG shape=full_attn.qkv_proj_fused rep=1 position=36 arm=m4_ipg2 m=4 ipg=2 groups=2 inner=290 gpu_seconds=0.086598958 wall_seconds=0.086830583 seconds_per_dispatch=0.000298617098 gbps=276.525894
LEG shape=full_attn.qkv_proj_fused rep=1 position=37 arm=m3_ipg3 m=3 ipg=3 groups=1 inner=290 gpu_seconds=0.053155125 wall_seconds=0.053393667 seconds_per_dispatch=0.000183293534 gbps=225.254427
LEG shape=full_attn.qkv_proj_fused rep=2 position=0 arm=m3_ipg3 m=3 ipg=3 groups=1 inner=290 gpu_seconds=0.053071875 wall_seconds=0.053298500 seconds_per_dispatch=0.000183006466 gbps=225.607766
LEG shape=full_attn.qkv_proj_fused rep=2 position=1 arm=m4_ipg2 m=4 ipg=2 groups=2 inner=290 gpu_seconds=0.086516083 wall_seconds=0.086749417 seconds_per_dispatch=0.000298331321 gbps=276.790783
LEG shape=full_attn.qkv_proj_fused rep=2 position=2 arm=m4_ipg4 m=4 ipg=4 groups=1 inner=290 gpu_seconds=0.061254583 wall_seconds=0.061470250 seconds_per_dispatch=0.000211222701 gbps=195.469899
LEG shape=full_attn.qkv_proj_fused rep=2 position=3 arm=m5_ipg3 m=5 ipg=3 groups=2 inner=290 gpu_seconds=0.092382875 wall_seconds=0.092583875 seconds_per_dispatch=0.000318561638 gbps=259.213132
LEG shape=full_attn.qkv_proj_fused rep=2 position=4 arm=m5_ipg5 m=5 ipg=5 groups=1 inner=290 gpu_seconds=0.072488542 wall_seconds=0.072728083 seconds_per_dispatch=0.000249960489 gbps=165.176825
LEG shape=full_attn.qkv_proj_fused rep=2 position=5 arm=m6_ipg2 m=6 ipg=2 groups=3 inner=290 gpu_seconds=0.127324000 wall_seconds=0.127547083 seconds_per_dispatch=0.000439048276 gbps=282.117131
LEG shape=full_attn.qkv_proj_fused rep=2 position=6 arm=m6_ipg3 m=6 ipg=3 groups=2 inner=290 gpu_seconds=0.099214750 wall_seconds=0.099462333 seconds_per_dispatch=0.000342119827 gbps=241.363854
LEG shape=full_attn.qkv_proj_fused rep=2 position=7 arm=m6_ipg4 m=6 ipg=4 groups=2 inner=290 gpu_seconds=0.099200250 wall_seconds=0.099455417 seconds_per_dispatch=0.000342069828 gbps=241.399133
LEG shape=full_attn.qkv_proj_fused rep=2 position=8 arm=m6_ipg6 m=6 ipg=6 groups=1 inner=290 gpu_seconds=0.092782125 wall_seconds=0.093016542 seconds_per_dispatch=0.000319938362 gbps=129.048857
LEG shape=full_attn.qkv_proj_fused rep=2 position=9 arm=m7_ipg4 m=7 ipg=4 groups=2 inner=290 gpu_seconds=0.107534333 wall_seconds=0.107768167 seconds_per_dispatch=0.000370808046 gbps=222.690313
LEG shape=full_attn.qkv_proj_fused rep=2 position=10 arm=m7_ipg5 m=7 ipg=5 groups=2 inner=290 gpu_seconds=0.108150000 wall_seconds=0.108382333 seconds_per_dispatch=0.000372931034 gbps=221.422602
LEG shape=full_attn.qkv_proj_fused rep=2 position=11 arm=m8_ipg2 m=8 ipg=2 groups=4 inner=290 gpu_seconds=0.168747250 wall_seconds=0.168981375 seconds_per_dispatch=0.000581887069 gbps=283.819196
LEG shape=full_attn.qkv_proj_fused rep=2 position=12 arm=m8_ipg3 m=8 ipg=3 groups=3 inner=290 gpu_seconds=0.139756625 wall_seconds=0.139997250 seconds_per_dispatch=0.000481919397 gbps=257.020242
LEG shape=full_attn.qkv_proj_fused rep=2 position=13 arm=m8_ipg4 m=8 ipg=4 groups=2 inner=290 gpu_seconds=0.116325250 wall_seconds=0.116547958 seconds_per_dispatch=0.000401121551 gbps=205.861190
LEG shape=full_attn.qkv_proj_fused rep=2 position=14 arm=m8_ipg5 m=8 ipg=5 groups=2 inner=290 gpu_seconds=0.117687000 wall_seconds=0.117898083 seconds_per_dispatch=0.000405817241 gbps=203.479181
LEG shape=full_attn.qkv_proj_fused rep=2 position=15 arm=m8_ipg6 m=8 ipg=6 groups=2 inner=290 gpu_seconds=0.126465000 wall_seconds=0.126691625 seconds_per_dispatch=0.000436086207 gbps=189.355588
LEG shape=full_attn.qkv_proj_fused rep=2 position=16 arm=m9_ipg3 m=9 ipg=3 groups=3 inner=290 gpu_seconds=0.146730625 wall_seconds=0.146961167 seconds_per_dispatch=0.000505967673 gbps=244.804257
LEG shape=full_attn.qkv_proj_fused rep=2 position=17 arm=m9_ipg5 m=9 ipg=5 groups=2 inner=290 gpu_seconds=0.127451500 wall_seconds=0.127680917 seconds_per_dispatch=0.000439487931 gbps=187.889938
LEG shape=full_attn.qkv_proj_fused rep=2 position=18 arm=m9_ipg6 m=9 ipg=6 groups=2 inner=290 gpu_seconds=0.136865166 wall_seconds=0.137098333 seconds_per_dispatch=0.000471948850 gbps=174.966758
LEG shape=full_attn.qkv_proj_fused rep=2 position=19 arm=m9_ipg6 m=9 ipg=6 groups=2 inner=290 gpu_seconds=0.136833000 wall_seconds=0.137058500 seconds_per_dispatch=0.000471837931 gbps=175.007888
LEG shape=full_attn.qkv_proj_fused rep=2 position=20 arm=m9_ipg5 m=9 ipg=5 groups=2 inner=290 gpu_seconds=0.127338000 wall_seconds=0.127561417 seconds_per_dispatch=0.000439096552 gbps=188.057409
LEG shape=full_attn.qkv_proj_fused rep=2 position=21 arm=m9_ipg3 m=9 ipg=3 groups=3 inner=290 gpu_seconds=0.146668625 wall_seconds=0.146893667 seconds_per_dispatch=0.000505753880 gbps=244.907741
LEG shape=full_attn.qkv_proj_fused rep=2 position=22 arm=m8_ipg6 m=8 ipg=6 groups=2 inner=290 gpu_seconds=0.126640333 wall_seconds=0.126864292 seconds_per_dispatch=0.000436690805 gbps=189.093425
LEG shape=full_attn.qkv_proj_fused rep=2 position=23 arm=m8_ipg5 m=8 ipg=5 groups=2 inner=290 gpu_seconds=0.117559875 wall_seconds=0.117801667 seconds_per_dispatch=0.000405378879 gbps=203.699216
LEG shape=full_attn.qkv_proj_fused rep=2 position=24 arm=m8_ipg4 m=8 ipg=4 groups=2 inner=290 gpu_seconds=0.116410833 wall_seconds=0.116648958 seconds_per_dispatch=0.000401416667 gbps=205.709844
LEG shape=full_attn.qkv_proj_fused rep=2 position=25 arm=m8_ipg3 m=8 ipg=3 groups=3 inner=290 gpu_seconds=0.139730375 wall_seconds=0.139976750 seconds_per_dispatch=0.000481828879 gbps=257.068526
LEG shape=full_attn.qkv_proj_fused rep=2 position=26 arm=m8_ipg2 m=8 ipg=2 groups=4 inner=290 gpu_seconds=0.168894875 wall_seconds=0.169120792 seconds_per_dispatch=0.000582396120 gbps=283.571120
LEG shape=full_attn.qkv_proj_fused rep=2 position=27 arm=m7_ipg5 m=7 ipg=5 groups=2 inner=290 gpu_seconds=0.108151917 wall_seconds=0.108377750 seconds_per_dispatch=0.000372937644 gbps=221.418678
LEG shape=full_attn.qkv_proj_fused rep=2 position=28 arm=m7_ipg4 m=7 ipg=4 groups=2 inner=290 gpu_seconds=0.107501000 wall_seconds=0.107736125 seconds_per_dispatch=0.000370693104 gbps=222.759364
LEG shape=full_attn.qkv_proj_fused rep=2 position=29 arm=m6_ipg6 m=6 ipg=6 groups=1 inner=290 gpu_seconds=0.092902292 wall_seconds=0.093162708 seconds_per_dispatch=0.000320352730 gbps=128.881936
LEG shape=full_attn.qkv_proj_fused rep=2 position=30 arm=m6_ipg4 m=6 ipg=4 groups=2 inner=290 gpu_seconds=0.099266833 wall_seconds=0.099501625 seconds_per_dispatch=0.000342299425 gbps=241.237215
LEG shape=full_attn.qkv_proj_fused rep=2 position=31 arm=m6_ipg3 m=6 ipg=3 groups=2 inner=290 gpu_seconds=0.099019333 wall_seconds=0.099270625 seconds_per_dispatch=0.000341445978 gbps=241.840190
LEG shape=full_attn.qkv_proj_fused rep=2 position=32 arm=m6_ipg2 m=6 ipg=2 groups=3 inner=290 gpu_seconds=0.127684375 wall_seconds=0.127910042 seconds_per_dispatch=0.000440290948 gbps=281.320887
LEG shape=full_attn.qkv_proj_fused rep=2 position=33 arm=m5_ipg5 m=5 ipg=5 groups=1 inner=290 gpu_seconds=0.072462292 wall_seconds=0.072705417 seconds_per_dispatch=0.000249869971 gbps=165.236662
LEG shape=full_attn.qkv_proj_fused rep=2 position=34 arm=m5_ipg3 m=5 ipg=3 groups=2 inner=290 gpu_seconds=0.092439458 wall_seconds=0.092670167 seconds_per_dispatch=0.000318756753 gbps=259.054465
LEG shape=full_attn.qkv_proj_fused rep=2 position=35 arm=m4_ipg4 m=4 ipg=4 groups=1 inner=290 gpu_seconds=0.061185333 wall_seconds=0.061413917 seconds_per_dispatch=0.000210983908 gbps=195.691133
LEG shape=full_attn.qkv_proj_fused rep=2 position=36 arm=m4_ipg2 m=4 ipg=2 groups=2 inner=290 gpu_seconds=0.086522875 wall_seconds=0.086748917 seconds_per_dispatch=0.000298354741 gbps=276.769056
LEG shape=full_attn.qkv_proj_fused rep=2 position=37 arm=m3_ipg3 m=3 ipg=3 groups=1 inner=290 gpu_seconds=0.053158750 wall_seconds=0.053392375 seconds_per_dispatch=0.000183306035 gbps=225.239066
LEG shape=full_attn.qkv_proj_fused rep=3 position=0 arm=m3_ipg3 m=3 ipg=3 groups=1 inner=290 gpu_seconds=0.053134875 wall_seconds=0.053356875 seconds_per_dispatch=0.000183223707 gbps=225.340273
LEG shape=full_attn.qkv_proj_fused rep=3 position=1 arm=m4_ipg2 m=4 ipg=2 groups=2 inner=290 gpu_seconds=0.086530250 wall_seconds=0.086784083 seconds_per_dispatch=0.000298380173 gbps=276.745466
LEG shape=full_attn.qkv_proj_fused rep=3 position=2 arm=m4_ipg4 m=4 ipg=4 groups=1 inner=290 gpu_seconds=0.061256042 wall_seconds=0.061484792 seconds_per_dispatch=0.000211227730 gbps=195.465245
LEG shape=full_attn.qkv_proj_fused rep=3 position=3 arm=m5_ipg3 m=5 ipg=3 groups=2 inner=290 gpu_seconds=0.092437583 wall_seconds=0.092671292 seconds_per_dispatch=0.000318750288 gbps=259.059719
LEG shape=full_attn.qkv_proj_fused rep=3 position=4 arm=m5_ipg5 m=5 ipg=5 groups=1 inner=290 gpu_seconds=0.072368292 wall_seconds=0.072606708 seconds_per_dispatch=0.000249545833 gbps=165.451290
LEG shape=full_attn.qkv_proj_fused rep=3 position=5 arm=m6_ipg2 m=6 ipg=2 groups=3 inner=290 gpu_seconds=0.127740750 wall_seconds=0.127976875 seconds_per_dispatch=0.000440485344 gbps=281.196734
LEG shape=full_attn.qkv_proj_fused rep=3 position=6 arm=m6_ipg3 m=6 ipg=3 groups=2 inner=290 gpu_seconds=0.099201958 wall_seconds=0.099438750 seconds_per_dispatch=0.000342075719 gbps=241.394976
LEG shape=full_attn.qkv_proj_fused rep=3 position=7 arm=m6_ipg4 m=6 ipg=4 groups=2 inner=290 gpu_seconds=0.099225458 wall_seconds=0.099471292 seconds_per_dispatch=0.000342156752 gbps=241.337806
LEG shape=full_attn.qkv_proj_fused rep=3 position=8 arm=m6_ipg6 m=6 ipg=6 groups=1 inner=290 gpu_seconds=0.092924792 wall_seconds=0.093129833 seconds_per_dispatch=0.000320430316 gbps=128.850730
LEG shape=full_attn.qkv_proj_fused rep=3 position=9 arm=m7_ipg4 m=7 ipg=4 groups=2 inner=290 gpu_seconds=0.107562500 wall_seconds=0.107772500 seconds_per_dispatch=0.000370905173 gbps=222.631999
LEG shape=full_attn.qkv_proj_fused rep=3 position=10 arm=m7_ipg5 m=7 ipg=5 groups=2 inner=290 gpu_seconds=0.108195750 wall_seconds=0.108421958 seconds_per_dispatch=0.000373088793 gbps=221.328974
LEG shape=full_attn.qkv_proj_fused rep=3 position=11 arm=m8_ipg2 m=8 ipg=2 groups=4 inner=290 gpu_seconds=0.168850250 wall_seconds=0.169094833 seconds_per_dispatch=0.000582242242 gbps=283.646064
LEG shape=full_attn.qkv_proj_fused rep=3 position=12 arm=m8_ipg3 m=8 ipg=3 groups=3 inner=290 gpu_seconds=0.139729917 wall_seconds=0.139974042 seconds_per_dispatch=0.000481827299 gbps=257.069369
LEG shape=full_attn.qkv_proj_fused rep=3 position=13 arm=m8_ipg4 m=8 ipg=4 groups=2 inner=290 gpu_seconds=0.116330375 wall_seconds=0.116565208 seconds_per_dispatch=0.000401139225 gbps=205.852120
LEG shape=full_attn.qkv_proj_fused rep=3 position=14 arm=m8_ipg5 m=8 ipg=5 groups=2 inner=290 gpu_seconds=0.117624833 wall_seconds=0.117862750 seconds_per_dispatch=0.000405602873 gbps=203.586723
LEG shape=full_attn.qkv_proj_fused rep=3 position=15 arm=m8_ipg6 m=8 ipg=6 groups=2 inner=290 gpu_seconds=0.126576625 wall_seconds=0.126807000 seconds_per_dispatch=0.000436471121 gbps=189.188599
LEG shape=full_attn.qkv_proj_fused rep=3 position=16 arm=m9_ipg3 m=9 ipg=3 groups=3 inner=290 gpu_seconds=0.146861875 wall_seconds=0.147102833 seconds_per_dispatch=0.000506420258 gbps=244.585476
LEG shape=full_attn.qkv_proj_fused rep=3 position=17 arm=m9_ipg5 m=9 ipg=5 groups=2 inner=290 gpu_seconds=0.127390750 wall_seconds=0.127618458 seconds_per_dispatch=0.000439278448 gbps=187.979539
LEG shape=full_attn.qkv_proj_fused rep=3 position=18 arm=m9_ipg6 m=9 ipg=6 groups=2 inner=290 gpu_seconds=0.136628000 wall_seconds=0.136870792 seconds_per_dispatch=0.000471131035 gbps=175.270474
LEG shape=full_attn.qkv_proj_fused rep=3 position=19 arm=m9_ipg6 m=9 ipg=6 groups=2 inner=290 gpu_seconds=0.136859125 wall_seconds=0.137091583 seconds_per_dispatch=0.000471928017 gbps=174.974481
LEG shape=full_attn.qkv_proj_fused rep=3 position=20 arm=m9_ipg5 m=9 ipg=5 groups=2 inner=290 gpu_seconds=0.127486375 wall_seconds=0.127731208 seconds_per_dispatch=0.000439608190 gbps=187.838539
LEG shape=full_attn.qkv_proj_fused rep=3 position=21 arm=m9_ipg3 m=9 ipg=3 groups=3 inner=290 gpu_seconds=0.146685458 wall_seconds=0.146925167 seconds_per_dispatch=0.000505811926 gbps=244.879635
LEG shape=full_attn.qkv_proj_fused rep=3 position=22 arm=m8_ipg6 m=8 ipg=6 groups=2 inner=290 gpu_seconds=0.126541083 wall_seconds=0.126786583 seconds_per_dispatch=0.000436348563 gbps=189.241737
LEG shape=full_attn.qkv_proj_fused rep=3 position=23 arm=m8_ipg5 m=8 ipg=5 groups=2 inner=290 gpu_seconds=0.117615208 wall_seconds=0.117853333 seconds_per_dispatch=0.000405569684 gbps=203.603384
LEG shape=full_attn.qkv_proj_fused rep=3 position=24 arm=m8_ipg4 m=8 ipg=4 groups=2 inner=290 gpu_seconds=0.116355083 wall_seconds=0.116588250 seconds_per_dispatch=0.000401224426 gbps=205.808407
LEG shape=full_attn.qkv_proj_fused rep=3 position=25 arm=m8_ipg3 m=8 ipg=3 groups=3 inner=290 gpu_seconds=0.139771625 wall_seconds=0.140005208 seconds_per_dispatch=0.000481971120 gbps=256.992659
LEG shape=full_attn.qkv_proj_fused rep=3 position=26 arm=m8_ipg2 m=8 ipg=2 groups=4 inner=290 gpu_seconds=0.168862167 wall_seconds=0.169083625 seconds_per_dispatch=0.000582283333 gbps=283.626047
LEG shape=full_attn.qkv_proj_fused rep=3 position=27 arm=m7_ipg5 m=7 ipg=5 groups=2 inner=290 gpu_seconds=0.108104750 wall_seconds=0.108331333 seconds_per_dispatch=0.000372774999 gbps=221.515284
LEG shape=full_attn.qkv_proj_fused rep=3 position=28 arm=m7_ipg4 m=7 ipg=4 groups=2 inner=290 gpu_seconds=0.107445750 wall_seconds=0.107675542 seconds_per_dispatch=0.000370502586 gbps=222.873910
LEG shape=full_attn.qkv_proj_fused rep=3 position=29 arm=m6_ipg6 m=6 ipg=6 groups=1 inner=290 gpu_seconds=0.092893375 wall_seconds=0.093131792 seconds_per_dispatch=0.000320321983 gbps=128.894307
LEG shape=full_attn.qkv_proj_fused rep=3 position=30 arm=m6_ipg4 m=6 ipg=4 groups=2 inner=290 gpu_seconds=0.099209542 wall_seconds=0.099440000 seconds_per_dispatch=0.000342101868 gbps=241.376525
LEG shape=full_attn.qkv_proj_fused rep=3 position=31 arm=m6_ipg3 m=6 ipg=3 groups=2 inner=290 gpu_seconds=0.099185250 wall_seconds=0.099409125 seconds_per_dispatch=0.000342018103 gbps=241.435641
LEG shape=full_attn.qkv_proj_fused rep=3 position=32 arm=m6_ipg2 m=6 ipg=2 groups=3 inner=290 gpu_seconds=0.127675917 wall_seconds=0.127882542 seconds_per_dispatch=0.000440261782 gbps=281.339524
LEG shape=full_attn.qkv_proj_fused rep=3 position=33 arm=m5_ipg5 m=5 ipg=5 groups=1 inner=290 gpu_seconds=0.072388417 wall_seconds=0.072593375 seconds_per_dispatch=0.000249615230 gbps=165.405292
LEG shape=full_attn.qkv_proj_fused rep=3 position=34 arm=m5_ipg3 m=5 ipg=3 groups=2 inner=290 gpu_seconds=0.092370125 wall_seconds=0.092579417 seconds_per_dispatch=0.000318517672 gbps=259.248912
LEG shape=full_attn.qkv_proj_fused rep=3 position=35 arm=m4_ipg4 m=4 ipg=4 groups=1 inner=290 gpu_seconds=0.061209833 wall_seconds=0.061434750 seconds_per_dispatch=0.000211068391 gbps=195.612805
LEG shape=full_attn.qkv_proj_fused rep=3 position=36 arm=m4_ipg2 m=4 ipg=2 groups=2 inner=290 gpu_seconds=0.086477917 wall_seconds=0.086727542 seconds_per_dispatch=0.000298199713 gbps=276.912943
LEG shape=full_attn.qkv_proj_fused rep=3 position=37 arm=m3_ipg3 m=3 ipg=3 groups=1 inner=290 gpu_seconds=0.053167000 wall_seconds=0.053377833 seconds_per_dispatch=0.000183334483 gbps=225.204116
LEG shape=full_attn.qkv_proj_fused rep=4 position=0 arm=m3_ipg3 m=3 ipg=3 groups=1 inner=290 gpu_seconds=0.053387958 wall_seconds=0.053629125 seconds_per_dispatch=0.000184096408 gbps=224.272056
LEG shape=full_attn.qkv_proj_fused rep=4 position=1 arm=m4_ipg2 m=4 ipg=2 groups=2 inner=290 gpu_seconds=0.086341000 wall_seconds=0.086576417 seconds_per_dispatch=0.000297727587 gbps=277.352062
LEG shape=full_attn.qkv_proj_fused rep=4 position=2 arm=m4_ipg4 m=4 ipg=4 groups=1 inner=290 gpu_seconds=0.061274375 wall_seconds=0.061506583 seconds_per_dispatch=0.000211290949 gbps=195.406762
LEG shape=full_attn.qkv_proj_fused rep=4 position=3 arm=m5_ipg3 m=5 ipg=3 groups=2 inner=290 gpu_seconds=0.092293542 wall_seconds=0.092526250 seconds_per_dispatch=0.000318253592 gbps=259.464032
LEG shape=full_attn.qkv_proj_fused rep=4 position=4 arm=m5_ipg5 m=5 ipg=5 groups=1 inner=290 gpu_seconds=0.071814500 wall_seconds=0.072078333 seconds_per_dispatch=0.000247636207 gbps=166.727154
LEG shape=full_attn.qkv_proj_fused rep=4 position=5 arm=m6_ipg2 m=6 ipg=2 groups=3 inner=290 gpu_seconds=0.127317125 wall_seconds=0.127554750 seconds_per_dispatch=0.000439024569 gbps=282.132365
LEG shape=full_attn.qkv_proj_fused rep=4 position=6 arm=m6_ipg3 m=6 ipg=3 groups=2 inner=290 gpu_seconds=0.099347292 wall_seconds=0.099582875 seconds_per_dispatch=0.000342576867 gbps=241.041845
LEG shape=full_attn.qkv_proj_fused rep=4 position=7 arm=m6_ipg4 m=6 ipg=4 groups=2 inner=290 gpu_seconds=0.099331917 wall_seconds=0.099583500 seconds_per_dispatch=0.000342523851 gbps=241.079153
LEG shape=full_attn.qkv_proj_fused rep=4 position=8 arm=m6_ipg6 m=6 ipg=6 groups=1 inner=290 gpu_seconds=0.092969958 wall_seconds=0.093214000 seconds_per_dispatch=0.000320586063 gbps=128.788131
LEG shape=full_attn.qkv_proj_fused rep=4 position=9 arm=m7_ipg4 m=7 ipg=4 groups=2 inner=290 gpu_seconds=0.107463125 wall_seconds=0.107685917 seconds_per_dispatch=0.000370562500 gbps=222.837875
LEG shape=full_attn.qkv_proj_fused rep=4 position=10 arm=m7_ipg5 m=7 ipg=5 groups=2 inner=290 gpu_seconds=0.108185792 wall_seconds=0.108463292 seconds_per_dispatch=0.000373054454 gbps=221.349348
LEG shape=full_attn.qkv_proj_fused rep=4 position=11 arm=m8_ipg2 m=8 ipg=2 groups=4 inner=290 gpu_seconds=0.168953417 wall_seconds=0.169194417 seconds_per_dispatch=0.000582597988 gbps=283.472863
LEG shape=full_attn.qkv_proj_fused rep=4 position=12 arm=m8_ipg3 m=8 ipg=3 groups=3 inner=290 gpu_seconds=0.139751791 wall_seconds=0.139982292 seconds_per_dispatch=0.000481902729 gbps=257.029132
LEG shape=full_attn.qkv_proj_fused rep=4 position=13 arm=m8_ipg4 m=8 ipg=4 groups=2 inner=290 gpu_seconds=0.116350917 wall_seconds=0.116580333 seconds_per_dispatch=0.000401210058 gbps=205.815778
LEG shape=full_attn.qkv_proj_fused rep=4 position=14 arm=m8_ipg5 m=8 ipg=5 groups=2 inner=290 gpu_seconds=0.117674417 wall_seconds=0.117913958 seconds_per_dispatch=0.000405773850 gbps=203.500940
LEG shape=full_attn.qkv_proj_fused rep=4 position=15 arm=m8_ipg6 m=8 ipg=6 groups=2 inner=290 gpu_seconds=0.126571292 wall_seconds=0.126823333 seconds_per_dispatch=0.000436452730 gbps=189.196571
LEG shape=full_attn.qkv_proj_fused rep=4 position=16 arm=m9_ipg3 m=9 ipg=3 groups=3 inner=290 gpu_seconds=0.146950083 wall_seconds=0.147203833 seconds_per_dispatch=0.000506724425 gbps=244.438661
LEG shape=full_attn.qkv_proj_fused rep=4 position=17 arm=m9_ipg5 m=9 ipg=5 groups=2 inner=290 gpu_seconds=0.127316875 wall_seconds=0.127541375 seconds_per_dispatch=0.000439023707 gbps=188.088613
LEG shape=full_attn.qkv_proj_fused rep=4 position=18 arm=m9_ipg6 m=9 ipg=6 groups=2 inner=290 gpu_seconds=0.136914875 wall_seconds=0.137146750 seconds_per_dispatch=0.000472120258 gbps=174.903234
LEG shape=full_attn.qkv_proj_fused rep=4 position=19 arm=m9_ipg6 m=9 ipg=6 groups=2 inner=290 gpu_seconds=0.136881208 wall_seconds=0.137115458 seconds_per_dispatch=0.000472004166 gbps=174.946252
LEG shape=full_attn.qkv_proj_fused rep=4 position=20 arm=m9_ipg5 m=9 ipg=5 groups=2 inner=290 gpu_seconds=0.127428000 wall_seconds=0.127666083 seconds_per_dispatch=0.000439406897 gbps=187.924588
LEG shape=full_attn.qkv_proj_fused rep=4 position=21 arm=m9_ipg3 m=9 ipg=3 groups=3 inner=290 gpu_seconds=0.146776167 wall_seconds=0.146975292 seconds_per_dispatch=0.000506124713 gbps=244.728299
LEG shape=full_attn.qkv_proj_fused rep=4 position=22 arm=m8_ipg6 m=8 ipg=6 groups=2 inner=290 gpu_seconds=0.126608167 wall_seconds=0.126853917 seconds_per_dispatch=0.000436579885 gbps=189.141467
LEG shape=full_attn.qkv_proj_fused rep=4 position=23 arm=m8_ipg5 m=8 ipg=5 groups=2 inner=290 gpu_seconds=0.117480208 wall_seconds=0.117707125 seconds_per_dispatch=0.000405104166 gbps=203.837351
LEG shape=full_attn.qkv_proj_fused rep=4 position=24 arm=m8_ipg4 m=8 ipg=4 groups=2 inner=290 gpu_seconds=0.116328292 wall_seconds=0.116556375 seconds_per_dispatch=0.000401132040 gbps=205.855807
LEG shape=full_attn.qkv_proj_fused rep=4 position=25 arm=m8_ipg3 m=8 ipg=3 groups=3 inner=290 gpu_seconds=0.139532333 wall_seconds=0.139774125 seconds_per_dispatch=0.000481145977 gbps=257.433390
LEG shape=full_attn.qkv_proj_fused rep=4 position=26 arm=m8_ipg2 m=8 ipg=2 groups=4 inner=290 gpu_seconds=0.168927750 wall_seconds=0.169169750 seconds_per_dispatch=0.000582509482 gbps=283.515934
LEG shape=full_attn.qkv_proj_fused rep=4 position=27 arm=m7_ipg5 m=7 ipg=5 groups=2 inner=290 gpu_seconds=0.108200000 wall_seconds=0.108446667 seconds_per_dispatch=0.000373103448 gbps=221.320281
LEG shape=full_attn.qkv_proj_fused rep=4 position=28 arm=m7_ipg4 m=7 ipg=4 groups=2 inner=290 gpu_seconds=0.107471250 wall_seconds=0.107698292 seconds_per_dispatch=0.000370590517 gbps=222.821028
LEG shape=full_attn.qkv_proj_fused rep=4 position=29 arm=m6_ipg6 m=6 ipg=6 groups=1 inner=290 gpu_seconds=0.092961083 wall_seconds=0.093206708 seconds_per_dispatch=0.000320555459 gbps=128.800427
LEG shape=full_attn.qkv_proj_fused rep=4 position=30 arm=m6_ipg4 m=6 ipg=4 groups=2 inner=290 gpu_seconds=0.099226875 wall_seconds=0.099455875 seconds_per_dispatch=0.000342161638 gbps=241.334360
LEG shape=full_attn.qkv_proj_fused rep=4 position=31 arm=m6_ipg3 m=6 ipg=3 groups=2 inner=290 gpu_seconds=0.099271625 wall_seconds=0.099504292 seconds_per_dispatch=0.000342315948 gbps=241.225571
LEG shape=full_attn.qkv_proj_fused rep=4 position=32 arm=m6_ipg2 m=6 ipg=2 groups=3 inner=290 gpu_seconds=0.127689083 wall_seconds=0.127926125 seconds_per_dispatch=0.000440307184 gbps=281.310513
LEG shape=full_attn.qkv_proj_fused rep=4 position=33 arm=m5_ipg5 m=5 ipg=5 groups=1 inner=290 gpu_seconds=0.072287125 wall_seconds=0.072519708 seconds_per_dispatch=0.000249265948 gbps=165.637065
LEG shape=full_attn.qkv_proj_fused rep=4 position=34 arm=m5_ipg3 m=5 ipg=3 groups=2 inner=290 gpu_seconds=0.092453875 wall_seconds=0.092688125 seconds_per_dispatch=0.000318806465 gbps=259.014070
LEG shape=full_attn.qkv_proj_fused rep=4 position=35 arm=m4_ipg4 m=4 ipg=4 groups=1 inner=290 gpu_seconds=0.061211750 wall_seconds=0.061436417 seconds_per_dispatch=0.000211075000 gbps=195.606680
LEG shape=full_attn.qkv_proj_fused rep=4 position=36 arm=m4_ipg2 m=4 ipg=2 groups=2 inner=290 gpu_seconds=0.086624667 wall_seconds=0.086854667 seconds_per_dispatch=0.000298705748 gbps=276.443827
LEG shape=full_attn.qkv_proj_fused rep=4 position=37 arm=m3_ipg3 m=3 ipg=3 groups=1 inner=290 gpu_seconds=0.053154958 wall_seconds=0.053349792 seconds_per_dispatch=0.000183292960 gbps=225.255132
LEG shape=full_attn.qkv_proj_fused rep=5 position=0 arm=m3_ipg3 m=3 ipg=3 groups=1 inner=290 gpu_seconds=0.053107125 wall_seconds=0.053317208 seconds_per_dispatch=0.000183128017 gbps=225.458019
LEG shape=full_attn.qkv_proj_fused rep=5 position=1 arm=m4_ipg2 m=4 ipg=2 groups=2 inner=290 gpu_seconds=0.086580625 wall_seconds=0.086813958 seconds_per_dispatch=0.000298553879 gbps=276.584448
LEG shape=full_attn.qkv_proj_fused rep=5 position=2 arm=m4_ipg4 m=4 ipg=4 groups=1 inner=290 gpu_seconds=0.061262625 wall_seconds=0.061500625 seconds_per_dispatch=0.000211250431 gbps=195.444240
LEG shape=full_attn.qkv_proj_fused rep=5 position=3 arm=m5_ipg3 m=5 ipg=3 groups=2 inner=290 gpu_seconds=0.092466667 wall_seconds=0.092706208 seconds_per_dispatch=0.000318850574 gbps=258.978238
LEG shape=full_attn.qkv_proj_fused rep=5 position=4 arm=m5_ipg5 m=5 ipg=5 groups=1 inner=290 gpu_seconds=0.072497208 wall_seconds=0.072724125 seconds_per_dispatch=0.000249990373 gbps=165.157080
LEG shape=full_attn.qkv_proj_fused rep=5 position=5 arm=m6_ipg2 m=6 ipg=2 groups=3 inner=290 gpu_seconds=0.127739333 wall_seconds=0.127984917 seconds_per_dispatch=0.000440480460 gbps=281.199852
LEG shape=full_attn.qkv_proj_fused rep=5 position=6 arm=m6_ipg3 m=6 ipg=3 groups=2 inner=290 gpu_seconds=0.099192875 wall_seconds=0.099410417 seconds_per_dispatch=0.000342044396 gbps=241.417082
LEG shape=full_attn.qkv_proj_fused rep=5 position=7 arm=m6_ipg4 m=6 ipg=4 groups=2 inner=290 gpu_seconds=0.099172375 wall_seconds=0.099411000 seconds_per_dispatch=0.000341973707 gbps=241.466985
LEG shape=full_attn.qkv_proj_fused rep=5 position=8 arm=m6_ipg6 m=6 ipg=6 groups=1 inner=290 gpu_seconds=0.093015958 wall_seconds=0.093260250 seconds_per_dispatch=0.000320744684 gbps=128.724441
LEG shape=full_attn.qkv_proj_fused rep=5 position=9 arm=m7_ipg4 m=7 ipg=4 groups=2 inner=290 gpu_seconds=0.107606958 wall_seconds=0.107843542 seconds_per_dispatch=0.000371058477 gbps=222.540018
LEG shape=full_attn.qkv_proj_fused rep=5 position=10 arm=m7_ipg5 m=7 ipg=5 groups=2 inner=290 gpu_seconds=0.108104667 wall_seconds=0.108341667 seconds_per_dispatch=0.000372774713 gbps=221.515455
LEG shape=full_attn.qkv_proj_fused rep=5 position=11 arm=m8_ipg2 m=8 ipg=2 groups=4 inner=290 gpu_seconds=0.168843000 wall_seconds=0.169072417 seconds_per_dispatch=0.000582217241 gbps=283.658244
LEG shape=full_attn.qkv_proj_fused rep=5 position=12 arm=m8_ipg3 m=8 ipg=3 groups=3 inner=290 gpu_seconds=0.139675417 wall_seconds=0.139892167 seconds_per_dispatch=0.000481639367 gbps=257.169676
LEG shape=full_attn.qkv_proj_fused rep=5 position=13 arm=m8_ipg4 m=8 ipg=4 groups=2 inner=290 gpu_seconds=0.116246250 wall_seconds=0.116462833 seconds_per_dispatch=0.000400849138 gbps=206.001092
LEG shape=full_attn.qkv_proj_fused rep=5 position=14 arm=m8_ipg5 m=8 ipg=5 groups=2 inner=290 gpu_seconds=0.117505542 wall_seconds=0.117752167 seconds_per_dispatch=0.000405191523 gbps=203.793405
LEG shape=full_attn.qkv_proj_fused rep=5 position=15 arm=m8_ipg6 m=8 ipg=6 groups=2 inner=290 gpu_seconds=0.126518500 wall_seconds=0.126752667 seconds_per_dispatch=0.000436270690 gbps=189.275516
LEG shape=full_attn.qkv_proj_fused rep=5 position=16 arm=m9_ipg3 m=9 ipg=3 groups=3 inner=290 gpu_seconds=0.146780292 wall_seconds=0.146985125 seconds_per_dispatch=0.000506138937 gbps=244.721421
LEG shape=full_attn.qkv_proj_fused rep=5 position=17 arm=m9_ipg5 m=9 ipg=5 groups=2 inner=290 gpu_seconds=0.127388083 wall_seconds=0.127612583 seconds_per_dispatch=0.000439269253 gbps=187.983474
LEG shape=full_attn.qkv_proj_fused rep=5 position=18 arm=m9_ipg6 m=9 ipg=6 groups=2 inner=290 gpu_seconds=0.136906250 wall_seconds=0.137139417 seconds_per_dispatch=0.000472090518 gbps=174.914252
LEG shape=full_attn.qkv_proj_fused rep=5 position=19 arm=m9_ipg6 m=9 ipg=6 groups=2 inner=290 gpu_seconds=0.136956083 wall_seconds=0.137192875 seconds_per_dispatch=0.000472262356 gbps=174.850608
LEG shape=full_attn.qkv_proj_fused rep=5 position=20 arm=m9_ipg5 m=9 ipg=5 groups=2 inner=290 gpu_seconds=0.127368833 wall_seconds=0.127617417 seconds_per_dispatch=0.000439202874 gbps=188.011885
LEG shape=full_attn.qkv_proj_fused rep=5 position=21 arm=m9_ipg3 m=9 ipg=3 groups=3 inner=290 gpu_seconds=0.146773000 wall_seconds=0.147011875 seconds_per_dispatch=0.000506113793 gbps=244.733579
LEG shape=full_attn.qkv_proj_fused rep=5 position=22 arm=m8_ipg6 m=8 ipg=6 groups=2 inner=290 gpu_seconds=0.126493625 wall_seconds=0.126725542 seconds_per_dispatch=0.000436184914 gbps=189.312737
LEG shape=full_attn.qkv_proj_fused rep=5 position=23 arm=m8_ipg5 m=8 ipg=5 groups=2 inner=290 gpu_seconds=0.117666000 wall_seconds=0.117911125 seconds_per_dispatch=0.000405744828 gbps=203.515496
LEG shape=full_attn.qkv_proj_fused rep=5 position=24 arm=m8_ipg4 m=8 ipg=4 groups=2 inner=290 gpu_seconds=0.116331625 wall_seconds=0.116563333 seconds_per_dispatch=0.000401143535 gbps=205.849909
LEG shape=full_attn.qkv_proj_fused rep=5 position=25 arm=m8_ipg3 m=8 ipg=3 groups=3 inner=290 gpu_seconds=0.139701208 wall_seconds=0.139925500 seconds_per_dispatch=0.000481728305 gbps=257.122197
LEG shape=full_attn.qkv_proj_fused rep=5 position=26 arm=m8_ipg2 m=8 ipg=2 groups=4 inner=290 gpu_seconds=0.168881250 wall_seconds=0.169109792 seconds_per_dispatch=0.000582349137 gbps=283.593998
LEG shape=full_attn.qkv_proj_fused rep=5 position=27 arm=m7_ipg5 m=7 ipg=5 groups=2 inner=290 gpu_seconds=0.108287250 wall_seconds=0.108524333 seconds_per_dispatch=0.000373404310 gbps=221.141957
LEG shape=full_attn.qkv_proj_fused rep=5 position=28 arm=m7_ipg4 m=7 ipg=4 groups=2 inner=290 gpu_seconds=0.107493750 wall_seconds=0.107727500 seconds_per_dispatch=0.000370668103 gbps=222.774389
LEG shape=full_attn.qkv_proj_fused rep=5 position=29 arm=m6_ipg6 m=6 ipg=6 groups=1 inner=290 gpu_seconds=0.092898250 wall_seconds=0.093130708 seconds_per_dispatch=0.000320338793 gbps=128.887543
LEG shape=full_attn.qkv_proj_fused rep=5 position=30 arm=m6_ipg4 m=6 ipg=4 groups=2 inner=290 gpu_seconds=0.099233125 wall_seconds=0.099453250 seconds_per_dispatch=0.000342183190 gbps=241.319160
LEG shape=full_attn.qkv_proj_fused rep=5 position=31 arm=m6_ipg3 m=6 ipg=3 groups=2 inner=290 gpu_seconds=0.099187500 wall_seconds=0.099395042 seconds_per_dispatch=0.000342025862 gbps=241.430164
LEG shape=full_attn.qkv_proj_fused rep=5 position=32 arm=m6_ipg2 m=6 ipg=2 groups=3 inner=290 gpu_seconds=0.127694000 wall_seconds=0.127930208 seconds_per_dispatch=0.000440324138 gbps=281.299682
LEG shape=full_attn.qkv_proj_fused rep=5 position=33 arm=m5_ipg5 m=5 ipg=5 groups=1 inner=290 gpu_seconds=0.072324333 wall_seconds=0.072562125 seconds_per_dispatch=0.000249394253 gbps=165.551850
LEG shape=full_attn.qkv_proj_fused rep=5 position=34 arm=m5_ipg3 m=5 ipg=3 groups=2 inner=290 gpu_seconds=0.092475125 wall_seconds=0.092710583 seconds_per_dispatch=0.000318879742 gbps=258.954550
LEG shape=full_attn.qkv_proj_fused rep=5 position=35 arm=m4_ipg4 m=4 ipg=4 groups=1 inner=290 gpu_seconds=0.061119417 wall_seconds=0.061345625 seconds_per_dispatch=0.000210756609 gbps=195.902184
LEG shape=full_attn.qkv_proj_fused rep=5 position=36 arm=m4_ipg2 m=4 ipg=2 groups=2 inner=290 gpu_seconds=0.086589708 wall_seconds=0.086827167 seconds_per_dispatch=0.000298585201 gbps=276.555435
LEG shape=full_attn.qkv_proj_fused rep=5 position=37 arm=m3_ipg3 m=3 ipg=3 groups=1 inner=290 gpu_seconds=0.053115917 wall_seconds=0.053348000 seconds_per_dispatch=0.000183158333 gbps=225.420702
LEG shape=full_attn.qkv_proj_fused rep=6 position=0 arm=m3_ipg3 m=3 ipg=3 groups=1 inner=290 gpu_seconds=0.053167833 wall_seconds=0.053402750 seconds_per_dispatch=0.000183337356 gbps=225.200586
LEG shape=full_attn.qkv_proj_fused rep=6 position=1 arm=m4_ipg2 m=4 ipg=2 groups=2 inner=290 gpu_seconds=0.086658708 wall_seconds=0.086905708 seconds_per_dispatch=0.000298823132 gbps=276.335234
LEG shape=full_attn.qkv_proj_fused rep=6 position=2 arm=m4_ipg4 m=4 ipg=4 groups=1 inner=290 gpu_seconds=0.061250208 wall_seconds=0.061495458 seconds_per_dispatch=0.000211207615 gbps=195.483861
LEG shape=full_attn.qkv_proj_fused rep=6 position=3 arm=m5_ipg3 m=5 ipg=3 groups=2 inner=290 gpu_seconds=0.092448500 wall_seconds=0.092692625 seconds_per_dispatch=0.000318787931 gbps=259.029129
LEG shape=full_attn.qkv_proj_fused rep=6 position=4 arm=m5_ipg5 m=5 ipg=5 groups=1 inner=290 gpu_seconds=0.072393500 wall_seconds=0.072621792 seconds_per_dispatch=0.000249632759 gbps=165.393678
LEG shape=full_attn.qkv_proj_fused rep=6 position=5 arm=m6_ipg2 m=6 ipg=2 groups=3 inner=290 gpu_seconds=0.127709417 wall_seconds=0.127934042 seconds_per_dispatch=0.000440377299 gbps=281.265724
LEG shape=full_attn.qkv_proj_fused rep=6 position=6 arm=m6_ipg3 m=6 ipg=3 groups=2 inner=290 gpu_seconds=0.099157250 wall_seconds=0.099392458 seconds_per_dispatch=0.000341921552 gbps=241.503817
LEG shape=full_attn.qkv_proj_fused rep=6 position=7 arm=m6_ipg4 m=6 ipg=4 groups=2 inner=290 gpu_seconds=0.099119125 wall_seconds=0.099445083 seconds_per_dispatch=0.000341790087 gbps=241.596709
LEG shape=full_attn.qkv_proj_fused rep=6 position=8 arm=m6_ipg6 m=6 ipg=6 groups=1 inner=290 gpu_seconds=0.093049625 wall_seconds=0.093287417 seconds_per_dispatch=0.000320860776 gbps=128.677866
LEG shape=full_attn.qkv_proj_fused rep=6 position=9 arm=m7_ipg4 m=7 ipg=4 groups=2 inner=290 gpu_seconds=0.107505375 wall_seconds=0.107744458 seconds_per_dispatch=0.000370708190 gbps=222.750299
LEG shape=full_attn.qkv_proj_fused rep=6 position=10 arm=m7_ipg5 m=7 ipg=5 groups=2 inner=290 gpu_seconds=0.108179875 wall_seconds=0.108421167 seconds_per_dispatch=0.000373034052 gbps=221.361454
LEG shape=full_attn.qkv_proj_fused rep=6 position=11 arm=m8_ipg2 m=8 ipg=2 groups=4 inner=290 gpu_seconds=0.168865125 wall_seconds=0.169092292 seconds_per_dispatch=0.000582293534 gbps=283.621078
LEG shape=full_attn.qkv_proj_fused rep=6 position=12 arm=m8_ipg3 m=8 ipg=3 groups=3 inner=290 gpu_seconds=0.139883500 wall_seconds=0.140124833 seconds_per_dispatch=0.000482356897 gbps=256.787123
LEG shape=full_attn.qkv_proj_fused rep=6 position=13 arm=m8_ipg4 m=8 ipg=4 groups=2 inner=290 gpu_seconds=0.116360417 wall_seconds=0.116575833 seconds_per_dispatch=0.000401242816 gbps=205.798974
LEG shape=full_attn.qkv_proj_fused rep=6 position=14 arm=m8_ipg5 m=8 ipg=5 groups=2 inner=290 gpu_seconds=0.117657125 wall_seconds=0.117852458 seconds_per_dispatch=0.000405714224 gbps=203.530848
LEG shape=full_attn.qkv_proj_fused rep=6 position=15 arm=m8_ipg6 m=8 ipg=6 groups=2 inner=290 gpu_seconds=0.126473750 wall_seconds=0.126714208 seconds_per_dispatch=0.000436116379 gbps=189.342487
LEG shape=full_attn.qkv_proj_fused rep=6 position=16 arm=m9_ipg3 m=9 ipg=3 groups=3 inner=290 gpu_seconds=0.146823750 wall_seconds=0.147052375 seconds_per_dispatch=0.000506288793 gbps=244.648986
LEG shape=full_attn.qkv_proj_fused rep=6 position=17 arm=m9_ipg5 m=9 ipg=5 groups=2 inner=290 gpu_seconds=0.127426250 wall_seconds=0.127662375 seconds_per_dispatch=0.000439400863 gbps=187.927169
LEG shape=full_attn.qkv_proj_fused rep=6 position=18 arm=m9_ipg6 m=9 ipg=6 groups=2 inner=290 gpu_seconds=0.136809333 wall_seconds=0.137037500 seconds_per_dispatch=0.000471756322 gbps=175.038163
LEG shape=full_attn.qkv_proj_fused rep=6 position=19 arm=m9_ipg6 m=9 ipg=6 groups=2 inner=290 gpu_seconds=0.136873875 wall_seconds=0.137116833 seconds_per_dispatch=0.000471978879 gbps=174.955625
LEG shape=full_attn.qkv_proj_fused rep=6 position=20 arm=m9_ipg5 m=9 ipg=5 groups=2 inner=290 gpu_seconds=0.127281125 wall_seconds=0.127514708 seconds_per_dispatch=0.000438900432 gbps=188.141442
LEG shape=full_attn.qkv_proj_fused rep=6 position=21 arm=m9_ipg3 m=9 ipg=3 groups=3 inner=290 gpu_seconds=0.146389750 wall_seconds=0.146613625 seconds_per_dispatch=0.000504792242 gbps=245.374294
LEG shape=full_attn.qkv_proj_fused rep=6 position=22 arm=m8_ipg6 m=8 ipg=6 groups=2 inner=290 gpu_seconds=0.125934292 wall_seconds=0.126166042 seconds_per_dispatch=0.000434256178 gbps=190.153564
LEG shape=full_attn.qkv_proj_fused rep=6 position=23 arm=m8_ipg5 m=8 ipg=5 groups=2 inner=290 gpu_seconds=0.116972000 wall_seconds=0.117212333 seconds_per_dispatch=0.000403351724 gbps=204.722963
LEG shape=full_attn.qkv_proj_fused rep=6 position=24 arm=m8_ipg4 m=8 ipg=4 groups=2 inner=290 gpu_seconds=0.115401333 wall_seconds=0.115630000 seconds_per_dispatch=0.000397935632 gbps=207.509339
LEG shape=full_attn.qkv_proj_fused rep=6 position=25 arm=m8_ipg3 m=8 ipg=3 groups=3 inner=290 gpu_seconds=0.139009375 wall_seconds=0.139260833 seconds_per_dispatch=0.000479342672 gbps=258.401864
LEG shape=full_attn.qkv_proj_fused rep=6 position=26 arm=m8_ipg2 m=8 ipg=2 groups=4 inner=290 gpu_seconds=0.168083125 wall_seconds=0.168314000 seconds_per_dispatch=0.000579596983 gbps=284.940614
LEG shape=full_attn.qkv_proj_fused rep=6 position=27 arm=m7_ipg5 m=7 ipg=5 groups=2 inner=290 gpu_seconds=0.107348125 wall_seconds=0.107590333 seconds_per_dispatch=0.000370165948 gbps=223.076597
LEG shape=full_attn.qkv_proj_fused rep=6 position=28 arm=m7_ipg4 m=7 ipg=4 groups=2 inner=290 gpu_seconds=0.106715250 wall_seconds=0.106977458 seconds_per_dispatch=0.000367983620 gbps=224.399553
LEG shape=full_attn.qkv_proj_fused rep=6 position=29 arm=m6_ipg6 m=6 ipg=6 groups=1 inner=290 gpu_seconds=0.092182042 wall_seconds=0.092462500 seconds_per_dispatch=0.000317869109 gbps=129.888935
LEG shape=full_attn.qkv_proj_fused rep=6 position=30 arm=m6_ipg4 m=6 ipg=4 groups=2 inner=290 gpu_seconds=0.098546417 wall_seconds=0.098813833 seconds_per_dispatch=0.000339815230 gbps=243.000762
LEG shape=full_attn.qkv_proj_fused rep=6 position=31 arm=m6_ipg3 m=6 ipg=3 groups=2 inner=290 gpu_seconds=0.098991666 wall_seconds=0.099260458 seconds_per_dispatch=0.000341350574 gbps=241.907781
LEG shape=full_attn.qkv_proj_fused rep=6 position=32 arm=m6_ipg2 m=6 ipg=2 groups=3 inner=290 gpu_seconds=0.127580250 wall_seconds=0.127829292 seconds_per_dispatch=0.000439931896 gbps=281.550488
LEG shape=full_attn.qkv_proj_fused rep=6 position=33 arm=m5_ipg5 m=5 ipg=5 groups=1 inner=290 gpu_seconds=0.072259167 wall_seconds=0.072488833 seconds_per_dispatch=0.000249169540 gbps=165.701153
LEG shape=full_attn.qkv_proj_fused rep=6 position=34 arm=m5_ipg3 m=5 ipg=3 groups=2 inner=290 gpu_seconds=0.092402000 wall_seconds=0.092618750 seconds_per_dispatch=0.000318627586 gbps=259.159481
LEG shape=full_attn.qkv_proj_fused rep=6 position=35 arm=m4_ipg4 m=4 ipg=4 groups=1 inner=290 gpu_seconds=0.061177084 wall_seconds=0.061408542 seconds_per_dispatch=0.000210955460 gbps=195.717522
LEG shape=full_attn.qkv_proj_fused rep=6 position=36 arm=m4_ipg2 m=4 ipg=2 groups=2 inner=290 gpu_seconds=0.086528958 wall_seconds=0.086771458 seconds_per_dispatch=0.000298375718 gbps=276.749598
LEG shape=full_attn.qkv_proj_fused rep=6 position=37 arm=m3_ipg3 m=3 ipg=3 groups=1 inner=290 gpu_seconds=0.052972000 wall_seconds=0.053200542 seconds_per_dispatch=0.000182662068 gbps=226.033135
LEG shape=full_attn.qkv_proj_fused rep=7 position=0 arm=m3_ipg3 m=3 ipg=3 groups=1 inner=290 gpu_seconds=0.053037208 wall_seconds=0.053270458 seconds_per_dispatch=0.000182886925 gbps=225.755231
LEG shape=full_attn.qkv_proj_fused rep=7 position=1 arm=m4_ipg2 m=4 ipg=2 groups=2 inner=290 gpu_seconds=0.086557875 wall_seconds=0.086796042 seconds_per_dispatch=0.000298475431 gbps=276.657143
LEG shape=full_attn.qkv_proj_fused rep=7 position=2 arm=m4_ipg4 m=4 ipg=4 groups=1 inner=290 gpu_seconds=0.061253708 wall_seconds=0.061494167 seconds_per_dispatch=0.000211219684 gbps=195.472691
LEG shape=full_attn.qkv_proj_fused rep=7 position=3 arm=m5_ipg3 m=5 ipg=3 groups=2 inner=290 gpu_seconds=0.092493000 wall_seconds=0.092735042 seconds_per_dispatch=0.000318941379 gbps=258.904505
LEG shape=full_attn.qkv_proj_fused rep=7 position=4 arm=m5_ipg5 m=5 ipg=5 groups=1 inner=290 gpu_seconds=0.072210958 wall_seconds=0.072439750 seconds_per_dispatch=0.000249003305 gbps=165.811775
LEG shape=full_attn.qkv_proj_fused rep=7 position=5 arm=m6_ipg2 m=6 ipg=2 groups=3 inner=290 gpu_seconds=0.127696916 wall_seconds=0.127912333 seconds_per_dispatch=0.000440334195 gbps=281.293257
LEG shape=full_attn.qkv_proj_fused rep=7 position=6 arm=m6_ipg3 m=6 ipg=3 groups=2 inner=290 gpu_seconds=0.099219000 wall_seconds=0.099427417 seconds_per_dispatch=0.000342134483 gbps=241.353515
LEG shape=full_attn.qkv_proj_fused rep=7 position=7 arm=m6_ipg4 m=6 ipg=4 groups=2 inner=290 gpu_seconds=0.099149500 wall_seconds=0.099374792 seconds_per_dispatch=0.000341894828 gbps=241.522694
LEG shape=full_attn.qkv_proj_fused rep=7 position=8 arm=m6_ipg6 m=6 ipg=6 groups=1 inner=290 gpu_seconds=0.092937917 wall_seconds=0.093174083 seconds_per_dispatch=0.000320475575 gbps=128.832533
LEG shape=full_attn.qkv_proj_fused rep=7 position=9 arm=m7_ipg4 m=7 ipg=4 groups=2 inner=290 gpu_seconds=0.107447250 wall_seconds=0.107643000 seconds_per_dispatch=0.000370507759 gbps=222.870798
LEG shape=full_attn.qkv_proj_fused rep=7 position=10 arm=m7_ipg5 m=7 ipg=5 groups=2 inner=290 gpu_seconds=0.108212292 wall_seconds=0.108419958 seconds_per_dispatch=0.000373145834 gbps=221.295141
LEG shape=full_attn.qkv_proj_fused rep=7 position=11 arm=m8_ipg2 m=8 ipg=2 groups=4 inner=290 gpu_seconds=0.168854292 wall_seconds=0.169094542 seconds_per_dispatch=0.000582256178 gbps=283.639275
LEG shape=full_attn.qkv_proj_fused rep=7 position=12 arm=m8_ipg3 m=8 ipg=3 groups=3 inner=290 gpu_seconds=0.139650500 wall_seconds=0.139883792 seconds_per_dispatch=0.000481553449 gbps=257.215560
LEG shape=full_attn.qkv_proj_fused rep=7 position=13 arm=m8_ipg4 m=8 ipg=4 groups=2 inner=290 gpu_seconds=0.116232625 wall_seconds=0.116463083 seconds_per_dispatch=0.000400802155 gbps=206.025240
LEG shape=full_attn.qkv_proj_fused rep=7 position=14 arm=m8_ipg5 m=8 ipg=5 groups=2 inner=290 gpu_seconds=0.117206375 wall_seconds=0.117453125 seconds_per_dispatch=0.000404159914 gbps=204.313583
LEG shape=full_attn.qkv_proj_fused rep=7 position=15 arm=m8_ipg6 m=8 ipg=6 groups=2 inner=290 gpu_seconds=0.126429125 wall_seconds=0.126660500 seconds_per_dispatch=0.000435962501 gbps=189.409318
LEG shape=full_attn.qkv_proj_fused rep=7 position=16 arm=m9_ipg3 m=9 ipg=3 groups=3 inner=290 gpu_seconds=0.146704125 wall_seconds=0.146986167 seconds_per_dispatch=0.000505876293 gbps=244.848477
LEG shape=full_attn.qkv_proj_fused rep=7 position=17 arm=m9_ipg5 m=9 ipg=5 groups=2 inner=290 gpu_seconds=0.127295500 wall_seconds=0.127513542 seconds_per_dispatch=0.000438950000 gbps=188.120196
LEG shape=full_attn.qkv_proj_fused rep=7 position=18 arm=m9_ipg6 m=9 ipg=6 groups=2 inner=290 gpu_seconds=0.136886000 wall_seconds=0.137134833 seconds_per_dispatch=0.000472020689 gbps=174.940128
LEG shape=full_attn.qkv_proj_fused rep=7 position=19 arm=m9_ipg6 m=9 ipg=6 groups=2 inner=290 gpu_seconds=0.136949583 wall_seconds=0.137193125 seconds_per_dispatch=0.000472239943 gbps=174.858906
LEG shape=full_attn.qkv_proj_fused rep=7 position=20 arm=m9_ipg5 m=9 ipg=5 groups=2 inner=290 gpu_seconds=0.127244625 wall_seconds=0.127491583 seconds_per_dispatch=0.000438774569 gbps=188.195410
LEG shape=full_attn.qkv_proj_fused rep=7 position=21 arm=m9_ipg3 m=9 ipg=3 groups=3 inner=290 gpu_seconds=0.146898833 wall_seconds=0.147135542 seconds_per_dispatch=0.000506547701 gbps=244.523941
LEG shape=full_attn.qkv_proj_fused rep=7 position=22 arm=m8_ipg6 m=8 ipg=6 groups=2 inner=290 gpu_seconds=0.126580208 wall_seconds=0.126816625 seconds_per_dispatch=0.000436483477 gbps=189.183244
LEG shape=full_attn.qkv_proj_fused rep=7 position=23 arm=m8_ipg5 m=8 ipg=5 groups=2 inner=290 gpu_seconds=0.117776292 wall_seconds=0.118021000 seconds_per_dispatch=0.000406125144 gbps=203.324914
LEG shape=full_attn.qkv_proj_fused rep=7 position=24 arm=m8_ipg4 m=8 ipg=4 groups=2 inner=290 gpu_seconds=0.116097750 wall_seconds=0.116319833 seconds_per_dispatch=0.000400337069 gbps=206.264587
LEG shape=full_attn.qkv_proj_fused rep=7 position=25 arm=m8_ipg3 m=8 ipg=3 groups=3 inner=290 gpu_seconds=0.139526625 wall_seconds=0.139773917 seconds_per_dispatch=0.000481126294 gbps=257.443922
LEG shape=full_attn.qkv_proj_fused rep=7 position=26 arm=m8_ipg2 m=8 ipg=2 groups=4 inner=290 gpu_seconds=0.168877792 wall_seconds=0.169079250 seconds_per_dispatch=0.000582337212 gbps=283.599805
LEG shape=full_attn.qkv_proj_fused rep=7 position=27 arm=m7_ipg5 m=7 ipg=5 groups=2 inner=290 gpu_seconds=0.108178917 wall_seconds=0.108380042 seconds_per_dispatch=0.000373030747 gbps=221.363415
LEG shape=full_attn.qkv_proj_fused rep=7 position=28 arm=m7_ipg4 m=7 ipg=4 groups=2 inner=290 gpu_seconds=0.107413833 wall_seconds=0.107655042 seconds_per_dispatch=0.000370392528 gbps=222.940134
LEG shape=full_attn.qkv_proj_fused rep=7 position=29 arm=m6_ipg6 m=6 ipg=6 groups=1 inner=290 gpu_seconds=0.093005667 wall_seconds=0.093233083 seconds_per_dispatch=0.000320709196 gbps=128.738685
LEG shape=full_attn.qkv_proj_fused rep=7 position=30 arm=m6_ipg4 m=6 ipg=4 groups=2 inner=290 gpu_seconds=0.099226000 wall_seconds=0.099454500 seconds_per_dispatch=0.000342158621 gbps=241.336488
LEG shape=full_attn.qkv_proj_fused rep=7 position=31 arm=m6_ipg3 m=6 ipg=3 groups=2 inner=290 gpu_seconds=0.099221250 wall_seconds=0.099453125 seconds_per_dispatch=0.000342142242 gbps=241.348042
LEG shape=full_attn.qkv_proj_fused rep=7 position=32 arm=m6_ipg2 m=6 ipg=2 groups=3 inner=290 gpu_seconds=0.127697625 wall_seconds=0.127933333 seconds_per_dispatch=0.000440336639 gbps=281.291696
LEG shape=full_attn.qkv_proj_fused rep=7 position=33 arm=m5_ipg5 m=5 ipg=5 groups=1 inner=290 gpu_seconds=0.072301500 wall_seconds=0.072541042 seconds_per_dispatch=0.000249315517 gbps=165.604133
LEG shape=full_attn.qkv_proj_fused rep=7 position=34 arm=m5_ipg3 m=5 ipg=3 groups=2 inner=290 gpu_seconds=0.092400750 wall_seconds=0.092619458 seconds_per_dispatch=0.000318623276 gbps=259.162987
LEG shape=full_attn.qkv_proj_fused rep=7 position=35 arm=m4_ipg4 m=4 ipg=4 groups=1 inner=290 gpu_seconds=0.060889833 wall_seconds=0.061125292 seconds_per_dispatch=0.000209964943 gbps=196.640827
LEG shape=full_attn.qkv_proj_fused rep=7 position=36 arm=m4_ipg2 m=4 ipg=2 groups=2 inner=290 gpu_seconds=0.086577000 wall_seconds=0.086823625 seconds_per_dispatch=0.000298541380 gbps=276.596029
LEG shape=full_attn.qkv_proj_fused rep=7 position=37 arm=m3_ipg3 m=3 ipg=3 groups=1 inner=290 gpu_seconds=0.053158500 wall_seconds=0.053379833 seconds_per_dispatch=0.000183305172 gbps=225.240125
LEG shape=full_attn.qkv_proj_fused rep=8 position=0 arm=m3_ipg3 m=3 ipg=3 groups=1 inner=290 gpu_seconds=0.053099417 wall_seconds=0.053332042 seconds_per_dispatch=0.000183101437 gbps=225.490748
LEG shape=full_attn.qkv_proj_fused rep=8 position=1 arm=m4_ipg2 m=4 ipg=2 groups=2 inner=290 gpu_seconds=0.086589250 wall_seconds=0.086821542 seconds_per_dispatch=0.000298583621 gbps=276.556898
LEG shape=full_attn.qkv_proj_fused rep=8 position=2 arm=m4_ipg4 m=4 ipg=4 groups=1 inner=290 gpu_seconds=0.061301083 wall_seconds=0.061530292 seconds_per_dispatch=0.000211383046 gbps=195.321625
LEG shape=full_attn.qkv_proj_fused rep=8 position=3 arm=m5_ipg3 m=5 ipg=3 groups=2 inner=290 gpu_seconds=0.092414875 wall_seconds=0.092647833 seconds_per_dispatch=0.000318671983 gbps=259.123376
LEG shape=full_attn.qkv_proj_fused rep=8 position=4 arm=m5_ipg5 m=5 ipg=5 groups=1 inner=290 gpu_seconds=0.072395167 wall_seconds=0.072631667 seconds_per_dispatch=0.000249638506 gbps=165.389870
LEG shape=full_attn.qkv_proj_fused rep=8 position=5 arm=m6_ipg2 m=6 ipg=2 groups=3 inner=290 gpu_seconds=0.127814250 wall_seconds=0.128050458 seconds_per_dispatch=0.000440738793 gbps=281.035030
LEG shape=full_attn.qkv_proj_fused rep=8 position=6 arm=m6_ipg3 m=6 ipg=3 groups=2 inner=290 gpu_seconds=0.099231000 wall_seconds=0.099447708 seconds_per_dispatch=0.000342175862 gbps=241.324328
LEG shape=full_attn.qkv_proj_fused rep=8 position=7 arm=m6_ipg4 m=6 ipg=4 groups=2 inner=290 gpu_seconds=0.099196125 wall_seconds=0.099402875 seconds_per_dispatch=0.000342055603 gbps=241.409172
LEG shape=full_attn.qkv_proj_fused rep=8 position=8 arm=m6_ipg6 m=6 ipg=6 groups=1 inner=290 gpu_seconds=0.092920500 wall_seconds=0.093123208 seconds_per_dispatch=0.000320415517 gbps=128.856681
LEG shape=full_attn.qkv_proj_fused rep=8 position=9 arm=m7_ipg4 m=7 ipg=4 groups=2 inner=290 gpu_seconds=0.107456583 wall_seconds=0.107701458 seconds_per_dispatch=0.000370539942 gbps=222.851441
LEG shape=full_attn.qkv_proj_fused rep=8 position=10 arm=m7_ipg5 m=7 ipg=5 groups=2 inner=290 gpu_seconds=0.108245833 wall_seconds=0.108472208 seconds_per_dispatch=0.000373261494 gbps=221.226570
LEG shape=full_attn.qkv_proj_fused rep=8 position=11 arm=m8_ipg2 m=8 ipg=2 groups=4 inner=290 gpu_seconds=0.168936625 wall_seconds=0.169180583 seconds_per_dispatch=0.000582540086 gbps=283.501040
LEG shape=full_attn.qkv_proj_fused rep=8 position=12 arm=m8_ipg3 m=8 ipg=3 groups=3 inner=290 gpu_seconds=0.139719042 wall_seconds=0.139958458 seconds_per_dispatch=0.000481789799 gbps=257.089378
LEG shape=full_attn.qkv_proj_fused rep=8 position=13 arm=m8_ipg4 m=8 ipg=4 groups=2 inner=290 gpu_seconds=0.116345583 wall_seconds=0.116580125 seconds_per_dispatch=0.000401191666 gbps=205.825213
LEG shape=full_attn.qkv_proj_fused rep=8 position=14 arm=m8_ipg5 m=8 ipg=5 groups=2 inner=290 gpu_seconds=0.117598167 wall_seconds=0.117826875 seconds_per_dispatch=0.000405510920 gbps=203.632889
LEG shape=full_attn.qkv_proj_fused rep=8 position=15 arm=m8_ipg6 m=8 ipg=6 groups=2 inner=290 gpu_seconds=0.126390875 wall_seconds=0.126632958 seconds_per_dispatch=0.000435830604 gbps=189.466640
LEG shape=full_attn.qkv_proj_fused rep=8 position=16 arm=m9_ipg3 m=9 ipg=3 groups=3 inner=290 gpu_seconds=0.146820667 wall_seconds=0.147058125 seconds_per_dispatch=0.000506278161 gbps=244.654124
LEG shape=full_attn.qkv_proj_fused rep=8 position=17 arm=m9_ipg5 m=9 ipg=5 groups=2 inner=290 gpu_seconds=0.127329750 wall_seconds=0.127567875 seconds_per_dispatch=0.000439068103 gbps=188.069594
LEG shape=full_attn.qkv_proj_fused rep=8 position=18 arm=m9_ipg6 m=9 ipg=6 groups=2 inner=290 gpu_seconds=0.136949583 wall_seconds=0.137205500 seconds_per_dispatch=0.000472239942 gbps=174.858907
LEG shape=full_attn.qkv_proj_fused rep=8 position=19 arm=m9_ipg6 m=9 ipg=6 groups=2 inner=290 gpu_seconds=0.136929875 wall_seconds=0.137141542 seconds_per_dispatch=0.000472171983 gbps=174.884074
LEG shape=full_attn.qkv_proj_fused rep=8 position=20 arm=m9_ipg5 m=9 ipg=5 groups=2 inner=290 gpu_seconds=0.127290750 wall_seconds=0.127509958 seconds_per_dispatch=0.000438933620 gbps=188.127216
LEG shape=full_attn.qkv_proj_fused rep=8 position=21 arm=m9_ipg3 m=9 ipg=3 groups=3 inner=290 gpu_seconds=0.146790250 wall_seconds=0.146996292 seconds_per_dispatch=0.000506173276 gbps=244.704819
LEG shape=full_attn.qkv_proj_fused rep=8 position=22 arm=m8_ipg6 m=8 ipg=6 groups=2 inner=290 gpu_seconds=0.126455125 wall_seconds=0.126655000 seconds_per_dispatch=0.000436052155 gbps=189.370375
LEG shape=full_attn.qkv_proj_fused rep=8 position=23 arm=m8_ipg5 m=8 ipg=5 groups=2 inner=290 gpu_seconds=0.117484792 wall_seconds=0.117718000 seconds_per_dispatch=0.000405119971 gbps=203.829398
LEG shape=full_attn.qkv_proj_fused rep=8 position=24 arm=m8_ipg4 m=8 ipg=4 groups=2 inner=290 gpu_seconds=0.116410083 wall_seconds=0.116646333 seconds_per_dispatch=0.000401414080 gbps=205.711170
LEG shape=full_attn.qkv_proj_fused rep=8 position=25 arm=m8_ipg3 m=8 ipg=3 groups=3 inner=290 gpu_seconds=0.139685250 wall_seconds=0.139912458 seconds_per_dispatch=0.000481673275 gbps=257.151572
LEG shape=full_attn.qkv_proj_fused rep=8 position=26 arm=m8_ipg2 m=8 ipg=2 groups=4 inner=290 gpu_seconds=0.168981875 wall_seconds=0.169213958 seconds_per_dispatch=0.000582696121 gbps=283.425123
LEG shape=full_attn.qkv_proj_fused rep=8 position=27 arm=m7_ipg5 m=7 ipg=5 groups=2 inner=290 gpu_seconds=0.108306375 wall_seconds=0.108545167 seconds_per_dispatch=0.000373470259 gbps=221.102907
LEG shape=full_attn.qkv_proj_fused rep=8 position=28 arm=m7_ipg4 m=7 ipg=4 groups=2 inner=290 gpu_seconds=0.107541583 wall_seconds=0.107754000 seconds_per_dispatch=0.000370833046 gbps=222.675300
LEG shape=full_attn.qkv_proj_fused rep=8 position=29 arm=m6_ipg6 m=6 ipg=6 groups=1 inner=290 gpu_seconds=0.092996875 wall_seconds=0.093233625 seconds_per_dispatch=0.000320678880 gbps=128.750855
LEG shape=full_attn.qkv_proj_fused rep=8 position=30 arm=m6_ipg4 m=6 ipg=4 groups=2 inner=290 gpu_seconds=0.099196083 wall_seconds=0.099428125 seconds_per_dispatch=0.000342055460 gbps=241.409273
LEG shape=full_attn.qkv_proj_fused rep=8 position=31 arm=m6_ipg3 m=6 ipg=3 groups=2 inner=290 gpu_seconds=0.099233375 wall_seconds=0.099464000 seconds_per_dispatch=0.000342184051 gbps=241.318553
LEG shape=full_attn.qkv_proj_fused rep=8 position=32 arm=m6_ipg2 m=6 ipg=2 groups=3 inner=290 gpu_seconds=0.127685083 wall_seconds=0.127924125 seconds_per_dispatch=0.000440293391 gbps=281.319326
LEG shape=full_attn.qkv_proj_fused rep=8 position=33 arm=m5_ipg5 m=5 ipg=5 groups=1 inner=290 gpu_seconds=0.072410375 wall_seconds=0.072636542 seconds_per_dispatch=0.000249690949 gbps=165.355133
LEG shape=full_attn.qkv_proj_fused rep=8 position=34 arm=m5_ipg3 m=5 ipg=3 groups=2 inner=290 gpu_seconds=0.092397750 wall_seconds=0.092640458 seconds_per_dispatch=0.000318612931 gbps=259.171402
LEG shape=full_attn.qkv_proj_fused rep=8 position=35 arm=m4_ipg4 m=4 ipg=4 groups=1 inner=290 gpu_seconds=0.061268750 wall_seconds=0.061506292 seconds_per_dispatch=0.000211271551 gbps=195.424702
LEG shape=full_attn.qkv_proj_fused rep=8 position=36 arm=m4_ipg2 m=4 ipg=2 groups=2 inner=290 gpu_seconds=0.086591833 wall_seconds=0.086814000 seconds_per_dispatch=0.000298592529 gbps=276.548648
LEG shape=full_attn.qkv_proj_fused rep=8 position=37 arm=m3_ipg3 m=3 ipg=3 groups=1 inner=290 gpu_seconds=0.053139083 wall_seconds=0.053378958 seconds_per_dispatch=0.000183238218 gbps=225.322427
LEG shape=full_attn.qkv_proj_fused rep=9 position=0 arm=m3_ipg3 m=3 ipg=3 groups=1 inner=290 gpu_seconds=0.053299250 wall_seconds=0.053529125 seconds_per_dispatch=0.000183790517 gbps=224.645323
LEG shape=full_attn.qkv_proj_fused rep=9 position=1 arm=m4_ipg2 m=4 ipg=2 groups=2 inner=290 gpu_seconds=0.086607000 wall_seconds=0.086850750 seconds_per_dispatch=0.000298644828 gbps=276.500218
LEG shape=full_attn.qkv_proj_fused rep=9 position=2 arm=m4_ipg4 m=4 ipg=4 groups=1 inner=290 gpu_seconds=0.061069000 wall_seconds=0.061317125 seconds_per_dispatch=0.000210582759 gbps=196.063914
LEG shape=full_attn.qkv_proj_fused rep=9 position=3 arm=m5_ipg3 m=5 ipg=3 groups=2 inner=290 gpu_seconds=0.092397000 wall_seconds=0.092633542 seconds_per_dispatch=0.000318610345 gbps=259.173506
LEG shape=full_attn.qkv_proj_fused rep=9 position=4 arm=m5_ipg5 m=5 ipg=5 groups=1 inner=290 gpu_seconds=0.072033375 wall_seconds=0.072327250 seconds_per_dispatch=0.000248390948 gbps=166.220550
LEG shape=full_attn.qkv_proj_fused rep=9 position=5 arm=m6_ipg2 m=6 ipg=2 groups=3 inner=290 gpu_seconds=0.126938750 wall_seconds=0.127337708 seconds_per_dispatch=0.000437719828 gbps=282.973336
LEG shape=full_attn.qkv_proj_fused rep=9 position=6 arm=m6_ipg3 m=6 ipg=3 groups=2 inner=290 gpu_seconds=0.098470917 wall_seconds=0.098767292 seconds_per_dispatch=0.000339554885 gbps=243.187077
LEG shape=full_attn.qkv_proj_fused rep=9 position=7 arm=m6_ipg4 m=6 ipg=4 groups=2 inner=290 gpu_seconds=0.098472375 wall_seconds=0.098730833 seconds_per_dispatch=0.000339559914 gbps=243.183476
LEG shape=full_attn.qkv_proj_fused rep=9 position=8 arm=m6_ipg6 m=6 ipg=6 groups=1 inner=290 gpu_seconds=0.092229750 wall_seconds=0.092467750 seconds_per_dispatch=0.000318033621 gbps=129.821746
LEG shape=full_attn.qkv_proj_fused rep=9 position=9 arm=m7_ipg4 m=7 ipg=4 groups=2 inner=290 gpu_seconds=0.106747250 wall_seconds=0.106972500 seconds_per_dispatch=0.000368093966 gbps=224.332284
LEG shape=full_attn.qkv_proj_fused rep=9 position=10 arm=m7_ipg5 m=7 ipg=5 groups=2 inner=290 gpu_seconds=0.107518125 wall_seconds=0.107745333 seconds_per_dispatch=0.000370752155 gbps=222.723884
LEG shape=full_attn.qkv_proj_fused rep=9 position=11 arm=m8_ipg2 m=8 ipg=2 groups=4 inner=290 gpu_seconds=0.168036250 wall_seconds=0.168271333 seconds_per_dispatch=0.000579435345 gbps=285.020100
LEG shape=full_attn.qkv_proj_fused rep=9 position=12 arm=m8_ipg3 m=8 ipg=3 groups=3 inner=290 gpu_seconds=0.138927375 wall_seconds=0.139191333 seconds_per_dispatch=0.000479059914 gbps=258.554382
LEG shape=full_attn.qkv_proj_fused rep=9 position=13 arm=m8_ipg4 m=8 ipg=4 groups=2 inner=290 gpu_seconds=0.115559958 wall_seconds=0.115800958 seconds_per_dispatch=0.000398482615 gbps=207.224498
LEG shape=full_attn.qkv_proj_fused rep=9 position=14 arm=m8_ipg5 m=8 ipg=5 groups=2 inner=290 gpu_seconds=0.117358083 wall_seconds=0.117597250 seconds_per_dispatch=0.000404683046 gbps=204.049467
LEG shape=full_attn.qkv_proj_fused rep=9 position=15 arm=m8_ipg6 m=8 ipg=6 groups=2 inner=290 gpu_seconds=0.126389750 wall_seconds=0.126623625 seconds_per_dispatch=0.000435826724 gbps=189.468326
LEG shape=full_attn.qkv_proj_fused rep=9 position=16 arm=m9_ipg3 m=9 ipg=3 groups=3 inner=290 gpu_seconds=0.146693875 wall_seconds=0.146931625 seconds_per_dispatch=0.000505840949 gbps=244.865585
LEG shape=full_attn.qkv_proj_fused rep=9 position=17 arm=m9_ipg5 m=9 ipg=5 groups=2 inner=290 gpu_seconds=0.127282250 wall_seconds=0.127523125 seconds_per_dispatch=0.000438904310 gbps=188.139779
LEG shape=full_attn.qkv_proj_fused rep=9 position=18 arm=m9_ipg6 m=9 ipg=6 groups=2 inner=290 gpu_seconds=0.136716750 wall_seconds=0.136990958 seconds_per_dispatch=0.000471437069 gbps=175.156697
LEG shape=full_attn.qkv_proj_fused rep=9 position=19 arm=m9_ipg6 m=9 ipg=6 groups=2 inner=290 gpu_seconds=0.136715833 wall_seconds=0.136945792 seconds_per_dispatch=0.000471433908 gbps=175.157872
LEG shape=full_attn.qkv_proj_fused rep=9 position=20 arm=m9_ipg5 m=9 ipg=5 groups=2 inner=290 gpu_seconds=0.127333208 wall_seconds=0.127565333 seconds_per_dispatch=0.000439080029 gbps=188.064486
LEG shape=full_attn.qkv_proj_fused rep=9 position=21 arm=m9_ipg3 m=9 ipg=3 groups=3 inner=290 gpu_seconds=0.146671625 wall_seconds=0.146900583 seconds_per_dispatch=0.000505764224 gbps=244.902731
LEG shape=full_attn.qkv_proj_fused rep=9 position=22 arm=m8_ipg6 m=8 ipg=6 groups=2 inner=290 gpu_seconds=0.126247750 wall_seconds=0.126482917 seconds_per_dispatch=0.000435337069 gbps=189.681435
LEG shape=full_attn.qkv_proj_fused rep=9 position=23 arm=m8_ipg5 m=8 ipg=5 groups=2 inner=290 gpu_seconds=0.117622125 wall_seconds=0.117865917 seconds_per_dispatch=0.000405593534 gbps=203.591411
LEG shape=full_attn.qkv_proj_fused rep=9 position=24 arm=m8_ipg4 m=8 ipg=4 groups=2 inner=290 gpu_seconds=0.116320750 wall_seconds=0.116548417 seconds_per_dispatch=0.000401106034 gbps=205.869154
LEG shape=full_attn.qkv_proj_fused rep=9 position=25 arm=m8_ipg3 m=8 ipg=3 groups=3 inner=290 gpu_seconds=0.139780500 wall_seconds=0.140009375 seconds_per_dispatch=0.000482001724 gbps=256.976342
LEG shape=full_attn.qkv_proj_fused rep=9 position=26 arm=m8_ipg2 m=8 ipg=2 groups=4 inner=290 gpu_seconds=0.168903292 wall_seconds=0.169133333 seconds_per_dispatch=0.000582425144 gbps=283.556989
LEG shape=full_attn.qkv_proj_fused rep=9 position=27 arm=m7_ipg5 m=7 ipg=5 groups=2 inner=290 gpu_seconds=0.108197917 wall_seconds=0.108433292 seconds_per_dispatch=0.000373096264 gbps=221.324543
LEG shape=full_attn.qkv_proj_fused rep=9 position=28 arm=m7_ipg4 m=7 ipg=4 groups=2 inner=290 gpu_seconds=0.107420792 wall_seconds=0.107654458 seconds_per_dispatch=0.000370416523 gbps=222.925693
LEG shape=full_attn.qkv_proj_fused rep=9 position=29 arm=m6_ipg6 m=6 ipg=6 groups=1 inner=290 gpu_seconds=0.092955000 wall_seconds=0.093205958 seconds_per_dispatch=0.000320534483 gbps=128.808856
LEG shape=full_attn.qkv_proj_fused rep=9 position=30 arm=m6_ipg4 m=6 ipg=4 groups=2 inner=290 gpu_seconds=0.099311250 wall_seconds=0.099543875 seconds_per_dispatch=0.000342452586 gbps=241.129322
LEG shape=full_attn.qkv_proj_fused rep=9 position=31 arm=m6_ipg3 m=6 ipg=3 groups=2 inner=290 gpu_seconds=0.099187625 wall_seconds=0.099428833 seconds_per_dispatch=0.000342026293 gbps=241.429860
LEG shape=full_attn.qkv_proj_fused rep=9 position=32 arm=m6_ipg2 m=6 ipg=2 groups=3 inner=290 gpu_seconds=0.127690833 wall_seconds=0.127912875 seconds_per_dispatch=0.000440313218 gbps=281.306658
LEG shape=full_attn.qkv_proj_fused rep=9 position=33 arm=m5_ipg5 m=5 ipg=5 groups=1 inner=290 gpu_seconds=0.072416125 wall_seconds=0.072655250 seconds_per_dispatch=0.000249710776 gbps=165.342003
LEG shape=full_attn.qkv_proj_fused rep=9 position=34 arm=m5_ipg3 m=5 ipg=3 groups=2 inner=290 gpu_seconds=0.092438958 wall_seconds=0.092675167 seconds_per_dispatch=0.000318755029 gbps=259.055866
LEG shape=full_attn.qkv_proj_fused rep=9 position=35 arm=m4_ipg4 m=4 ipg=4 groups=1 inner=290 gpu_seconds=0.060929500 wall_seconds=0.061170833 seconds_per_dispatch=0.000210101724 gbps=196.512809
LEG shape=full_attn.qkv_proj_fused rep=9 position=36 arm=m4_ipg2 m=4 ipg=2 groups=2 inner=290 gpu_seconds=0.086661750 wall_seconds=0.086872458 seconds_per_dispatch=0.000298833621 gbps=276.325535
LEG shape=full_attn.qkv_proj_fused rep=9 position=37 arm=m3_ipg3 m=3 ipg=3 groups=1 inner=290 gpu_seconds=0.053154875 wall_seconds=0.053388667 seconds_per_dispatch=0.000183292673 gbps=225.255486
LEG shape=full_attn.qkv_proj_fused rep=10 position=0 arm=m3_ipg3 m=3 ipg=3 groups=1 inner=290 gpu_seconds=0.053186083 wall_seconds=0.053408750 seconds_per_dispatch=0.000183400288 gbps=225.123311
LEG shape=full_attn.qkv_proj_fused rep=10 position=1 arm=m4_ipg2 m=4 ipg=2 groups=2 inner=290 gpu_seconds=0.086615958 wall_seconds=0.086856833 seconds_per_dispatch=0.000298675719 gbps=276.471620
LEG shape=full_attn.qkv_proj_fused rep=10 position=2 arm=m4_ipg4 m=4 ipg=4 groups=1 inner=290 gpu_seconds=0.061211167 wall_seconds=0.061449250 seconds_per_dispatch=0.000211072989 gbps=195.608544
LEG shape=full_attn.qkv_proj_fused rep=10 position=3 arm=m5_ipg3 m=5 ipg=3 groups=2 inner=290 gpu_seconds=0.092347250 wall_seconds=0.092596542 seconds_per_dispatch=0.000318438793 gbps=259.313130
LEG shape=full_attn.qkv_proj_fused rep=10 position=4 arm=m5_ipg5 m=5 ipg=5 groups=1 inner=290 gpu_seconds=0.072346583 wall_seconds=0.072579500 seconds_per_dispatch=0.000249470977 gbps=165.500935
LEG shape=full_attn.qkv_proj_fused rep=10 position=5 arm=m6_ipg2 m=6 ipg=2 groups=3 inner=290 gpu_seconds=0.127702083 wall_seconds=0.127938125 seconds_per_dispatch=0.000440352012 gbps=281.281876
LEG shape=full_attn.qkv_proj_fused rep=10 position=6 arm=m6_ipg3 m=6 ipg=3 groups=2 inner=290 gpu_seconds=0.099118292 wall_seconds=0.099353292 seconds_per_dispatch=0.000341787213 gbps=241.598740
LEG shape=full_attn.qkv_proj_fused rep=10 position=7 arm=m6_ipg4 m=6 ipg=4 groups=2 inner=290 gpu_seconds=0.099244000 wall_seconds=0.099486333 seconds_per_dispatch=0.000342220690 gbps=241.292717
LEG shape=full_attn.qkv_proj_fused rep=10 position=8 arm=m6_ipg6 m=6 ipg=6 groups=1 inner=290 gpu_seconds=0.092985875 wall_seconds=0.093198000 seconds_per_dispatch=0.000320640948 gbps=128.766086
LEG shape=full_attn.qkv_proj_fused rep=10 position=9 arm=m7_ipg4 m=7 ipg=4 groups=2 inner=290 gpu_seconds=0.107430500 wall_seconds=0.107680750 seconds_per_dispatch=0.000370450000 gbps=222.905547
LEG shape=full_attn.qkv_proj_fused rep=10 position=10 arm=m7_ipg5 m=7 ipg=5 groups=2 inner=290 gpu_seconds=0.108138625 wall_seconds=0.108379042 seconds_per_dispatch=0.000372891810 gbps=221.445893
LEG shape=full_attn.qkv_proj_fused rep=10 position=11 arm=m8_ipg2 m=8 ipg=2 groups=4 inner=290 gpu_seconds=0.168852792 wall_seconds=0.169072208 seconds_per_dispatch=0.000582251006 gbps=283.641794
LEG shape=full_attn.qkv_proj_fused rep=10 position=12 arm=m8_ipg3 m=8 ipg=3 groups=3 inner=290 gpu_seconds=0.139698125 wall_seconds=0.139896250 seconds_per_dispatch=0.000481717673 gbps=257.127872
LEG shape=full_attn.qkv_proj_fused rep=10 position=13 arm=m8_ipg4 m=8 ipg=4 groups=2 inner=290 gpu_seconds=0.116338667 wall_seconds=0.116576458 seconds_per_dispatch=0.000401167816 gbps=205.837449
LEG shape=full_attn.qkv_proj_fused rep=10 position=14 arm=m8_ipg5 m=8 ipg=5 groups=2 inner=290 gpu_seconds=0.117505125 wall_seconds=0.117759708 seconds_per_dispatch=0.000405190086 gbps=203.794127
LEG shape=full_attn.qkv_proj_fused rep=10 position=15 arm=m8_ipg6 m=8 ipg=6 groups=2 inner=290 gpu_seconds=0.126539459 wall_seconds=0.126783917 seconds_per_dispatch=0.000436342960 gbps=189.244167
LEG shape=full_attn.qkv_proj_fused rep=10 position=16 arm=m9_ipg3 m=9 ipg=3 groups=3 inner=290 gpu_seconds=0.146862333 wall_seconds=0.147102708 seconds_per_dispatch=0.000506421839 gbps=244.584713
LEG shape=full_attn.qkv_proj_fused rep=10 position=17 arm=m9_ipg5 m=9 ipg=5 groups=2 inner=290 gpu_seconds=0.127344042 wall_seconds=0.127557417 seconds_per_dispatch=0.000439117385 gbps=188.048487
LEG shape=full_attn.qkv_proj_fused rep=10 position=18 arm=m9_ipg6 m=9 ipg=6 groups=2 inner=290 gpu_seconds=0.136709833 wall_seconds=0.136943625 seconds_per_dispatch=0.000471413218 gbps=175.165559
LEG shape=full_attn.qkv_proj_fused rep=10 position=19 arm=m9_ipg6 m=9 ipg=6 groups=2 inner=290 gpu_seconds=0.136826042 wall_seconds=0.137058667 seconds_per_dispatch=0.000471813937 gbps=175.016789
LEG shape=full_attn.qkv_proj_fused rep=10 position=20 arm=m9_ipg5 m=9 ipg=5 groups=2 inner=290 gpu_seconds=0.127434167 wall_seconds=0.127672667 seconds_per_dispatch=0.000439428161 gbps=187.915494
LEG shape=full_attn.qkv_proj_fused rep=10 position=21 arm=m9_ipg3 m=9 ipg=3 groups=3 inner=290 gpu_seconds=0.146600125 wall_seconds=0.146839375 seconds_per_dispatch=0.000505517673 gbps=245.022176
LEG shape=full_attn.qkv_proj_fused rep=10 position=22 arm=m8_ipg6 m=8 ipg=6 groups=2 inner=290 gpu_seconds=0.126488375 wall_seconds=0.126724833 seconds_per_dispatch=0.000436166810 gbps=189.320595
LEG shape=full_attn.qkv_proj_fused rep=10 position=23 arm=m8_ipg5 m=8 ipg=5 groups=2 inner=290 gpu_seconds=0.117521292 wall_seconds=0.117757833 seconds_per_dispatch=0.000405245834 gbps=203.766092
LEG shape=full_attn.qkv_proj_fused rep=10 position=24 arm=m8_ipg4 m=8 ipg=4 groups=2 inner=290 gpu_seconds=0.116343750 wall_seconds=0.116582083 seconds_per_dispatch=0.000401185345 gbps=205.828456
LEG shape=full_attn.qkv_proj_fused rep=10 position=25 arm=m8_ipg3 m=8 ipg=3 groups=3 inner=290 gpu_seconds=0.139766000 wall_seconds=0.139997375 seconds_per_dispatch=0.000481951724 gbps=257.003002
LEG shape=full_attn.qkv_proj_fused rep=10 position=26 arm=m8_ipg2 m=8 ipg=2 groups=4 inner=290 gpu_seconds=0.168920667 wall_seconds=0.169134333 seconds_per_dispatch=0.000582485058 gbps=283.527823
LEG shape=full_attn.qkv_proj_fused rep=10 position=27 arm=m7_ipg5 m=7 ipg=5 groups=2 inner=290 gpu_seconds=0.108084500 wall_seconds=0.108327542 seconds_per_dispatch=0.000372705173 gbps=221.556786
LEG shape=full_attn.qkv_proj_fused rep=10 position=28 arm=m7_ipg4 m=7 ipg=4 groups=2 inner=290 gpu_seconds=0.107539500 wall_seconds=0.107781458 seconds_per_dispatch=0.000370825862 gbps=222.679614
LEG shape=full_attn.qkv_proj_fused rep=10 position=29 arm=m6_ipg6 m=6 ipg=6 groups=1 inner=290 gpu_seconds=0.092946750 wall_seconds=0.093186333 seconds_per_dispatch=0.000320506035 gbps=128.820289
LEG shape=full_attn.qkv_proj_fused rep=10 position=30 arm=m6_ipg4 m=6 ipg=4 groups=2 inner=290 gpu_seconds=0.099329292 wall_seconds=0.099573667 seconds_per_dispatch=0.000342514799 gbps=241.085525
LEG shape=full_attn.qkv_proj_fused rep=10 position=31 arm=m6_ipg3 m=6 ipg=3 groups=2 inner=290 gpu_seconds=0.099186750 wall_seconds=0.099430333 seconds_per_dispatch=0.000342023276 gbps=241.431989
LEG shape=full_attn.qkv_proj_fused rep=10 position=32 arm=m6_ipg2 m=6 ipg=2 groups=3 inner=290 gpu_seconds=0.127764000 wall_seconds=0.127992625 seconds_per_dispatch=0.000440565518 gbps=281.145562
LEG shape=full_attn.qkv_proj_fused rep=10 position=33 arm=m5_ipg5 m=5 ipg=5 groups=1 inner=290 gpu_seconds=0.072314166 wall_seconds=0.072560750 seconds_per_dispatch=0.000249359195 gbps=165.575126
LEG shape=full_attn.qkv_proj_fused rep=10 position=34 arm=m5_ipg3 m=5 ipg=3 groups=2 inner=290 gpu_seconds=0.092394292 wall_seconds=0.092621750 seconds_per_dispatch=0.000318601006 gbps=259.181103
LEG shape=full_attn.qkv_proj_fused rep=10 position=35 arm=m4_ipg4 m=4 ipg=4 groups=1 inner=290 gpu_seconds=0.061182292 wall_seconds=0.061419500 seconds_per_dispatch=0.000210973420 gbps=195.700862
LEG shape=full_attn.qkv_proj_fused rep=10 position=36 arm=m4_ipg2 m=4 ipg=2 groups=2 inner=290 gpu_seconds=0.086572708 wall_seconds=0.086822458 seconds_per_dispatch=0.000298526580 gbps=276.609741
LEG shape=full_attn.qkv_proj_fused rep=10 position=37 arm=m3_ipg3 m=3 ipg=3 groups=1 inner=290 gpu_seconds=0.052913667 wall_seconds=0.053135333 seconds_per_dispatch=0.000182460920 gbps=226.282319
e73_cell_ab: full_attn.qkv_proj_fused inner=290 legs=418 entry=55.84C exit=64.92C
SHAPE shape=full_attn.qkv_proj_fused k=5120 n=14336 inner=290 legs=418 bytes_per_stream=41287680 entry_gpu_temp_c=55.84 exit_gpu_temp_c=64.92
PARITY shape=mlp.gate_up_fused arm=m3_ipg3 m=3 ipg=3 differing=0 zero_rows=0 compared_rows=3
PARITY shape=mlp.gate_up_fused arm=m4_ipg2 m=4 ipg=2 differing=0 zero_rows=0 compared_rows=4
PARITY shape=mlp.gate_up_fused arm=m4_ipg4 m=4 ipg=4 differing=0 zero_rows=0 compared_rows=4
PARITY shape=mlp.gate_up_fused arm=m5_ipg3 m=5 ipg=3 differing=0 zero_rows=0 compared_rows=5
PARITY shape=mlp.gate_up_fused arm=m5_ipg5 m=5 ipg=5 differing=0 zero_rows=0 compared_rows=5
PARITY shape=mlp.gate_up_fused arm=m6_ipg2 m=6 ipg=2 differing=0 zero_rows=0 compared_rows=6
PARITY shape=mlp.gate_up_fused arm=m6_ipg3 m=6 ipg=3 differing=0 zero_rows=0 compared_rows=6
PARITY shape=mlp.gate_up_fused arm=m6_ipg4 m=6 ipg=4 differing=0 zero_rows=0 compared_rows=6
PARITY shape=mlp.gate_up_fused arm=m6_ipg6 m=6 ipg=6 differing=0 zero_rows=0 compared_rows=6
PARITY shape=mlp.gate_up_fused arm=m7_ipg4 m=7 ipg=4 differing=0 zero_rows=0 compared_rows=7
PARITY shape=mlp.gate_up_fused arm=m7_ipg5 m=7 ipg=5 differing=0 zero_rows=0 compared_rows=7
PARITY shape=mlp.gate_up_fused arm=m8_ipg2 m=8 ipg=2 differing=0 zero_rows=0 compared_rows=8
PARITY shape=mlp.gate_up_fused arm=m8_ipg3 m=8 ipg=3 differing=0 zero_rows=0 compared_rows=8
PARITY shape=mlp.gate_up_fused arm=m8_ipg4 m=8 ipg=4 differing=0 zero_rows=0 compared_rows=8
PARITY shape=mlp.gate_up_fused arm=m8_ipg5 m=8 ipg=5 differing=0 zero_rows=0 compared_rows=8
PARITY shape=mlp.gate_up_fused arm=m8_ipg6 m=8 ipg=6 differing=0 zero_rows=0 compared_rows=8
PARITY shape=mlp.gate_up_fused arm=m9_ipg3 m=9 ipg=3 differing=0 zero_rows=0 compared_rows=9
PARITY shape=mlp.gate_up_fused arm=m9_ipg5 m=9 ipg=5 differing=0 zero_rows=0 compared_rows=9
PARITY shape=mlp.gate_up_fused arm=m9_ipg6 m=9 ipg=6 differing=0 zero_rows=0 compared_rows=9
LEG shape=mlp.gate_up_fused rep=0 position=0 arm=m3_ipg3 m=3 ipg=3 groups=1 inner=119 gpu_seconds=0.049898250 wall_seconds=0.050096042 seconds_per_dispatch=0.000419313025 gbps=239.129419
LEG shape=mlp.gate_up_fused rep=0 position=1 arm=m4_ipg2 m=4 ipg=2 groups=2 inner=119 gpu_seconds=0.083664833 wall_seconds=0.083854292 seconds_per_dispatch=0.000703065826 gbps=285.236677
LEG shape=mlp.gate_up_fused rep=0 position=2 arm=m4_ipg4 m=4 ipg=4 groups=1 inner=119 gpu_seconds=0.057836417 wall_seconds=0.058031417 seconds_per_dispatch=0.000486020308 gbps=206.308416
LEG shape=mlp.gate_up_fused rep=0 position=3 arm=m5_ipg3 m=5 ipg=3 groups=2 inner=119 gpu_seconds=0.089161375 wall_seconds=0.089366167 seconds_per_dispatch=0.000749255251 gbps=267.652659
LEG shape=mlp.gate_up_fused rep=0 position=4 arm=m5_ipg5 m=5 ipg=5 groups=1 inner=119 gpu_seconds=0.068646125 wall_seconds=0.068867333 seconds_per_dispatch=0.000576858192 gbps=173.821021
LEG shape=mlp.gate_up_fused rep=0 position=5 arm=m6_ipg2 m=6 ipg=2 groups=3 inner=119 gpu_seconds=0.124503000 wall_seconds=0.124695875 seconds_per_dispatch=0.001046243697 gbps=287.514506
LEG shape=mlp.gate_up_fused rep=0 position=6 arm=m6_ipg3 m=6 ipg=3 groups=2 inner=119 gpu_seconds=0.095845000 wall_seconds=0.096047250 seconds_per_dispatch=0.000805420167 gbps=248.988253
LEG shape=mlp.gate_up_fused rep=0 position=7 arm=m6_ipg4 m=6 ipg=4 groups=2 inner=119 gpu_seconds=0.095761625 wall_seconds=0.095982875 seconds_per_dispatch=0.000804719539 gbps=249.205034
LEG shape=mlp.gate_up_fused rep=0 position=8 arm=m6_ipg6 m=6 ipg=6 groups=1 inner=119 gpu_seconds=0.088714000 wall_seconds=0.088946250 seconds_per_dispatch=0.000745495799 gbps=134.501201
LEG shape=mlp.gate_up_fused rep=0 position=9 arm=m7_ipg4 m=7 ipg=4 groups=2 inner=119 gpu_seconds=0.103998292 wall_seconds=0.104201958 seconds_per_dispatch=0.000873935225 gbps=229.467991
LEG shape=mlp.gate_up_fused rep=0 position=10 arm=m7_ipg5 m=7 ipg=5 groups=2 inner=119 gpu_seconds=0.104458000 wall_seconds=0.104638833 seconds_per_dispatch=0.000877798320 gbps=228.458127
LEG shape=mlp.gate_up_fused rep=0 position=11 arm=m8_ipg2 m=8 ipg=2 groups=4 inner=119 gpu_seconds=0.165451125 wall_seconds=0.165634292 seconds_per_dispatch=0.001390345588 gbps=288.475271
LEG shape=mlp.gate_up_fused rep=0 position=12 arm=m8_ipg3 m=8 ipg=3 groups=3 inner=119 gpu_seconds=0.136262375 wall_seconds=0.136476708 seconds_per_dispatch=0.001145061974 gbps=262.702148
LEG shape=mlp.gate_up_fused rep=0 position=13 arm=m8_ipg4 m=8 ipg=4 groups=2 inner=119 gpu_seconds=0.112724250 wall_seconds=0.112927000 seconds_per_dispatch=0.000947262605 gbps=211.704926
LEG shape=mlp.gate_up_fused rep=0 position=14 arm=m8_ipg5 m=8 ipg=5 groups=2 inner=119 gpu_seconds=0.113938667 wall_seconds=0.114146500 seconds_per_dispatch=0.000957467789 gbps=209.448466
LEG shape=mlp.gate_up_fused rep=0 position=15 arm=m8_ipg6 m=8 ipg=6 groups=2 inner=119 gpu_seconds=0.122083125 wall_seconds=0.122291083 seconds_per_dispatch=0.001025908613 gbps=195.475657
LEG shape=mlp.gate_up_fused rep=0 position=16 arm=m9_ipg3 m=9 ipg=3 groups=3 inner=119 gpu_seconds=0.143156375 wall_seconds=0.143373708 seconds_per_dispatch=0.001202994746 gbps=250.051167
LEG shape=mlp.gate_up_fused rep=0 position=17 arm=m9_ipg5 m=9 ipg=5 groups=2 inner=119 gpu_seconds=0.123616167 wall_seconds=0.123831917 seconds_per_dispatch=0.001038791316 gbps=193.051440
LEG shape=mlp.gate_up_fused rep=0 position=18 arm=m9_ipg6 m=9 ipg=6 groups=2 inner=119 gpu_seconds=0.132405125 wall_seconds=0.132607208 seconds_per_dispatch=0.001112648110 gbps=180.236823
LEG shape=mlp.gate_up_fused rep=0 position=19 arm=m9_ipg6 m=9 ipg=6 groups=2 inner=119 gpu_seconds=0.132423458 wall_seconds=0.132639292 seconds_per_dispatch=0.001112802171 gbps=180.211870
LEG shape=mlp.gate_up_fused rep=0 position=20 arm=m9_ipg5 m=9 ipg=5 groups=2 inner=119 gpu_seconds=0.123538625 wall_seconds=0.123798292 seconds_per_dispatch=0.001038139706 gbps=193.172613
LEG shape=mlp.gate_up_fused rep=0 position=21 arm=m9_ipg3 m=9 ipg=3 groups=3 inner=119 gpu_seconds=0.143198375 wall_seconds=0.143403625 seconds_per_dispatch=0.001203347690 gbps=249.977826
LEG shape=mlp.gate_up_fused rep=0 position=22 arm=m8_ipg6 m=8 ipg=6 groups=2 inner=119 gpu_seconds=0.121939083 wall_seconds=0.122143875 seconds_per_dispatch=0.001024698179 gbps=195.706564
LEG shape=mlp.gate_up_fused rep=0 position=23 arm=m8_ipg5 m=8 ipg=5 groups=2 inner=119 gpu_seconds=0.113946583 wall_seconds=0.114154083 seconds_per_dispatch=0.000957534312 gbps=209.433915
LEG shape=mlp.gate_up_fused rep=0 position=24 arm=m8_ipg4 m=8 ipg=4 groups=2 inner=119 gpu_seconds=0.112787042 wall_seconds=0.113000042 seconds_per_dispatch=0.000947790267 gbps=211.587064
LEG shape=mlp.gate_up_fused rep=0 position=25 arm=m8_ipg3 m=8 ipg=3 groups=3 inner=119 gpu_seconds=0.136259292 wall_seconds=0.136474875 seconds_per_dispatch=0.001145036065 gbps=262.708092
LEG shape=mlp.gate_up_fused rep=0 position=26 arm=m8_ipg2 m=8 ipg=2 groups=4 inner=119 gpu_seconds=0.165515125 wall_seconds=0.165738750 seconds_per_dispatch=0.001390883404 gbps=288.363725
LEG shape=mlp.gate_up_fused rep=0 position=27 arm=m7_ipg5 m=7 ipg=5 groups=2 inner=119 gpu_seconds=0.104511375 wall_seconds=0.104700500 seconds_per_dispatch=0.000878246849 gbps=228.341451
LEG shape=mlp.gate_up_fused rep=0 position=28 arm=m7_ipg4 m=7 ipg=4 groups=2 inner=119 gpu_seconds=0.104058250 wall_seconds=0.104273083 seconds_per_dispatch=0.000874439076 gbps=229.335771
LEG shape=mlp.gate_up_fused rep=0 position=29 arm=m6_ipg6 m=6 ipg=6 groups=1 inner=119 gpu_seconds=0.088717333 wall_seconds=0.088999667 seconds_per_dispatch=0.000745523809 gbps=134.496147
LEG shape=mlp.gate_up_fused rep=0 position=30 arm=m6_ipg4 m=6 ipg=4 groups=2 inner=119 gpu_seconds=0.095690208 wall_seconds=0.095904708 seconds_per_dispatch=0.000804119397 gbps=249.391024
LEG shape=mlp.gate_up_fused rep=0 position=31 arm=m6_ipg3 m=6 ipg=3 groups=2 inner=119 gpu_seconds=0.095810958 wall_seconds=0.096026500 seconds_per_dispatch=0.000805134104 gbps=249.076718
LEG shape=mlp.gate_up_fused rep=0 position=32 arm=m6_ipg2 m=6 ipg=2 groups=3 inner=119 gpu_seconds=0.124220750 wall_seconds=0.124480417 seconds_per_dispatch=0.001043871847 gbps=288.167787
LEG shape=mlp.gate_up_fused rep=0 position=33 arm=m5_ipg5 m=5 ipg=5 groups=1 inner=119 gpu_seconds=0.068427125 wall_seconds=0.068668583 seconds_per_dispatch=0.000575017857 gbps=174.377332
LEG shape=mlp.gate_up_fused rep=0 position=34 arm=m5_ipg3 m=5 ipg=3 groups=2 inner=119 gpu_seconds=0.088863625 wall_seconds=0.089106333 seconds_per_dispatch=0.000746753153 gbps=268.549465
LEG shape=mlp.gate_up_fused rep=0 position=35 arm=m4_ipg4 m=4 ipg=4 groups=1 inner=119 gpu_seconds=0.057537250 wall_seconds=0.057801625 seconds_per_dispatch=0.000483506302 gbps=207.381123
LEG shape=mlp.gate_up_fused rep=0 position=36 arm=m4_ipg2 m=4 ipg=2 groups=2 inner=119 gpu_seconds=0.083315500 wall_seconds=0.083538583 seconds_per_dispatch=0.000700130253 gbps=286.432645
LEG shape=mlp.gate_up_fused rep=0 position=37 arm=m3_ipg3 m=3 ipg=3 groups=1 inner=119 gpu_seconds=0.049403125 wall_seconds=0.049656667 seconds_per_dispatch=0.000415152311 gbps=241.526007
LEG shape=mlp.gate_up_fused rep=1 position=0 arm=m3_ipg3 m=3 ipg=3 groups=1 inner=119 gpu_seconds=0.049368750 wall_seconds=0.049567792 seconds_per_dispatch=0.000414863444 gbps=241.694180
LEG shape=mlp.gate_up_fused rep=1 position=1 arm=m4_ipg2 m=4 ipg=2 groups=2 inner=119 gpu_seconds=0.083258833 wall_seconds=0.083460083 seconds_per_dispatch=0.000699654061 gbps=286.627594
LEG shape=mlp.gate_up_fused rep=1 position=2 arm=m4_ipg4 m=4 ipg=4 groups=1 inner=119 gpu_seconds=0.057555875 wall_seconds=0.057764042 seconds_per_dispatch=0.000483662815 gbps=207.314015
LEG shape=mlp.gate_up_fused rep=1 position=3 arm=m5_ipg3 m=5 ipg=3 groups=2 inner=119 gpu_seconds=0.088886958 wall_seconds=0.089117708 seconds_per_dispatch=0.000746949230 gbps=268.478970
LEG shape=mlp.gate_up_fused rep=1 position=4 arm=m5_ipg5 m=5 ipg=5 groups=1 inner=119 gpu_seconds=0.068374250 wall_seconds=0.068602917 seconds_per_dispatch=0.000574573528 gbps=174.512182
LEG shape=mlp.gate_up_fused rep=1 position=5 arm=m6_ipg2 m=6 ipg=2 groups=3 inner=119 gpu_seconds=0.124295625 wall_seconds=0.124530083 seconds_per_dispatch=0.001044501052 gbps=287.994195
LEG shape=mlp.gate_up_fused rep=1 position=6 arm=m6_ipg3 m=6 ipg=3 groups=2 inner=119 gpu_seconds=0.095550292 wall_seconds=0.095820583 seconds_per_dispatch=0.000802943628 gbps=249.756213
LEG shape=mlp.gate_up_fused rep=1 position=7 arm=m6_ipg4 m=6 ipg=4 groups=2 inner=119 gpu_seconds=0.095576125 wall_seconds=0.095855292 seconds_per_dispatch=0.000803160714 gbps=249.688707
LEG shape=mlp.gate_up_fused rep=1 position=8 arm=m6_ipg6 m=6 ipg=6 groups=1 inner=119 gpu_seconds=0.088744500 wall_seconds=0.088964750 seconds_per_dispatch=0.000745752100 gbps=134.454975
LEG shape=mlp.gate_up_fused rep=1 position=9 arm=m7_ipg4 m=7 ipg=4 groups=2 inner=119 gpu_seconds=0.103988667 wall_seconds=0.104193708 seconds_per_dispatch=0.000873854341 gbps=229.489230
LEG shape=mlp.gate_up_fused rep=1 position=10 arm=m7_ipg5 m=7 ipg=5 groups=2 inner=119 gpu_seconds=0.104458958 wall_seconds=0.104662792 seconds_per_dispatch=0.000877806373 gbps=228.456031
LEG shape=mlp.gate_up_fused rep=1 position=11 arm=m8_ipg2 m=8 ipg=2 groups=4 inner=119 gpu_seconds=0.165498167 wall_seconds=0.165707917 seconds_per_dispatch=0.001390740896 gbps=288.393274
LEG shape=mlp.gate_up_fused rep=1 position=12 arm=m8_ipg3 m=8 ipg=3 groups=3 inner=119 gpu_seconds=0.136113167 wall_seconds=0.136329208 seconds_per_dispatch=0.001143808124 gbps=262.990124
LEG shape=mlp.gate_up_fused rep=1 position=13 arm=m8_ipg4 m=8 ipg=4 groups=2 inner=119 gpu_seconds=0.112717083 wall_seconds=0.112926917 seconds_per_dispatch=0.000947202382 gbps=211.718387
LEG shape=mlp.gate_up_fused rep=1 position=14 arm=m8_ipg5 m=8 ipg=5 groups=2 inner=119 gpu_seconds=0.113961292 wall_seconds=0.114158875 seconds_per_dispatch=0.000957657914 gbps=209.406884
LEG shape=mlp.gate_up_fused rep=1 position=15 arm=m8_ipg6 m=8 ipg=6 groups=2 inner=119 gpu_seconds=0.122035417 wall_seconds=0.122253792 seconds_per_dispatch=0.001025507704 gbps=195.552076
LEG shape=mlp.gate_up_fused rep=1 position=16 arm=m9_ipg3 m=9 ipg=3 groups=3 inner=119 gpu_seconds=0.143084250 wall_seconds=0.143292292 seconds_per_dispatch=0.001202388657 gbps=250.177210
LEG shape=mlp.gate_up_fused rep=1 position=17 arm=m9_ipg5 m=9 ipg=5 groups=2 inner=119 gpu_seconds=0.123649500 wall_seconds=0.123865042 seconds_per_dispatch=0.001039071429 gbps=192.999398
LEG shape=mlp.gate_up_fused rep=1 position=18 arm=m9_ipg6 m=9 ipg=6 groups=2 inner=119 gpu_seconds=0.132324250 wall_seconds=0.132541625 seconds_per_dispatch=0.001111968487 gbps=180.346981
LEG shape=mlp.gate_up_fused rep=1 position=19 arm=m9_ipg6 m=9 ipg=6 groups=2 inner=119 gpu_seconds=0.132407041 wall_seconds=0.132607167 seconds_per_dispatch=0.001112664214 gbps=180.234214
LEG shape=mlp.gate_up_fused rep=1 position=20 arm=m9_ipg5 m=9 ipg=5 groups=2 inner=119 gpu_seconds=0.123482000 wall_seconds=0.123688750 seconds_per_dispatch=0.001037663864 gbps=193.261197
LEG shape=mlp.gate_up_fused rep=1 position=21 arm=m9_ipg3 m=9 ipg=3 groups=3 inner=119 gpu_seconds=0.143253375 wall_seconds=0.143458625 seconds_per_dispatch=0.001203809875 gbps=249.881851
LEG shape=mlp.gate_up_fused rep=1 position=22 arm=m8_ipg6 m=8 ipg=6 groups=2 inner=119 gpu_seconds=0.121978500 wall_seconds=0.122167792 seconds_per_dispatch=0.001025029413 gbps=195.643322
LEG shape=mlp.gate_up_fused rep=1 position=23 arm=m8_ipg5 m=8 ipg=5 groups=2 inner=119 gpu_seconds=0.114067375 wall_seconds=0.114263583 seconds_per_dispatch=0.000958549369 gbps=209.212135
LEG shape=mlp.gate_up_fused rep=1 position=24 arm=m8_ipg4 m=8 ipg=4 groups=2 inner=119 gpu_seconds=0.112427750 wall_seconds=0.112629250 seconds_per_dispatch=0.000944771010 gbps=212.263245
LEG shape=mlp.gate_up_fused rep=1 position=25 arm=m8_ipg3 m=8 ipg=3 groups=3 inner=119 gpu_seconds=0.136333500 wall_seconds=0.136582833 seconds_per_dispatch=0.001145659664 gbps=262.565096
LEG shape=mlp.gate_up_fused rep=1 position=26 arm=m8_ipg2 m=8 ipg=2 groups=4 inner=119 gpu_seconds=0.165464792 wall_seconds=0.165654333 seconds_per_dispatch=0.001390460434 gbps=288.451444
LEG shape=mlp.gate_up_fused rep=1 position=27 arm=m7_ipg5 m=7 ipg=5 groups=2 inner=119 gpu_seconds=0.104493958 wall_seconds=0.104678708 seconds_per_dispatch=0.000878100491 gbps=228.379510
LEG shape=mlp.gate_up_fused rep=1 position=28 arm=m7_ipg4 m=7 ipg=4 groups=2 inner=119 gpu_seconds=0.103990125 wall_seconds=0.104198875 seconds_per_dispatch=0.000873866597 gbps=229.486012
LEG shape=mlp.gate_up_fused rep=1 position=29 arm=m6_ipg6 m=6 ipg=6 groups=1 inner=119 gpu_seconds=0.088458083 wall_seconds=0.088674542 seconds_per_dispatch=0.000743345238 gbps=134.890324
LEG shape=mlp.gate_up_fused rep=1 position=30 arm=m6_ipg4 m=6 ipg=4 groups=2 inner=119 gpu_seconds=0.095767500 wall_seconds=0.095979667 seconds_per_dispatch=0.000804768907 gbps=249.189747
LEG shape=mlp.gate_up_fused rep=1 position=31 arm=m6_ipg3 m=6 ipg=3 groups=2 inner=119 gpu_seconds=0.095816500 wall_seconds=0.096016667 seconds_per_dispatch=0.000805180670 gbps=249.062313
LEG shape=mlp.gate_up_fused rep=1 position=32 arm=m6_ipg2 m=6 ipg=2 groups=3 inner=119 gpu_seconds=0.124459750 wall_seconds=0.124682000 seconds_per_dispatch=0.001045880252 gbps=287.614418
LEG shape=mlp.gate_up_fused rep=1 position=33 arm=m5_ipg5 m=5 ipg=5 groups=1 inner=119 gpu_seconds=0.068729625 wall_seconds=0.068920458 seconds_per_dispatch=0.000577559875 gbps=173.609844
LEG shape=mlp.gate_up_fused rep=1 position=34 arm=m5_ipg3 m=5 ipg=3 groups=2 inner=119 gpu_seconds=0.089238750 wall_seconds=0.089440458 seconds_per_dispatch=0.000749905463 gbps=267.420588
LEG shape=mlp.gate_up_fused rep=1 position=35 arm=m4_ipg4 m=4 ipg=4 groups=1 inner=119 gpu_seconds=0.057784875 wall_seconds=0.057991417 seconds_per_dispatch=0.000485587184 gbps=206.492435
LEG shape=mlp.gate_up_fused rep=1 position=36 arm=m4_ipg2 m=4 ipg=2 groups=2 inner=119 gpu_seconds=0.083579167 wall_seconds=0.083795000 seconds_per_dispatch=0.000702345937 gbps=285.529038
LEG shape=mlp.gate_up_fused rep=1 position=37 arm=m3_ipg3 m=3 ipg=3 groups=1 inner=119 gpu_seconds=0.049839208 wall_seconds=0.050041625 seconds_per_dispatch=0.000418816877 gbps=239.412702
LEG shape=mlp.gate_up_fused rep=2 position=0 arm=m3_ipg3 m=3 ipg=3 groups=1 inner=119 gpu_seconds=0.049802333 wall_seconds=0.050012708 seconds_per_dispatch=0.000418507003 gbps=239.589969
LEG shape=mlp.gate_up_fused rep=2 position=1 arm=m4_ipg2 m=4 ipg=2 groups=2 inner=119 gpu_seconds=0.083582125 wall_seconds=0.083782500 seconds_per_dispatch=0.000702370798 gbps=285.518932
LEG shape=mlp.gate_up_fused rep=2 position=2 arm=m4_ipg4 m=4 ipg=4 groups=1 inner=119 gpu_seconds=0.057890208 wall_seconds=0.058096292 seconds_per_dispatch=0.000486472340 gbps=206.116714
LEG shape=mlp.gate_up_fused rep=2 position=3 arm=m5_ipg3 m=5 ipg=3 groups=2 inner=119 gpu_seconds=0.089186792 wall_seconds=0.089390375 seconds_per_dispatch=0.000749468839 gbps=267.576382
LEG shape=mlp.gate_up_fused rep=2 position=4 arm=m5_ipg5 m=5 ipg=5 groups=1 inner=119 gpu_seconds=0.068720333 wall_seconds=0.068930333 seconds_per_dispatch=0.000577481792 gbps=173.633319
LEG shape=mlp.gate_up_fused rep=2 position=5 arm=m6_ipg2 m=6 ipg=2 groups=3 inner=119 gpu_seconds=0.124512500 wall_seconds=0.124757125 seconds_per_dispatch=0.001046323529 gbps=287.492570
LEG shape=mlp.gate_up_fused rep=2 position=6 arm=m6_ipg3 m=6 ipg=3 groups=2 inner=119 gpu_seconds=0.095877833 wall_seconds=0.096083167 seconds_per_dispatch=0.000805696079 gbps=248.902986
LEG shape=mlp.gate_up_fused rep=2 position=7 arm=m6_ipg4 m=6 ipg=4 groups=2 inner=119 gpu_seconds=0.095701292 wall_seconds=0.095919042 seconds_per_dispatch=0.000804212535 gbps=249.362141
LEG shape=mlp.gate_up_fused rep=2 position=8 arm=m6_ipg6 m=6 ipg=6 groups=1 inner=119 gpu_seconds=0.088822875 wall_seconds=0.089054000 seconds_per_dispatch=0.000746410714 gbps=134.336335
LEG shape=mlp.gate_up_fused rep=2 position=9 arm=m7_ipg4 m=7 ipg=4 groups=2 inner=119 gpu_seconds=0.104057583 wall_seconds=0.104260417 seconds_per_dispatch=0.000874433473 gbps=229.337241
LEG shape=mlp.gate_up_fused rep=2 position=10 arm=m7_ipg5 m=7 ipg=5 groups=2 inner=119 gpu_seconds=0.104552958 wall_seconds=0.104759833 seconds_per_dispatch=0.000878596289 gbps=228.250634
LEG shape=mlp.gate_up_fused rep=2 position=11 arm=m8_ipg2 m=8 ipg=2 groups=4 inner=119 gpu_seconds=0.165446625 wall_seconds=0.165642625 seconds_per_dispatch=0.001390307774 gbps=288.483117
LEG shape=mlp.gate_up_fused rep=2 position=12 arm=m8_ipg3 m=8 ipg=3 groups=3 inner=119 gpu_seconds=0.136285958 wall_seconds=0.136495000 seconds_per_dispatch=0.001145260154 gbps=262.656689
LEG shape=mlp.gate_up_fused rep=2 position=13 arm=m8_ipg4 m=8 ipg=4 groups=2 inner=119 gpu_seconds=0.112744917 wall_seconds=0.112960250 seconds_per_dispatch=0.000947436275 gbps=211.666120
LEG shape=mlp.gate_up_fused rep=2 position=14 arm=m8_ipg5 m=8 ipg=5 groups=2 inner=119 gpu_seconds=0.113953167 wall_seconds=0.114164875 seconds_per_dispatch=0.000957589638 gbps=209.421815
LEG shape=mlp.gate_up_fused rep=2 position=15 arm=m8_ipg6 m=8 ipg=6 groups=2 inner=119 gpu_seconds=0.122590125 wall_seconds=0.122795792 seconds_per_dispatch=0.001030169118 gbps=194.667222
LEG shape=mlp.gate_up_fused rep=2 position=16 arm=m9_ipg3 m=9 ipg=3 groups=3 inner=119 gpu_seconds=0.144381292 wall_seconds=0.144543792 seconds_per_dispatch=0.001213288166 gbps=247.929757
LEG shape=mlp.gate_up_fused rep=2 position=17 arm=m9_ipg5 m=9 ipg=5 groups=2 inner=119 gpu_seconds=0.124848625 wall_seconds=0.125036958 seconds_per_dispatch=0.001049148109 gbps=191.145710
LEG shape=mlp.gate_up_fused rep=2 position=18 arm=m9_ipg6 m=9 ipg=6 groups=2 inner=119 gpu_seconds=0.133449125 wall_seconds=0.133655833 seconds_per_dispatch=0.001121421217 gbps=178.826793
LEG shape=mlp.gate_up_fused rep=2 position=19 arm=m9_ipg6 m=9 ipg=6 groups=2 inner=119 gpu_seconds=0.133793625 wall_seconds=0.133995208 seconds_per_dispatch=0.001124316177 gbps=178.366339
LEG shape=mlp.gate_up_fused rep=2 position=20 arm=m9_ipg5 m=9 ipg=5 groups=2 inner=119 gpu_seconds=0.124589375 wall_seconds=0.124795500 seconds_per_dispatch=0.001046969538 gbps=191.543453
LEG shape=mlp.gate_up_fused rep=2 position=21 arm=m9_ipg3 m=9 ipg=3 groups=3 inner=119 gpu_seconds=0.144281875 wall_seconds=0.144506583 seconds_per_dispatch=0.001212452732 gbps=248.100592
LEG shape=mlp.gate_up_fused rep=2 position=22 arm=m8_ipg6 m=8 ipg=6 groups=2 inner=119 gpu_seconds=0.123032500 wall_seconds=0.123202458 seconds_per_dispatch=0.001033886553 gbps=193.967278
LEG shape=mlp.gate_up_fused rep=2 position=23 arm=m8_ipg5 m=8 ipg=5 groups=2 inner=119 gpu_seconds=0.114898375 wall_seconds=0.115073625 seconds_per_dispatch=0.000965532563 gbps=207.699013
LEG shape=mlp.gate_up_fused rep=2 position=24 arm=m8_ipg4 m=8 ipg=4 groups=2 inner=119 gpu_seconds=0.113544667 wall_seconds=0.113741125 seconds_per_dispatch=0.000954156863 gbps=210.175253
LEG shape=mlp.gate_up_fused rep=2 position=25 arm=m8_ipg3 m=8 ipg=3 groups=3 inner=119 gpu_seconds=0.137115583 wall_seconds=0.137321708 seconds_per_dispatch=0.001152231792 gbps=261.067471
LEG shape=mlp.gate_up_fused rep=2 position=26 arm=m8_ipg2 m=8 ipg=2 groups=4 inner=119 gpu_seconds=0.166795625 wall_seconds=0.166981292 seconds_per_dispatch=0.001401643909 gbps=286.149940
LEG shape=mlp.gate_up_fused rep=2 position=27 arm=m7_ipg5 m=7 ipg=5 groups=2 inner=119 gpu_seconds=0.105175958 wall_seconds=0.105359917 seconds_per_dispatch=0.000883831582 gbps=226.898613
LEG shape=mlp.gate_up_fused rep=2 position=28 arm=m7_ipg4 m=7 ipg=4 groups=2 inner=119 gpu_seconds=0.104837625 wall_seconds=0.105102583 seconds_per_dispatch=0.000880988446 gbps=227.630863
LEG shape=mlp.gate_up_fused rep=2 position=29 arm=m6_ipg6 m=6 ipg=6 groups=1 inner=119 gpu_seconds=0.089352917 wall_seconds=0.089542500 seconds_per_dispatch=0.000750864846 gbps=133.539452
LEG shape=mlp.gate_up_fused rep=2 position=30 arm=m6_ipg4 m=6 ipg=4 groups=2 inner=119 gpu_seconds=0.096554875 wall_seconds=0.096759500 seconds_per_dispatch=0.000811385503 gbps=247.157682
LEG shape=mlp.gate_up_fused rep=2 position=31 arm=m6_ipg3 m=6 ipg=3 groups=2 inner=119 gpu_seconds=0.096593750 wall_seconds=0.096797417 seconds_per_dispatch=0.000811712184 gbps=247.058211
LEG shape=mlp.gate_up_fused rep=2 position=32 arm=m6_ipg2 m=6 ipg=2 groups=3 inner=119 gpu_seconds=0.124456958 wall_seconds=0.124671833 seconds_per_dispatch=0.001045856793 gbps=287.620869
LEG shape=mlp.gate_up_fused rep=2 position=33 arm=m5_ipg5 m=5 ipg=5 groups=1 inner=119 gpu_seconds=0.068659542 wall_seconds=0.068860917 seconds_per_dispatch=0.000576970938 gbps=173.787055
LEG shape=mlp.gate_up_fused rep=2 position=34 arm=m5_ipg3 m=5 ipg=3 groups=2 inner=119 gpu_seconds=0.089172333 wall_seconds=0.089386083 seconds_per_dispatch=0.000749347340 gbps=267.619766
LEG shape=mlp.gate_up_fused rep=2 position=35 arm=m4_ipg4 m=4 ipg=4 groups=1 inner=119 gpu_seconds=0.057872917 wall_seconds=0.058068333 seconds_per_dispatch=0.000486327032 gbps=206.178299
LEG shape=mlp.gate_up_fused rep=2 position=36 arm=m4_ipg2 m=4 ipg=2 groups=2 inner=119 gpu_seconds=0.083597833 wall_seconds=0.083802417 seconds_per_dispatch=0.000702502801 gbps=285.465282
LEG shape=mlp.gate_up_fused rep=2 position=37 arm=m3_ipg3 m=3 ipg=3 groups=1 inner=119 gpu_seconds=0.049961250 wall_seconds=0.050158208 seconds_per_dispatch=0.000419842437 gbps=238.827882
LEG shape=mlp.gate_up_fused rep=3 position=0 arm=m3_ipg3 m=3 ipg=3 groups=1 inner=119 gpu_seconds=0.049941375 wall_seconds=0.050128417 seconds_per_dispatch=0.000419675419 gbps=238.922928
LEG shape=mlp.gate_up_fused rep=3 position=1 arm=m4_ipg2 m=4 ipg=2 groups=2 inner=119 gpu_seconds=0.083601917 wall_seconds=0.083807875 seconds_per_dispatch=0.000702537115 gbps=285.451339
LEG shape=mlp.gate_up_fused rep=3 position=2 arm=m4_ipg4 m=4 ipg=4 groups=1 inner=119 gpu_seconds=0.057890000 wall_seconds=0.058089875 seconds_per_dispatch=0.000486470589 gbps=206.117456
LEG shape=mlp.gate_up_fused rep=3 position=3 arm=m5_ipg3 m=5 ipg=3 groups=2 inner=119 gpu_seconds=0.089163250 wall_seconds=0.089369750 seconds_per_dispatch=0.000749271009 gbps=267.647030
LEG shape=mlp.gate_up_fused rep=3 position=4 arm=m5_ipg5 m=5 ipg=5 groups=1 inner=119 gpu_seconds=0.068692125 wall_seconds=0.068898417 seconds_per_dispatch=0.000577244749 gbps=173.704620
LEG shape=mlp.gate_up_fused rep=3 position=5 arm=m6_ipg2 m=6 ipg=2 groups=3 inner=119 gpu_seconds=0.124566375 wall_seconds=0.124762833 seconds_per_dispatch=0.001046776259 gbps=287.368229
LEG shape=mlp.gate_up_fused rep=3 position=6 arm=m6_ipg3 m=6 ipg=3 groups=2 inner=119 gpu_seconds=0.095884833 wall_seconds=0.096088417 seconds_per_dispatch=0.000805754903 gbps=248.884815
LEG shape=mlp.gate_up_fused rep=3 position=7 arm=m6_ipg4 m=6 ipg=4 groups=2 inner=119 gpu_seconds=0.095709000 wall_seconds=0.095930708 seconds_per_dispatch=0.000804277311 gbps=249.342058
LEG shape=mlp.gate_up_fused rep=3 position=8 arm=m6_ipg6 m=6 ipg=6 groups=1 inner=119 gpu_seconds=0.088794750 wall_seconds=0.089017750 seconds_per_dispatch=0.000746174369 gbps=134.378885
LEG shape=mlp.gate_up_fused rep=3 position=9 arm=m7_ipg4 m=7 ipg=4 groups=2 inner=119 gpu_seconds=0.104005292 wall_seconds=0.104209875 seconds_per_dispatch=0.000873994047 gbps=229.452547
LEG shape=mlp.gate_up_fused rep=3 position=10 arm=m7_ipg5 m=7 ipg=5 groups=2 inner=119 gpu_seconds=0.104486125 wall_seconds=0.104686667 seconds_per_dispatch=0.000878034664 gbps=228.396632
LEG shape=mlp.gate_up_fused rep=3 position=11 arm=m8_ipg2 m=8 ipg=2 groups=4 inner=119 gpu_seconds=0.165587708 wall_seconds=0.165783667 seconds_per_dispatch=0.001391493348 gbps=288.237325
LEG shape=mlp.gate_up_fused rep=3 position=12 arm=m8_ipg3 m=8 ipg=3 groups=3 inner=119 gpu_seconds=0.136202750 wall_seconds=0.136426375 seconds_per_dispatch=0.001144560925 gbps=262.817150
LEG shape=mlp.gate_up_fused rep=3 position=13 arm=m8_ipg4 m=8 ipg=4 groups=2 inner=119 gpu_seconds=0.112804125 wall_seconds=0.112992375 seconds_per_dispatch=0.000947933824 gbps=211.555021
LEG shape=mlp.gate_up_fused rep=3 position=14 arm=m8_ipg5 m=8 ipg=5 groups=2 inner=119 gpu_seconds=0.113958959 wall_seconds=0.114166667 seconds_per_dispatch=0.000957638307 gbps=209.411172
LEG shape=mlp.gate_up_fused rep=3 position=15 arm=m8_ipg6 m=8 ipg=6 groups=2 inner=119 gpu_seconds=0.122033083 wall_seconds=0.122246583 seconds_per_dispatch=0.001025488095 gbps=195.555815
LEG shape=mlp.gate_up_fused rep=3 position=16 arm=m9_ipg3 m=9 ipg=3 groups=3 inner=119 gpu_seconds=0.143266542 wall_seconds=0.143494167 seconds_per_dispatch=0.001203920520 gbps=249.858886
LEG shape=mlp.gate_up_fused rep=3 position=17 arm=m9_ipg5 m=9 ipg=5 groups=2 inner=119 gpu_seconds=0.123580292 wall_seconds=0.123815000 seconds_per_dispatch=0.001038489846 gbps=193.107483
LEG shape=mlp.gate_up_fused rep=3 position=18 arm=m9_ipg6 m=9 ipg=6 groups=2 inner=119 gpu_seconds=0.132332167 wall_seconds=0.132545750 seconds_per_dispatch=0.001112035014 gbps=180.336192
LEG shape=mlp.gate_up_fused rep=3 position=19 arm=m9_ipg6 m=9 ipg=6 groups=2 inner=119 gpu_seconds=0.132155875 wall_seconds=0.132370292 seconds_per_dispatch=0.001110553571 gbps=180.576755
LEG shape=mlp.gate_up_fused rep=3 position=20 arm=m9_ipg5 m=9 ipg=5 groups=2 inner=119 gpu_seconds=0.123133458 wall_seconds=0.123360500 seconds_per_dispatch=0.001034734943 gbps=193.808242
LEG shape=mlp.gate_up_fused rep=3 position=21 arm=m9_ipg3 m=9 ipg=3 groups=3 inner=119 gpu_seconds=0.142839458 wall_seconds=0.143047375 seconds_per_dispatch=0.001200331582 gbps=250.605953
LEG shape=mlp.gate_up_fused rep=3 position=22 arm=m8_ipg6 m=8 ipg=6 groups=2 inner=119 gpu_seconds=0.121834125 wall_seconds=0.122046375 seconds_per_dispatch=0.001023816178 gbps=195.875162
LEG shape=mlp.gate_up_fused rep=3 position=23 arm=m8_ipg5 m=8 ipg=5 groups=2 inner=119 gpu_seconds=0.113631750 wall_seconds=0.113864250 seconds_per_dispatch=0.000954888655 gbps=210.014182
LEG shape=mlp.gate_up_fused rep=3 position=24 arm=m8_ipg4 m=8 ipg=4 groups=2 inner=119 gpu_seconds=0.112483875 wall_seconds=0.112697167 seconds_per_dispatch=0.000945242648 gbps=212.157334
LEG shape=mlp.gate_up_fused rep=3 position=25 arm=m8_ipg3 m=8 ipg=3 groups=3 inner=119 gpu_seconds=0.135935000 wall_seconds=0.136149333 seconds_per_dispatch=0.001142310926 gbps=263.334818
LEG shape=mlp.gate_up_fused rep=3 position=26 arm=m8_ipg2 m=8 ipg=2 groups=4 inner=119 gpu_seconds=0.165174625 wall_seconds=0.165396292 seconds_per_dispatch=0.001388022058 gbps=288.958175
LEG shape=mlp.gate_up_fused rep=3 position=27 arm=m7_ipg5 m=7 ipg=5 groups=2 inner=119 gpu_seconds=0.104410250 wall_seconds=0.104624708 seconds_per_dispatch=0.000877397061 gbps=228.562608
LEG shape=mlp.gate_up_fused rep=3 position=28 arm=m7_ipg4 m=7 ipg=4 groups=2 inner=119 gpu_seconds=0.103997667 wall_seconds=0.104218375 seconds_per_dispatch=0.000873929974 gbps=229.469369
LEG shape=mlp.gate_up_fused rep=3 position=29 arm=m6_ipg6 m=6 ipg=6 groups=1 inner=119 gpu_seconds=0.088619375 wall_seconds=0.088819833 seconds_per_dispatch=0.000744700631 gbps=134.644817
LEG shape=mlp.gate_up_fused rep=3 position=30 arm=m6_ipg4 m=6 ipg=4 groups=2 inner=119 gpu_seconds=0.095754500 wall_seconds=0.095934417 seconds_per_dispatch=0.000804659664 gbps=249.223577
LEG shape=mlp.gate_up_fused rep=3 position=31 arm=m6_ipg3 m=6 ipg=3 groups=2 inner=119 gpu_seconds=0.095979833 wall_seconds=0.096182417 seconds_per_dispatch=0.000806553221 gbps=248.638471
LEG shape=mlp.gate_up_fused rep=3 position=32 arm=m6_ipg2 m=6 ipg=2 groups=3 inner=119 gpu_seconds=0.124490125 wall_seconds=0.124683417 seconds_per_dispatch=0.001046135503 gbps=287.544242
LEG shape=mlp.gate_up_fused rep=3 position=33 arm=m5_ipg5 m=5 ipg=5 groups=1 inner=119 gpu_seconds=0.068730958 wall_seconds=0.068934458 seconds_per_dispatch=0.000577571078 gbps=173.606477
LEG shape=mlp.gate_up_fused rep=3 position=34 arm=m5_ipg3 m=5 ipg=3 groups=2 inner=119 gpu_seconds=0.089233750 wall_seconds=0.089442750 seconds_per_dispatch=0.000749863445 gbps=267.435573
LEG shape=mlp.gate_up_fused rep=3 position=35 arm=m4_ipg4 m=4 ipg=4 groups=1 inner=119 gpu_seconds=0.057829875 wall_seconds=0.058037167 seconds_per_dispatch=0.000485965336 gbps=206.331753
LEG shape=mlp.gate_up_fused rep=3 position=36 arm=m4_ipg2 m=4 ipg=2 groups=2 inner=119 gpu_seconds=0.083599625 wall_seconds=0.083806458 seconds_per_dispatch=0.000702517858 gbps=285.459163
LEG shape=mlp.gate_up_fused rep=3 position=37 arm=m3_ipg3 m=3 ipg=3 groups=1 inner=119 gpu_seconds=0.049944833 wall_seconds=0.050143083 seconds_per_dispatch=0.000419704482 gbps=238.906384
LEG shape=mlp.gate_up_fused rep=4 position=0 arm=m3_ipg3 m=3 ipg=3 groups=1 inner=119 gpu_seconds=0.049650500 wall_seconds=0.049858500 seconds_per_dispatch=0.000417231093 gbps=240.322645
LEG shape=mlp.gate_up_fused rep=4 position=1 arm=m4_ipg2 m=4 ipg=2 groups=2 inner=119 gpu_seconds=0.083591125 wall_seconds=0.083787625 seconds_per_dispatch=0.000702446428 gbps=285.488191
LEG shape=mlp.gate_up_fused rep=4 position=2 arm=m4_ipg4 m=4 ipg=4 groups=1 inner=119 gpu_seconds=0.057831583 wall_seconds=0.058035750 seconds_per_dispatch=0.000485979692 gbps=206.325659
LEG shape=mlp.gate_up_fused rep=4 position=3 arm=m5_ipg3 m=5 ipg=3 groups=2 inner=119 gpu_seconds=0.089193875 wall_seconds=0.089402917 seconds_per_dispatch=0.000749528361 gbps=267.555133
LEG shape=mlp.gate_up_fused rep=4 position=4 arm=m5_ipg5 m=5 ipg=5 groups=1 inner=119 gpu_seconds=0.068669125 wall_seconds=0.068881792 seconds_per_dispatch=0.000577051470 gbps=173.762801
LEG shape=mlp.gate_up_fused rep=4 position=5 arm=m6_ipg2 m=6 ipg=2 groups=3 inner=119 gpu_seconds=0.124475500 wall_seconds=0.124681667 seconds_per_dispatch=0.001046012604 gbps=287.578026
LEG shape=mlp.gate_up_fused rep=4 position=6 arm=m6_ipg3 m=6 ipg=3 groups=2 inner=119 gpu_seconds=0.095788750 wall_seconds=0.095994542 seconds_per_dispatch=0.000804947478 gbps=249.134466
LEG shape=mlp.gate_up_fused rep=4 position=7 arm=m6_ipg4 m=6 ipg=4 groups=2 inner=119 gpu_seconds=0.095665542 wall_seconds=0.095895083 seconds_per_dispatch=0.000803912115 gbps=249.455328
LEG shape=mlp.gate_up_fused rep=4 position=8 arm=m6_ipg6 m=6 ipg=6 groups=1 inner=119 gpu_seconds=0.088742708 wall_seconds=0.088952208 seconds_per_dispatch=0.000745737045 gbps=134.457689
LEG shape=mlp.gate_up_fused rep=4 position=9 arm=m7_ipg4 m=7 ipg=4 groups=2 inner=119 gpu_seconds=0.103955250 wall_seconds=0.104170292 seconds_per_dispatch=0.000873573529 gbps=229.563000
LEG shape=mlp.gate_up_fused rep=4 position=10 arm=m7_ipg5 m=7 ipg=5 groups=2 inner=119 gpu_seconds=0.104451958 wall_seconds=0.104654292 seconds_per_dispatch=0.000877747549 gbps=228.471341
LEG shape=mlp.gate_up_fused rep=4 position=11 arm=m8_ipg2 m=8 ipg=2 groups=4 inner=119 gpu_seconds=0.165458750 wall_seconds=0.165666333 seconds_per_dispatch=0.001390409664 gbps=288.461977
LEG shape=mlp.gate_up_fused rep=4 position=12 arm=m8_ipg3 m=8 ipg=3 groups=3 inner=119 gpu_seconds=0.136246958 wall_seconds=0.136460292 seconds_per_dispatch=0.001144932423 gbps=262.731873
LEG shape=mlp.gate_up_fused rep=4 position=13 arm=m8_ipg4 m=8 ipg=4 groups=2 inner=119 gpu_seconds=0.112716583 wall_seconds=0.112925958 seconds_per_dispatch=0.000947198179 gbps=211.719326
LEG shape=mlp.gate_up_fused rep=4 position=14 arm=m8_ipg5 m=8 ipg=5 groups=2 inner=119 gpu_seconds=0.114020875 wall_seconds=0.114225875 seconds_per_dispatch=0.000958158615 gbps=209.297455
LEG shape=mlp.gate_up_fused rep=4 position=15 arm=m8_ipg6 m=8 ipg=6 groups=2 inner=119 gpu_seconds=0.121969958 wall_seconds=0.122167542 seconds_per_dispatch=0.001024957633 gbps=195.657024
LEG shape=mlp.gate_up_fused rep=4 position=16 arm=m9_ipg3 m=9 ipg=3 groups=3 inner=119 gpu_seconds=0.143309625 wall_seconds=0.143519375 seconds_per_dispatch=0.001204282564 gbps=249.783771
LEG shape=mlp.gate_up_fused rep=4 position=17 arm=m9_ipg5 m=9 ipg=5 groups=2 inner=119 gpu_seconds=0.123536667 wall_seconds=0.123755000 seconds_per_dispatch=0.001038123251 gbps=193.175675
LEG shape=mlp.gate_up_fused rep=4 position=18 arm=m9_ipg6 m=9 ipg=6 groups=2 inner=119 gpu_seconds=0.132435250 wall_seconds=0.132634583 seconds_per_dispatch=0.001112901261 gbps=180.195824
LEG shape=mlp.gate_up_fused rep=4 position=19 arm=m9_ipg6 m=9 ipg=6 groups=2 inner=119 gpu_seconds=0.132423875 wall_seconds=0.132613792 seconds_per_dispatch=0.001112805672 gbps=180.211303
LEG shape=mlp.gate_up_fused rep=4 position=20 arm=m9_ipg5 m=9 ipg=5 groups=2 inner=119 gpu_seconds=0.123568250 wall_seconds=0.123770542 seconds_per_dispatch=0.001038388654 gbps=193.126301
LEG shape=mlp.gate_up_fused rep=4 position=21 arm=m9_ipg3 m=9 ipg=3 groups=3 inner=119 gpu_seconds=0.142832375 wall_seconds=0.143011750 seconds_per_dispatch=0.001200272060 gbps=250.618381
LEG shape=mlp.gate_up_fused rep=4 position=22 arm=m8_ipg6 m=8 ipg=6 groups=2 inner=119 gpu_seconds=0.121754667 wall_seconds=0.122001500 seconds_per_dispatch=0.001023148460 gbps=196.002992
LEG shape=mlp.gate_up_fused rep=4 position=23 arm=m8_ipg5 m=8 ipg=5 groups=2 inner=119 gpu_seconds=0.113901875 wall_seconds=0.114156000 seconds_per_dispatch=0.000957158613 gbps=209.516121
LEG shape=mlp.gate_up_fused rep=4 position=24 arm=m8_ipg4 m=8 ipg=4 groups=2 inner=119 gpu_seconds=0.112804125 wall_seconds=0.113034083 seconds_per_dispatch=0.000947933822 gbps=211.555021
LEG shape=mlp.gate_up_fused rep=4 position=25 arm=m8_ipg3 m=8 ipg=3 groups=3 inner=119 gpu_seconds=0.136284458 wall_seconds=0.136493417 seconds_per_dispatch=0.001145247550 gbps=262.659580
LEG shape=mlp.gate_up_fused rep=4 position=26 arm=m8_ipg2 m=8 ipg=2 groups=4 inner=119 gpu_seconds=0.165212625 wall_seconds=0.165404292 seconds_per_dispatch=0.001388341386 gbps=288.891712
LEG shape=mlp.gate_up_fused rep=4 position=27 arm=m7_ipg5 m=7 ipg=5 groups=2 inner=119 gpu_seconds=0.104153375 wall_seconds=0.104381000 seconds_per_dispatch=0.000875238445 gbps=229.126316
LEG shape=mlp.gate_up_fused rep=4 position=28 arm=m7_ipg4 m=7 ipg=4 groups=2 inner=119 gpu_seconds=0.103907542 wall_seconds=0.104160875 seconds_per_dispatch=0.000873172620 gbps=229.668402
LEG shape=mlp.gate_up_fused rep=4 position=29 arm=m6_ipg6 m=6 ipg=6 groups=1 inner=119 gpu_seconds=0.088670875 wall_seconds=0.088946417 seconds_per_dispatch=0.000745133403 gbps=134.566615
LEG shape=mlp.gate_up_fused rep=4 position=30 arm=m6_ipg4 m=6 ipg=4 groups=2 inner=119 gpu_seconds=0.095710542 wall_seconds=0.095906917 seconds_per_dispatch=0.000804290267 gbps=249.338041
LEG shape=mlp.gate_up_fused rep=4 position=31 arm=m6_ipg3 m=6 ipg=3 groups=2 inner=119 gpu_seconds=0.095844625 wall_seconds=0.096043500 seconds_per_dispatch=0.000805417017 gbps=248.989226
LEG shape=mlp.gate_up_fused rep=4 position=32 arm=m6_ipg2 m=6 ipg=2 groups=3 inner=119 gpu_seconds=0.124528208 wall_seconds=0.124747708 seconds_per_dispatch=0.001046455532 gbps=287.456305
LEG shape=mlp.gate_up_fused rep=4 position=33 arm=m5_ipg5 m=5 ipg=5 groups=1 inner=119 gpu_seconds=0.068734292 wall_seconds=0.068939208 seconds_per_dispatch=0.000577599090 gbps=173.598057
LEG shape=mlp.gate_up_fused rep=4 position=34 arm=m5_ipg3 m=5 ipg=3 groups=2 inner=119 gpu_seconds=0.089157833 wall_seconds=0.089374375 seconds_per_dispatch=0.000749225491 gbps=267.663290
LEG shape=mlp.gate_up_fused rep=4 position=35 arm=m4_ipg4 m=4 ipg=4 groups=1 inner=119 gpu_seconds=0.057823125 wall_seconds=0.058024208 seconds_per_dispatch=0.000485908612 gbps=206.355841
LEG shape=mlp.gate_up_fused rep=4 position=36 arm=m4_ipg2 m=4 ipg=2 groups=2 inner=119 gpu_seconds=0.083592625 wall_seconds=0.083799667 seconds_per_dispatch=0.000702459034 gbps=285.483068
LEG shape=mlp.gate_up_fused rep=4 position=37 arm=m3_ipg3 m=3 ipg=3 groups=1 inner=119 gpu_seconds=0.049916875 wall_seconds=0.050116333 seconds_per_dispatch=0.000419469539 gbps=239.040194
LEG shape=mlp.gate_up_fused rep=5 position=0 arm=m3_ipg3 m=3 ipg=3 groups=1 inner=119 gpu_seconds=0.049874542 wall_seconds=0.050080000 seconds_per_dispatch=0.000419113797 gbps=239.243090
LEG shape=mlp.gate_up_fused rep=5 position=1 arm=m4_ipg2 m=4 ipg=2 groups=2 inner=119 gpu_seconds=0.083600333 wall_seconds=0.083806667 seconds_per_dispatch=0.000702523808 gbps=285.456746
LEG shape=mlp.gate_up_fused rep=5 position=2 arm=m4_ipg4 m=4 ipg=4 groups=1 inner=119 gpu_seconds=0.057828125 wall_seconds=0.058040125 seconds_per_dispatch=0.000485950631 gbps=206.337997
LEG shape=mlp.gate_up_fused rep=5 position=3 arm=m5_ipg3 m=5 ipg=3 groups=2 inner=119 gpu_seconds=0.089236208 wall_seconds=0.089411458 seconds_per_dispatch=0.000749884105 gbps=267.428205
LEG shape=mlp.gate_up_fused rep=5 position=4 arm=m5_ipg5 m=5 ipg=5 groups=1 inner=119 gpu_seconds=0.068722750 wall_seconds=0.068907208 seconds_per_dispatch=0.000577502099 gbps=173.627213
LEG shape=mlp.gate_up_fused rep=5 position=5 arm=m6_ipg2 m=6 ipg=2 groups=3 inner=119 gpu_seconds=0.124627125 wall_seconds=0.124839625 seconds_per_dispatch=0.001047286765 gbps=287.228150
LEG shape=mlp.gate_up_fused rep=5 position=6 arm=m6_ipg3 m=6 ipg=3 groups=2 inner=119 gpu_seconds=0.095894417 wall_seconds=0.096103042 seconds_per_dispatch=0.000805835433 gbps=248.859943
LEG shape=mlp.gate_up_fused rep=5 position=7 arm=m6_ipg4 m=6 ipg=4 groups=2 inner=119 gpu_seconds=0.095688625 wall_seconds=0.095919542 seconds_per_dispatch=0.000804106092 gbps=249.395151
LEG shape=mlp.gate_up_fused rep=5 position=8 arm=m6_ipg6 m=6 ipg=6 groups=1 inner=119 gpu_seconds=0.088625375 wall_seconds=0.088843750 seconds_per_dispatch=0.000744751050 gbps=134.635701
LEG shape=mlp.gate_up_fused rep=5 position=9 arm=m7_ipg4 m=7 ipg=4 groups=2 inner=119 gpu_seconds=0.104039792 wall_seconds=0.104257000 seconds_per_dispatch=0.000874283962 gbps=229.376460
LEG shape=mlp.gate_up_fused rep=5 position=10 arm=m7_ipg5 m=7 ipg=5 groups=2 inner=119 gpu_seconds=0.104510917 wall_seconds=0.104694042 seconds_per_dispatch=0.000878242997 gbps=228.342453
LEG shape=mlp.gate_up_fused rep=5 position=11 arm=m8_ipg2 m=8 ipg=2 groups=4 inner=119 gpu_seconds=0.165438375 wall_seconds=0.165644000 seconds_per_dispatch=0.001390238447 gbps=288.497503
LEG shape=mlp.gate_up_fused rep=5 position=12 arm=m8_ipg3 m=8 ipg=3 groups=3 inner=119 gpu_seconds=0.136197583 wall_seconds=0.136412792 seconds_per_dispatch=0.001144517507 gbps=262.827120
LEG shape=mlp.gate_up_fused rep=5 position=13 arm=m8_ipg4 m=8 ipg=4 groups=2 inner=119 gpu_seconds=0.112710375 wall_seconds=0.112934958 seconds_per_dispatch=0.000947146007 gbps=211.730988
LEG shape=mlp.gate_up_fused rep=5 position=14 arm=m8_ipg5 m=8 ipg=5 groups=2 inner=119 gpu_seconds=0.114005917 wall_seconds=0.114201292 seconds_per_dispatch=0.000958032914 gbps=209.324917
LEG shape=mlp.gate_up_fused rep=5 position=15 arm=m8_ipg6 m=8 ipg=6 groups=2 inner=119 gpu_seconds=0.121792375 wall_seconds=0.121987250 seconds_per_dispatch=0.001023465337 gbps=195.942308
LEG shape=mlp.gate_up_fused rep=5 position=16 arm=m9_ipg3 m=9 ipg=3 groups=3 inner=119 gpu_seconds=0.143159417 wall_seconds=0.143379417 seconds_per_dispatch=0.001203020307 gbps=250.045854
LEG shape=mlp.gate_up_fused rep=5 position=17 arm=m9_ipg5 m=9 ipg=5 groups=2 inner=119 gpu_seconds=0.123513167 wall_seconds=0.123735958 seconds_per_dispatch=0.001037925769 gbps=193.212430
LEG shape=mlp.gate_up_fused rep=5 position=18 arm=m9_ipg6 m=9 ipg=6 groups=2 inner=119 gpu_seconds=0.132386000 wall_seconds=0.132580542 seconds_per_dispatch=0.001112487394 gbps=180.262861
LEG shape=mlp.gate_up_fused rep=5 position=19 arm=m9_ipg6 m=9 ipg=6 groups=2 inner=119 gpu_seconds=0.132534875 wall_seconds=0.132733458 seconds_per_dispatch=0.001113738444 gbps=180.060373
LEG shape=mlp.gate_up_fused rep=5 position=20 arm=m9_ipg5 m=9 ipg=5 groups=2 inner=119 gpu_seconds=0.123489292 wall_seconds=0.123682625 seconds_per_dispatch=0.001037725140 gbps=193.249785
LEG shape=mlp.gate_up_fused rep=5 position=21 arm=m9_ipg3 m=9 ipg=3 groups=3 inner=119 gpu_seconds=0.143158167 wall_seconds=0.143345250 seconds_per_dispatch=0.001203009804 gbps=250.048037
LEG shape=mlp.gate_up_fused rep=5 position=22 arm=m8_ipg6 m=8 ipg=6 groups=2 inner=119 gpu_seconds=0.121941833 wall_seconds=0.122158750 seconds_per_dispatch=0.001024721288 gbps=195.702151
LEG shape=mlp.gate_up_fused rep=5 position=23 arm=m8_ipg5 m=8 ipg=5 groups=2 inner=119 gpu_seconds=0.113708625 wall_seconds=0.113902125 seconds_per_dispatch=0.000955534665 gbps=209.872198
LEG shape=mlp.gate_up_fused rep=5 position=24 arm=m8_ipg4 m=8 ipg=4 groups=2 inner=119 gpu_seconds=0.112663208 wall_seconds=0.112882792 seconds_per_dispatch=0.000946749649 gbps=211.819630
LEG shape=mlp.gate_up_fused rep=5 position=25 arm=m8_ipg3 m=8 ipg=3 groups=3 inner=119 gpu_seconds=0.136218750 wall_seconds=0.136435375 seconds_per_dispatch=0.001144695377 gbps=262.786280
LEG shape=mlp.gate_up_fused rep=5 position=26 arm=m8_ipg2 m=8 ipg=2 groups=4 inner=119 gpu_seconds=0.165598000 wall_seconds=0.165801333 seconds_per_dispatch=0.001391579831 gbps=288.219411
LEG shape=mlp.gate_up_fused rep=5 position=27 arm=m7_ipg5 m=7 ipg=5 groups=2 inner=119 gpu_seconds=0.104523792 wall_seconds=0.104709250 seconds_per_dispatch=0.000878351191 gbps=228.314326
LEG shape=mlp.gate_up_fused rep=5 position=28 arm=m7_ipg4 m=7 ipg=4 groups=2 inner=119 gpu_seconds=0.104019250 wall_seconds=0.104210667 seconds_per_dispatch=0.000874111345 gbps=229.421756
LEG shape=mlp.gate_up_fused rep=5 position=29 arm=m6_ipg6 m=6 ipg=6 groups=1 inner=119 gpu_seconds=0.088715208 wall_seconds=0.088951208 seconds_per_dispatch=0.000745505952 gbps=134.499369
LEG shape=mlp.gate_up_fused rep=5 position=30 arm=m6_ipg4 m=6 ipg=4 groups=2 inner=119 gpu_seconds=0.095714792 wall_seconds=0.095912042 seconds_per_dispatch=0.000804325980 gbps=249.326970
LEG shape=mlp.gate_up_fused rep=5 position=31 arm=m6_ipg3 m=6 ipg=3 groups=2 inner=119 gpu_seconds=0.095930375 wall_seconds=0.096136708 seconds_per_dispatch=0.000806137606 gbps=248.766660
LEG shape=mlp.gate_up_fused rep=5 position=32 arm=m6_ipg2 m=6 ipg=2 groups=3 inner=119 gpu_seconds=0.124468375 wall_seconds=0.124697375 seconds_per_dispatch=0.001045952731 gbps=287.594488
LEG shape=mlp.gate_up_fused rep=5 position=33 arm=m5_ipg5 m=5 ipg=5 groups=1 inner=119 gpu_seconds=0.068745833 wall_seconds=0.068945292 seconds_per_dispatch=0.000577696079 gbps=173.568912
LEG shape=mlp.gate_up_fused rep=5 position=34 arm=m5_ipg3 m=5 ipg=3 groups=2 inner=119 gpu_seconds=0.089199333 wall_seconds=0.089408333 seconds_per_dispatch=0.000749574229 gbps=267.538760
LEG shape=mlp.gate_up_fused rep=5 position=35 arm=m4_ipg4 m=4 ipg=4 groups=1 inner=119 gpu_seconds=0.057841292 wall_seconds=0.058044083 seconds_per_dispatch=0.000486061274 gbps=206.291028
LEG shape=mlp.gate_up_fused rep=5 position=36 arm=m4_ipg2 m=4 ipg=2 groups=2 inner=119 gpu_seconds=0.083711500 wall_seconds=0.083916292 seconds_per_dispatch=0.000703457984 gbps=285.077666
LEG shape=mlp.gate_up_fused rep=5 position=37 arm=m3_ipg3 m=3 ipg=3 groups=1 inner=119 gpu_seconds=0.049943500 wall_seconds=0.050152167 seconds_per_dispatch=0.000419693277 gbps=238.912762
LEG shape=mlp.gate_up_fused rep=6 position=0 arm=m3_ipg3 m=3 ipg=3 groups=1 inner=119 gpu_seconds=0.049753000 wall_seconds=0.049952625 seconds_per_dispatch=0.000418092437 gbps=239.827538
LEG shape=mlp.gate_up_fused rep=6 position=1 arm=m4_ipg2 m=4 ipg=2 groups=2 inner=119 gpu_seconds=0.083560625 wall_seconds=0.083770083 seconds_per_dispatch=0.000702190127 gbps=285.592395
LEG shape=mlp.gate_up_fused rep=6 position=2 arm=m4_ipg4 m=4 ipg=4 groups=1 inner=119 gpu_seconds=0.057900583 wall_seconds=0.058092750 seconds_per_dispatch=0.000486559524 gbps=206.079781
LEG shape=mlp.gate_up_fused rep=6 position=3 arm=m5_ipg3 m=5 ipg=3 groups=2 inner=119 gpu_seconds=0.089153125 wall_seconds=0.089343375 seconds_per_dispatch=0.000749185924 gbps=267.677426
LEG shape=mlp.gate_up_fused rep=6 position=4 arm=m5_ipg5 m=5 ipg=5 groups=1 inner=119 gpu_seconds=0.068767250 wall_seconds=0.068976250 seconds_per_dispatch=0.000577876051 gbps=173.514856
LEG shape=mlp.gate_up_fused rep=6 position=5 arm=m6_ipg2 m=6 ipg=2 groups=3 inner=119 gpu_seconds=0.124441125 wall_seconds=0.124646167 seconds_per_dispatch=0.001045723739 gbps=287.657465
LEG shape=mlp.gate_up_fused rep=6 position=6 arm=m6_ipg3 m=6 ipg=3 groups=2 inner=119 gpu_seconds=0.095930292 wall_seconds=0.096145542 seconds_per_dispatch=0.000806136906 gbps=248.766876
LEG shape=mlp.gate_up_fused rep=6 position=7 arm=m6_ipg4 m=6 ipg=4 groups=2 inner=119 gpu_seconds=0.095766375 wall_seconds=0.095980208 seconds_per_dispatch=0.000804759452 gbps=249.192674
LEG shape=mlp.gate_up_fused rep=6 position=8 arm=m6_ipg6 m=6 ipg=6 groups=1 inner=119 gpu_seconds=0.088691125 wall_seconds=0.088909833 seconds_per_dispatch=0.000745303571 gbps=134.535891
LEG shape=mlp.gate_up_fused rep=6 position=9 arm=m7_ipg4 m=7 ipg=4 groups=2 inner=119 gpu_seconds=0.104021625 wall_seconds=0.104223542 seconds_per_dispatch=0.000874131302 gbps=229.416519
LEG shape=mlp.gate_up_fused rep=6 position=10 arm=m7_ipg5 m=7 ipg=5 groups=2 inner=119 gpu_seconds=0.104532250 wall_seconds=0.104737750 seconds_per_dispatch=0.000878422269 gbps=228.295852
LEG shape=mlp.gate_up_fused rep=6 position=11 arm=m8_ipg2 m=8 ipg=2 groups=4 inner=119 gpu_seconds=0.165558125 wall_seconds=0.165758625 seconds_per_dispatch=0.001391244749 gbps=288.288829
LEG shape=mlp.gate_up_fused rep=6 position=12 arm=m8_ipg3 m=8 ipg=3 groups=3 inner=119 gpu_seconds=0.136345000 wall_seconds=0.136551583 seconds_per_dispatch=0.001145756303 gbps=262.542950
LEG shape=mlp.gate_up_fused rep=6 position=13 arm=m8_ipg4 m=8 ipg=4 groups=2 inner=119 gpu_seconds=0.112730667 wall_seconds=0.112937167 seconds_per_dispatch=0.000947316527 gbps=211.692876
LEG shape=mlp.gate_up_fused rep=6 position=14 arm=m8_ipg5 m=8 ipg=5 groups=2 inner=119 gpu_seconds=0.113947000 wall_seconds=0.114160000 seconds_per_dispatch=0.000957537816 gbps=209.433149
LEG shape=mlp.gate_up_fused rep=6 position=15 arm=m8_ipg6 m=8 ipg=6 groups=2 inner=119 gpu_seconds=0.122064833 wall_seconds=0.122259208 seconds_per_dispatch=0.001025754902 gbps=195.504949
LEG shape=mlp.gate_up_fused rep=6 position=16 arm=m9_ipg3 m=9 ipg=3 groups=3 inner=119 gpu_seconds=0.143208250 wall_seconds=0.143418708 seconds_per_dispatch=0.001203430672 gbps=249.960589
LEG shape=mlp.gate_up_fused rep=6 position=17 arm=m9_ipg5 m=9 ipg=5 groups=2 inner=119 gpu_seconds=0.123546417 wall_seconds=0.123749458 seconds_per_dispatch=0.001038205182 gbps=193.160431
LEG shape=mlp.gate_up_fused rep=6 position=18 arm=m9_ipg6 m=9 ipg=6 groups=2 inner=119 gpu_seconds=0.132520708 wall_seconds=0.132706458 seconds_per_dispatch=0.001113619399 gbps=180.079622
LEG shape=mlp.gate_up_fused rep=6 position=19 arm=m9_ipg6 m=9 ipg=6 groups=2 inner=119 gpu_seconds=0.132342542 wall_seconds=0.132545542 seconds_per_dispatch=0.001112122200 gbps=180.322055
LEG shape=mlp.gate_up_fused rep=6 position=20 arm=m9_ipg5 m=9 ipg=5 groups=2 inner=119 gpu_seconds=0.123489375 wall_seconds=0.123700333 seconds_per_dispatch=0.001037725840 gbps=193.249654
LEG shape=mlp.gate_up_fused rep=6 position=21 arm=m9_ipg3 m=9 ipg=3 groups=3 inner=119 gpu_seconds=0.143168000 wall_seconds=0.143369292 seconds_per_dispatch=0.001203092437 gbps=250.030863
LEG shape=mlp.gate_up_fused rep=6 position=22 arm=m8_ipg6 m=8 ipg=6 groups=2 inner=119 gpu_seconds=0.121945208 wall_seconds=0.122145583 seconds_per_dispatch=0.001024749648 gbps=195.696735
LEG shape=mlp.gate_up_fused rep=6 position=23 arm=m8_ipg5 m=8 ipg=5 groups=2 inner=119 gpu_seconds=0.114008875 wall_seconds=0.114207833 seconds_per_dispatch=0.000958057774 gbps=209.319485
LEG shape=mlp.gate_up_fused rep=6 position=24 arm=m8_ipg4 m=8 ipg=4 groups=2 inner=119 gpu_seconds=0.112746625 wall_seconds=0.112937375 seconds_per_dispatch=0.000947450630 gbps=211.662913
LEG shape=mlp.gate_up_fused rep=6 position=25 arm=m8_ipg3 m=8 ipg=3 groups=3 inner=119 gpu_seconds=0.136266667 wall_seconds=0.136461833 seconds_per_dispatch=0.001145098039 gbps=262.693874
LEG shape=mlp.gate_up_fused rep=6 position=26 arm=m8_ipg2 m=8 ipg=2 groups=4 inner=119 gpu_seconds=0.165480042 wall_seconds=0.165680458 seconds_per_dispatch=0.001390588585 gbps=288.424861
LEG shape=mlp.gate_up_fused rep=6 position=27 arm=m7_ipg5 m=7 ipg=5 groups=2 inner=119 gpu_seconds=0.104510625 wall_seconds=0.104703375 seconds_per_dispatch=0.000878240547 gbps=228.343090
LEG shape=mlp.gate_up_fused rep=6 position=28 arm=m7_ipg4 m=7 ipg=4 groups=2 inner=119 gpu_seconds=0.104061500 wall_seconds=0.104265042 seconds_per_dispatch=0.000874466386 gbps=229.328609
LEG shape=mlp.gate_up_fused rep=6 position=29 arm=m6_ipg6 m=6 ipg=6 groups=1 inner=119 gpu_seconds=0.088505583 wall_seconds=0.088720125 seconds_per_dispatch=0.000743744398 gbps=134.817930
LEG shape=mlp.gate_up_fused rep=6 position=30 arm=m6_ipg4 m=6 ipg=4 groups=2 inner=119 gpu_seconds=0.095732375 wall_seconds=0.095931833 seconds_per_dispatch=0.000804473738 gbps=249.281177
LEG shape=mlp.gate_up_fused rep=6 position=31 arm=m6_ipg3 m=6 ipg=3 groups=2 inner=119 gpu_seconds=0.095837542 wall_seconds=0.096038583 seconds_per_dispatch=0.000805357493 gbps=249.007629
LEG shape=mlp.gate_up_fused rep=6 position=32 arm=m6_ipg2 m=6 ipg=2 groups=3 inner=119 gpu_seconds=0.124436625 wall_seconds=0.124633458 seconds_per_dispatch=0.001045685923 gbps=287.667868
LEG shape=mlp.gate_up_fused rep=6 position=33 arm=m5_ipg5 m=5 ipg=5 groups=1 inner=119 gpu_seconds=0.068704333 wall_seconds=0.068899792 seconds_per_dispatch=0.000577347339 gbps=173.673754
LEG shape=mlp.gate_up_fused rep=6 position=34 arm=m5_ipg3 m=5 ipg=3 groups=2 inner=119 gpu_seconds=0.089189875 wall_seconds=0.089384792 seconds_per_dispatch=0.000749494747 gbps=267.567132
LEG shape=mlp.gate_up_fused rep=6 position=35 arm=m4_ipg4 m=4 ipg=4 groups=1 inner=119 gpu_seconds=0.057849625 wall_seconds=0.058048333 seconds_per_dispatch=0.000486131302 gbps=206.261312
LEG shape=mlp.gate_up_fused rep=6 position=36 arm=m4_ipg2 m=4 ipg=2 groups=2 inner=119 gpu_seconds=0.083581458 wall_seconds=0.083778333 seconds_per_dispatch=0.000702365196 gbps=285.521209
LEG shape=mlp.gate_up_fused rep=6 position=37 arm=m3_ipg3 m=3 ipg=3 groups=1 inner=119 gpu_seconds=0.049798375 wall_seconds=0.049994167 seconds_per_dispatch=0.000418473739 gbps=239.609014
LEG shape=mlp.gate_up_fused rep=7 position=0 arm=m3_ipg3 m=3 ipg=3 groups=1 inner=119 gpu_seconds=0.049941500 wall_seconds=0.050139542 seconds_per_dispatch=0.000419676472 gbps=238.922329
LEG shape=mlp.gate_up_fused rep=7 position=1 arm=m4_ipg2 m=4 ipg=2 groups=2 inner=119 gpu_seconds=0.083641875 wall_seconds=0.083851667 seconds_per_dispatch=0.000702872900 gbps=285.314970
LEG shape=mlp.gate_up_fused rep=7 position=2 arm=m4_ipg4 m=4 ipg=4 groups=1 inner=119 gpu_seconds=0.057936875 wall_seconds=0.058122042 seconds_per_dispatch=0.000486864495 gbps=205.950693
LEG shape=mlp.gate_up_fused rep=7 position=3 arm=m5_ipg3 m=5 ipg=3 groups=2 inner=119 gpu_seconds=0.089274625 wall_seconds=0.089472917 seconds_per_dispatch=0.000750206933 gbps=267.313125
LEG shape=mlp.gate_up_fused rep=7 position=4 arm=m5_ipg5 m=5 ipg=5 groups=1 inner=119 gpu_seconds=0.068627875 wall_seconds=0.068833667 seconds_per_dispatch=0.000576704832 gbps=173.867244
LEG shape=mlp.gate_up_fused rep=7 position=5 arm=m6_ipg2 m=6 ipg=2 groups=3 inner=119 gpu_seconds=0.124479375 wall_seconds=0.124685083 seconds_per_dispatch=0.001046045167 gbps=287.569074
LEG shape=mlp.gate_up_fused rep=7 position=6 arm=m6_ipg3 m=6 ipg=3 groups=2 inner=119 gpu_seconds=0.095886917 wall_seconds=0.096085542 seconds_per_dispatch=0.000805772409 gbps=248.879408
LEG shape=mlp.gate_up_fused rep=7 position=7 arm=m6_ipg4 m=6 ipg=4 groups=2 inner=119 gpu_seconds=0.095752250 wall_seconds=0.095975875 seconds_per_dispatch=0.000804640756 gbps=249.229434
LEG shape=mlp.gate_up_fused rep=7 position=8 arm=m6_ipg6 m=6 ipg=6 groups=1 inner=119 gpu_seconds=0.088658125 wall_seconds=0.088872625 seconds_per_dispatch=0.000745026260 gbps=134.585968
LEG shape=mlp.gate_up_fused rep=7 position=9 arm=m7_ipg4 m=7 ipg=4 groups=2 inner=119 gpu_seconds=0.104010167 wall_seconds=0.104207417 seconds_per_dispatch=0.000874035013 gbps=229.441792
LEG shape=mlp.gate_up_fused rep=7 position=10 arm=m7_ipg5 m=7 ipg=5 groups=2 inner=119 gpu_seconds=0.104485750 wall_seconds=0.104677917 seconds_per_dispatch=0.000878031512 gbps=228.397452
LEG shape=mlp.gate_up_fused rep=7 position=11 arm=m8_ipg2 m=8 ipg=2 groups=4 inner=119 gpu_seconds=0.165475000 wall_seconds=0.165669042 seconds_per_dispatch=0.001390546220 gbps=288.433649
LEG shape=mlp.gate_up_fused rep=7 position=12 arm=m8_ipg3 m=8 ipg=3 groups=3 inner=119 gpu_seconds=0.136378875 wall_seconds=0.136592375 seconds_per_dispatch=0.001146040966 gbps=262.477738
LEG shape=mlp.gate_up_fused rep=7 position=13 arm=m8_ipg4 m=8 ipg=4 groups=2 inner=119 gpu_seconds=0.112871625 wall_seconds=0.113037292 seconds_per_dispatch=0.000948501050 gbps=211.428506
LEG shape=mlp.gate_up_fused rep=7 position=14 arm=m8_ipg5 m=8 ipg=5 groups=2 inner=119 gpu_seconds=0.114003250 wall_seconds=0.114198667 seconds_per_dispatch=0.000958010505 gbps=209.329813
LEG shape=mlp.gate_up_fused rep=7 position=15 arm=m8_ipg6 m=8 ipg=6 groups=2 inner=119 gpu_seconds=0.122099917 wall_seconds=0.122344708 seconds_per_dispatch=0.001026049720 gbps=195.448774
LEG shape=mlp.gate_up_fused rep=7 position=16 arm=m9_ipg3 m=9 ipg=3 groups=3 inner=119 gpu_seconds=0.143223250 wall_seconds=0.143433500 seconds_per_dispatch=0.001203556723 gbps=249.934410
LEG shape=mlp.gate_up_fused rep=7 position=17 arm=m9_ipg5 m=9 ipg=5 groups=2 inner=119 gpu_seconds=0.123556333 wall_seconds=0.123755667 seconds_per_dispatch=0.001038288516 gbps=193.144927
LEG shape=mlp.gate_up_fused rep=7 position=18 arm=m9_ipg6 m=9 ipg=6 groups=2 inner=119 gpu_seconds=0.132480000 wall_seconds=0.132679167 seconds_per_dispatch=0.001113277312 gbps=180.134956
LEG shape=mlp.gate_up_fused rep=7 position=19 arm=m9_ipg6 m=9 ipg=6 groups=2 inner=119 gpu_seconds=0.132397250 wall_seconds=0.132592375 seconds_per_dispatch=0.001112581933 gbps=180.247543
LEG shape=mlp.gate_up_fused rep=7 position=20 arm=m9_ipg5 m=9 ipg=5 groups=2 inner=119 gpu_seconds=0.123508750 wall_seconds=0.123710292 seconds_per_dispatch=0.001037888655 gbps=193.219339
LEG shape=mlp.gate_up_fused rep=7 position=21 arm=m9_ipg3 m=9 ipg=3 groups=3 inner=119 gpu_seconds=0.143190917 wall_seconds=0.143402833 seconds_per_dispatch=0.001203285014 gbps=249.990847
LEG shape=mlp.gate_up_fused rep=7 position=22 arm=m8_ipg6 m=8 ipg=6 groups=2 inner=119 gpu_seconds=0.122132500 wall_seconds=0.122331667 seconds_per_dispatch=0.001026323529 gbps=195.396631
LEG shape=mlp.gate_up_fused rep=7 position=23 arm=m8_ipg5 m=8 ipg=5 groups=2 inner=119 gpu_seconds=0.114006833 wall_seconds=0.114198125 seconds_per_dispatch=0.000958040617 gbps=209.323234
LEG shape=mlp.gate_up_fused rep=7 position=24 arm=m8_ipg4 m=8 ipg=4 groups=2 inner=119 gpu_seconds=0.112756125 wall_seconds=0.112966625 seconds_per_dispatch=0.000947530462 gbps=211.645080
LEG shape=mlp.gate_up_fused rep=7 position=25 arm=m8_ipg3 m=8 ipg=3 groups=3 inner=119 gpu_seconds=0.136323292 wall_seconds=0.136513667 seconds_per_dispatch=0.001145573879 gbps=262.584758
LEG shape=mlp.gate_up_fused rep=7 position=26 arm=m8_ipg2 m=8 ipg=2 groups=4 inner=119 gpu_seconds=0.165466500 wall_seconds=0.165664125 seconds_per_dispatch=0.001390474790 gbps=288.448466
LEG shape=mlp.gate_up_fused rep=7 position=27 arm=m7_ipg5 m=7 ipg=5 groups=2 inner=119 gpu_seconds=0.104512583 wall_seconds=0.104707583 seconds_per_dispatch=0.000878257004 gbps=228.338811
LEG shape=mlp.gate_up_fused rep=7 position=28 arm=m7_ipg4 m=7 ipg=4 groups=2 inner=119 gpu_seconds=0.104037125 wall_seconds=0.104253167 seconds_per_dispatch=0.000874261554 gbps=229.382339
LEG shape=mlp.gate_up_fused rep=7 position=29 arm=m6_ipg6 m=6 ipg=6 groups=1 inner=119 gpu_seconds=0.088732958 wall_seconds=0.088930000 seconds_per_dispatch=0.000745655112 gbps=134.472464
LEG shape=mlp.gate_up_fused rep=7 position=30 arm=m6_ipg4 m=6 ipg=4 groups=2 inner=119 gpu_seconds=0.095778833 wall_seconds=0.095979708 seconds_per_dispatch=0.000804864144 gbps=249.160261
LEG shape=mlp.gate_up_fused rep=7 position=31 arm=m6_ipg3 m=6 ipg=3 groups=2 inner=119 gpu_seconds=0.095855875 wall_seconds=0.096061875 seconds_per_dispatch=0.000805511554 gbps=248.960004
LEG shape=mlp.gate_up_fused rep=7 position=32 arm=m6_ipg2 m=6 ipg=2 groups=3 inner=119 gpu_seconds=0.124463792 wall_seconds=0.124657625 seconds_per_dispatch=0.001045914216 gbps=287.605078
LEG shape=mlp.gate_up_fused rep=7 position=33 arm=m5_ipg5 m=5 ipg=5 groups=1 inner=119 gpu_seconds=0.068726958 wall_seconds=0.068916875 seconds_per_dispatch=0.000577537464 gbps=173.616581
LEG shape=mlp.gate_up_fused rep=7 position=34 arm=m5_ipg3 m=5 ipg=3 groups=2 inner=119 gpu_seconds=0.089202875 wall_seconds=0.089399083 seconds_per_dispatch=0.000749603992 gbps=267.528138
LEG shape=mlp.gate_up_fused rep=7 position=35 arm=m4_ipg4 m=4 ipg=4 groups=1 inner=119 gpu_seconds=0.057815250 wall_seconds=0.057984167 seconds_per_dispatch=0.000485842437 gbps=206.383947
LEG shape=mlp.gate_up_fused rep=7 position=36 arm=m4_ipg2 m=4 ipg=2 groups=2 inner=119 gpu_seconds=0.083613042 wall_seconds=0.083788417 seconds_per_dispatch=0.000702630603 gbps=285.413358
LEG shape=mlp.gate_up_fused rep=7 position=37 arm=m3_ipg3 m=3 ipg=3 groups=1 inner=119 gpu_seconds=0.049958583 wall_seconds=0.050157792 seconds_per_dispatch=0.000419820027 gbps=238.840631
LEG shape=mlp.gate_up_fused rep=8 position=0 arm=m3_ipg3 m=3 ipg=3 groups=1 inner=119 gpu_seconds=0.049863750 wall_seconds=0.050065417 seconds_per_dispatch=0.000419023108 gbps=239.294869
LEG shape=mlp.gate_up_fused rep=8 position=1 arm=m4_ipg2 m=4 ipg=2 groups=2 inner=119 gpu_seconds=0.083611417 wall_seconds=0.083813125 seconds_per_dispatch=0.000702616946 gbps=285.418906
LEG shape=mlp.gate_up_fused rep=8 position=2 arm=m4_ipg4 m=4 ipg=4 groups=1 inner=119 gpu_seconds=0.057871625 wall_seconds=0.058070250 seconds_per_dispatch=0.000486316177 gbps=206.182901
LEG shape=mlp.gate_up_fused rep=8 position=3 arm=m5_ipg3 m=5 ipg=3 groups=2 inner=119 gpu_seconds=0.089255000 wall_seconds=0.089459583 seconds_per_dispatch=0.000750042017 gbps=267.371901
LEG shape=mlp.gate_up_fused rep=8 position=4 arm=m5_ipg5 m=5 ipg=5 groups=1 inner=119 gpu_seconds=0.068647167 wall_seconds=0.068845417 seconds_per_dispatch=0.000576866947 gbps=173.818383
LEG shape=mlp.gate_up_fused rep=8 position=5 arm=m6_ipg2 m=6 ipg=2 groups=3 inner=119 gpu_seconds=0.124510625 wall_seconds=0.124710792 seconds_per_dispatch=0.001046307772 gbps=287.496899
LEG shape=mlp.gate_up_fused rep=8 position=6 arm=m6_ipg3 m=6 ipg=3 groups=2 inner=119 gpu_seconds=0.095866083 wall_seconds=0.096066292 seconds_per_dispatch=0.000805597338 gbps=248.933494
LEG shape=mlp.gate_up_fused rep=8 position=7 arm=m6_ipg4 m=6 ipg=4 groups=2 inner=119 gpu_seconds=0.095789000 wall_seconds=0.096010167 seconds_per_dispatch=0.000804949579 gbps=249.133816
LEG shape=mlp.gate_up_fused rep=8 position=8 arm=m6_ipg6 m=6 ipg=6 groups=1 inner=119 gpu_seconds=0.088615750 wall_seconds=0.088805625 seconds_per_dispatch=0.000744670168 gbps=134.650325
LEG shape=mlp.gate_up_fused rep=8 position=9 arm=m7_ipg4 m=7 ipg=4 groups=2 inner=119 gpu_seconds=0.104009500 wall_seconds=0.104224000 seconds_per_dispatch=0.000874029412 gbps=229.443263
LEG shape=mlp.gate_up_fused rep=8 position=10 arm=m7_ipg5 m=7 ipg=5 groups=2 inner=119 gpu_seconds=0.104534792 wall_seconds=0.104701375 seconds_per_dispatch=0.000878443626 gbps=228.290301
LEG shape=mlp.gate_up_fused rep=8 position=11 arm=m8_ipg2 m=8 ipg=2 groups=4 inner=119 gpu_seconds=0.165569625 wall_seconds=0.165751708 seconds_per_dispatch=0.001391341385 gbps=288.268806
LEG shape=mlp.gate_up_fused rep=8 position=12 arm=m8_ipg3 m=8 ipg=3 groups=3 inner=119 gpu_seconds=0.136243792 wall_seconds=0.136444042 seconds_per_dispatch=0.001144905813 gbps=262.737979
LEG shape=mlp.gate_up_fused rep=8 position=13 arm=m8_ipg4 m=8 ipg=4 groups=2 inner=119 gpu_seconds=0.112786042 wall_seconds=0.112976958 seconds_per_dispatch=0.000947781862 gbps=211.588941
LEG shape=mlp.gate_up_fused rep=8 position=14 arm=m8_ipg5 m=8 ipg=5 groups=2 inner=119 gpu_seconds=0.113931542 wall_seconds=0.114134958 seconds_per_dispatch=0.000957407914 gbps=209.461565
LEG shape=mlp.gate_up_fused rep=8 position=15 arm=m8_ipg6 m=8 ipg=6 groups=2 inner=119 gpu_seconds=0.122033250 wall_seconds=0.122226292 seconds_per_dispatch=0.001025489496 gbps=195.555548
LEG shape=mlp.gate_up_fused rep=8 position=16 arm=m9_ipg3 m=9 ipg=3 groups=3 inner=119 gpu_seconds=0.143176375 wall_seconds=0.143375500 seconds_per_dispatch=0.001203162815 gbps=250.016237
LEG shape=mlp.gate_up_fused rep=8 position=17 arm=m9_ipg5 m=9 ipg=5 groups=2 inner=119 gpu_seconds=0.123578708 wall_seconds=0.123791708 seconds_per_dispatch=0.001038476539 gbps=193.109957
LEG shape=mlp.gate_up_fused rep=8 position=18 arm=m9_ipg6 m=9 ipg=6 groups=2 inner=119 gpu_seconds=0.132391917 wall_seconds=0.132578500 seconds_per_dispatch=0.001112537116 gbps=180.254804
LEG shape=mlp.gate_up_fused rep=8 position=19 arm=m9_ipg6 m=9 ipg=6 groups=2 inner=119 gpu_seconds=0.132472000 wall_seconds=0.132667417 seconds_per_dispatch=0.001113210085 gbps=180.145835
LEG shape=mlp.gate_up_fused rep=8 position=20 arm=m9_ipg5 m=9 ipg=5 groups=2 inner=119 gpu_seconds=0.123504000 wall_seconds=0.123691083 seconds_per_dispatch=0.001037848740 gbps=193.226770
LEG shape=mlp.gate_up_fused rep=8 position=21 arm=m9_ipg3 m=9 ipg=3 groups=3 inner=119 gpu_seconds=0.143197917 wall_seconds=0.143397583 seconds_per_dispatch=0.001203343838 gbps=249.978627
LEG shape=mlp.gate_up_fused rep=8 position=22 arm=m8_ipg6 m=8 ipg=6 groups=2 inner=119 gpu_seconds=0.122038833 wall_seconds=0.122248042 seconds_per_dispatch=0.001025536415 gbps=195.546601
LEG shape=mlp.gate_up_fused rep=8 position=23 arm=m8_ipg5 m=8 ipg=5 groups=2 inner=119 gpu_seconds=0.114067375 wall_seconds=0.114275958 seconds_per_dispatch=0.000958549369 gbps=209.212135
LEG shape=mlp.gate_up_fused rep=8 position=24 arm=m8_ipg4 m=8 ipg=4 groups=2 inner=119 gpu_seconds=0.112667708 wall_seconds=0.112890625 seconds_per_dispatch=0.000946787464 gbps=211.811170
LEG shape=mlp.gate_up_fused rep=8 position=25 arm=m8_ipg3 m=8 ipg=3 groups=3 inner=119 gpu_seconds=0.135994625 wall_seconds=0.136186583 seconds_per_dispatch=0.001142811973 gbps=263.219363
LEG shape=mlp.gate_up_fused rep=8 position=26 arm=m8_ipg2 m=8 ipg=2 groups=4 inner=119 gpu_seconds=0.165245625 wall_seconds=0.165458500 seconds_per_dispatch=0.001388618697 gbps=288.834020
LEG shape=mlp.gate_up_fused rep=8 position=27 arm=m7_ipg5 m=7 ipg=5 groups=2 inner=119 gpu_seconds=0.104153417 wall_seconds=0.104369750 seconds_per_dispatch=0.000875238795 gbps=229.126224
LEG shape=mlp.gate_up_fused rep=8 position=28 arm=m7_ipg4 m=7 ipg=4 groups=2 inner=119 gpu_seconds=0.103723042 wall_seconds=0.103935083 seconds_per_dispatch=0.000871622199 gbps=230.076930
LEG shape=mlp.gate_up_fused rep=8 position=29 arm=m6_ipg6 m=6 ipg=6 groups=1 inner=119 gpu_seconds=0.088387375 wall_seconds=0.088612042 seconds_per_dispatch=0.000742751050 gbps=134.998234
LEG shape=mlp.gate_up_fused rep=8 position=30 arm=m6_ipg4 m=6 ipg=4 groups=2 inner=119 gpu_seconds=0.095425292 wall_seconds=0.095633750 seconds_per_dispatch=0.000801893207 gbps=250.083375
LEG shape=mlp.gate_up_fused rep=8 position=31 arm=m6_ipg3 m=6 ipg=3 groups=2 inner=119 gpu_seconds=0.095516375 wall_seconds=0.095714625 seconds_per_dispatch=0.000802658614 gbps=249.844899
LEG shape=mlp.gate_up_fused rep=8 position=32 arm=m6_ipg2 m=6 ipg=2 groups=3 inner=119 gpu_seconds=0.124177250 wall_seconds=0.124383875 seconds_per_dispatch=0.001043506301 gbps=288.268734
LEG shape=mlp.gate_up_fused rep=8 position=33 arm=m5_ipg5 m=5 ipg=5 groups=1 inner=119 gpu_seconds=0.068353375 wall_seconds=0.068561083 seconds_per_dispatch=0.000574398109 gbps=174.565477
LEG shape=mlp.gate_up_fused rep=8 position=34 arm=m5_ipg3 m=5 ipg=3 groups=2 inner=119 gpu_seconds=0.088971500 wall_seconds=0.089196542 seconds_per_dispatch=0.000747659664 gbps=268.223858
LEG shape=mlp.gate_up_fused rep=8 position=35 arm=m4_ipg4 m=4 ipg=4 groups=1 inner=119 gpu_seconds=0.057834791 wall_seconds=0.058042542 seconds_per_dispatch=0.000486006651 gbps=206.314214
LEG shape=mlp.gate_up_fused rep=8 position=36 arm=m4_ipg2 m=4 ipg=2 groups=2 inner=119 gpu_seconds=0.083505625 wall_seconds=0.083724792 seconds_per_dispatch=0.000701727940 gbps=285.780498
LEG shape=mlp.gate_up_fused rep=8 position=37 arm=m3_ipg3 m=3 ipg=3 groups=1 inner=119 gpu_seconds=0.049822958 wall_seconds=0.050052875 seconds_per_dispatch=0.000418680323 gbps=239.490787
LEG shape=mlp.gate_up_fused rep=9 position=0 arm=m3_ipg3 m=3 ipg=3 groups=1 inner=119 gpu_seconds=0.049782667 wall_seconds=0.049958375 seconds_per_dispatch=0.000418341738 gbps=239.684619
LEG shape=mlp.gate_up_fused rep=9 position=1 arm=m4_ipg2 m=4 ipg=2 groups=2 inner=119 gpu_seconds=0.083611500 wall_seconds=0.083811958 seconds_per_dispatch=0.000702617649 gbps=285.418620
LEG shape=mlp.gate_up_fused rep=9 position=2 arm=m4_ipg4 m=4 ipg=4 groups=1 inner=119 gpu_seconds=0.057810958 wall_seconds=0.057997167 seconds_per_dispatch=0.000485806372 gbps=206.399269
LEG shape=mlp.gate_up_fused rep=9 position=3 arm=m5_ipg3 m=5 ipg=3 groups=2 inner=119 gpu_seconds=0.089167250 wall_seconds=0.089368458 seconds_per_dispatch=0.000749304621 gbps=267.635024
LEG shape=mlp.gate_up_fused rep=9 position=4 arm=m5_ipg5 m=5 ipg=5 groups=1 inner=119 gpu_seconds=0.068693625 wall_seconds=0.068889917 seconds_per_dispatch=0.000577257353 gbps=173.700828
LEG shape=mlp.gate_up_fused rep=9 position=5 arm=m6_ipg2 m=6 ipg=2 groups=3 inner=119 gpu_seconds=0.124270250 wall_seconds=0.124460917 seconds_per_dispatch=0.001044287816 gbps=288.053002
LEG shape=mlp.gate_up_fused rep=9 position=6 arm=m6_ipg3 m=6 ipg=3 groups=2 inner=119 gpu_seconds=0.095768833 wall_seconds=0.095947958 seconds_per_dispatch=0.000804780112 gbps=249.186277
LEG shape=mlp.gate_up_fused rep=9 position=7 arm=m6_ipg4 m=6 ipg=4 groups=2 inner=119 gpu_seconds=0.095790958 wall_seconds=0.095962833 seconds_per_dispatch=0.000804966036 gbps=249.128722
LEG shape=mlp.gate_up_fused rep=9 position=8 arm=m6_ipg6 m=6 ipg=6 groups=1 inner=119 gpu_seconds=0.088700708 wall_seconds=0.088884042 seconds_per_dispatch=0.000745384103 gbps=134.521356
LEG shape=mlp.gate_up_fused rep=9 position=9 arm=m7_ipg4 m=7 ipg=4 groups=2 inner=119 gpu_seconds=0.104045875 wall_seconds=0.104245833 seconds_per_dispatch=0.000874335085 gbps=229.363048
LEG shape=mlp.gate_up_fused rep=9 position=10 arm=m7_ipg5 m=7 ipg=5 groups=2 inner=119 gpu_seconds=0.104496875 wall_seconds=0.104700958 seconds_per_dispatch=0.000878124999 gbps=228.373136
LEG shape=mlp.gate_up_fused rep=9 position=11 arm=m8_ipg2 m=8 ipg=2 groups=4 inner=119 gpu_seconds=0.165463667 wall_seconds=0.165664958 seconds_per_dispatch=0.001390450980 gbps=288.453405
LEG shape=mlp.gate_up_fused rep=9 position=12 arm=m8_ipg3 m=8 ipg=3 groups=3 inner=119 gpu_seconds=0.136263083 wall_seconds=0.136470458 seconds_per_dispatch=0.001145067926 gbps=262.700782
LEG shape=mlp.gate_up_fused rep=9 position=13 arm=m8_ipg4 m=8 ipg=4 groups=2 inner=119 gpu_seconds=0.112716125 wall_seconds=0.112890792 seconds_per_dispatch=0.000947194329 gbps=211.720187
LEG shape=mlp.gate_up_fused rep=9 position=14 arm=m8_ipg5 m=8 ipg=5 groups=2 inner=119 gpu_seconds=0.113952000 wall_seconds=0.114130958 seconds_per_dispatch=0.000957579831 gbps=209.423960
LEG shape=mlp.gate_up_fused rep=9 position=15 arm=m8_ipg6 m=8 ipg=6 groups=2 inner=119 gpu_seconds=0.122034542 wall_seconds=0.122246458 seconds_per_dispatch=0.001025500349 gbps=195.553478
LEG shape=mlp.gate_up_fused rep=9 position=16 arm=m9_ipg3 m=9 ipg=3 groups=3 inner=119 gpu_seconds=0.143138500 wall_seconds=0.143334083 seconds_per_dispatch=0.001202844539 gbps=250.082392
LEG shape=mlp.gate_up_fused rep=9 position=17 arm=m9_ipg5 m=9 ipg=5 groups=2 inner=119 gpu_seconds=0.123491958 wall_seconds=0.123663333 seconds_per_dispatch=0.001037747550 gbps=193.245612
LEG shape=mlp.gate_up_fused rep=9 position=18 arm=m9_ipg6 m=9 ipg=6 groups=2 inner=119 gpu_seconds=0.132372917 wall_seconds=0.132574083 seconds_per_dispatch=0.001112377451 gbps=180.280677
LEG shape=mlp.gate_up_fused rep=9 position=19 arm=m9_ipg6 m=9 ipg=6 groups=2 inner=119 gpu_seconds=0.132395167 wall_seconds=0.132658208 seconds_per_dispatch=0.001112564426 gbps=180.250380
LEG shape=mlp.gate_up_fused rep=9 position=20 arm=m9_ipg5 m=9 ipg=5 groups=2 inner=119 gpu_seconds=0.123588917 wall_seconds=0.123789417 seconds_per_dispatch=0.001038562324 gbps=193.094006
LEG shape=mlp.gate_up_fused rep=9 position=21 arm=m9_ipg3 m=9 ipg=3 groups=3 inner=119 gpu_seconds=0.143318417 wall_seconds=0.143532458 seconds_per_dispatch=0.001204356444 gbps=249.768448
LEG shape=mlp.gate_up_fused rep=9 position=22 arm=m8_ipg6 m=8 ipg=6 groups=2 inner=119 gpu_seconds=0.122016000 wall_seconds=0.122206083 seconds_per_dispatch=0.001025344537 gbps=195.583195
LEG shape=mlp.gate_up_fused rep=9 position=23 arm=m8_ipg5 m=8 ipg=5 groups=2 inner=119 gpu_seconds=0.113973333 wall_seconds=0.114180417 seconds_per_dispatch=0.000957759103 gbps=209.384760
LEG shape=mlp.gate_up_fused rep=9 position=24 arm=m8_ipg4 m=8 ipg=4 groups=2 inner=119 gpu_seconds=0.112750542 wall_seconds=0.112950750 seconds_per_dispatch=0.000947483543 gbps=211.655560
LEG shape=mlp.gate_up_fused rep=9 position=25 arm=m8_ipg3 m=8 ipg=3 groups=3 inner=119 gpu_seconds=0.136281500 wall_seconds=0.136486458 seconds_per_dispatch=0.001145222688 gbps=262.665282
LEG shape=mlp.gate_up_fused rep=9 position=26 arm=m8_ipg2 m=8 ipg=2 groups=4 inner=119 gpu_seconds=0.165509417 wall_seconds=0.165703667 seconds_per_dispatch=0.001390835435 gbps=288.373671
LEG shape=mlp.gate_up_fused rep=9 position=27 arm=m7_ipg5 m=7 ipg=5 groups=2 inner=119 gpu_seconds=0.104517083 wall_seconds=0.104713000 seconds_per_dispatch=0.000878294818 gbps=228.328980
LEG shape=mlp.gate_up_fused rep=9 position=28 arm=m7_ipg4 m=7 ipg=4 groups=2 inner=119 gpu_seconds=0.104014292 wall_seconds=0.104215167 seconds_per_dispatch=0.000874069678 gbps=229.432693
LEG shape=mlp.gate_up_fused rep=9 position=29 arm=m6_ipg6 m=6 ipg=6 groups=1 inner=119 gpu_seconds=0.088778625 wall_seconds=0.088971208 seconds_per_dispatch=0.000746038866 gbps=134.403293
LEG shape=mlp.gate_up_fused rep=9 position=30 arm=m6_ipg4 m=6 ipg=4 groups=2 inner=119 gpu_seconds=0.095697500 wall_seconds=0.095891292 seconds_per_dispatch=0.000804180673 gbps=249.372022
LEG shape=mlp.gate_up_fused rep=9 position=31 arm=m6_ipg3 m=6 ipg=3 groups=2 inner=119 gpu_seconds=0.095848667 wall_seconds=0.096047333 seconds_per_dispatch=0.000805450981 gbps=248.978727
LEG shape=mlp.gate_up_fused rep=9 position=32 arm=m6_ipg2 m=6 ipg=2 groups=3 inner=119 gpu_seconds=0.124452000 wall_seconds=0.124651375 seconds_per_dispatch=0.001045815126 gbps=287.632329
LEG shape=mlp.gate_up_fused rep=9 position=33 arm=m5_ipg5 m=5 ipg=5 groups=1 inner=119 gpu_seconds=0.068657875 wall_seconds=0.068854375 seconds_per_dispatch=0.000576956933 gbps=173.791273
LEG shape=mlp.gate_up_fused rep=9 position=34 arm=m5_ipg3 m=5 ipg=3 groups=2 inner=119 gpu_seconds=0.089249625 wall_seconds=0.089433125 seconds_per_dispatch=0.000749996850 gbps=267.388003
LEG shape=mlp.gate_up_fused rep=9 position=35 arm=m4_ipg4 m=4 ipg=4 groups=1 inner=119 gpu_seconds=0.057897458 wall_seconds=0.058115625 seconds_per_dispatch=0.000486533263 gbps=206.090904
LEG shape=mlp.gate_up_fused rep=9 position=36 arm=m4_ipg2 m=4 ipg=2 groups=2 inner=119 gpu_seconds=0.083604625 wall_seconds=0.083791667 seconds_per_dispatch=0.000702559874 gbps=285.442092
LEG shape=mlp.gate_up_fused rep=9 position=37 arm=m3_ipg3 m=3 ipg=3 groups=1 inner=119 gpu_seconds=0.049922708 wall_seconds=0.050131208 seconds_per_dispatch=0.000419518556 gbps=239.012264
LEG shape=mlp.gate_up_fused rep=10 position=0 arm=m3_ipg3 m=3 ipg=3 groups=1 inner=119 gpu_seconds=0.050000708 wall_seconds=0.050187208 seconds_per_dispatch=0.000420174019 gbps=238.639410
LEG shape=mlp.gate_up_fused rep=10 position=1 arm=m4_ipg2 m=4 ipg=2 groups=2 inner=119 gpu_seconds=0.083610083 wall_seconds=0.083798833 seconds_per_dispatch=0.000702605741 gbps=285.423458
LEG shape=mlp.gate_up_fused rep=10 position=2 arm=m4_ipg4 m=4 ipg=4 groups=1 inner=119 gpu_seconds=0.057855750 wall_seconds=0.058054417 seconds_per_dispatch=0.000486182773 gbps=206.239475
LEG shape=mlp.gate_up_fused rep=10 position=3 arm=m5_ipg3 m=5 ipg=3 groups=2 inner=119 gpu_seconds=0.089180500 wall_seconds=0.089387500 seconds_per_dispatch=0.000749415967 gbps=267.595259
LEG shape=mlp.gate_up_fused rep=10 position=4 arm=m5_ipg5 m=5 ipg=5 groups=1 inner=119 gpu_seconds=0.068699708 wall_seconds=0.068908542 seconds_per_dispatch=0.000577308474 gbps=173.685446
LEG shape=mlp.gate_up_fused rep=10 position=5 arm=m6_ipg2 m=6 ipg=2 groups=3 inner=119 gpu_seconds=0.124491667 wall_seconds=0.124681500 seconds_per_dispatch=0.001046148459 gbps=287.540681
LEG shape=mlp.gate_up_fused rep=10 position=6 arm=m6_ipg3 m=6 ipg=3 groups=2 inner=119 gpu_seconds=0.095906375 wall_seconds=0.096108250 seconds_per_dispatch=0.000805935924 gbps=248.828913
LEG shape=mlp.gate_up_fused rep=10 position=7 arm=m6_ipg4 m=6 ipg=4 groups=2 inner=119 gpu_seconds=0.095642875 wall_seconds=0.095847625 seconds_per_dispatch=0.000803721638 gbps=249.514447
LEG shape=mlp.gate_up_fused rep=10 position=8 arm=m6_ipg6 m=6 ipg=6 groups=1 inner=119 gpu_seconds=0.088697125 wall_seconds=0.088897875 seconds_per_dispatch=0.000745353991 gbps=134.526790
LEG shape=mlp.gate_up_fused rep=10 position=9 arm=m7_ipg4 m=7 ipg=4 groups=2 inner=119 gpu_seconds=0.104014875 wall_seconds=0.104200875 seconds_per_dispatch=0.000874074579 gbps=229.431406
LEG shape=mlp.gate_up_fused rep=10 position=10 arm=m7_ipg5 m=7 ipg=5 groups=2 inner=119 gpu_seconds=0.104421542 wall_seconds=0.104621625 seconds_per_dispatch=0.000877491948 gbps=228.537892
LEG shape=mlp.gate_up_fused rep=10 position=11 arm=m8_ipg2 m=8 ipg=2 groups=4 inner=119 gpu_seconds=0.165603875 wall_seconds=0.165807458 seconds_per_dispatch=0.001391629201 gbps=288.209186
LEG shape=mlp.gate_up_fused rep=10 position=12 arm=m8_ipg3 m=8 ipg=3 groups=3 inner=119 gpu_seconds=0.136253000 wall_seconds=0.136464625 seconds_per_dispatch=0.001144983193 gbps=262.720223
LEG shape=mlp.gate_up_fused rep=10 position=13 arm=m8_ipg4 m=8 ipg=4 groups=2 inner=119 gpu_seconds=0.112751500 wall_seconds=0.112981000 seconds_per_dispatch=0.000947491596 gbps=211.653761
LEG shape=mlp.gate_up_fused rep=10 position=14 arm=m8_ipg5 m=8 ipg=5 groups=2 inner=119 gpu_seconds=0.113999917 wall_seconds=0.114209583 seconds_per_dispatch=0.000957982493 gbps=209.335934
LEG shape=mlp.gate_up_fused rep=10 position=15 arm=m8_ipg6 m=8 ipg=6 groups=2 inner=119 gpu_seconds=0.122137000 wall_seconds=0.122345083 seconds_per_dispatch=0.001026361345 gbps=195.389432
LEG shape=mlp.gate_up_fused rep=10 position=16 arm=m9_ipg3 m=9 ipg=3 groups=3 inner=119 gpu_seconds=0.143142792 wall_seconds=0.143343375 seconds_per_dispatch=0.001202880603 gbps=250.074895
LEG shape=mlp.gate_up_fused rep=10 position=17 arm=m9_ipg5 m=9 ipg=5 groups=2 inner=119 gpu_seconds=0.123554500 wall_seconds=0.123758375 seconds_per_dispatch=0.001038273110 gbps=193.147793
LEG shape=mlp.gate_up_fused rep=10 position=18 arm=m9_ipg6 m=9 ipg=6 groups=2 inner=119 gpu_seconds=0.132425833 wall_seconds=0.132612375 seconds_per_dispatch=0.001112822128 gbps=180.208638
LEG shape=mlp.gate_up_fused rep=10 position=19 arm=m9_ipg6 m=9 ipg=6 groups=2 inner=119 gpu_seconds=0.132475875 wall_seconds=0.132678917 seconds_per_dispatch=0.001113242646 gbps=180.140566
LEG shape=mlp.gate_up_fused rep=10 position=20 arm=m9_ipg5 m=9 ipg=5 groups=2 inner=119 gpu_seconds=0.123563375 wall_seconds=0.123756708 seconds_per_dispatch=0.001038347688 gbps=193.133921
LEG shape=mlp.gate_up_fused rep=10 position=21 arm=m9_ipg3 m=9 ipg=3 groups=3 inner=119 gpu_seconds=0.143171750 wall_seconds=0.143368458 seconds_per_dispatch=0.001203123950 gbps=250.024314
LEG shape=mlp.gate_up_fused rep=10 position=22 arm=m8_ipg6 m=8 ipg=6 groups=2 inner=119 gpu_seconds=0.122027000 wall_seconds=0.122226708 seconds_per_dispatch=0.001025436974 gbps=195.565564
LEG shape=mlp.gate_up_fused rep=10 position=23 arm=m8_ipg5 m=8 ipg=5 groups=2 inner=119 gpu_seconds=0.113902125 wall_seconds=0.114115875 seconds_per_dispatch=0.000957160715 gbps=209.515661
LEG shape=mlp.gate_up_fused rep=10 position=24 arm=m8_ipg4 m=8 ipg=4 groups=2 inner=119 gpu_seconds=0.112706375 wall_seconds=0.112905500 seconds_per_dispatch=0.000947112396 gbps=211.738502
LEG shape=mlp.gate_up_fused rep=10 position=25 arm=m8_ipg3 m=8 ipg=3 groups=3 inner=119 gpu_seconds=0.136272250 wall_seconds=0.136475208 seconds_per_dispatch=0.001145144958 gbps=262.683111
LEG shape=mlp.gate_up_fused rep=10 position=26 arm=m8_ipg2 m=8 ipg=2 groups=4 inner=119 gpu_seconds=0.165614417 wall_seconds=0.165813042 seconds_per_dispatch=0.001391717786 gbps=288.190841
LEG shape=mlp.gate_up_fused rep=10 position=27 arm=m7_ipg5 m=7 ipg=5 groups=2 inner=119 gpu_seconds=0.104510125 wall_seconds=0.104699042 seconds_per_dispatch=0.000878236345 gbps=228.344182
LEG shape=mlp.gate_up_fused rep=10 position=28 arm=m7_ipg4 m=7 ipg=4 groups=2 inner=119 gpu_seconds=0.104057542 wall_seconds=0.104261875 seconds_per_dispatch=0.000874433123 gbps=229.337333
LEG shape=mlp.gate_up_fused rep=10 position=29 arm=m6_ipg6 m=6 ipg=6 groups=1 inner=119 gpu_seconds=0.088823833 wall_seconds=0.089018542 seconds_per_dispatch=0.000746418767 gbps=134.334886
LEG shape=mlp.gate_up_fused rep=10 position=30 arm=m6_ipg4 m=6 ipg=4 groups=2 inner=119 gpu_seconds=0.095725708 wall_seconds=0.095928000 seconds_per_dispatch=0.000804417718 gbps=249.298537
LEG shape=mlp.gate_up_fused rep=10 position=31 arm=m6_ipg3 m=6 ipg=3 groups=2 inner=119 gpu_seconds=0.095843125 wall_seconds=0.096051042 seconds_per_dispatch=0.000805404413 gbps=248.993123
LEG shape=mlp.gate_up_fused rep=10 position=32 arm=m6_ipg2 m=6 ipg=2 groups=3 inner=119 gpu_seconds=0.124505959 wall_seconds=0.124715333 seconds_per_dispatch=0.001046268559 gbps=287.507674
LEG shape=mlp.gate_up_fused rep=10 position=33 arm=m5_ipg5 m=5 ipg=5 groups=1 inner=119 gpu_seconds=0.068662667 wall_seconds=0.068866875 seconds_per_dispatch=0.000576997199 gbps=173.779145
LEG shape=mlp.gate_up_fused rep=10 position=34 arm=m5_ipg3 m=5 ipg=3 groups=2 inner=119 gpu_seconds=0.089224708 wall_seconds=0.089407167 seconds_per_dispatch=0.000749787464 gbps=267.462674
LEG shape=mlp.gate_up_fused rep=10 position=35 arm=m4_ipg4 m=4 ipg=4 groups=1 inner=119 gpu_seconds=0.057933042 wall_seconds=0.058121542 seconds_per_dispatch=0.000486832282 gbps=205.964320
LEG shape=mlp.gate_up_fused rep=10 position=36 arm=m4_ipg2 m=4 ipg=2 groups=2 inner=119 gpu_seconds=0.083543375 wall_seconds=0.083725250 seconds_per_dispatch=0.000702045167 gbps=285.651365
LEG shape=mlp.gate_up_fused rep=10 position=37 arm=m3_ipg3 m=3 ipg=3 groups=1 inner=119 gpu_seconds=0.049937750 wall_seconds=0.050121042 seconds_per_dispatch=0.000419644958 gbps=238.940271
e73_cell_ab: mlp.gate_up_fused inner=119 legs=418 entry=60.91C exit=67.49C
SHAPE shape=mlp.gate_up_fused k=5120 n=34816 inner=119 legs=418 bytes_per_stream=100270080 entry_gpu_temp_c=60.91 exit_gpu_temp_c=67.49
PARITY shape=head.lm_head arm=m3_ipg3 m=3 ipg=3 differing=0 zero_rows=0 compared_rows=3
PARITY shape=head.lm_head arm=m4_ipg2 m=4 ipg=2 differing=0 zero_rows=0 compared_rows=4
PARITY shape=head.lm_head arm=m4_ipg4 m=4 ipg=4 differing=0 zero_rows=0 compared_rows=4
PARITY shape=head.lm_head arm=m5_ipg3 m=5 ipg=3 differing=0 zero_rows=0 compared_rows=5
PARITY shape=head.lm_head arm=m5_ipg5 m=5 ipg=5 differing=0 zero_rows=0 compared_rows=5
PARITY shape=head.lm_head arm=m6_ipg2 m=6 ipg=2 differing=0 zero_rows=0 compared_rows=6
PARITY shape=head.lm_head arm=m6_ipg3 m=6 ipg=3 differing=0 zero_rows=0 compared_rows=6
PARITY shape=head.lm_head arm=m6_ipg4 m=6 ipg=4 differing=0 zero_rows=0 compared_rows=6
PARITY shape=head.lm_head arm=m6_ipg6 m=6 ipg=6 differing=0 zero_rows=0 compared_rows=6
PARITY shape=head.lm_head arm=m7_ipg4 m=7 ipg=4 differing=0 zero_rows=0 compared_rows=7
PARITY shape=head.lm_head arm=m7_ipg5 m=7 ipg=5 differing=0 zero_rows=0 compared_rows=7
PARITY shape=head.lm_head arm=m8_ipg2 m=8 ipg=2 differing=0 zero_rows=0 compared_rows=8
PARITY shape=head.lm_head arm=m8_ipg3 m=8 ipg=3 differing=0 zero_rows=0 compared_rows=8
PARITY shape=head.lm_head arm=m8_ipg4 m=8 ipg=4 differing=0 zero_rows=0 compared_rows=8
PARITY shape=head.lm_head arm=m8_ipg5 m=8 ipg=5 differing=0 zero_rows=0 compared_rows=8
PARITY shape=head.lm_head arm=m8_ipg6 m=8 ipg=6 differing=0 zero_rows=0 compared_rows=8
PARITY shape=head.lm_head arm=m9_ipg3 m=9 ipg=3 differing=0 zero_rows=0 compared_rows=9
PARITY shape=head.lm_head arm=m9_ipg5 m=9 ipg=5 differing=0 zero_rows=0 compared_rows=9
PARITY shape=head.lm_head arm=m9_ipg6 m=9 ipg=6 differing=0 zero_rows=0 compared_rows=9
LEG shape=head.lm_head rep=0 position=0 arm=m3_ipg3 m=3 ipg=3 groups=1 inner=16 gpu_seconds=0.046095333 wall_seconds=0.046287625 seconds_per_dispatch=0.002880958331 gbps=248.237398
LEG shape=head.lm_head rep=0 position=1 arm=m4_ipg2 m=4 ipg=2 groups=2 inner=16 gpu_seconds=0.078582125 wall_seconds=0.078769292 seconds_per_dispatch=0.004911382814 gbps=291.226169
LEG shape=head.lm_head rep=0 position=2 arm=m4_ipg4 m=4 ipg=4 groups=1 inner=16 gpu_seconds=0.053730375 wall_seconds=0.053921917 seconds_per_dispatch=0.003358148431 gbps=212.963070
LEG shape=head.lm_head rep=0 position=3 arm=m5_ipg3 m=5 ipg=3 groups=2 inner=16 gpu_seconds=0.083879750 wall_seconds=0.084068792 seconds_per_dispatch=0.005242484374 gbps=272.833088
LEG shape=head.lm_head rep=0 position=4 arm=m5_ipg5 m=5 ipg=5 groups=1 inner=16 gpu_seconds=0.063975916 wall_seconds=0.064166250 seconds_per_dispatch=0.003998494780 gbps=178.857705
LEG shape=head.lm_head rep=0 position=5 arm=m6_ipg2 m=6 ipg=2 groups=3 inner=16 gpu_seconds=0.117790708 wall_seconds=0.117967000 seconds_per_dispatch=0.007361919270 gbps=291.430091
LEG shape=head.lm_head rep=0 position=6 arm=m6_ipg3 m=6 ipg=3 groups=2 inner=16 gpu_seconds=0.090179292 wall_seconds=0.090358708 seconds_per_dispatch=0.005636205722 gbps=253.774129
LEG shape=head.lm_head rep=0 position=7 arm=m6_ipg4 m=6 ipg=4 groups=2 inner=16 gpu_seconds=0.089982583 wall_seconds=0.090175500 seconds_per_dispatch=0.005623911449 gbps=254.328898
LEG shape=head.lm_head rep=0 position=8 arm=m6_ipg6 m=6 ipg=6 groups=1 inner=16 gpu_seconds=0.082871125 wall_seconds=0.083065125 seconds_per_dispatch=0.005179445317 gbps=138.076870
LEG shape=head.lm_head rep=0 position=9 arm=m7_ipg4 m=7 ipg=4 groups=2 inner=16 gpu_seconds=0.097950000 wall_seconds=0.098145125 seconds_per_dispatch=0.006121875005 gbps=233.641360
LEG shape=head.lm_head rep=0 position=10 arm=m7_ipg5 m=7 ipg=5 groups=2 inner=16 gpu_seconds=0.098395292 wall_seconds=0.098607125 seconds_per_dispatch=0.006149705732 gbps=232.584007
LEG shape=head.lm_head rep=0 position=11 arm=m8_ipg2 m=8 ipg=2 groups=4 inner=16 gpu_seconds=0.156939917 wall_seconds=0.157121542 seconds_per_dispatch=0.009808744799 gbps=291.642454
LEG shape=head.lm_head rep=0 position=12 arm=m8_ipg3 m=8 ipg=3 groups=3 inner=16 gpu_seconds=0.128882375 wall_seconds=0.129063375 seconds_per_dispatch=0.008055148428 gbps=266.349505
LEG shape=head.lm_head rep=0 position=13 arm=m8_ipg4 m=8 ipg=4 groups=2 inner=16 gpu_seconds=0.106327083 wall_seconds=0.106517458 seconds_per_dispatch=0.006645442700 gbps=215.233697
LEG shape=head.lm_head rep=0 position=14 arm=m8_ipg5 m=8 ipg=5 groups=2 inner=16 gpu_seconds=0.107473083 wall_seconds=0.107662417 seconds_per_dispatch=0.006717067707 gbps=212.938631
LEG shape=head.lm_head rep=0 position=15 arm=m8_ipg6 m=8 ipg=6 groups=2 inner=16 gpu_seconds=0.114751250 wall_seconds=0.114931292 seconds_per_dispatch=0.007171953126 gbps=199.432871
LEG shape=head.lm_head rep=0 position=16 arm=m9_ipg3 m=9 ipg=3 groups=3 inner=16 gpu_seconds=0.136451375 wall_seconds=0.136641000 seconds_per_dispatch=0.008528210936 gbps=251.575016
LEG shape=head.lm_head rep=0 position=17 arm=m9_ipg5 m=9 ipg=5 groups=2 inner=16 gpu_seconds=0.117581000 wall_seconds=0.117761667 seconds_per_dispatch=0.007348812505 gbps=194.633242
LEG shape=head.lm_head rep=0 position=18 arm=m9_ipg6 m=9 ipg=6 groups=2 inner=16 gpu_seconds=0.125638333 wall_seconds=0.125830000 seconds_per_dispatch=0.007852395836 gbps=182.151184
LEG shape=head.lm_head rep=0 position=19 arm=m9_ipg6 m=9 ipg=6 groups=2 inner=16 gpu_seconds=0.125584375 wall_seconds=0.125775833 seconds_per_dispatch=0.007849023445 gbps=182.229447
LEG shape=head.lm_head rep=0 position=20 arm=m9_ipg5 m=9 ipg=5 groups=2 inner=16 gpu_seconds=0.117519917 wall_seconds=0.117711833 seconds_per_dispatch=0.007344994781 gbps=194.734407
LEG shape=head.lm_head rep=0 position=21 arm=m9_ipg3 m=9 ipg=3 groups=3 inner=16 gpu_seconds=0.136427583 wall_seconds=0.136637125 seconds_per_dispatch=0.008526723963 gbps=251.618888
LEG shape=head.lm_head rep=0 position=22 arm=m8_ipg6 m=8 ipg=6 groups=2 inner=16 gpu_seconds=0.114840750 wall_seconds=0.115033833 seconds_per_dispatch=0.007177546882 gbps=199.277444
LEG shape=head.lm_head rep=0 position=23 arm=m8_ipg5 m=8 ipg=5 groups=2 inner=16 gpu_seconds=0.107469333 wall_seconds=0.107663125 seconds_per_dispatch=0.006716833333 gbps=212.946061
LEG shape=head.lm_head rep=0 position=24 arm=m8_ipg4 m=8 ipg=4 groups=2 inner=16 gpu_seconds=0.106364625 wall_seconds=0.106547708 seconds_per_dispatch=0.006647789050 gbps=215.157730
LEG shape=head.lm_head rep=0 position=25 arm=m8_ipg3 m=8 ipg=3 groups=3 inner=16 gpu_seconds=0.128903084 wall_seconds=0.129092875 seconds_per_dispatch=0.008056442719 gbps=266.306716
LEG shape=head.lm_head rep=0 position=26 arm=m8_ipg2 m=8 ipg=2 groups=4 inner=16 gpu_seconds=0.157012667 wall_seconds=0.157202542 seconds_per_dispatch=0.009813291661 gbps=291.507325
LEG shape=head.lm_head rep=0 position=27 arm=m7_ipg5 m=7 ipg=5 groups=2 inner=16 gpu_seconds=0.098333458 wall_seconds=0.098523833 seconds_per_dispatch=0.006145841136 gbps=232.730259
LEG shape=head.lm_head rep=0 position=28 arm=m7_ipg4 m=7 ipg=4 groups=2 inner=16 gpu_seconds=0.097959875 wall_seconds=0.098134750 seconds_per_dispatch=0.006122492181 gbps=233.617808
LEG shape=head.lm_head rep=0 position=29 arm=m6_ipg6 m=6 ipg=6 groups=1 inner=16 gpu_seconds=0.082826667 wall_seconds=0.083003083 seconds_per_dispatch=0.005176666673 gbps=138.150985
LEG shape=head.lm_head rep=0 position=30 arm=m6_ipg4 m=6 ipg=4 groups=2 inner=16 gpu_seconds=0.089988625 wall_seconds=0.090159958 seconds_per_dispatch=0.005624289057 gbps=254.311822
LEG shape=head.lm_head rep=0 position=31 arm=m6_ipg3 m=6 ipg=3 groups=2 inner=16 gpu_seconds=0.090155042 wall_seconds=0.090344875 seconds_per_dispatch=0.005634690111 gbps=253.842389
LEG shape=head.lm_head rep=0 position=32 arm=m6_ipg2 m=6 ipg=2 groups=3 inner=16 gpu_seconds=0.117759458 wall_seconds=0.117951083 seconds_per_dispatch=0.007359966141 gbps=291.507428
LEG shape=head.lm_head rep=0 position=33 arm=m5_ipg5 m=5 ipg=5 groups=1 inner=16 gpu_seconds=0.063950542 wall_seconds=0.064137833 seconds_per_dispatch=0.003996908854 gbps=178.928674
LEG shape=head.lm_head rep=0 position=34 arm=m5_ipg3 m=5 ipg=3 groups=2 inner=16 gpu_seconds=0.083871375 wall_seconds=0.084066208 seconds_per_dispatch=0.005241960942 gbps=272.860331
LEG shape=head.lm_head rep=0 position=35 arm=m4_ipg4 m=4 ipg=4 groups=1 inner=16 gpu_seconds=0.053680000 wall_seconds=0.053860125 seconds_per_dispatch=0.003354999993 gbps=213.162921
LEG shape=head.lm_head rep=0 position=36 arm=m4_ipg2 m=4 ipg=2 groups=2 inner=16 gpu_seconds=0.078588792 wall_seconds=0.078773167 seconds_per_dispatch=0.004911799479 gbps=291.201464
LEG shape=head.lm_head rep=0 position=37 arm=m3_ipg3 m=3 ipg=3 groups=1 inner=16 gpu_seconds=0.046069667 wall_seconds=0.046255125 seconds_per_dispatch=0.002879354171 gbps=248.375697
LEG shape=head.lm_head rep=1 position=0 arm=m3_ipg3 m=3 ipg=3 groups=1 inner=16 gpu_seconds=0.046137875 wall_seconds=0.046326167 seconds_per_dispatch=0.002883617184 gbps=248.008510
LEG shape=head.lm_head rep=1 position=1 arm=m4_ipg2 m=4 ipg=2 groups=2 inner=16 gpu_seconds=0.078576333 wall_seconds=0.078764708 seconds_per_dispatch=0.004911020835 gbps=291.247634
LEG shape=head.lm_head rep=1 position=2 arm=m4_ipg4 m=4 ipg=4 groups=1 inner=16 gpu_seconds=0.053666625 wall_seconds=0.053862167 seconds_per_dispatch=0.003354164059 gbps=213.216047
LEG shape=head.lm_head rep=1 position=3 arm=m5_ipg3 m=5 ipg=3 groups=2 inner=16 gpu_seconds=0.083831167 wall_seconds=0.084024500 seconds_per_dispatch=0.005239447913 gbps=272.991205
LEG shape=head.lm_head rep=1 position=4 arm=m5_ipg5 m=5 ipg=5 groups=1 inner=16 gpu_seconds=0.063966375 wall_seconds=0.064167250 seconds_per_dispatch=0.003997898442 gbps=178.884384
LEG shape=head.lm_head rep=1 position=5 arm=m6_ipg2 m=6 ipg=2 groups=3 inner=16 gpu_seconds=0.117719042 wall_seconds=0.117910042 seconds_per_dispatch=0.007357440118 gbps=291.607511
LEG shape=head.lm_head rep=1 position=6 arm=m6_ipg3 m=6 ipg=3 groups=2 inner=16 gpu_seconds=0.090155542 wall_seconds=0.090354125 seconds_per_dispatch=0.005634721354 gbps=253.840982
LEG shape=head.lm_head rep=1 position=7 arm=m6_ipg4 m=6 ipg=4 groups=2 inner=16 gpu_seconds=0.089936750 wall_seconds=0.090117833 seconds_per_dispatch=0.005621046876 gbps=254.458508
LEG shape=head.lm_head rep=1 position=8 arm=m6_ipg6 m=6 ipg=6 groups=1 inner=16 gpu_seconds=0.082834042 wall_seconds=0.083026042 seconds_per_dispatch=0.005177127605 gbps=138.138685
LEG shape=head.lm_head rep=1 position=9 arm=m7_ipg4 m=7 ipg=4 groups=2 inner=16 gpu_seconds=0.098016458 wall_seconds=0.098203417 seconds_per_dispatch=0.006126028646 gbps=233.482943
LEG shape=head.lm_head rep=1 position=10 arm=m7_ipg5 m=7 ipg=5 groups=2 inner=16 gpu_seconds=0.098365208 wall_seconds=0.098559917 seconds_per_dispatch=0.006147825523 gbps=232.655139
LEG shape=head.lm_head rep=1 position=11 arm=m8_ipg2 m=8 ipg=2 groups=4 inner=16 gpu_seconds=0.156957250 wall_seconds=0.157144750 seconds_per_dispatch=0.009809828131 gbps=291.610247
LEG shape=head.lm_head rep=1 position=12 arm=m8_ipg3 m=8 ipg=3 groups=3 inner=16 gpu_seconds=0.128915750 wall_seconds=0.129112875 seconds_per_dispatch=0.008057234387 gbps=266.280550
LEG shape=head.lm_head rep=1 position=13 arm=m8_ipg4 m=8 ipg=4 groups=2 inner=16 gpu_seconds=0.106299042 wall_seconds=0.106498500 seconds_per_dispatch=0.006643690111 gbps=215.290475
LEG shape=head.lm_head rep=1 position=14 arm=m8_ipg5 m=8 ipg=5 groups=2 inner=16 gpu_seconds=0.107462750 wall_seconds=0.107651042 seconds_per_dispatch=0.006716421878 gbps=212.959106
LEG shape=head.lm_head rep=1 position=15 arm=m8_ipg6 m=8 ipg=6 groups=2 inner=16 gpu_seconds=0.114745875 wall_seconds=0.114997458 seconds_per_dispatch=0.007171617195 gbps=199.442212
LEG shape=head.lm_head rep=1 position=16 arm=m9_ipg3 m=9 ipg=3 groups=3 inner=16 gpu_seconds=0.136452542 wall_seconds=0.136649583 seconds_per_dispatch=0.008528283855 gbps=251.572865
LEG shape=head.lm_head rep=1 position=17 arm=m9_ipg5 m=9 ipg=5 groups=2 inner=16 gpu_seconds=0.117512125 wall_seconds=0.117675125 seconds_per_dispatch=0.007344507816 gbps=194.747318
LEG shape=head.lm_head rep=1 position=18 arm=m9_ipg6 m=9 ipg=6 groups=2 inner=16 gpu_seconds=0.125586250 wall_seconds=0.125760417 seconds_per_dispatch=0.007849140617 gbps=182.226726
LEG shape=head.lm_head rep=1 position=19 arm=m9_ipg6 m=9 ipg=6 groups=2 inner=16 gpu_seconds=0.125634833 wall_seconds=0.125826375 seconds_per_dispatch=0.007852177077 gbps=182.156259
LEG shape=head.lm_head rep=1 position=20 arm=m9_ipg5 m=9 ipg=5 groups=2 inner=16 gpu_seconds=0.117525625 wall_seconds=0.117724042 seconds_per_dispatch=0.007345351565 gbps=194.724948
LEG shape=head.lm_head rep=1 position=21 arm=m9_ipg3 m=9 ipg=3 groups=3 inner=16 gpu_seconds=0.136405500 wall_seconds=0.136606625 seconds_per_dispatch=0.008525343757 gbps=251.659623
LEG shape=head.lm_head rep=1 position=22 arm=m8_ipg6 m=8 ipg=6 groups=2 inner=16 gpu_seconds=0.114706250 wall_seconds=0.114894417 seconds_per_dispatch=0.007169140619 gbps=199.511110
LEG shape=head.lm_head rep=1 position=23 arm=m8_ipg5 m=8 ipg=5 groups=2 inner=16 gpu_seconds=0.107456250 wall_seconds=0.107655375 seconds_per_dispatch=0.006716015632 gbps=212.971988
LEG shape=head.lm_head rep=1 position=24 arm=m8_ipg4 m=8 ipg=4 groups=2 inner=16 gpu_seconds=0.106370708 wall_seconds=0.106575583 seconds_per_dispatch=0.006648169277 gbps=215.145424
LEG shape=head.lm_head rep=1 position=25 arm=m8_ipg3 m=8 ipg=3 groups=3 inner=16 gpu_seconds=0.128882292 wall_seconds=0.129068583 seconds_per_dispatch=0.008055143233 gbps=266.349677
LEG shape=head.lm_head rep=1 position=26 arm=m8_ipg2 m=8 ipg=2 groups=4 inner=16 gpu_seconds=0.157023500 wall_seconds=0.157211667 seconds_per_dispatch=0.009813968747 gbps=291.487213
LEG shape=head.lm_head rep=1 position=27 arm=m7_ipg5 m=7 ipg=5 groups=2 inner=16 gpu_seconds=0.098344208 wall_seconds=0.098537542 seconds_per_dispatch=0.006146513027 gbps=232.704819
LEG shape=head.lm_head rep=1 position=28 arm=m7_ipg4 m=7 ipg=4 groups=2 inner=16 gpu_seconds=0.097976292 wall_seconds=0.098165917 seconds_per_dispatch=0.006123518237 gbps=233.578663
LEG shape=head.lm_head rep=1 position=29 arm=m6_ipg6 m=6 ipg=6 groups=1 inner=16 gpu_seconds=0.082787750 wall_seconds=0.082970833 seconds_per_dispatch=0.005174234364 gbps=138.215927
LEG shape=head.lm_head rep=1 position=30 arm=m6_ipg4 m=6 ipg=4 groups=2 inner=16 gpu_seconds=0.089937208 wall_seconds=0.090133333 seconds_per_dispatch=0.005621075514 gbps=254.457211
LEG shape=head.lm_head rep=1 position=31 arm=m6_ipg3 m=6 ipg=3 groups=2 inner=16 gpu_seconds=0.090168875 wall_seconds=0.090372833 seconds_per_dispatch=0.005635554684 gbps=253.803446
LEG shape=head.lm_head rep=1 position=32 arm=m6_ipg2 m=6 ipg=2 groups=3 inner=16 gpu_seconds=0.117716625 wall_seconds=0.117909500 seconds_per_dispatch=0.007357289054 gbps=291.613498
LEG shape=head.lm_head rep=1 position=33 arm=m5_ipg5 m=5 ipg=5 groups=1 inner=16 gpu_seconds=0.063975542 wall_seconds=0.064167833 seconds_per_dispatch=0.003998471351 gbps=178.858753
LEG shape=head.lm_head rep=1 position=34 arm=m5_ipg3 m=5 ipg=3 groups=2 inner=16 gpu_seconds=0.083824708 wall_seconds=0.084014125 seconds_per_dispatch=0.005239044272 gbps=273.012238
LEG shape=head.lm_head rep=1 position=35 arm=m4_ipg4 m=4 ipg=4 groups=1 inner=16 gpu_seconds=0.053687250 wall_seconds=0.053878042 seconds_per_dispatch=0.003355453126 gbps=213.134135
LEG shape=head.lm_head rep=1 position=36 arm=m4_ipg2 m=4 ipg=2 groups=2 inner=16 gpu_seconds=0.078579125 wall_seconds=0.078776083 seconds_per_dispatch=0.004911195312 gbps=291.237287
LEG shape=head.lm_head rep=1 position=37 arm=m3_ipg3 m=3 ipg=3 groups=1 inner=16 gpu_seconds=0.046137000 wall_seconds=0.046332833 seconds_per_dispatch=0.002883562498 gbps=248.013213
LEG shape=head.lm_head rep=2 position=0 arm=m3_ipg3 m=3 ipg=3 groups=1 inner=16 gpu_seconds=0.046200125 wall_seconds=0.046388542 seconds_per_dispatch=0.002887507813 gbps=247.674343
LEG shape=head.lm_head rep=2 position=1 arm=m4_ipg2 m=4 ipg=2 groups=2 inner=16 gpu_seconds=0.078581500 wall_seconds=0.078764792 seconds_per_dispatch=0.004911343756 gbps=291.228485
LEG shape=head.lm_head rep=2 position=2 arm=m4_ipg4 m=4 ipg=4 groups=1 inner=16 gpu_seconds=0.053700500 wall_seconds=0.053880042 seconds_per_dispatch=0.003356281246 gbps=213.081547
LEG shape=head.lm_head rep=2 position=3 arm=m5_ipg3 m=5 ipg=3 groups=2 inner=16 gpu_seconds=0.083841125 wall_seconds=0.084012417 seconds_per_dispatch=0.005240070313 gbps=272.958780
LEG shape=head.lm_head rep=2 position=4 arm=m5_ipg5 m=5 ipg=5 groups=1 inner=16 gpu_seconds=0.063965500 wall_seconds=0.064134792 seconds_per_dispatch=0.003997843742 gbps=178.886832
LEG shape=head.lm_head rep=2 position=5 arm=m6_ipg2 m=6 ipg=2 groups=3 inner=16 gpu_seconds=0.117722500 wall_seconds=0.117915125 seconds_per_dispatch=0.007357656243 gbps=291.598945
LEG shape=head.lm_head rep=2 position=6 arm=m6_ipg3 m=6 ipg=3 groups=2 inner=16 gpu_seconds=0.090153500 wall_seconds=0.090354333 seconds_per_dispatch=0.005634593748 gbps=253.846730
LEG shape=head.lm_head rep=2 position=7 arm=m6_ipg4 m=6 ipg=4 groups=2 inner=16 gpu_seconds=0.089939417 wall_seconds=0.090134042 seconds_per_dispatch=0.005621213539 gbps=254.450963
LEG shape=head.lm_head rep=2 position=8 arm=m6_ipg6 m=6 ipg=6 groups=1 inner=16 gpu_seconds=0.082861500 wall_seconds=0.083038125 seconds_per_dispatch=0.005178843741 gbps=138.092909
LEG shape=head.lm_head rep=2 position=9 arm=m7_ipg4 m=7 ipg=4 groups=2 inner=16 gpu_seconds=0.097974542 wall_seconds=0.098180875 seconds_per_dispatch=0.006123408850 gbps=233.582835
LEG shape=head.lm_head rep=2 position=10 arm=m7_ipg5 m=7 ipg=5 groups=2 inner=16 gpu_seconds=0.098353875 wall_seconds=0.098543083 seconds_per_dispatch=0.006147117179 gbps=232.681948
LEG shape=head.lm_head rep=2 position=11 arm=m8_ipg2 m=8 ipg=2 groups=4 inner=16 gpu_seconds=0.156985625 wall_seconds=0.157166750 seconds_per_dispatch=0.009811601572 gbps=291.557538
LEG shape=head.lm_head rep=2 position=12 arm=m8_ipg3 m=8 ipg=3 groups=3 inner=16 gpu_seconds=0.128935167 wall_seconds=0.129132750 seconds_per_dispatch=0.008058447915 gbps=266.240450
LEG shape=head.lm_head rep=2 position=13 arm=m8_ipg4 m=8 ipg=4 groups=2 inner=16 gpu_seconds=0.106314125 wall_seconds=0.106507917 seconds_per_dispatch=0.006644632813 gbps=215.259931
LEG shape=head.lm_head rep=2 position=14 arm=m8_ipg5 m=8 ipg=5 groups=2 inner=16 gpu_seconds=0.107460750 wall_seconds=0.107661792 seconds_per_dispatch=0.006716296877 gbps=212.963070
LEG shape=head.lm_head rep=2 position=15 arm=m8_ipg6 m=8 ipg=6 groups=2 inner=16 gpu_seconds=0.114754375 wall_seconds=0.114937792 seconds_per_dispatch=0.007172148442 gbps=199.427440
LEG shape=head.lm_head rep=2 position=16 arm=m9_ipg3 m=9 ipg=3 groups=3 inner=16 gpu_seconds=0.136522708 wall_seconds=0.136711792 seconds_per_dispatch=0.008532669279 gbps=251.443567
LEG shape=head.lm_head rep=2 position=17 arm=m9_ipg5 m=9 ipg=5 groups=2 inner=16 gpu_seconds=0.117520500 wall_seconds=0.117709042 seconds_per_dispatch=0.007345031248 gbps=194.733440
LEG shape=head.lm_head rep=2 position=18 arm=m9_ipg6 m=9 ipg=6 groups=2 inner=16 gpu_seconds=0.125695542 wall_seconds=0.125892417 seconds_per_dispatch=0.007855971358 gbps=182.068281
LEG shape=head.lm_head rep=2 position=19 arm=m9_ipg6 m=9 ipg=6 groups=2 inner=16 gpu_seconds=0.125613542 wall_seconds=0.125807167 seconds_per_dispatch=0.007850846363 gbps=182.187134
LEG shape=head.lm_head rep=2 position=20 arm=m9_ipg5 m=9 ipg=5 groups=2 inner=16 gpu_seconds=0.117552833 wall_seconds=0.117726375 seconds_per_dispatch=0.007347052087 gbps=194.679877
LEG shape=head.lm_head rep=2 position=21 arm=m9_ipg3 m=9 ipg=3 groups=3 inner=16 gpu_seconds=0.136431708 wall_seconds=0.136624708 seconds_per_dispatch=0.008526981765 gbps=251.611280
LEG shape=head.lm_head rep=2 position=22 arm=m8_ipg6 m=8 ipg=6 groups=2 inner=16 gpu_seconds=0.114755042 wall_seconds=0.114948417 seconds_per_dispatch=0.007172190104 gbps=199.426281
LEG shape=head.lm_head rep=2 position=23 arm=m8_ipg5 m=8 ipg=5 groups=2 inner=16 gpu_seconds=0.107471292 wall_seconds=0.107664958 seconds_per_dispatch=0.006716955730 gbps=212.942181
LEG shape=head.lm_head rep=2 position=24 arm=m8_ipg4 m=8 ipg=4 groups=2 inner=16 gpu_seconds=0.106305000 wall_seconds=0.106477958 seconds_per_dispatch=0.006644062509 gbps=215.278408
LEG shape=head.lm_head rep=2 position=25 arm=m8_ipg3 m=8 ipg=3 groups=3 inner=16 gpu_seconds=0.128869667 wall_seconds=0.129056000 seconds_per_dispatch=0.008054354170 gbps=266.375771
LEG shape=head.lm_head rep=2 position=26 arm=m8_ipg2 m=8 ipg=2 groups=4 inner=16 gpu_seconds=0.156954417 wall_seconds=0.157154500 seconds_per_dispatch=0.009809651048 gbps=291.615511
LEG shape=head.lm_head rep=2 position=27 arm=m7_ipg5 m=7 ipg=5 groups=2 inner=16 gpu_seconds=0.098373208 wall_seconds=0.098536250 seconds_per_dispatch=0.006148325512 gbps=232.636219
LEG shape=head.lm_head rep=2 position=28 arm=m7_ipg4 m=7 ipg=4 groups=2 inner=16 gpu_seconds=0.097977375 wall_seconds=0.098154917 seconds_per_dispatch=0.006123585947 gbps=233.576080
LEG shape=head.lm_head rep=2 position=29 arm=m6_ipg6 m=6 ipg=6 groups=1 inner=16 gpu_seconds=0.082821083 wall_seconds=0.082969292 seconds_per_dispatch=0.005176317703 gbps=138.160299
LEG shape=head.lm_head rep=2 position=30 arm=m6_ipg4 m=6 ipg=4 groups=2 inner=16 gpu_seconds=0.089919292 wall_seconds=0.090083458 seconds_per_dispatch=0.005619955729 gbps=254.507912
LEG shape=head.lm_head rep=2 position=31 arm=m6_ipg3 m=6 ipg=3 groups=2 inner=16 gpu_seconds=0.090152583 wall_seconds=0.090366125 seconds_per_dispatch=0.005634536457 gbps=253.849311
LEG shape=head.lm_head rep=2 position=32 arm=m6_ipg2 m=6 ipg=2 groups=3 inner=16 gpu_seconds=0.117714083 wall_seconds=0.117931500 seconds_per_dispatch=0.007357130205 gbps=291.619795
LEG shape=head.lm_head rep=2 position=33 arm=m5_ipg5 m=5 ipg=5 groups=1 inner=16 gpu_seconds=0.063974542 wall_seconds=0.064156625 seconds_per_dispatch=0.003998408851 gbps=178.861549
LEG shape=head.lm_head rep=2 position=34 arm=m5_ipg3 m=5 ipg=3 groups=2 inner=16 gpu_seconds=0.083826375 wall_seconds=0.084016917 seconds_per_dispatch=0.005239148435 gbps=273.006810
LEG shape=head.lm_head rep=2 position=35 arm=m4_ipg4 m=4 ipg=4 groups=1 inner=16 gpu_seconds=0.053681167 wall_seconds=0.053863875 seconds_per_dispatch=0.003355072913 gbps=213.158289
LEG shape=head.lm_head rep=2 position=36 arm=m4_ipg2 m=4 ipg=2 groups=2 inner=16 gpu_seconds=0.078595500 wall_seconds=0.078764250 seconds_per_dispatch=0.004912218748 gbps=291.176609
LEG shape=head.lm_head rep=2 position=37 arm=m3_ipg3 m=3 ipg=3 groups=1 inner=16 gpu_seconds=0.046240958 wall_seconds=0.046426458 seconds_per_dispatch=0.002890059899 gbps=247.455632
LEG shape=head.lm_head rep=3 position=0 arm=m3_ipg3 m=3 ipg=3 groups=1 inner=16 gpu_seconds=0.046223125 wall_seconds=0.046410208 seconds_per_dispatch=0.002888945310 gbps=247.551104
LEG shape=head.lm_head rep=3 position=1 arm=m4_ipg2 m=4 ipg=2 groups=2 inner=16 gpu_seconds=0.078593250 wall_seconds=0.078786833 seconds_per_dispatch=0.004912078133 gbps=291.184945
LEG shape=head.lm_head rep=3 position=2 arm=m4_ipg4 m=4 ipg=4 groups=1 inner=16 gpu_seconds=0.053674000 wall_seconds=0.053864792 seconds_per_dispatch=0.003354624991 gbps=213.186750
LEG shape=head.lm_head rep=3 position=3 arm=m5_ipg3 m=5 ipg=3 groups=2 inner=16 gpu_seconds=0.083835500 wall_seconds=0.084064625 seconds_per_dispatch=0.005239718739 gbps=272.977095
LEG shape=head.lm_head rep=3 position=4 arm=m5_ipg5 m=5 ipg=5 groups=1 inner=16 gpu_seconds=0.063934750 wall_seconds=0.064107583 seconds_per_dispatch=0.003995921870 gbps=178.972869
LEG shape=head.lm_head rep=3 position=5 arm=m6_ipg2 m=6 ipg=2 groups=3 inner=16 gpu_seconds=0.117789125 wall_seconds=0.117975708 seconds_per_dispatch=0.007361820302 gbps=291.434008
LEG shape=head.lm_head rep=3 position=6 arm=m6_ipg3 m=6 ipg=3 groups=2 inner=16 gpu_seconds=0.090176417 wall_seconds=0.090370417 seconds_per_dispatch=0.005636026050 gbps=253.782219
LEG shape=head.lm_head rep=3 position=7 arm=m6_ipg4 m=6 ipg=4 groups=2 inner=16 gpu_seconds=0.089931833 wall_seconds=0.090139333 seconds_per_dispatch=0.005620739583 gbps=254.472419
LEG shape=head.lm_head rep=3 position=8 arm=m6_ipg6 m=6 ipg=6 groups=1 inner=16 gpu_seconds=0.082841250 wall_seconds=0.083023500 seconds_per_dispatch=0.005177578132 gbps=138.126665
LEG shape=head.lm_head rep=3 position=9 arm=m7_ipg4 m=7 ipg=4 groups=2 inner=16 gpu_seconds=0.097952500 wall_seconds=0.098150375 seconds_per_dispatch=0.006122031264 gbps=233.635396
LEG shape=head.lm_head rep=3 position=10 arm=m7_ipg5 m=7 ipg=5 groups=2 inner=16 gpu_seconds=0.098370750 wall_seconds=0.098551375 seconds_per_dispatch=0.006148171873 gbps=232.642032
LEG shape=head.lm_head rep=3 position=11 arm=m8_ipg2 m=8 ipg=2 groups=4 inner=16 gpu_seconds=0.156920708 wall_seconds=0.157102333 seconds_per_dispatch=0.009807544266 gbps=291.678153
LEG shape=head.lm_head rep=3 position=12 arm=m8_ipg3 m=8 ipg=3 groups=3 inner=16 gpu_seconds=0.128878208 wall_seconds=0.129050417 seconds_per_dispatch=0.008054888021 gbps=266.358116
LEG shape=head.lm_head rep=3 position=13 arm=m8_ipg4 m=8 ipg=4 groups=2 inner=16 gpu_seconds=0.106338958 wall_seconds=0.106529083 seconds_per_dispatch=0.006646184906 gbps=215.209661
LEG shape=head.lm_head rep=3 position=14 arm=m8_ipg5 m=8 ipg=5 groups=2 inner=16 gpu_seconds=0.107475875 wall_seconds=0.107667125 seconds_per_dispatch=0.006717242184 gbps=212.933100
LEG shape=head.lm_head rep=3 position=15 arm=m8_ipg6 m=8 ipg=6 groups=2 inner=16 gpu_seconds=0.114715875 wall_seconds=0.114899458 seconds_per_dispatch=0.007169742195 gbps=199.494370
LEG shape=head.lm_head rep=3 position=16 arm=m9_ipg3 m=9 ipg=3 groups=3 inner=16 gpu_seconds=0.136431667 wall_seconds=0.136623250 seconds_per_dispatch=0.008526979174 gbps=251.611357
LEG shape=head.lm_head rep=3 position=17 arm=m9_ipg5 m=9 ipg=5 groups=2 inner=16 gpu_seconds=0.117514375 wall_seconds=0.117700500 seconds_per_dispatch=0.007344648446 gbps=194.743589
LEG shape=head.lm_head rep=3 position=18 arm=m9_ipg6 m=9 ipg=6 groups=2 inner=16 gpu_seconds=0.125576500 wall_seconds=0.125754500 seconds_per_dispatch=0.007848531255 gbps=182.240875
LEG shape=head.lm_head rep=3 position=19 arm=m9_ipg6 m=9 ipg=6 groups=2 inner=16 gpu_seconds=0.125589125 wall_seconds=0.125773083 seconds_per_dispatch=0.007849320304 gbps=182.222555
LEG shape=head.lm_head rep=3 position=20 arm=m9_ipg5 m=9 ipg=5 groups=2 inner=16 gpu_seconds=0.117553167 wall_seconds=0.117727542 seconds_per_dispatch=0.007347072926 gbps=194.679325
LEG shape=head.lm_head rep=3 position=21 arm=m9_ipg3 m=9 ipg=3 groups=3 inner=16 gpu_seconds=0.136426250 wall_seconds=0.136608458 seconds_per_dispatch=0.008526640624 gbps=251.621347
LEG shape=head.lm_head rep=3 position=22 arm=m8_ipg6 m=8 ipg=6 groups=2 inner=16 gpu_seconds=0.114719958 wall_seconds=0.114898250 seconds_per_dispatch=0.007169997392 gbps=199.487269
LEG shape=head.lm_head rep=3 position=23 arm=m8_ipg5 m=8 ipg=5 groups=2 inner=16 gpu_seconds=0.107487500 wall_seconds=0.107671500 seconds_per_dispatch=0.006717968747 gbps=212.910071
LEG shape=head.lm_head rep=3 position=24 arm=m8_ipg4 m=8 ipg=4 groups=2 inner=16 gpu_seconds=0.106292667 wall_seconds=0.106487917 seconds_per_dispatch=0.006643291665 gbps=215.303388
LEG shape=head.lm_head rep=3 position=25 arm=m8_ipg3 m=8 ipg=3 groups=3 inner=16 gpu_seconds=0.128893083 wall_seconds=0.129088792 seconds_per_dispatch=0.008055817714 gbps=266.327377
LEG shape=head.lm_head rep=3 position=26 arm=m8_ipg2 m=8 ipg=2 groups=4 inner=16 gpu_seconds=0.157054583 wall_seconds=0.157238458 seconds_per_dispatch=0.009815911457 gbps=291.429524
LEG shape=head.lm_head rep=3 position=27 arm=m7_ipg5 m=7 ipg=5 groups=2 inner=16 gpu_seconds=0.098386792 wall_seconds=0.098572167 seconds_per_dispatch=0.006149174485 gbps=232.604100
LEG shape=head.lm_head rep=3 position=28 arm=m7_ipg4 m=7 ipg=4 groups=2 inner=16 gpu_seconds=0.097937000 wall_seconds=0.098134792 seconds_per_dispatch=0.006121062499 gbps=233.672373
LEG shape=head.lm_head rep=3 position=29 arm=m6_ipg6 m=6 ipg=6 groups=1 inner=16 gpu_seconds=0.082806667 wall_seconds=0.082978792 seconds_per_dispatch=0.005175416678 gbps=138.184352
LEG shape=head.lm_head rep=3 position=30 arm=m6_ipg4 m=6 ipg=4 groups=2 inner=16 gpu_seconds=0.089996250 wall_seconds=0.090175125 seconds_per_dispatch=0.005624765618 gbps=254.290276
LEG shape=head.lm_head rep=3 position=31 arm=m6_ipg3 m=6 ipg=3 groups=2 inner=16 gpu_seconds=0.090145875 wall_seconds=0.090328458 seconds_per_dispatch=0.005634117188 gbps=253.868202
LEG shape=head.lm_head rep=3 position=32 arm=m6_ipg2 m=6 ipg=2 groups=3 inner=16 gpu_seconds=0.117719750 wall_seconds=0.117944667 seconds_per_dispatch=0.007357484370 gbps=291.605757
LEG shape=head.lm_head rep=3 position=33 arm=m5_ipg5 m=5 ipg=5 groups=1 inner=16 gpu_seconds=0.063945375 wall_seconds=0.064129167 seconds_per_dispatch=0.003996585932 gbps=178.943131
LEG shape=head.lm_head rep=3 position=34 arm=m5_ipg3 m=5 ipg=3 groups=2 inner=16 gpu_seconds=0.083829625 wall_seconds=0.084030125 seconds_per_dispatch=0.005239351551 gbps=272.996226
LEG shape=head.lm_head rep=3 position=35 arm=m4_ipg4 m=4 ipg=4 groups=1 inner=16 gpu_seconds=0.053676250 wall_seconds=0.053865417 seconds_per_dispatch=0.003354765620 gbps=213.177814
LEG shape=head.lm_head rep=3 position=36 arm=m4_ipg2 m=4 ipg=2 groups=2 inner=16 gpu_seconds=0.078578208 wall_seconds=0.078759833 seconds_per_dispatch=0.004911138021 gbps=291.240685
LEG shape=head.lm_head rep=3 position=37 arm=m3_ipg3 m=3 ipg=3 groups=1 inner=16 gpu_seconds=0.046121333 wall_seconds=0.046313083 seconds_per_dispatch=0.002882583329 gbps=248.097459
LEG shape=head.lm_head rep=4 position=0 arm=m3_ipg3 m=3 ipg=3 groups=1 inner=16 gpu_seconds=0.046091250 wall_seconds=0.046278208 seconds_per_dispatch=0.002880703119 gbps=248.259390
LEG shape=head.lm_head rep=4 position=1 arm=m4_ipg2 m=4 ipg=2 groups=2 inner=16 gpu_seconds=0.078606208 wall_seconds=0.078793583 seconds_per_dispatch=0.004912888020 gbps=291.136943
LEG shape=head.lm_head rep=4 position=2 arm=m4_ipg4 m=4 ipg=4 groups=1 inner=16 gpu_seconds=0.053690500 wall_seconds=0.053882708 seconds_per_dispatch=0.003355656256 gbps=213.121233
LEG shape=head.lm_head rep=4 position=3 arm=m5_ipg3 m=5 ipg=3 groups=2 inner=16 gpu_seconds=0.083942250 wall_seconds=0.084113625 seconds_per_dispatch=0.005246390632 gbps=272.629947
LEG shape=head.lm_head rep=4 position=4 arm=m5_ipg5 m=5 ipg=5 groups=1 inner=16 gpu_seconds=0.064002250 wall_seconds=0.064187917 seconds_per_dispatch=0.004000140631 gbps=178.784114
LEG shape=head.lm_head rep=4 position=5 arm=m6_ipg2 m=6 ipg=2 groups=3 inner=16 gpu_seconds=0.117706500 wall_seconds=0.117897917 seconds_per_dispatch=0.007356656250 gbps=291.638582
LEG shape=head.lm_head rep=4 position=6 arm=m6_ipg3 m=6 ipg=3 groups=2 inner=16 gpu_seconds=0.090838417 wall_seconds=0.091017000 seconds_per_dispatch=0.005677401045 gbps=251.932740
LEG shape=head.lm_head rep=4 position=7 arm=m6_ipg4 m=6 ipg=4 groups=2 inner=16 gpu_seconds=0.090466375 wall_seconds=0.090645208 seconds_per_dispatch=0.005654148437 gbps=252.968810
LEG shape=head.lm_head rep=4 position=8 arm=m6_ipg6 m=6 ipg=6 groups=1 inner=16 gpu_seconds=0.083394875 wall_seconds=0.083582708 seconds_per_dispatch=0.005212179691 gbps=137.209698
LEG shape=head.lm_head rep=4 position=9 arm=m7_ipg4 m=7 ipg=4 groups=2 inner=16 gpu_seconds=0.098762292 wall_seconds=0.098939625 seconds_per_dispatch=0.006172643232 gbps=231.719726
LEG shape=head.lm_head rep=4 position=10 arm=m7_ipg5 m=7 ipg=5 groups=2 inner=16 gpu_seconds=0.099173375 wall_seconds=0.099336333 seconds_per_dispatch=0.006198335934 gbps=230.759226
LEG shape=head.lm_head rep=4 position=11 arm=m8_ipg2 m=8 ipg=2 groups=4 inner=16 gpu_seconds=0.158203458 wall_seconds=0.158405375 seconds_per_dispatch=0.009887716136 gbps=289.313160
LEG shape=head.lm_head rep=4 position=12 arm=m8_ipg3 m=8 ipg=3 groups=3 inner=16 gpu_seconds=0.130088875 wall_seconds=0.130269375 seconds_per_dispatch=0.008130554692 gbps=263.879265
LEG shape=head.lm_head rep=4 position=13 arm=m8_ipg4 m=8 ipg=4 groups=2 inner=16 gpu_seconds=0.106934458 wall_seconds=0.107116083 seconds_per_dispatch=0.006683403655 gbps=214.011195
LEG shape=head.lm_head rep=4 position=14 arm=m8_ipg5 m=8 ipg=5 groups=2 inner=16 gpu_seconds=0.108344875 wall_seconds=0.108545333 seconds_per_dispatch=0.006771554690 gbps=211.225230
LEG shape=head.lm_head rep=4 position=15 arm=m8_ipg6 m=8 ipg=6 groups=2 inner=16 gpu_seconds=0.115553500 wall_seconds=0.115739167 seconds_per_dispatch=0.007222093758 gbps=198.048274
LEG shape=head.lm_head rep=4 position=16 arm=m9_ipg3 m=9 ipg=3 groups=3 inner=16 gpu_seconds=0.137506792 wall_seconds=0.137702583 seconds_per_dispatch=0.008594174476 gbps=249.644082
LEG shape=head.lm_head rep=4 position=17 arm=m9_ipg5 m=9 ipg=5 groups=2 inner=16 gpu_seconds=0.118124250 wall_seconds=0.118310792 seconds_per_dispatch=0.007382765616 gbps=193.738129
LEG shape=head.lm_head rep=4 position=18 arm=m9_ipg6 m=9 ipg=6 groups=2 inner=16 gpu_seconds=0.126416917 wall_seconds=0.126615833 seconds_per_dispatch=0.007901057295 gbps=181.029342
LEG shape=head.lm_head rep=4 position=19 arm=m9_ipg6 m=9 ipg=6 groups=2 inner=16 gpu_seconds=0.126187042 wall_seconds=0.126365583 seconds_per_dispatch=0.007886690102 gbps=181.359123
LEG shape=head.lm_head rep=4 position=20 arm=m9_ipg5 m=9 ipg=5 groups=2 inner=16 gpu_seconds=0.118176500 wall_seconds=0.118371125 seconds_per_dispatch=0.007386031240 gbps=193.652471
LEG shape=head.lm_head rep=4 position=21 arm=m9_ipg3 m=9 ipg=3 groups=3 inner=16 gpu_seconds=0.136973500 wall_seconds=0.137144792 seconds_per_dispatch=0.008560843751 gbps=250.616045
LEG shape=head.lm_head rep=4 position=22 arm=m8_ipg6 m=8 ipg=6 groups=2 inner=16 gpu_seconds=0.115351750 wall_seconds=0.115540083 seconds_per_dispatch=0.007209484378 gbps=198.394660
LEG shape=head.lm_head rep=4 position=23 arm=m8_ipg5 m=8 ipg=5 groups=2 inner=16 gpu_seconds=0.107478500 wall_seconds=0.107667792 seconds_per_dispatch=0.006717406242 gbps=212.927899
LEG shape=head.lm_head rep=4 position=24 arm=m8_ipg4 m=8 ipg=4 groups=2 inner=16 gpu_seconds=0.106308792 wall_seconds=0.106478667 seconds_per_dispatch=0.006644299487 gbps=215.270730
LEG shape=head.lm_head rep=4 position=25 arm=m8_ipg3 m=8 ipg=3 groups=3 inner=16 gpu_seconds=0.128862333 wall_seconds=0.129057583 seconds_per_dispatch=0.008053895828 gbps=266.390930
LEG shape=head.lm_head rep=4 position=26 arm=m8_ipg2 m=8 ipg=2 groups=4 inner=16 gpu_seconds=0.156955083 wall_seconds=0.157148250 seconds_per_dispatch=0.009809692710 gbps=291.614272
LEG shape=head.lm_head rep=4 position=27 arm=m7_ipg5 m=7 ipg=5 groups=2 inner=16 gpu_seconds=0.098333583 wall_seconds=0.098518333 seconds_per_dispatch=0.006145848951 gbps=232.729963
LEG shape=head.lm_head rep=4 position=28 arm=m7_ipg4 m=7 ipg=4 groups=2 inner=16 gpu_seconds=0.097948625 wall_seconds=0.098124458 seconds_per_dispatch=0.006121789062 gbps=233.644640
LEG shape=head.lm_head rep=4 position=29 arm=m6_ipg6 m=6 ipg=6 groups=1 inner=16 gpu_seconds=0.082816125 wall_seconds=0.082998042 seconds_per_dispatch=0.005176007820 gbps=138.168570
LEG shape=head.lm_head rep=4 position=30 arm=m6_ipg4 m=6 ipg=4 groups=2 inner=16 gpu_seconds=0.089952250 wall_seconds=0.090189292 seconds_per_dispatch=0.005622015626 gbps=254.414661
LEG shape=head.lm_head rep=4 position=31 arm=m6_ipg3 m=6 ipg=3 groups=2 inner=16 gpu_seconds=0.090160833 wall_seconds=0.090342375 seconds_per_dispatch=0.005635052090 gbps=253.826083
LEG shape=head.lm_head rep=4 position=32 arm=m6_ipg2 m=6 ipg=2 groups=3 inner=16 gpu_seconds=0.117737750 wall_seconds=0.117922292 seconds_per_dispatch=0.007358609379 gbps=291.561175
LEG shape=head.lm_head rep=4 position=33 arm=m5_ipg5 m=5 ipg=5 groups=1 inner=16 gpu_seconds=0.063950792 wall_seconds=0.064139958 seconds_per_dispatch=0.003996924483 gbps=178.927974
LEG shape=head.lm_head rep=4 position=34 arm=m5_ipg3 m=5 ipg=3 groups=2 inner=16 gpu_seconds=0.083914917 wall_seconds=0.084110792 seconds_per_dispatch=0.005244682296 gbps=272.718750
LEG shape=head.lm_head rep=4 position=35 arm=m4_ipg4 m=4 ipg=4 groups=1 inner=16 gpu_seconds=0.053751125 wall_seconds=0.053939125 seconds_per_dispatch=0.003359445313 gbps=212.880858
LEG shape=head.lm_head rep=4 position=36 arm=m4_ipg2 m=4 ipg=2 groups=2 inner=16 gpu_seconds=0.078585333 wall_seconds=0.078750708 seconds_per_dispatch=0.004911583324 gbps=291.214280
LEG shape=head.lm_head rep=4 position=37 arm=m3_ipg3 m=3 ipg=3 groups=1 inner=16 gpu_seconds=0.046076500 wall_seconds=0.046245875 seconds_per_dispatch=0.002879781241 gbps=248.338863
LEG shape=head.lm_head rep=5 position=0 arm=m3_ipg3 m=3 ipg=3 groups=1 inner=16 gpu_seconds=0.046084042 wall_seconds=0.046251750 seconds_per_dispatch=0.002880252607 gbps=248.298222
LEG shape=head.lm_head rep=5 position=1 arm=m4_ipg2 m=4 ipg=2 groups=2 inner=16 gpu_seconds=0.078591125 wall_seconds=0.078756458 seconds_per_dispatch=0.004911945303 gbps=291.192819
LEG shape=head.lm_head rep=5 position=2 arm=m4_ipg4 m=4 ipg=4 groups=1 inner=16 gpu_seconds=0.053693375 wall_seconds=0.053879708 seconds_per_dispatch=0.003355835943 gbps=213.109822
LEG shape=head.lm_head rep=5 position=3 arm=m5_ipg3 m=5 ipg=3 groups=2 inner=16 gpu_seconds=0.083843375 wall_seconds=0.084034500 seconds_per_dispatch=0.005240210943 gbps=272.951455
LEG shape=head.lm_head rep=5 position=4 arm=m5_ipg5 m=5 ipg=5 groups=1 inner=16 gpu_seconds=0.064011583 wall_seconds=0.064203792 seconds_per_dispatch=0.004000723959 gbps=178.758047
LEG shape=head.lm_head rep=5 position=5 arm=m6_ipg2 m=6 ipg=2 groups=3 inner=16 gpu_seconds=0.117763917 wall_seconds=0.117943917 seconds_per_dispatch=0.007360244796 gbps=291.496392
LEG shape=head.lm_head rep=5 position=6 arm=m6_ipg3 m=6 ipg=3 groups=2 inner=16 gpu_seconds=0.090196542 wall_seconds=0.090364167 seconds_per_dispatch=0.005637283844 gbps=253.725595
LEG shape=head.lm_head rep=5 position=7 arm=m6_ipg4 m=6 ipg=4 groups=2 inner=16 gpu_seconds=0.090034208 wall_seconds=0.090203167 seconds_per_dispatch=0.005627138016 gbps=254.183067
LEG shape=head.lm_head rep=5 position=8 arm=m6_ipg6 m=6 ipg=6 groups=1 inner=16 gpu_seconds=0.082820000 wall_seconds=0.083000917 seconds_per_dispatch=0.005176250008 gbps=138.162106
LEG shape=head.lm_head rep=5 position=9 arm=m7_ipg4 m=7 ipg=4 groups=2 inner=16 gpu_seconds=0.097942125 wall_seconds=0.098113250 seconds_per_dispatch=0.006121382816 gbps=233.660146
LEG shape=head.lm_head rep=5 position=10 arm=m7_ipg5 m=7 ipg=5 groups=2 inner=16 gpu_seconds=0.098364750 wall_seconds=0.098556792 seconds_per_dispatch=0.006147796870 gbps=232.656223
LEG shape=head.lm_head rep=5 position=11 arm=m8_ipg2 m=8 ipg=2 groups=4 inner=16 gpu_seconds=0.156940833 wall_seconds=0.157142042 seconds_per_dispatch=0.009808802090 gbps=291.640750
LEG shape=head.lm_head rep=5 position=12 arm=m8_ipg3 m=8 ipg=3 groups=3 inner=16 gpu_seconds=0.128885417 wall_seconds=0.129052042 seconds_per_dispatch=0.008055338549 gbps=266.343219
LEG shape=head.lm_head rep=5 position=13 arm=m8_ipg4 m=8 ipg=4 groups=2 inner=16 gpu_seconds=0.106326375 wall_seconds=0.106512958 seconds_per_dispatch=0.006645398433 gbps=215.235131
LEG shape=head.lm_head rep=5 position=14 arm=m8_ipg5 m=8 ipg=5 groups=2 inner=16 gpu_seconds=0.107506667 wall_seconds=0.107701875 seconds_per_dispatch=0.006719166660 gbps=212.872112
LEG shape=head.lm_head rep=5 position=15 arm=m8_ipg6 m=8 ipg=6 groups=2 inner=16 gpu_seconds=0.114752250 wall_seconds=0.114946708 seconds_per_dispatch=0.007172015627 gbps=199.431133
LEG shape=head.lm_head rep=5 position=16 arm=m9_ipg3 m=9 ipg=3 groups=3 inner=16 gpu_seconds=0.136557625 wall_seconds=0.136753417 seconds_per_dispatch=0.008534851557 gbps=251.379275
LEG shape=head.lm_head rep=5 position=17 arm=m9_ipg5 m=9 ipg=5 groups=2 inner=16 gpu_seconds=0.117575625 wall_seconds=0.117759667 seconds_per_dispatch=0.007348476560 gbps=194.642140
LEG shape=head.lm_head rep=5 position=18 arm=m9_ipg6 m=9 ipg=6 groups=2 inner=16 gpu_seconds=0.125594875 wall_seconds=0.125786458 seconds_per_dispatch=0.007849679692 gbps=182.214212
LEG shape=head.lm_head rep=5 position=19 arm=m9_ipg6 m=9 ipg=6 groups=2 inner=16 gpu_seconds=0.125545625 wall_seconds=0.125709167 seconds_per_dispatch=0.007846601569 gbps=182.285692
LEG shape=head.lm_head rep=5 position=20 arm=m9_ipg5 m=9 ipg=5 groups=2 inner=16 gpu_seconds=0.117523292 wall_seconds=0.117695958 seconds_per_dispatch=0.007345205726 gbps=194.728814
LEG shape=head.lm_head rep=5 position=21 arm=m9_ipg3 m=9 ipg=3 groups=3 inner=16 gpu_seconds=0.136442500 wall_seconds=0.136628125 seconds_per_dispatch=0.008527656246 gbps=251.591380
LEG shape=head.lm_head rep=5 position=22 arm=m8_ipg6 m=8 ipg=6 groups=2 inner=16 gpu_seconds=0.114739833 wall_seconds=0.114930708 seconds_per_dispatch=0.007171239587 gbps=199.452714
LEG shape=head.lm_head rep=5 position=23 arm=m8_ipg5 m=8 ipg=5 groups=2 inner=16 gpu_seconds=0.107542292 wall_seconds=0.107729917 seconds_per_dispatch=0.006721393220 gbps=212.801595
LEG shape=head.lm_head rep=5 position=24 arm=m8_ipg4 m=8 ipg=4 groups=2 inner=16 gpu_seconds=0.106350375 wall_seconds=0.106545708 seconds_per_dispatch=0.006646898430 gbps=215.186559
LEG shape=head.lm_head rep=5 position=25 arm=m8_ipg3 m=8 ipg=3 groups=3 inner=16 gpu_seconds=0.128919125 wall_seconds=0.129119458 seconds_per_dispatch=0.008057445317 gbps=266.273579
LEG shape=head.lm_head rep=5 position=26 arm=m8_ipg2 m=8 ipg=2 groups=4 inner=16 gpu_seconds=0.156955958 wall_seconds=0.157134833 seconds_per_dispatch=0.009809747397 gbps=291.612647
LEG shape=head.lm_head rep=5 position=27 arm=m7_ipg5 m=7 ipg=5 groups=2 inner=16 gpu_seconds=0.098335000 wall_seconds=0.098535375 seconds_per_dispatch=0.006145937499 gbps=232.726610
LEG shape=head.lm_head rep=5 position=28 arm=m7_ipg4 m=7 ipg=4 groups=2 inner=16 gpu_seconds=0.097934250 wall_seconds=0.098122708 seconds_per_dispatch=0.006120890626 gbps=233.678935
LEG shape=head.lm_head rep=5 position=29 arm=m6_ipg6 m=6 ipg=6 groups=1 inner=16 gpu_seconds=0.082839708 wall_seconds=0.083016167 seconds_per_dispatch=0.005177481769 gbps=138.129236
LEG shape=head.lm_head rep=5 position=30 arm=m6_ipg4 m=6 ipg=4 groups=2 inner=16 gpu_seconds=0.089966125 wall_seconds=0.090149542 seconds_per_dispatch=0.005622882818 gbps=254.375424
LEG shape=head.lm_head rep=5 position=31 arm=m6_ipg3 m=6 ipg=3 groups=2 inner=16 gpu_seconds=0.090209083 wall_seconds=0.090386417 seconds_per_dispatch=0.005638067712 gbps=253.690320
LEG shape=head.lm_head rep=5 position=32 arm=m6_ipg2 m=6 ipg=2 groups=3 inner=16 gpu_seconds=0.117779792 wall_seconds=0.117964875 seconds_per_dispatch=0.007361236974 gbps=291.457103
LEG shape=head.lm_head rep=5 position=33 arm=m5_ipg5 m=5 ipg=5 groups=1 inner=16 gpu_seconds=0.063937833 wall_seconds=0.064120375 seconds_per_dispatch=0.003996114581 gbps=178.964238
LEG shape=head.lm_head rep=5 position=34 arm=m5_ipg3 m=5 ipg=3 groups=2 inner=16 gpu_seconds=0.083828583 wall_seconds=0.084009000 seconds_per_dispatch=0.005239286460 gbps=272.999618
LEG shape=head.lm_head rep=5 position=35 arm=m4_ipg4 m=4 ipg=4 groups=1 inner=16 gpu_seconds=0.053762250 wall_seconds=0.053954250 seconds_per_dispatch=0.003360140632 gbps=212.836806
LEG shape=head.lm_head rep=5 position=36 arm=m4_ipg2 m=4 ipg=2 groups=2 inner=16 gpu_seconds=0.078592333 wall_seconds=0.078846250 seconds_per_dispatch=0.004912020842 gbps=291.188341
LEG shape=head.lm_head rep=5 position=37 arm=m3_ipg3 m=3 ipg=3 groups=1 inner=16 gpu_seconds=0.046303250 wall_seconds=0.046604542 seconds_per_dispatch=0.002893953133 gbps=247.122730
LEG shape=head.lm_head rep=6 position=0 arm=m3_ipg3 m=3 ipg=3 groups=1 inner=16 gpu_seconds=0.046294042 wall_seconds=0.046579167 seconds_per_dispatch=0.002893377605 gbps=247.171886
LEG shape=head.lm_head rep=6 position=1 arm=m4_ipg2 m=4 ipg=2 groups=2 inner=16 gpu_seconds=0.078557458 wall_seconds=0.078801792 seconds_per_dispatch=0.004909841155 gbps=291.317612
LEG shape=head.lm_head rep=6 position=2 arm=m4_ipg4 m=4 ipg=4 groups=1 inner=16 gpu_seconds=0.053616375 wall_seconds=0.053832833 seconds_per_dispatch=0.003351023450 gbps=213.415874
LEG shape=head.lm_head rep=6 position=3 arm=m5_ipg3 m=5 ipg=3 groups=2 inner=16 gpu_seconds=0.083784250 wall_seconds=0.083987000 seconds_per_dispatch=0.005236515615 gbps=273.144072
LEG shape=head.lm_head rep=6 position=4 arm=m5_ipg5 m=5 ipg=5 groups=1 inner=16 gpu_seconds=0.063915000 wall_seconds=0.064106042 seconds_per_dispatch=0.003994687504 gbps=179.028172
LEG shape=head.lm_head rep=6 position=5 arm=m6_ipg2 m=6 ipg=2 groups=3 inner=16 gpu_seconds=0.117693500 wall_seconds=0.117919500 seconds_per_dispatch=0.007355843743 gbps=291.670796
LEG shape=head.lm_head rep=6 position=6 arm=m6_ipg3 m=6 ipg=3 groups=2 inner=16 gpu_seconds=0.090114750 wall_seconds=0.090384250 seconds_per_dispatch=0.005632171873 gbps=253.955886
LEG shape=head.lm_head rep=6 position=7 arm=m6_ipg4 m=6 ipg=4 groups=2 inner=16 gpu_seconds=0.089884500 wall_seconds=0.090091375 seconds_per_dispatch=0.005617781251 gbps=254.606425
LEG shape=head.lm_head rep=6 position=8 arm=m6_ipg6 m=6 ipg=6 groups=1 inner=16 gpu_seconds=0.082827000 wall_seconds=0.083020375 seconds_per_dispatch=0.005176687497 gbps=138.150429
LEG shape=head.lm_head rep=6 position=9 arm=m7_ipg4 m=7 ipg=4 groups=2 inner=16 gpu_seconds=0.097924083 wall_seconds=0.098120667 seconds_per_dispatch=0.006120255217 gbps=233.703195
LEG shape=head.lm_head rep=6 position=10 arm=m7_ipg5 m=7 ipg=5 groups=2 inner=16 gpu_seconds=0.098367083 wall_seconds=0.098566792 seconds_per_dispatch=0.006147942710 gbps=232.650704
LEG shape=head.lm_head rep=6 position=11 arm=m8_ipg2 m=8 ipg=2 groups=4 inner=16 gpu_seconds=0.156956792 wall_seconds=0.157167958 seconds_per_dispatch=0.009809799492 gbps=291.611098
LEG shape=head.lm_head rep=6 position=12 arm=m8_ipg3 m=8 ipg=3 groups=3 inner=16 gpu_seconds=0.128859500 wall_seconds=0.129071792 seconds_per_dispatch=0.008053718746 gbps=266.396787
LEG shape=head.lm_head rep=6 position=13 arm=m8_ipg4 m=8 ipg=4 groups=2 inner=16 gpu_seconds=0.106306875 wall_seconds=0.106495583 seconds_per_dispatch=0.006644179681 gbps=215.274612
LEG shape=head.lm_head rep=6 position=14 arm=m8_ipg5 m=8 ipg=5 groups=2 inner=16 gpu_seconds=0.107468625 wall_seconds=0.107658125 seconds_per_dispatch=0.006716789052 gbps=212.947465
LEG shape=head.lm_head rep=6 position=15 arm=m8_ipg6 m=8 ipg=6 groups=2 inner=16 gpu_seconds=0.114763417 wall_seconds=0.114939333 seconds_per_dispatch=0.007172713551 gbps=199.411727
LEG shape=head.lm_head rep=6 position=16 arm=m9_ipg3 m=9 ipg=3 groups=3 inner=16 gpu_seconds=0.136420292 wall_seconds=0.136611333 seconds_per_dispatch=0.008526268226 gbps=251.632337
LEG shape=head.lm_head rep=6 position=17 arm=m9_ipg5 m=9 ipg=5 groups=2 inner=16 gpu_seconds=0.117534292 wall_seconds=0.117705250 seconds_per_dispatch=0.007345893231 gbps=194.710589
LEG shape=head.lm_head rep=6 position=18 arm=m9_ipg6 m=9 ipg=6 groups=2 inner=16 gpu_seconds=0.125568000 wall_seconds=0.125753083 seconds_per_dispatch=0.007848000008 gbps=182.253211
LEG shape=head.lm_head rep=6 position=19 arm=m9_ipg6 m=9 ipg=6 groups=2 inner=16 gpu_seconds=0.125584333 wall_seconds=0.125771083 seconds_per_dispatch=0.007849020825 gbps=182.229508
LEG shape=head.lm_head rep=6 position=20 arm=m9_ipg5 m=9 ipg=5 groups=2 inner=16 gpu_seconds=0.117509375 wall_seconds=0.117699500 seconds_per_dispatch=0.007344335929 gbps=194.751876
LEG shape=head.lm_head rep=6 position=21 arm=m9_ipg3 m=9 ipg=3 groups=3 inner=16 gpu_seconds=0.136400625 wall_seconds=0.136594958 seconds_per_dispatch=0.008525039055 gbps=251.668618
LEG shape=head.lm_head rep=6 position=22 arm=m8_ipg6 m=8 ipg=6 groups=2 inner=16 gpu_seconds=0.114744208 wall_seconds=0.114934125 seconds_per_dispatch=0.007171513018 gbps=199.445110
LEG shape=head.lm_head rep=6 position=23 arm=m8_ipg5 m=8 ipg=5 groups=2 inner=16 gpu_seconds=0.107494125 wall_seconds=0.107668667 seconds_per_dispatch=0.006718382807 gbps=212.896949
LEG shape=head.lm_head rep=6 position=24 arm=m8_ipg4 m=8 ipg=4 groups=2 inner=16 gpu_seconds=0.106337209 wall_seconds=0.106529625 seconds_per_dispatch=0.006646075533 gbps=215.213203
LEG shape=head.lm_head rep=6 position=25 arm=m8_ipg3 m=8 ipg=3 groups=3 inner=16 gpu_seconds=0.128942625 wall_seconds=0.129119208 seconds_per_dispatch=0.008058914056 gbps=266.225050
LEG shape=head.lm_head rep=6 position=26 arm=m8_ipg2 m=8 ipg=2 groups=4 inner=16 gpu_seconds=0.156957041 wall_seconds=0.157147917 seconds_per_dispatch=0.009809815092 gbps=291.610634
LEG shape=head.lm_head rep=6 position=27 arm=m7_ipg5 m=7 ipg=5 groups=2 inner=16 gpu_seconds=0.098395875 wall_seconds=0.098585083 seconds_per_dispatch=0.006149742199 gbps=232.582628
LEG shape=head.lm_head rep=6 position=28 arm=m7_ipg4 m=7 ipg=4 groups=2 inner=16 gpu_seconds=0.097946417 wall_seconds=0.098117458 seconds_per_dispatch=0.006121651037 gbps=233.649908
LEG shape=head.lm_head rep=6 position=29 arm=m6_ipg6 m=6 ipg=6 groups=1 inner=16 gpu_seconds=0.082824375 wall_seconds=0.082998292 seconds_per_dispatch=0.005176523438 gbps=138.154808
LEG shape=head.lm_head rep=6 position=30 arm=m6_ipg4 m=6 ipg=4 groups=2 inner=16 gpu_seconds=0.089938250 wall_seconds=0.090137167 seconds_per_dispatch=0.005621140634 gbps=254.454264
LEG shape=head.lm_head rep=6 position=31 arm=m6_ipg3 m=6 ipg=3 groups=2 inner=16 gpu_seconds=0.090220042 wall_seconds=0.090400458 seconds_per_dispatch=0.005638752598 gbps=253.659506
LEG shape=head.lm_head rep=6 position=32 arm=m6_ipg2 m=6 ipg=2 groups=3 inner=16 gpu_seconds=0.117779000 wall_seconds=0.117967542 seconds_per_dispatch=0.007361187498 gbps=291.459062
LEG shape=head.lm_head rep=6 position=33 arm=m5_ipg5 m=5 ipg=5 groups=1 inner=16 gpu_seconds=0.063964125 wall_seconds=0.064161750 seconds_per_dispatch=0.003997757813 gbps=178.890677
LEG shape=head.lm_head rep=6 position=34 arm=m5_ipg3 m=5 ipg=3 groups=2 inner=16 gpu_seconds=0.083885875 wall_seconds=0.084060417 seconds_per_dispatch=0.005242867192 gbps=272.813166
LEG shape=head.lm_head rep=6 position=35 arm=m4_ipg4 m=4 ipg=4 groups=1 inner=16 gpu_seconds=0.053683250 wall_seconds=0.053871833 seconds_per_dispatch=0.003355203138 gbps=213.150015
LEG shape=head.lm_head rep=6 position=36 arm=m4_ipg2 m=4 ipg=2 groups=2 inner=16 gpu_seconds=0.078582625 wall_seconds=0.078769042 seconds_per_dispatch=0.004911414057 gbps=291.224316
LEG shape=head.lm_head rep=6 position=37 arm=m3_ipg3 m=3 ipg=3 groups=1 inner=16 gpu_seconds=0.046124500 wall_seconds=0.046293792 seconds_per_dispatch=0.002882781249 gbps=248.080426
LEG shape=head.lm_head rep=7 position=0 arm=m3_ipg3 m=3 ipg=3 groups=1 inner=16 gpu_seconds=0.046194250 wall_seconds=0.046368750 seconds_per_dispatch=0.002887140625 gbps=247.705842
LEG shape=head.lm_head rep=7 position=1 arm=m4_ipg2 m=4 ipg=2 groups=2 inner=16 gpu_seconds=0.078610250 wall_seconds=0.078798167 seconds_per_dispatch=0.004913140627 gbps=291.121974
LEG shape=head.lm_head rep=7 position=2 arm=m4_ipg4 m=4 ipg=4 groups=1 inner=16 gpu_seconds=0.053686375 wall_seconds=0.053877625 seconds_per_dispatch=0.003355398439 gbps=213.137609
LEG shape=head.lm_head rep=7 position=3 arm=m5_ipg3 m=5 ipg=3 groups=2 inner=16 gpu_seconds=0.083847250 wall_seconds=0.084044375 seconds_per_dispatch=0.005240453116 gbps=272.938841
LEG shape=head.lm_head rep=7 position=4 arm=m5_ipg5 m=5 ipg=5 groups=1 inner=16 gpu_seconds=0.063965375 wall_seconds=0.064148292 seconds_per_dispatch=0.003997835942 gbps=178.887181
LEG shape=head.lm_head rep=7 position=5 arm=m6_ipg2 m=6 ipg=2 groups=3 inner=16 gpu_seconds=0.117703250 wall_seconds=0.117887958 seconds_per_dispatch=0.007356453119 gbps=291.646635
LEG shape=head.lm_head rep=7 position=6 arm=m6_ipg3 m=6 ipg=3 groups=2 inner=16 gpu_seconds=0.090153458 wall_seconds=0.090344708 seconds_per_dispatch=0.005634591143 gbps=253.846848
LEG shape=head.lm_head rep=7 position=7 arm=m6_ipg4 m=6 ipg=4 groups=2 inner=16 gpu_seconds=0.089965917 wall_seconds=0.090154458 seconds_per_dispatch=0.005622869794 gbps=254.376013
LEG shape=head.lm_head rep=7 position=8 arm=m6_ipg6 m=6 ipg=6 groups=1 inner=16 gpu_seconds=0.082861458 wall_seconds=0.083039250 seconds_per_dispatch=0.005178841137 gbps=138.092979
LEG shape=head.lm_head rep=7 position=9 arm=m7_ipg4 m=7 ipg=4 groups=2 inner=16 gpu_seconds=0.097958625 wall_seconds=0.098144000 seconds_per_dispatch=0.006122414052 gbps=233.620789
LEG shape=head.lm_head rep=7 position=10 arm=m7_ipg5 m=7 ipg=5 groups=2 inner=16 gpu_seconds=0.098367750 wall_seconds=0.098558333 seconds_per_dispatch=0.006147984372 gbps=232.649128
LEG shape=head.lm_head rep=7 position=11 arm=m8_ipg2 m=8 ipg=2 groups=4 inner=16 gpu_seconds=0.156989875 wall_seconds=0.157169167 seconds_per_dispatch=0.009811867189 gbps=291.549645
LEG shape=head.lm_head rep=7 position=12 arm=m8_ipg3 m=8 ipg=3 groups=3 inner=16 gpu_seconds=0.128852167 wall_seconds=0.129007750 seconds_per_dispatch=0.008053260419 gbps=266.411949
LEG shape=head.lm_head rep=7 position=13 arm=m8_ipg4 m=8 ipg=4 groups=2 inner=16 gpu_seconds=0.106380750 wall_seconds=0.106553917 seconds_per_dispatch=0.006648796872 gbps=215.125116
LEG shape=head.lm_head rep=7 position=14 arm=m8_ipg5 m=8 ipg=5 groups=2 inner=16 gpu_seconds=0.107434333 wall_seconds=0.107639917 seconds_per_dispatch=0.006714645831 gbps=213.015435
LEG shape=head.lm_head rep=7 position=15 arm=m8_ipg6 m=8 ipg=6 groups=2 inner=16 gpu_seconds=0.114779750 wall_seconds=0.114948708 seconds_per_dispatch=0.007173734382 gbps=199.383351
LEG shape=head.lm_head rep=7 position=16 arm=m9_ipg3 m=9 ipg=3 groups=3 inner=16 gpu_seconds=0.136450542 wall_seconds=0.136617458 seconds_per_dispatch=0.008528158854 gbps=251.576552
LEG shape=head.lm_head rep=7 position=17 arm=m9_ipg5 m=9 ipg=5 groups=2 inner=16 gpu_seconds=0.117585625 wall_seconds=0.117777792 seconds_per_dispatch=0.007349101565 gbps=194.625586
LEG shape=head.lm_head rep=7 position=18 arm=m9_ipg6 m=9 ipg=6 groups=2 inner=16 gpu_seconds=0.125584000 wall_seconds=0.125783375 seconds_per_dispatch=0.007849000001 gbps=182.229991
LEG shape=head.lm_head rep=7 position=19 arm=m9_ipg6 m=9 ipg=6 groups=2 inner=16 gpu_seconds=0.125595500 wall_seconds=0.125813458 seconds_per_dispatch=0.007849718750 gbps=182.213305
LEG shape=head.lm_head rep=7 position=20 arm=m9_ipg5 m=9 ipg=5 groups=2 inner=16 gpu_seconds=0.117590958 wall_seconds=0.117771667 seconds_per_dispatch=0.007349434891 gbps=194.616759
LEG shape=head.lm_head rep=7 position=21 arm=m9_ipg3 m=9 ipg=3 groups=3 inner=16 gpu_seconds=0.136424958 wall_seconds=0.136611583 seconds_per_dispatch=0.008526559890 gbps=251.623730
LEG shape=head.lm_head rep=7 position=22 arm=m8_ipg6 m=8 ipg=6 groups=2 inner=16 gpu_seconds=0.114690250 wall_seconds=0.114892083 seconds_per_dispatch=0.007168140626 gbps=199.538942
LEG shape=head.lm_head rep=7 position=23 arm=m8_ipg5 m=8 ipg=5 groups=2 inner=16 gpu_seconds=0.107503958 wall_seconds=0.107683833 seconds_per_dispatch=0.006718997392 gbps=212.877475
LEG shape=head.lm_head rep=7 position=24 arm=m8_ipg4 m=8 ipg=4 groups=2 inner=16 gpu_seconds=0.106334000 wall_seconds=0.106524542 seconds_per_dispatch=0.006645875008 gbps=215.219696
LEG shape=head.lm_head rep=7 position=25 arm=m8_ipg3 m=8 ipg=3 groups=3 inner=16 gpu_seconds=0.128983375 wall_seconds=0.129167083 seconds_per_dispatch=0.008061460947 gbps=266.140941
LEG shape=head.lm_head rep=7 position=26 arm=m8_ipg2 m=8 ipg=2 groups=4 inner=16 gpu_seconds=0.156942500 wall_seconds=0.157136083 seconds_per_dispatch=0.009808906252 gbps=291.637653
LEG shape=head.lm_head rep=7 position=27 arm=m7_ipg5 m=7 ipg=5 groups=2 inner=16 gpu_seconds=0.098383750 wall_seconds=0.098571500 seconds_per_dispatch=0.006148984379 gbps=232.611292
LEG shape=head.lm_head rep=7 position=28 arm=m7_ipg4 m=7 ipg=4 groups=2 inner=16 gpu_seconds=0.097939125 wall_seconds=0.098126208 seconds_per_dispatch=0.006121195314 gbps=233.667303
LEG shape=head.lm_head rep=7 position=29 arm=m6_ipg6 m=6 ipg=6 groups=1 inner=16 gpu_seconds=0.082820625 wall_seconds=0.083064833 seconds_per_dispatch=0.005176289051 gbps=138.161063
LEG shape=head.lm_head rep=7 position=30 arm=m6_ipg4 m=6 ipg=4 groups=2 inner=16 gpu_seconds=0.089923000 wall_seconds=0.090100125 seconds_per_dispatch=0.005620187498 gbps=254.497417
LEG shape=head.lm_head rep=7 position=31 arm=m6_ipg3 m=6 ipg=3 groups=2 inner=16 gpu_seconds=0.090173625 wall_seconds=0.090365917 seconds_per_dispatch=0.005635851558 gbps=253.790077
LEG shape=head.lm_head rep=7 position=32 arm=m6_ipg2 m=6 ipg=2 groups=3 inner=16 gpu_seconds=0.117728667 wall_seconds=0.117921042 seconds_per_dispatch=0.007358041679 gbps=291.583670
LEG shape=head.lm_head rep=7 position=33 arm=m5_ipg5 m=5 ipg=5 groups=1 inner=16 gpu_seconds=0.063941000 wall_seconds=0.064120000 seconds_per_dispatch=0.003996312502 gbps=178.955374
LEG shape=head.lm_head rep=7 position=34 arm=m5_ipg3 m=5 ipg=3 groups=2 inner=16 gpu_seconds=0.083819500 wall_seconds=0.084005083 seconds_per_dispatch=0.005238718746 gbps=273.029202
LEG shape=head.lm_head rep=7 position=35 arm=m4_ipg4 m=4 ipg=4 groups=1 inner=16 gpu_seconds=0.053707917 wall_seconds=0.053886458 seconds_per_dispatch=0.003356744797 gbps=213.052121
LEG shape=head.lm_head rep=7 position=36 arm=m4_ipg2 m=4 ipg=2 groups=2 inner=16 gpu_seconds=0.078660625 wall_seconds=0.078852542 seconds_per_dispatch=0.004916289065 gbps=290.935537
LEG shape=head.lm_head rep=7 position=37 arm=m3_ipg3 m=3 ipg=3 groups=1 inner=16 gpu_seconds=0.046259833 wall_seconds=0.046437333 seconds_per_dispatch=0.002891239594 gbps=247.354665
LEG shape=head.lm_head rep=8 position=0 arm=m3_ipg3 m=3 ipg=3 groups=1 inner=16 gpu_seconds=0.046194292 wall_seconds=0.046383750 seconds_per_dispatch=0.002887143230 gbps=247.705619
LEG shape=head.lm_head rep=8 position=1 arm=m4_ipg2 m=4 ipg=2 groups=2 inner=16 gpu_seconds=0.078598500 wall_seconds=0.078794625 seconds_per_dispatch=0.004912406250 gbps=291.165496
LEG shape=head.lm_head rep=8 position=2 arm=m4_ipg4 m=4 ipg=4 groups=1 inner=16 gpu_seconds=0.053687125 wall_seconds=0.053882083 seconds_per_dispatch=0.003355445326 gbps=213.134631
LEG shape=head.lm_head rep=8 position=3 arm=m5_ipg3 m=5 ipg=3 groups=2 inner=16 gpu_seconds=0.083876875 wall_seconds=0.084073375 seconds_per_dispatch=0.005242304687 gbps=272.842440
LEG shape=head.lm_head rep=8 position=4 arm=m5_ipg5 m=5 ipg=5 groups=1 inner=16 gpu_seconds=0.063980708 wall_seconds=0.064175417 seconds_per_dispatch=0.003998794273 gbps=178.844309
LEG shape=head.lm_head rep=8 position=5 arm=m6_ipg2 m=6 ipg=2 groups=3 inner=16 gpu_seconds=0.117726000 wall_seconds=0.117918875 seconds_per_dispatch=0.007357875002 gbps=291.590276
LEG shape=head.lm_head rep=8 position=6 arm=m6_ipg3 m=6 ipg=3 groups=2 inner=16 gpu_seconds=0.090213208 wall_seconds=0.090401750 seconds_per_dispatch=0.005638325529 gbps=253.678719
LEG shape=head.lm_head rep=8 position=7 arm=m6_ipg4 m=6 ipg=4 groups=2 inner=16 gpu_seconds=0.089919833 wall_seconds=0.090105875 seconds_per_dispatch=0.005619989577 gbps=254.506379
LEG shape=head.lm_head rep=8 position=8 arm=m6_ipg6 m=6 ipg=6 groups=1 inner=16 gpu_seconds=0.082892875 wall_seconds=0.083068875 seconds_per_dispatch=0.005180804685 gbps=138.040641
LEG shape=head.lm_head rep=8 position=9 arm=m7_ipg4 m=7 ipg=4 groups=2 inner=16 gpu_seconds=0.097939542 wall_seconds=0.098131417 seconds_per_dispatch=0.006121221362 gbps=233.666309
LEG shape=head.lm_head rep=8 position=10 arm=m7_ipg5 m=7 ipg=5 groups=2 inner=16 gpu_seconds=0.098421458 wall_seconds=0.098611125 seconds_per_dispatch=0.006151341149 gbps=232.522171
LEG shape=head.lm_head rep=8 position=11 arm=m8_ipg2 m=8 ipg=2 groups=4 inner=16 gpu_seconds=0.157080292 wall_seconds=0.157279167 seconds_per_dispatch=0.009817518221 gbps=291.381827
LEG shape=head.lm_head rep=8 position=12 arm=m8_ipg3 m=8 ipg=3 groups=3 inner=16 gpu_seconds=0.128954750 wall_seconds=0.129123333 seconds_per_dispatch=0.008059671862 gbps=266.200019
LEG shape=head.lm_head rep=8 position=13 arm=m8_ipg4 m=8 ipg=4 groups=2 inner=16 gpu_seconds=0.106375667 wall_seconds=0.106559250 seconds_per_dispatch=0.006648479175 gbps=215.135396
LEG shape=head.lm_head rep=8 position=14 arm=m8_ipg5 m=8 ipg=5 groups=2 inner=16 gpu_seconds=0.107461333 wall_seconds=0.107657875 seconds_per_dispatch=0.006716333330 gbps=212.961914
LEG shape=head.lm_head rep=8 position=15 arm=m8_ipg6 m=8 ipg=6 groups=2 inner=16 gpu_seconds=0.114745458 wall_seconds=0.114933417 seconds_per_dispatch=0.007171591147 gbps=199.442937
LEG shape=head.lm_head rep=8 position=16 arm=m9_ipg3 m=9 ipg=3 groups=3 inner=16 gpu_seconds=0.136406583 wall_seconds=0.136597875 seconds_per_dispatch=0.008525411453 gbps=251.657625
LEG shape=head.lm_head rep=8 position=17 arm=m9_ipg5 m=9 ipg=5 groups=2 inner=16 gpu_seconds=0.117547375 wall_seconds=0.117702458 seconds_per_dispatch=0.007346710947 gbps=194.688917
LEG shape=head.lm_head rep=8 position=18 arm=m9_ipg6 m=9 ipg=6 groups=2 inner=16 gpu_seconds=0.125598792 wall_seconds=0.125756083 seconds_per_dispatch=0.007849924470 gbps=182.208530
LEG shape=head.lm_head rep=8 position=19 arm=m9_ipg6 m=9 ipg=6 groups=2 inner=16 gpu_seconds=0.125666625 wall_seconds=0.125865625 seconds_per_dispatch=0.007854164069 gbps=182.110176
LEG shape=head.lm_head rep=8 position=20 arm=m9_ipg5 m=9 ipg=5 groups=2 inner=16 gpu_seconds=0.117535542 wall_seconds=0.117716208 seconds_per_dispatch=0.007345971346 gbps=194.708519
LEG shape=head.lm_head rep=8 position=21 arm=m9_ipg3 m=9 ipg=3 groups=3 inner=16 gpu_seconds=0.136519458 wall_seconds=0.136708833 seconds_per_dispatch=0.008532466149 gbps=251.449553
LEG shape=head.lm_head rep=8 position=22 arm=m8_ipg6 m=8 ipg=6 groups=2 inner=16 gpu_seconds=0.114766250 wall_seconds=0.114953250 seconds_per_dispatch=0.007172890619 gbps=199.406805
LEG shape=head.lm_head rep=8 position=23 arm=m8_ipg5 m=8 ipg=5 groups=2 inner=16 gpu_seconds=0.107460792 wall_seconds=0.107644167 seconds_per_dispatch=0.006716299482 gbps=212.962987
LEG shape=head.lm_head rep=8 position=24 arm=m8_ipg4 m=8 ipg=4 groups=2 inner=16 gpu_seconds=0.106290833 wall_seconds=0.106484958 seconds_per_dispatch=0.006643177083 gbps=215.307101
LEG shape=head.lm_head rep=8 position=25 arm=m8_ipg3 m=8 ipg=3 groups=3 inner=16 gpu_seconds=0.128860041 wall_seconds=0.129070000 seconds_per_dispatch=0.008053752594 gbps=266.395668
LEG shape=head.lm_head rep=8 position=26 arm=m8_ipg2 m=8 ipg=2 groups=4 inner=16 gpu_seconds=0.156967417 wall_seconds=0.157170375 seconds_per_dispatch=0.009810463540 gbps=291.591359
LEG shape=head.lm_head rep=8 position=27 arm=m7_ipg5 m=7 ipg=5 groups=2 inner=16 gpu_seconds=0.098408500 wall_seconds=0.098609333 seconds_per_dispatch=0.006150531248 gbps=232.552790
LEG shape=head.lm_head rep=8 position=28 arm=m7_ipg4 m=7 ipg=4 groups=2 inner=16 gpu_seconds=0.097911375 wall_seconds=0.098126000 seconds_per_dispatch=0.006119460944 gbps=233.733529
LEG shape=head.lm_head rep=8 position=29 arm=m6_ipg6 m=6 ipg=6 groups=1 inner=16 gpu_seconds=0.082766375 wall_seconds=0.082977708 seconds_per_dispatch=0.005172898440 gbps=138.251622
LEG shape=head.lm_head rep=8 position=30 arm=m6_ipg4 m=6 ipg=4 groups=2 inner=16 gpu_seconds=0.089880791 wall_seconds=0.090083667 seconds_per_dispatch=0.005617549468 gbps=254.616930
LEG shape=head.lm_head rep=8 position=31 arm=m6_ipg3 m=6 ipg=3 groups=2 inner=16 gpu_seconds=0.090128125 wall_seconds=0.090340625 seconds_per_dispatch=0.005633007808 gbps=253.918199
LEG shape=head.lm_head rep=8 position=32 arm=m6_ipg2 m=6 ipg=2 groups=3 inner=16 gpu_seconds=0.117733542 wall_seconds=0.117930042 seconds_per_dispatch=0.007358346353 gbps=291.571597
LEG shape=head.lm_head rep=8 position=33 arm=m5_ipg5 m=5 ipg=5 groups=1 inner=16 gpu_seconds=0.063918375 wall_seconds=0.064111792 seconds_per_dispatch=0.003994898434 gbps=179.018719
LEG shape=head.lm_head rep=8 position=34 arm=m5_ipg3 m=5 ipg=3 groups=2 inner=16 gpu_seconds=0.083787250 wall_seconds=0.084002167 seconds_per_dispatch=0.005236703117 gbps=273.134292
LEG shape=head.lm_head rep=8 position=35 arm=m4_ipg4 m=4 ipg=4 groups=1 inner=16 gpu_seconds=0.053607458 wall_seconds=0.053802625 seconds_per_dispatch=0.003350466155 gbps=213.451373
LEG shape=head.lm_head rep=8 position=36 arm=m4_ipg2 m=4 ipg=2 groups=2 inner=16 gpu_seconds=0.078541250 wall_seconds=0.078745500 seconds_per_dispatch=0.004908828123 gbps=291.377731
LEG shape=head.lm_head rep=8 position=37 arm=m3_ipg3 m=3 ipg=3 groups=1 inner=16 gpu_seconds=0.046030708 wall_seconds=0.046201417 seconds_per_dispatch=0.002876919272 gbps=248.585912
LEG shape=head.lm_head rep=9 position=0 arm=m3_ipg3 m=3 ipg=3 groups=1 inner=16 gpu_seconds=0.045913125 wall_seconds=0.046093667 seconds_per_dispatch=0.002869570308 gbps=249.222540
LEG shape=head.lm_head rep=9 position=1 arm=m4_ipg2 m=4 ipg=2 groups=2 inner=16 gpu_seconds=0.078557792 wall_seconds=0.078775583 seconds_per_dispatch=0.004909861978 gbps=291.316376
LEG shape=head.lm_head rep=9 position=2 arm=m4_ipg4 m=4 ipg=4 groups=1 inner=16 gpu_seconds=0.053663625 wall_seconds=0.053851333 seconds_per_dispatch=0.003353976557 gbps=213.227966
LEG shape=head.lm_head rep=9 position=3 arm=m5_ipg3 m=5 ipg=3 groups=2 inner=16 gpu_seconds=0.083814000 wall_seconds=0.084018292 seconds_per_dispatch=0.005238375001 gbps=273.047119
LEG shape=head.lm_head rep=9 position=4 arm=m5_ipg5 m=5 ipg=5 groups=1 inner=16 gpu_seconds=0.063970250 wall_seconds=0.064151708 seconds_per_dispatch=0.003998140630 gbps=178.873548
LEG shape=head.lm_head rep=9 position=5 arm=m6_ipg2 m=6 ipg=2 groups=3 inner=16 gpu_seconds=0.117702792 wall_seconds=0.118002125 seconds_per_dispatch=0.007356424481 gbps=291.647771
LEG shape=head.lm_head rep=9 position=6 arm=m6_ipg3 m=6 ipg=3 groups=2 inner=16 gpu_seconds=0.090156833 wall_seconds=0.090342542 seconds_per_dispatch=0.005634802088 gbps=253.837345
LEG shape=head.lm_head rep=9 position=7 arm=m6_ipg4 m=6 ipg=4 groups=2 inner=16 gpu_seconds=0.089941875 wall_seconds=0.090153167 seconds_per_dispatch=0.005621367178 gbps=254.444009
LEG shape=head.lm_head rep=9 position=8 arm=m6_ipg6 m=6 ipg=6 groups=1 inner=16 gpu_seconds=0.082857042 wall_seconds=0.083046125 seconds_per_dispatch=0.005178565101 gbps=138.100340
LEG shape=head.lm_head rep=9 position=9 arm=m7_ipg4 m=7 ipg=4 groups=2 inner=16 gpu_seconds=0.097944792 wall_seconds=0.098143167 seconds_per_dispatch=0.006121549479 gbps=233.653784
LEG shape=head.lm_head rep=9 position=10 arm=m7_ipg5 m=7 ipg=5 groups=2 inner=16 gpu_seconds=0.098344083 wall_seconds=0.098534500 seconds_per_dispatch=0.006146505199 gbps=232.705115
LEG shape=head.lm_head rep=9 position=11 arm=m8_ipg2 m=8 ipg=2 groups=4 inner=16 gpu_seconds=0.156977083 wall_seconds=0.157172833 seconds_per_dispatch=0.009811067706 gbps=291.573403
LEG shape=head.lm_head rep=9 position=12 arm=m8_ipg3 m=8 ipg=3 groups=3 inner=16 gpu_seconds=0.128918125 wall_seconds=0.129110542 seconds_per_dispatch=0.008057382816 gbps=266.275644
LEG shape=head.lm_head rep=9 position=13 arm=m8_ipg4 m=8 ipg=4 groups=2 inner=16 gpu_seconds=0.106323917 wall_seconds=0.106500958 seconds_per_dispatch=0.006645244794 gbps=215.240107
LEG shape=head.lm_head rep=9 position=14 arm=m8_ipg5 m=8 ipg=5 groups=2 inner=16 gpu_seconds=0.107560708 wall_seconds=0.107745292 seconds_per_dispatch=0.006722544262 gbps=212.765159
LEG shape=head.lm_head rep=9 position=15 arm=m8_ipg6 m=8 ipg=6 groups=2 inner=16 gpu_seconds=0.114827792 wall_seconds=0.115002417 seconds_per_dispatch=0.007176736981 gbps=199.299933
LEG shape=head.lm_head rep=9 position=16 arm=m9_ipg3 m=9 ipg=3 groups=3 inner=16 gpu_seconds=0.136428458 wall_seconds=0.136623958 seconds_per_dispatch=0.008526778649 gbps=251.617274
LEG shape=head.lm_head rep=9 position=17 arm=m9_ipg5 m=9 ipg=5 groups=2 inner=16 gpu_seconds=0.117532625 wall_seconds=0.117729417 seconds_per_dispatch=0.007345789054 gbps=194.713351
LEG shape=head.lm_head rep=9 position=18 arm=m9_ipg6 m=9 ipg=6 groups=2 inner=16 gpu_seconds=0.125591583 wall_seconds=0.125786833 seconds_per_dispatch=0.007849473957 gbps=182.218988
LEG shape=head.lm_head rep=9 position=19 arm=m9_ipg6 m=9 ipg=6 groups=2 inner=16 gpu_seconds=0.125588375 wall_seconds=0.125763125 seconds_per_dispatch=0.007849273432 gbps=182.223643
LEG shape=head.lm_head rep=9 position=20 arm=m9_ipg5 m=9 ipg=5 groups=2 inner=16 gpu_seconds=0.117515875 wall_seconds=0.117705250 seconds_per_dispatch=0.007344742189 gbps=194.741104
LEG shape=head.lm_head rep=9 position=21 arm=m9_ipg3 m=9 ipg=3 groups=3 inner=16 gpu_seconds=0.136480583 wall_seconds=0.136735458 seconds_per_dispatch=0.008530036459 gbps=251.521176
LEG shape=head.lm_head rep=9 position=22 arm=m8_ipg6 m=8 ipg=6 groups=2 inner=16 gpu_seconds=0.114762875 wall_seconds=0.114954417 seconds_per_dispatch=0.007172679674 gbps=199.412669
LEG shape=head.lm_head rep=9 position=23 arm=m8_ipg5 m=8 ipg=5 groups=2 inner=16 gpu_seconds=0.107475208 wall_seconds=0.107707500 seconds_per_dispatch=0.006717200522 gbps=212.934420
LEG shape=head.lm_head rep=9 position=24 arm=m8_ipg4 m=8 ipg=4 groups=2 inner=16 gpu_seconds=0.106357000 wall_seconds=0.106530625 seconds_per_dispatch=0.006647312504 gbps=215.173154
LEG shape=head.lm_head rep=9 position=25 arm=m8_ipg3 m=8 ipg=3 groups=3 inner=16 gpu_seconds=0.128960875 wall_seconds=0.129156542 seconds_per_dispatch=0.008060054679 gbps=266.187375
LEG shape=head.lm_head rep=9 position=26 arm=m8_ipg2 m=8 ipg=2 groups=4 inner=16 gpu_seconds=0.156951792 wall_seconds=0.157133917 seconds_per_dispatch=0.009809486990 gbps=291.620388
LEG shape=head.lm_head rep=9 position=27 arm=m7_ipg5 m=7 ipg=5 groups=2 inner=16 gpu_seconds=0.098334000 wall_seconds=0.098521208 seconds_per_dispatch=0.006145874999 gbps=232.728977
LEG shape=head.lm_head rep=9 position=28 arm=m7_ipg4 m=7 ipg=4 groups=2 inner=16 gpu_seconds=0.097918000 wall_seconds=0.098112833 seconds_per_dispatch=0.006119875005 gbps=233.717715
LEG shape=head.lm_head rep=9 position=29 arm=m6_ipg6 m=6 ipg=6 groups=1 inner=16 gpu_seconds=0.082827500 wall_seconds=0.083004167 seconds_per_dispatch=0.005176718754 gbps=138.149595
LEG shape=head.lm_head rep=9 position=30 arm=m6_ipg4 m=6 ipg=4 groups=2 inner=16 gpu_seconds=0.089921542 wall_seconds=0.090113000 seconds_per_dispatch=0.005620096359 gbps=254.501544
LEG shape=head.lm_head rep=9 position=31 arm=m6_ipg3 m=6 ipg=3 groups=2 inner=16 gpu_seconds=0.090167625 wall_seconds=0.090356500 seconds_per_dispatch=0.005635476555 gbps=253.806965
LEG shape=head.lm_head rep=9 position=32 arm=m6_ipg2 m=6 ipg=2 groups=3 inner=16 gpu_seconds=0.117839250 wall_seconds=0.118026625 seconds_per_dispatch=0.007364953126 gbps=291.310041
LEG shape=head.lm_head rep=9 position=33 arm=m5_ipg5 m=5 ipg=5 groups=1 inner=16 gpu_seconds=0.063989625 wall_seconds=0.064187375 seconds_per_dispatch=0.003999351567 gbps=178.819388
LEG shape=head.lm_head rep=9 position=34 arm=m5_ipg3 m=5 ipg=3 groups=2 inner=16 gpu_seconds=0.083824917 wall_seconds=0.084023708 seconds_per_dispatch=0.005239057282 gbps=273.011560
LEG shape=head.lm_head rep=9 position=35 arm=m4_ipg4 m=4 ipg=4 groups=1 inner=16 gpu_seconds=0.053684084 wall_seconds=0.053863917 seconds_per_dispatch=0.003355255220 gbps=213.146707
LEG shape=head.lm_head rep=9 position=36 arm=m4_ipg2 m=4 ipg=2 groups=2 inner=16 gpu_seconds=0.078580333 wall_seconds=0.078776250 seconds_per_dispatch=0.004911270822 gbps=291.232810
LEG shape=head.lm_head rep=9 position=37 arm=m3_ipg3 m=3 ipg=3 groups=1 inner=16 gpu_seconds=0.046014500 wall_seconds=0.046204083 seconds_per_dispatch=0.002875906241 gbps=248.673475
LEG shape=head.lm_head rep=10 position=0 arm=m3_ipg3 m=3 ipg=3 groups=1 inner=16 gpu_seconds=0.046047750 wall_seconds=0.046242958 seconds_per_dispatch=0.002877984371 gbps=248.493914
LEG shape=head.lm_head rep=10 position=1 arm=m4_ipg2 m=4 ipg=2 groups=2 inner=16 gpu_seconds=0.078608875 wall_seconds=0.078802042 seconds_per_dispatch=0.004913054683 gbps=291.127067
LEG shape=head.lm_head rep=10 position=2 arm=m4_ipg4 m=4 ipg=4 groups=1 inner=16 gpu_seconds=0.053732125 wall_seconds=0.053925833 seconds_per_dispatch=0.003358257818 gbps=212.956133
LEG shape=head.lm_head rep=10 position=3 arm=m5_ipg3 m=5 ipg=3 groups=2 inner=16 gpu_seconds=0.083800333 wall_seconds=0.083981792 seconds_per_dispatch=0.005237520832 gbps=273.091649
LEG shape=head.lm_head rep=10 position=4 arm=m5_ipg5 m=5 ipg=5 groups=1 inner=16 gpu_seconds=0.063980625 wall_seconds=0.064219458 seconds_per_dispatch=0.003998789063 gbps=178.844542
LEG shape=head.lm_head rep=10 position=5 arm=m6_ipg2 m=6 ipg=2 groups=3 inner=16 gpu_seconds=0.117715208 wall_seconds=0.117925542 seconds_per_dispatch=0.007357200520 gbps=291.617008
LEG shape=head.lm_head rep=10 position=6 arm=m6_ipg3 m=6 ipg=3 groups=2 inner=16 gpu_seconds=0.090173625 wall_seconds=0.090360917 seconds_per_dispatch=0.005635851558 gbps=253.790077
LEG shape=head.lm_head rep=10 position=7 arm=m6_ipg4 m=6 ipg=4 groups=2 inner=16 gpu_seconds=0.089941125 wall_seconds=0.090137167 seconds_per_dispatch=0.005621320306 gbps=254.446130
LEG shape=head.lm_head rep=10 position=8 arm=m6_ipg6 m=6 ipg=6 groups=1 inner=16 gpu_seconds=0.082847125 wall_seconds=0.083055792 seconds_per_dispatch=0.005177945306 gbps=138.116870
LEG shape=head.lm_head rep=10 position=9 arm=m7_ipg4 m=7 ipg=4 groups=2 inner=16 gpu_seconds=0.097949750 wall_seconds=0.098136208 seconds_per_dispatch=0.006121859376 gbps=233.641956
LEG shape=head.lm_head rep=10 position=10 arm=m7_ipg5 m=7 ipg=5 groups=2 inner=16 gpu_seconds=0.098340750 wall_seconds=0.098538125 seconds_per_dispatch=0.006146296873 gbps=232.713003
LEG shape=head.lm_head rep=10 position=11 arm=m8_ipg2 m=8 ipg=2 groups=4 inner=16 gpu_seconds=0.156935250 wall_seconds=0.157125375 seconds_per_dispatch=0.009808453135 gbps=291.651126
LEG shape=head.lm_head rep=10 position=12 arm=m8_ipg3 m=8 ipg=3 groups=3 inner=16 gpu_seconds=0.128872375 wall_seconds=0.129054750 seconds_per_dispatch=0.008054523438 gbps=266.370173
LEG shape=head.lm_head rep=10 position=13 arm=m8_ipg4 m=8 ipg=4 groups=2 inner=16 gpu_seconds=0.106336792 wall_seconds=0.106517458 seconds_per_dispatch=0.006646049485 gbps=215.214046
LEG shape=head.lm_head rep=10 position=14 arm=m8_ipg5 m=8 ipg=5 groups=2 inner=16 gpu_seconds=0.107465417 wall_seconds=0.107640458 seconds_per_dispatch=0.006716588541 gbps=212.953822
LEG shape=head.lm_head rep=10 position=15 arm=m8_ipg6 m=8 ipg=6 groups=2 inner=16 gpu_seconds=0.114791208 wall_seconds=0.114980667 seconds_per_dispatch=0.007174450526 gbps=199.363449
LEG shape=head.lm_head rep=10 position=16 arm=m9_ipg3 m=9 ipg=3 groups=3 inner=16 gpu_seconds=0.136422000 wall_seconds=0.136605042 seconds_per_dispatch=0.008526374993 gbps=251.629186
LEG shape=head.lm_head rep=10 position=17 arm=m9_ipg5 m=9 ipg=5 groups=2 inner=16 gpu_seconds=0.117548792 wall_seconds=0.117754833 seconds_per_dispatch=0.007346799481 gbps=194.686571
LEG shape=head.lm_head rep=10 position=18 arm=m9_ipg6 m=9 ipg=6 groups=2 inner=16 gpu_seconds=0.125585083 wall_seconds=0.125788792 seconds_per_dispatch=0.007849067712 gbps=182.228419
LEG shape=head.lm_head rep=10 position=19 arm=m9_ipg6 m=9 ipg=6 groups=2 inner=16 gpu_seconds=0.125554625 wall_seconds=0.125760250 seconds_per_dispatch=0.007847164059 gbps=182.272626
LEG shape=head.lm_head rep=10 position=20 arm=m9_ipg5 m=9 ipg=5 groups=2 inner=16 gpu_seconds=0.117612292 wall_seconds=0.117789667 seconds_per_dispatch=0.007350768239 gbps=194.581458
LEG shape=head.lm_head rep=10 position=21 arm=m9_ipg3 m=9 ipg=3 groups=3 inner=16 gpu_seconds=0.136417375 wall_seconds=0.136608125 seconds_per_dispatch=0.008526085934 gbps=251.637717
LEG shape=head.lm_head rep=10 position=22 arm=m8_ipg6 m=8 ipg=6 groups=2 inner=16 gpu_seconds=0.114815000 wall_seconds=0.114977958 seconds_per_dispatch=0.007175937499 gbps=199.322137
LEG shape=head.lm_head rep=10 position=23 arm=m8_ipg5 m=8 ipg=5 groups=2 inner=16 gpu_seconds=0.107533958 wall_seconds=0.107716750 seconds_per_dispatch=0.006720872392 gbps=212.818086
LEG shape=head.lm_head rep=10 position=24 arm=m8_ipg4 m=8 ipg=4 groups=2 inner=16 gpu_seconds=0.106301167 wall_seconds=0.106487208 seconds_per_dispatch=0.006643822926 gbps=215.286171
LEG shape=head.lm_head rep=10 position=25 arm=m8_ipg3 m=8 ipg=3 groups=3 inner=16 gpu_seconds=0.128895375 wall_seconds=0.129091750 seconds_per_dispatch=0.008055960949 gbps=266.322642
LEG shape=head.lm_head rep=10 position=26 arm=m8_ipg2 m=8 ipg=2 groups=4 inner=16 gpu_seconds=0.156968458 wall_seconds=0.157152083 seconds_per_dispatch=0.009810528645 gbps=291.589424
LEG shape=head.lm_head rep=10 position=27 arm=m7_ipg5 m=7 ipg=5 groups=2 inner=16 gpu_seconds=0.098338375 wall_seconds=0.098524750 seconds_per_dispatch=0.006146148444 gbps=232.718623
LEG shape=head.lm_head rep=10 position=28 arm=m7_ipg4 m=7 ipg=4 groups=2 inner=16 gpu_seconds=0.097934167 wall_seconds=0.098128417 seconds_per_dispatch=0.006120885417 gbps=233.679133
LEG shape=head.lm_head rep=10 position=29 arm=m6_ipg6 m=6 ipg=6 groups=1 inner=16 gpu_seconds=0.082879542 wall_seconds=0.083063083 seconds_per_dispatch=0.005179971355 gbps=138.062848
LEG shape=head.lm_head rep=10 position=30 arm=m6_ipg4 m=6 ipg=4 groups=2 inner=16 gpu_seconds=0.089960250 wall_seconds=0.090141292 seconds_per_dispatch=0.005622515630 gbps=254.392036
LEG shape=head.lm_head rep=10 position=31 arm=m6_ipg3 m=6 ipg=3 groups=2 inner=16 gpu_seconds=0.090191000 wall_seconds=0.090391000 seconds_per_dispatch=0.005636937494 gbps=253.741185
LEG shape=head.lm_head rep=10 position=32 arm=m6_ipg2 m=6 ipg=2 groups=3 inner=16 gpu_seconds=0.117725958 wall_seconds=0.117918750 seconds_per_dispatch=0.007357872382 gbps=291.590379
LEG shape=head.lm_head rep=10 position=33 arm=m5_ipg5 m=5 ipg=5 groups=1 inner=16 gpu_seconds=0.063985875 wall_seconds=0.064168833 seconds_per_dispatch=0.003999117180 gbps=178.829869
LEG shape=head.lm_head rep=10 position=34 arm=m5_ipg3 m=5 ipg=3 groups=2 inner=16 gpu_seconds=0.083818750 wall_seconds=0.084004750 seconds_per_dispatch=0.005238671874 gbps=273.031645
LEG shape=head.lm_head rep=10 position=35 arm=m4_ipg4 m=4 ipg=4 groups=1 inner=16 gpu_seconds=0.053673958 wall_seconds=0.053859833 seconds_per_dispatch=0.003354622400 gbps=213.186915
LEG shape=head.lm_head rep=10 position=36 arm=m4_ipg2 m=4 ipg=2 groups=2 inner=16 gpu_seconds=0.078570417 wall_seconds=0.078759208 seconds_per_dispatch=0.004910651041 gbps=291.269566
LEG shape=head.lm_head rep=10 position=37 arm=m3_ipg3 m=3 ipg=3 groups=1 inner=16 gpu_seconds=0.046246833 wall_seconds=0.046430375 seconds_per_dispatch=0.002890427088 gbps=247.424197
e73_cell_ab: head.lm_head inner=16 legs=418 entry=63.61C exit=70.54C
SHAPE shape=head.lm_head k=5120 n=248320 inner=16 legs=418 bytes_per_stream=715161600 entry_gpu_temp_c=63.61 exit_gpu_temp_c=70.54
PARITY shape=linear_attn.out_proj arm=m3_ipg3 m=3 ipg=3 differing=0 zero_rows=0 compared_rows=3
PARITY shape=linear_attn.out_proj arm=m4_ipg2 m=4 ipg=2 differing=0 zero_rows=0 compared_rows=4
PARITY shape=linear_attn.out_proj arm=m4_ipg4 m=4 ipg=4 differing=0 zero_rows=0 compared_rows=4
PARITY shape=linear_attn.out_proj arm=m5_ipg3 m=5 ipg=3 differing=0 zero_rows=0 compared_rows=5
PARITY shape=linear_attn.out_proj arm=m5_ipg5 m=5 ipg=5 differing=0 zero_rows=0 compared_rows=5
PARITY shape=linear_attn.out_proj arm=m6_ipg2 m=6 ipg=2 differing=0 zero_rows=0 compared_rows=6
PARITY shape=linear_attn.out_proj arm=m6_ipg3 m=6 ipg=3 differing=0 zero_rows=0 compared_rows=6
PARITY shape=linear_attn.out_proj arm=m6_ipg4 m=6 ipg=4 differing=0 zero_rows=0 compared_rows=6
PARITY shape=linear_attn.out_proj arm=m6_ipg6 m=6 ipg=6 differing=0 zero_rows=0 compared_rows=6
PARITY shape=linear_attn.out_proj arm=m7_ipg4 m=7 ipg=4 differing=0 zero_rows=0 compared_rows=7
PARITY shape=linear_attn.out_proj arm=m7_ipg5 m=7 ipg=5 differing=0 zero_rows=0 compared_rows=7
PARITY shape=linear_attn.out_proj arm=m8_ipg2 m=8 ipg=2 differing=0 zero_rows=0 compared_rows=8
PARITY shape=linear_attn.out_proj arm=m8_ipg3 m=8 ipg=3 differing=0 zero_rows=0 compared_rows=8
PARITY shape=linear_attn.out_proj arm=m8_ipg4 m=8 ipg=4 differing=0 zero_rows=0 compared_rows=8
PARITY shape=linear_attn.out_proj arm=m8_ipg5 m=8 ipg=5 differing=0 zero_rows=0 compared_rows=8
PARITY shape=linear_attn.out_proj arm=m8_ipg6 m=8 ipg=6 differing=0 zero_rows=0 compared_rows=8
PARITY shape=linear_attn.out_proj arm=m9_ipg3 m=9 ipg=3 differing=0 zero_rows=0 compared_rows=9
PARITY shape=linear_attn.out_proj arm=m9_ipg5 m=9 ipg=5 differing=0 zero_rows=0 compared_rows=9
PARITY shape=linear_attn.out_proj arm=m9_ipg6 m=9 ipg=6 differing=0 zero_rows=0 compared_rows=9
LEG shape=linear_attn.out_proj rep=0 position=0 arm=m3_ipg3 m=3 ipg=3 groups=1 inner=678 gpu_seconds=0.062602375 wall_seconds=0.062861125 seconds_per_dispatch=0.000092333887 gbps=191.638418
LEG shape=linear_attn.out_proj rep=0 position=1 arm=m4_ipg2 m=4 ipg=2 groups=2 inner=678 gpu_seconds=0.092955667 wall_seconds=0.093213708 seconds_per_dispatch=0.000137102753 gbps=258.123481
LEG shape=linear_attn.out_proj rep=0 position=2 arm=m4_ipg4 m=4 ipg=4 groups=1 inner=678 gpu_seconds=0.069482375 wall_seconds=0.069788125 seconds_per_dispatch=0.000102481379 gbps=172.662782
LEG shape=linear_attn.out_proj rep=0 position=3 arm=m5_ipg3 m=5 ipg=3 groups=2 inner=678 gpu_seconds=0.098884708 wall_seconds=0.099211125 seconds_per_dispatch=0.000145847652 gbps=242.646621
LEG shape=linear_attn.out_proj rep=0 position=4 arm=m5_ipg5 m=5 ipg=5 groups=1 inner=678 gpu_seconds=0.080807125 wall_seconds=0.081106375 seconds_per_dispatch=0.000119184550 gbps=148.464881
LEG shape=linear_attn.out_proj rep=0 position=5 arm=m6_ipg2 m=6 ipg=2 groups=3 inner=678 gpu_seconds=0.133468708 wall_seconds=0.133821500 seconds_per_dispatch=0.000196856502 gbps=269.659165
LEG shape=linear_attn.out_proj rep=0 position=6 arm=m6_ipg3 m=6 ipg=3 groups=2 inner=678 gpu_seconds=0.107436208 wall_seconds=0.107848792 seconds_per_dispatch=0.000158460484 gbps=223.332903
LEG shape=linear_attn.out_proj rep=0 position=7 arm=m6_ipg4 m=6 ipg=4 groups=2 inner=678 gpu_seconds=0.107950500 wall_seconds=0.108250250 seconds_per_dispatch=0.000159219027 gbps=222.268913
LEG shape=linear_attn.out_proj rep=0 position=8 arm=m6_ipg6 m=6 ipg=6 groups=1 inner=678 gpu_seconds=0.104743625 wall_seconds=0.105030417 seconds_per_dispatch=0.000154489122 gbps=114.536996
LEG shape=linear_attn.out_proj rep=0 position=9 arm=m7_ipg4 m=7 ipg=4 groups=2 inner=678 gpu_seconds=0.116104375 wall_seconds=0.116373250 seconds_per_dispatch=0.000171245391 gbps=206.659227
LEG shape=linear_attn.out_proj rep=0 position=10 arm=m7_ipg5 m=7 ipg=5 groups=2 inner=678 gpu_seconds=0.117767375 wall_seconds=0.118039458 seconds_per_dispatch=0.000173698193 gbps=203.740979
LEG shape=linear_attn.out_proj rep=0 position=11 arm=m8_ipg2 m=8 ipg=2 groups=4 inner=678 gpu_seconds=0.176857125 wall_seconds=0.177156417 seconds_per_dispatch=0.000260851217 gbps=271.338125
LEG shape=linear_attn.out_proj rep=0 position=12 arm=m8_ipg3 m=8 ipg=3 groups=3 inner=678 gpu_seconds=0.148113833 wall_seconds=0.148416125 seconds_per_dispatch=0.000218456981 gbps=242.995942
LEG shape=linear_attn.out_proj rep=0 position=13 arm=m8_ipg4 m=8 ipg=4 groups=2 inner=678 gpu_seconds=0.124442750 wall_seconds=0.124725500 seconds_per_dispatch=0.000183543879 gbps=192.811878
LEG shape=linear_attn.out_proj rep=0 position=14 arm=m8_ipg5 m=8 ipg=5 groups=2 inner=678 gpu_seconds=0.127040625 wall_seconds=0.127320167 seconds_per_dispatch=0.000187375553 gbps=188.869035
LEG shape=linear_attn.out_proj rep=0 position=15 arm=m8_ipg6 m=8 ipg=6 groups=2 inner=678 gpu_seconds=0.138198375 wall_seconds=0.138490292 seconds_per_dispatch=0.000203832412 gbps=173.620278
LEG shape=linear_attn.out_proj rep=0 position=16 arm=m9_ipg3 m=9 ipg=3 groups=3 inner=678 gpu_seconds=0.155315791 wall_seconds=0.155610875 seconds_per_dispatch=0.000229079338 gbps=231.728275
LEG shape=linear_attn.out_proj rep=0 position=17 arm=m9_ipg5 m=9 ipg=5 groups=2 inner=678 gpu_seconds=0.137103542 wall_seconds=0.137396625 seconds_per_dispatch=0.000202217613 gbps=175.006714
LEG shape=linear_attn.out_proj rep=0 position=18 arm=m9_ipg6 m=9 ipg=6 groups=2 inner=678 gpu_seconds=0.148678750 wall_seconds=0.148953583 seconds_per_dispatch=0.000219290192 gbps=161.381773
LEG shape=linear_attn.out_proj rep=0 position=19 arm=m9_ipg6 m=9 ipg=6 groups=2 inner=678 gpu_seconds=0.148913208 wall_seconds=0.149212500 seconds_per_dispatch=0.000219636001 gbps=161.127684
LEG shape=linear_attn.out_proj rep=0 position=20 arm=m9_ipg5 m=9 ipg=5 groups=2 inner=678 gpu_seconds=0.137068708 wall_seconds=0.137348542 seconds_per_dispatch=0.000202166237 gbps=175.051189
LEG shape=linear_attn.out_proj rep=0 position=21 arm=m9_ipg3 m=9 ipg=3 groups=3 inner=678 gpu_seconds=0.154631375 wall_seconds=0.154946000 seconds_per_dispatch=0.000228069875 gbps=232.753931
LEG shape=linear_attn.out_proj rep=0 position=22 arm=m8_ipg6 m=8 ipg=6 groups=2 inner=678 gpu_seconds=0.136747250 wall_seconds=0.137040125 seconds_per_dispatch=0.000201692109 gbps=175.462690
LEG shape=linear_attn.out_proj rep=0 position=23 arm=m8_ipg5 m=8 ipg=5 groups=2 inner=678 gpu_seconds=0.126951917 wall_seconds=0.127264250 seconds_per_dispatch=0.000187244715 gbps=189.001009
LEG shape=linear_attn.out_proj rep=0 position=24 arm=m8_ipg4 m=8 ipg=4 groups=2 inner=678 gpu_seconds=0.125298583 wall_seconds=0.125597708 seconds_per_dispatch=0.000184806170 gbps=191.494905
LEG shape=linear_attn.out_proj rep=0 position=25 arm=m8_ipg3 m=8 ipg=3 groups=3 inner=678 gpu_seconds=0.148194667 wall_seconds=0.148481333 seconds_per_dispatch=0.000218576205 gbps=242.863399
LEG shape=linear_attn.out_proj rep=0 position=26 arm=m8_ipg2 m=8 ipg=2 groups=4 inner=678 gpu_seconds=0.176948958 wall_seconds=0.177243708 seconds_per_dispatch=0.000260986664 gbps=271.197305
LEG shape=linear_attn.out_proj rep=0 position=27 arm=m7_ipg5 m=7 ipg=5 groups=2 inner=678 gpu_seconds=0.117533917 wall_seconds=0.117805750 seconds_per_dispatch=0.000173353860 gbps=204.145671
LEG shape=linear_attn.out_proj rep=0 position=28 arm=m7_ipg4 m=7 ipg=4 groups=2 inner=678 gpu_seconds=0.116164625 wall_seconds=0.116453208 seconds_per_dispatch=0.000171334255 gbps=206.552041
LEG shape=linear_attn.out_proj rep=0 position=29 arm=m6_ipg6 m=6 ipg=6 groups=1 inner=678 gpu_seconds=0.105000500 wall_seconds=0.105294417 seconds_per_dispatch=0.000154867994 gbps=114.256791
LEG shape=linear_attn.out_proj rep=0 position=30 arm=m6_ipg4 m=6 ipg=4 groups=2 inner=678 gpu_seconds=0.107824667 wall_seconds=0.108120833 seconds_per_dispatch=0.000159033432 gbps=222.528305
LEG shape=linear_attn.out_proj rep=0 position=31 arm=m6_ipg3 m=6 ipg=3 groups=2 inner=678 gpu_seconds=0.107759917 wall_seconds=0.108054292 seconds_per_dispatch=0.000158937930 gbps=222.662016
LEG shape=linear_attn.out_proj rep=0 position=32 arm=m6_ipg2 m=6 ipg=2 groups=3 inner=678 gpu_seconds=0.135527667 wall_seconds=0.135816583 seconds_per_dispatch=0.000199893314 gbps=265.562459
LEG shape=linear_attn.out_proj rep=0 position=33 arm=m5_ipg5 m=5 ipg=5 groups=1 inner=678 gpu_seconds=0.081912125 wall_seconds=0.082170792 seconds_per_dispatch=0.000120814344 gbps=146.462079
LEG shape=linear_attn.out_proj rep=0 position=34 arm=m5_ipg3 m=5 ipg=3 groups=2 inner=678 gpu_seconds=0.100643667 wall_seconds=0.100899875 seconds_per_dispatch=0.000148441986 gbps=238.405864
LEG shape=linear_attn.out_proj rep=0 position=35 arm=m4_ipg4 m=4 ipg=4 groups=1 inner=678 gpu_seconds=0.071191625 wall_seconds=0.071492000 seconds_per_dispatch=0.000105002397 gbps=168.517296
LEG shape=linear_attn.out_proj rep=0 position=36 arm=m4_ipg2 m=4 ipg=2 groups=2 inner=678 gpu_seconds=0.093195917 wall_seconds=0.093515292 seconds_per_dispatch=0.000137457104 gbps=257.458065
LEG shape=linear_attn.out_proj rep=0 position=37 arm=m3_ipg3 m=3 ipg=3 groups=1 inner=678 gpu_seconds=0.062609583 wall_seconds=0.062899167 seconds_per_dispatch=0.000092344518 gbps=191.616355
LEG shape=linear_attn.out_proj rep=1 position=0 arm=m3_ipg3 m=3 ipg=3 groups=1 inner=678 gpu_seconds=0.062614042 wall_seconds=0.062925167 seconds_per_dispatch=0.000092351094 gbps=191.602711
LEG shape=linear_attn.out_proj rep=1 position=1 arm=m4_ipg2 m=4 ipg=2 groups=2 inner=678 gpu_seconds=0.094175250 wall_seconds=0.094474917 seconds_per_dispatch=0.000138901549 gbps=254.780745
LEG shape=linear_attn.out_proj rep=1 position=2 arm=m4_ipg4 m=4 ipg=4 groups=1 inner=678 gpu_seconds=0.071108042 wall_seconds=0.071384417 seconds_per_dispatch=0.000104879118 gbps=168.715378
LEG shape=linear_attn.out_proj rep=1 position=3 arm=m5_ipg3 m=5 ipg=3 groups=2 inner=678 gpu_seconds=0.099668375 wall_seconds=0.099948292 seconds_per_dispatch=0.000147003503 gbps=240.738753
LEG shape=linear_attn.out_proj rep=1 position=4 arm=m5_ipg5 m=5 ipg=5 groups=1 inner=678 gpu_seconds=0.082120250 wall_seconds=0.082384000 seconds_per_dispatch=0.000121121313 gbps=146.090887
LEG shape=linear_attn.out_proj rep=1 position=5 arm=m6_ipg2 m=6 ipg=2 groups=3 inner=678 gpu_seconds=0.135437375 wall_seconds=0.135705208 seconds_per_dispatch=0.000199760140 gbps=265.739501
LEG shape=linear_attn.out_proj rep=1 position=6 arm=m6_ipg3 m=6 ipg=3 groups=2 inner=678 gpu_seconds=0.107647292 wall_seconds=0.107944833 seconds_per_dispatch=0.000158771817 gbps=222.894974
LEG shape=linear_attn.out_proj rep=1 position=7 arm=m6_ipg4 m=6 ipg=4 groups=2 inner=678 gpu_seconds=0.108277000 wall_seconds=0.108630792 seconds_per_dispatch=0.000159700590 gbps=221.598680
LEG shape=linear_attn.out_proj rep=1 position=8 arm=m6_ipg6 m=6 ipg=6 groups=1 inner=678 gpu_seconds=0.104628875 wall_seconds=0.104924708 seconds_per_dispatch=0.000154319875 gbps=114.662613
LEG shape=linear_attn.out_proj rep=1 position=9 arm=m7_ipg4 m=7 ipg=4 groups=2 inner=678 gpu_seconds=0.116215625 wall_seconds=0.116504917 seconds_per_dispatch=0.000171409477 gbps=206.461397
LEG shape=linear_attn.out_proj rep=1 position=10 arm=m7_ipg5 m=7 ipg=5 groups=2 inner=678 gpu_seconds=0.117546375 wall_seconds=0.117839458 seconds_per_dispatch=0.000173372234 gbps=204.124035
LEG shape=linear_attn.out_proj rep=1 position=11 arm=m8_ipg2 m=8 ipg=2 groups=4 inner=678 gpu_seconds=0.176654750 wall_seconds=0.176960583 seconds_per_dispatch=0.000260552729 gbps=271.648969
LEG shape=linear_attn.out_proj rep=1 position=12 arm=m8_ipg3 m=8 ipg=3 groups=3 inner=678 gpu_seconds=0.148108500 wall_seconds=0.148388417 seconds_per_dispatch=0.000218449115 gbps=243.004692
LEG shape=linear_attn.out_proj rep=1 position=13 arm=m8_ipg4 m=8 ipg=4 groups=2 inner=678 gpu_seconds=0.125399750 wall_seconds=0.125661667 seconds_per_dispatch=0.000184955384 gbps=191.340416
LEG shape=linear_attn.out_proj rep=1 position=14 arm=m8_ipg5 m=8 ipg=5 groups=2 inner=678 gpu_seconds=0.125796250 wall_seconds=0.126129208 seconds_per_dispatch=0.000185540192 gbps=190.737326
LEG shape=linear_attn.out_proj rep=1 position=15 arm=m8_ipg6 m=8 ipg=6 groups=2 inner=678 gpu_seconds=0.138203750 wall_seconds=0.138507542 seconds_per_dispatch=0.000203840339 gbps=173.613526
LEG shape=linear_attn.out_proj rep=1 position=16 arm=m9_ipg3 m=9 ipg=3 groups=3 inner=678 gpu_seconds=0.155271292 wall_seconds=0.155569833 seconds_per_dispatch=0.000229013705 gbps=231.794687
LEG shape=linear_attn.out_proj rep=1 position=17 arm=m9_ipg5 m=9 ipg=5 groups=2 inner=678 gpu_seconds=0.137046375 wall_seconds=0.137340917 seconds_per_dispatch=0.000202133296 gbps=175.079716
LEG shape=linear_attn.out_proj rep=1 position=18 arm=m9_ipg6 m=9 ipg=6 groups=2 inner=678 gpu_seconds=0.148839792 wall_seconds=0.149138542 seconds_per_dispatch=0.000219527716 gbps=161.207161
LEG shape=linear_attn.out_proj rep=1 position=19 arm=m9_ipg6 m=9 ipg=6 groups=2 inner=678 gpu_seconds=0.148607083 wall_seconds=0.148913375 seconds_per_dispatch=0.000219184489 gbps=161.459601
LEG shape=linear_attn.out_proj rep=1 position=20 arm=m9_ipg5 m=9 ipg=5 groups=2 inner=678 gpu_seconds=0.137161625 wall_seconds=0.137428208 seconds_per_dispatch=0.000202303281 gbps=174.932605
LEG shape=linear_attn.out_proj rep=1 position=21 arm=m9_ipg3 m=9 ipg=3 groups=3 inner=678 gpu_seconds=0.155424042 wall_seconds=0.155714083 seconds_per_dispatch=0.000229239000 gbps=231.566880
LEG shape=linear_attn.out_proj rep=1 position=22 arm=m8_ipg6 m=8 ipg=6 groups=2 inner=678 gpu_seconds=0.138683208 wall_seconds=0.138968042 seconds_per_dispatch=0.000204547505 gbps=173.013306
LEG shape=linear_attn.out_proj rep=1 position=23 arm=m8_ipg5 m=8 ipg=5 groups=2 inner=678 gpu_seconds=0.126941125 wall_seconds=0.127249917 seconds_per_dispatch=0.000187228798 gbps=189.017076
LEG shape=linear_attn.out_proj rep=1 position=24 arm=m8_ipg4 m=8 ipg=4 groups=2 inner=678 gpu_seconds=0.125330208 wall_seconds=0.125628458 seconds_per_dispatch=0.000184852815 gbps=191.446584
LEG shape=linear_attn.out_proj rep=1 position=25 arm=m8_ipg3 m=8 ipg=3 groups=3 inner=678 gpu_seconds=0.148173583 wall_seconds=0.148483208 seconds_per_dispatch=0.000218545108 gbps=242.897956
LEG shape=linear_attn.out_proj rep=1 position=26 arm=m8_ipg2 m=8 ipg=2 groups=4 inner=678 gpu_seconds=0.176100250 wall_seconds=0.176398375 seconds_per_dispatch=0.000259734882 gbps=272.504330
LEG shape=linear_attn.out_proj rep=1 position=27 arm=m7_ipg5 m=7 ipg=5 groups=2 inner=678 gpu_seconds=0.117502375 wall_seconds=0.117800042 seconds_per_dispatch=0.000173307338 gbps=204.200471
LEG shape=linear_attn.out_proj rep=1 position=28 arm=m7_ipg4 m=7 ipg=4 groups=2 inner=678 gpu_seconds=0.116281083 wall_seconds=0.116568458 seconds_per_dispatch=0.000171506023 gbps=206.345174
LEG shape=linear_attn.out_proj rep=1 position=29 arm=m6_ipg6 m=6 ipg=6 groups=1 inner=678 gpu_seconds=0.104870625 wall_seconds=0.105169750 seconds_per_dispatch=0.000154676438 gbps=114.398290
LEG shape=linear_attn.out_proj rep=1 position=30 arm=m6_ipg4 m=6 ipg=4 groups=2 inner=678 gpu_seconds=0.108170583 wall_seconds=0.108473542 seconds_per_dispatch=0.000159543633 gbps=221.816686
LEG shape=linear_attn.out_proj rep=1 position=31 arm=m6_ipg3 m=6 ipg=3 groups=2 inner=678 gpu_seconds=0.107722625 wall_seconds=0.108015667 seconds_per_dispatch=0.000158882928 gbps=222.739098
LEG shape=linear_attn.out_proj rep=1 position=32 arm=m6_ipg2 m=6 ipg=2 groups=3 inner=678 gpu_seconds=0.135338708 wall_seconds=0.135640125 seconds_per_dispatch=0.000199614614 gbps=265.933235
LEG shape=linear_attn.out_proj rep=1 position=33 arm=m5_ipg5 m=5 ipg=5 groups=1 inner=678 gpu_seconds=0.082031375 wall_seconds=0.082335542 seconds_per_dispatch=0.000120990229 gbps=146.249166
LEG shape=linear_attn.out_proj rep=1 position=34 arm=m5_ipg3 m=5 ipg=3 groups=2 inner=678 gpu_seconds=0.100482042 wall_seconds=0.100789417 seconds_per_dispatch=0.000148203601 gbps=238.789339
LEG shape=linear_attn.out_proj rep=1 position=35 arm=m4_ipg4 m=4 ipg=4 groups=1 inner=678 gpu_seconds=0.071167250 wall_seconds=0.071456458 seconds_per_dispatch=0.000104966445 gbps=168.575014
LEG shape=linear_attn.out_proj rep=1 position=36 arm=m4_ipg2 m=4 ipg=2 groups=2 inner=678 gpu_seconds=0.094295667 wall_seconds=0.094602625 seconds_per_dispatch=0.000139079154 gbps=254.455387
LEG shape=linear_attn.out_proj rep=1 position=37 arm=m3_ipg3 m=3 ipg=3 groups=1 inner=678 gpu_seconds=0.062493667 wall_seconds=0.062761625 seconds_per_dispatch=0.000092173549 gbps=191.971776
LEG shape=linear_attn.out_proj rep=2 position=0 arm=m3_ipg3 m=3 ipg=3 groups=1 inner=678 gpu_seconds=0.062550375 wall_seconds=0.062816917 seconds_per_dispatch=0.000092257190 gbps=191.797734
LEG shape=linear_attn.out_proj rep=2 position=1 arm=m4_ipg2 m=4 ipg=2 groups=2 inner=678 gpu_seconds=0.094214833 wall_seconds=0.094502125 seconds_per_dispatch=0.000138959931 gbps=254.673701
LEG shape=linear_attn.out_proj rep=2 position=2 arm=m4_ipg4 m=4 ipg=4 groups=1 inner=678 gpu_seconds=0.071156542 wall_seconds=0.071432125 seconds_per_dispatch=0.000104950652 gbps=168.600382
LEG shape=linear_attn.out_proj rep=2 position=3 arm=m5_ipg3 m=5 ipg=3 groups=2 inner=678 gpu_seconds=0.100639750 wall_seconds=0.100942625 seconds_per_dispatch=0.000148436209 gbps=238.415142
LEG shape=linear_attn.out_proj rep=2 position=4 arm=m5_ipg5 m=5 ipg=5 groups=1 inner=678 gpu_seconds=0.081965708 wall_seconds=0.082276542 seconds_per_dispatch=0.000120893375 gbps=146.366333
LEG shape=linear_attn.out_proj rep=2 position=5 arm=m6_ipg2 m=6 ipg=2 groups=3 inner=678 gpu_seconds=0.135490208 wall_seconds=0.135777000 seconds_per_dispatch=0.000199838065 gbps=265.635878
LEG shape=linear_attn.out_proj rep=2 position=6 arm=m6_ipg3 m=6 ipg=3 groups=2 inner=678 gpu_seconds=0.107667625 wall_seconds=0.107980083 seconds_per_dispatch=0.000158801807 gbps=222.852880
LEG shape=linear_attn.out_proj rep=2 position=7 arm=m6_ipg4 m=6 ipg=4 groups=2 inner=678 gpu_seconds=0.108136042 wall_seconds=0.108439875 seconds_per_dispatch=0.000159492687 gbps=221.887541
LEG shape=linear_attn.out_proj rep=2 position=8 arm=m6_ipg6 m=6 ipg=6 groups=1 inner=678 gpu_seconds=0.104603875 wall_seconds=0.104903792 seconds_per_dispatch=0.000154283001 gbps=114.690017
LEG shape=linear_attn.out_proj rep=2 position=9 arm=m7_ipg4 m=7 ipg=4 groups=2 inner=678 gpu_seconds=0.116215209 wall_seconds=0.116519125 seconds_per_dispatch=0.000171408862 gbps=206.462137
LEG shape=linear_attn.out_proj rep=2 position=10 arm=m7_ipg5 m=7 ipg=5 groups=2 inner=678 gpu_seconds=0.117481708 wall_seconds=0.117767792 seconds_per_dispatch=0.000173276856 gbps=204.236393
LEG shape=linear_attn.out_proj rep=2 position=11 arm=m8_ipg2 m=8 ipg=2 groups=4 inner=678 gpu_seconds=0.176805375 wall_seconds=0.177117917 seconds_per_dispatch=0.000260774889 gbps=271.417544
LEG shape=linear_attn.out_proj rep=2 position=12 arm=m8_ipg3 m=8 ipg=3 groups=3 inner=678 gpu_seconds=0.148194875 wall_seconds=0.148479875 seconds_per_dispatch=0.000218576512 gbps=242.863058
LEG shape=linear_attn.out_proj rep=2 position=13 arm=m8_ipg4 m=8 ipg=4 groups=2 inner=678 gpu_seconds=0.125470417 wall_seconds=0.125773750 seconds_per_dispatch=0.000185059612 gbps=191.232650
LEG shape=linear_attn.out_proj rep=2 position=14 arm=m8_ipg5 m=8 ipg=5 groups=2 inner=678 gpu_seconds=0.127161208 wall_seconds=0.127446583 seconds_per_dispatch=0.000187553405 gbps=188.689936
LEG shape=linear_attn.out_proj rep=2 position=15 arm=m8_ipg6 m=8 ipg=6 groups=2 inner=678 gpu_seconds=0.138294917 wall_seconds=0.138588250 seconds_per_dispatch=0.000203974803 gbps=173.499077
LEG shape=linear_attn.out_proj rep=2 position=16 arm=m9_ipg3 m=9 ipg=3 groups=3 inner=678 gpu_seconds=0.155385833 wall_seconds=0.155675083 seconds_per_dispatch=0.000229182645 gbps=231.623821
LEG shape=linear_attn.out_proj rep=2 position=17 arm=m9_ipg5 m=9 ipg=5 groups=2 inner=678 gpu_seconds=0.136929458 wall_seconds=0.137235167 seconds_per_dispatch=0.000201960853 gbps=175.229207
LEG shape=linear_attn.out_proj rep=2 position=18 arm=m9_ipg6 m=9 ipg=6 groups=2 inner=678 gpu_seconds=0.148409417 wall_seconds=0.148706292 seconds_per_dispatch=0.000218892945 gbps=161.674649
LEG shape=linear_attn.out_proj rep=2 position=19 arm=m9_ipg6 m=9 ipg=6 groups=2 inner=678 gpu_seconds=0.148683292 wall_seconds=0.148995583 seconds_per_dispatch=0.000219296891 gbps=161.376843
LEG shape=linear_attn.out_proj rep=2 position=20 arm=m9_ipg5 m=9 ipg=5 groups=2 inner=678 gpu_seconds=0.136995042 wall_seconds=0.137274333 seconds_per_dispatch=0.000202057584 gbps=175.145319
LEG shape=linear_attn.out_proj rep=2 position=21 arm=m9_ipg3 m=9 ipg=3 groups=3 inner=678 gpu_seconds=0.155525375 wall_seconds=0.155815583 seconds_per_dispatch=0.000229388459 gbps=231.416002
LEG shape=linear_attn.out_proj rep=2 position=22 arm=m8_ipg6 m=8 ipg=6 groups=2 inner=678 gpu_seconds=0.138333833 wall_seconds=0.138625958 seconds_per_dispatch=0.000204032203 gbps=173.450267
LEG shape=linear_attn.out_proj rep=2 position=23 arm=m8_ipg5 m=8 ipg=5 groups=2 inner=678 gpu_seconds=0.127090125 wall_seconds=0.127406333 seconds_per_dispatch=0.000187448562 gbps=188.795474
LEG shape=linear_attn.out_proj rep=2 position=24 arm=m8_ipg4 m=8 ipg=4 groups=2 inner=678 gpu_seconds=0.125362292 wall_seconds=0.125657250 seconds_per_dispatch=0.000184900135 gbps=191.397588
LEG shape=linear_attn.out_proj rep=2 position=25 arm=m8_ipg3 m=8 ipg=3 groups=3 inner=678 gpu_seconds=0.148275000 wall_seconds=0.148572458 seconds_per_dispatch=0.000218694690 gbps=242.731819
LEG shape=linear_attn.out_proj rep=2 position=26 arm=m8_ipg2 m=8 ipg=2 groups=4 inner=678 gpu_seconds=0.176867750 wall_seconds=0.177181708 seconds_per_dispatch=0.000260866888 gbps=271.321825
LEG shape=linear_attn.out_proj rep=2 position=27 arm=m7_ipg5 m=7 ipg=5 groups=2 inner=678 gpu_seconds=0.117625500 wall_seconds=0.117886042 seconds_per_dispatch=0.000173488938 gbps=203.986723
LEG shape=linear_attn.out_proj rep=2 position=28 arm=m7_ipg4 m=7 ipg=4 groups=2 inner=678 gpu_seconds=0.116192708 wall_seconds=0.116455333 seconds_per_dispatch=0.000171375676 gbps=206.502117
LEG shape=linear_attn.out_proj rep=2 position=29 arm=m6_ipg6 m=6 ipg=6 groups=1 inner=678 gpu_seconds=0.104605834 wall_seconds=0.104905417 seconds_per_dispatch=0.000154285890 gbps=114.687869
LEG shape=linear_attn.out_proj rep=2 position=30 arm=m6_ipg4 m=6 ipg=4 groups=2 inner=678 gpu_seconds=0.107959375 wall_seconds=0.108285833 seconds_per_dispatch=0.000159232117 gbps=222.250641
LEG shape=linear_attn.out_proj rep=2 position=31 arm=m6_ipg3 m=6 ipg=3 groups=2 inner=678 gpu_seconds=0.107557458 wall_seconds=0.107865042 seconds_per_dispatch=0.000158639319 gbps=223.081140
LEG shape=linear_attn.out_proj rep=2 position=32 arm=m6_ipg2 m=6 ipg=2 groups=3 inner=678 gpu_seconds=0.134877375 wall_seconds=0.135189250 seconds_per_dispatch=0.000198934181 gbps=266.842831
LEG shape=linear_attn.out_proj rep=2 position=33 arm=m5_ipg5 m=5 ipg=5 groups=1 inner=678 gpu_seconds=0.081406292 wall_seconds=0.081689833 seconds_per_dispatch=0.000120068277 gbps=147.372149
LEG shape=linear_attn.out_proj rep=2 position=34 arm=m5_ipg3 m=5 ipg=3 groups=2 inner=678 gpu_seconds=0.098833875 wall_seconds=0.099139208 seconds_per_dispatch=0.000145772677 gbps=242.771421
LEG shape=linear_attn.out_proj rep=2 position=35 arm=m4_ipg4 m=4 ipg=4 groups=1 inner=678 gpu_seconds=0.069474750 wall_seconds=0.069781917 seconds_per_dispatch=0.000102470133 gbps=172.681732
LEG shape=linear_attn.out_proj rep=2 position=36 arm=m4_ipg2 m=4 ipg=2 groups=2 inner=678 gpu_seconds=0.092387625 wall_seconds=0.092729667 seconds_per_dispatch=0.000136264934 gbps=259.710544
LEG shape=linear_attn.out_proj rep=2 position=37 arm=m3_ipg3 m=3 ipg=3 groups=1 inner=678 gpu_seconds=0.060949750 wall_seconds=0.061239375 seconds_per_dispatch=0.000089896386 gbps=196.834608
LEG shape=linear_attn.out_proj rep=3 position=0 arm=m3_ipg3 m=3 ipg=3 groups=1 inner=678 gpu_seconds=0.060867875 wall_seconds=0.061157708 seconds_per_dispatch=0.000089775627 gbps=197.099375
LEG shape=linear_attn.out_proj rep=3 position=1 arm=m4_ipg2 m=4 ipg=2 groups=2 inner=678 gpu_seconds=0.092342000 wall_seconds=0.092625375 seconds_per_dispatch=0.000136197640 gbps=259.838863
LEG shape=linear_attn.out_proj rep=3 position=2 arm=m4_ipg4 m=4 ipg=4 groups=1 inner=678 gpu_seconds=0.069180167 wall_seconds=0.069451750 seconds_per_dispatch=0.000102035644 gbps=173.417046
LEG shape=linear_attn.out_proj rep=3 position=3 arm=m5_ipg3 m=5 ipg=3 groups=2 inner=678 gpu_seconds=0.098860208 wall_seconds=0.099167000 seconds_per_dispatch=0.000145811517 gbps=242.706754
LEG shape=linear_attn.out_proj rep=3 position=4 arm=m5_ipg5 m=5 ipg=5 groups=1 inner=678 gpu_seconds=0.080248708 wall_seconds=0.080531667 seconds_per_dispatch=0.000118360927 gbps=149.497984
LEG shape=linear_attn.out_proj rep=3 position=5 arm=m6_ipg2 m=6 ipg=2 groups=3 inner=678 gpu_seconds=0.133738792 wall_seconds=0.134015792 seconds_per_dispatch=0.000197254855 gbps=269.114593
LEG shape=linear_attn.out_proj rep=3 position=6 arm=m6_ipg3 m=6 ipg=3 groups=2 inner=678 gpu_seconds=0.105782042 wall_seconds=0.106064250 seconds_per_dispatch=0.000156020710 gbps=226.825272
LEG shape=linear_attn.out_proj rep=3 position=7 arm=m6_ipg4 m=6 ipg=4 groups=2 inner=678 gpu_seconds=0.107410833 wall_seconds=0.107721417 seconds_per_dispatch=0.000158423058 gbps=223.385664
LEG shape=linear_attn.out_proj rep=3 position=8 arm=m6_ipg6 m=6 ipg=6 groups=1 inner=678 gpu_seconds=0.103578625 wall_seconds=0.103885833 seconds_per_dispatch=0.000152770833 gbps=115.825250
LEG shape=linear_attn.out_proj rep=3 position=9 arm=m7_ipg4 m=7 ipg=4 groups=2 inner=678 gpu_seconds=0.116013250 wall_seconds=0.116301458 seconds_per_dispatch=0.000171110988 gbps=206.821551
LEG shape=linear_attn.out_proj rep=3 position=10 arm=m7_ipg5 m=7 ipg=5 groups=2 inner=678 gpu_seconds=0.117546750 wall_seconds=0.117840083 seconds_per_dispatch=0.000173372788 gbps=204.123383
LEG shape=linear_attn.out_proj rep=3 position=11 arm=m8_ipg2 m=8 ipg=2 groups=4 inner=678 gpu_seconds=0.176708208 wall_seconds=0.177006292 seconds_per_dispatch=0.000260631576 gbps=271.566788
LEG shape=linear_attn.out_proj rep=3 position=12 arm=m8_ipg3 m=8 ipg=3 groups=3 inner=678 gpu_seconds=0.148050750 wall_seconds=0.148353875 seconds_per_dispatch=0.000218363938 gbps=243.099481
LEG shape=linear_attn.out_proj rep=3 position=13 arm=m8_ipg4 m=8 ipg=4 groups=2 inner=678 gpu_seconds=0.125286375 wall_seconds=0.125607958 seconds_per_dispatch=0.000184788164 gbps=191.513565
LEG shape=linear_attn.out_proj rep=3 position=14 arm=m8_ipg5 m=8 ipg=5 groups=2 inner=678 gpu_seconds=0.126934375 wall_seconds=0.127237208 seconds_per_dispatch=0.000187218842 gbps=189.027128
LEG shape=linear_attn.out_proj rep=3 position=15 arm=m8_ipg6 m=8 ipg=6 groups=2 inner=678 gpu_seconds=0.138106917 wall_seconds=0.138411208 seconds_per_dispatch=0.000203697517 gbps=173.735255
LEG shape=linear_attn.out_proj rep=3 position=16 arm=m9_ipg3 m=9 ipg=3 groups=3 inner=678 gpu_seconds=0.155438625 wall_seconds=0.155732083 seconds_per_dispatch=0.000229260509 gbps=231.545155
LEG shape=linear_attn.out_proj rep=3 position=17 arm=m9_ipg5 m=9 ipg=5 groups=2 inner=678 gpu_seconds=0.137023333 wall_seconds=0.137325000 seconds_per_dispatch=0.000202099312 gbps=175.109157
LEG shape=linear_attn.out_proj rep=3 position=18 arm=m9_ipg6 m=9 ipg=6 groups=2 inner=678 gpu_seconds=0.148635583 wall_seconds=0.148934292 seconds_per_dispatch=0.000219226524 gbps=161.428642
LEG shape=linear_attn.out_proj rep=3 position=19 arm=m9_ipg6 m=9 ipg=6 groups=2 inner=678 gpu_seconds=0.148400167 wall_seconds=0.148692125 seconds_per_dispatch=0.000218879302 gbps=161.684726
LEG shape=linear_attn.out_proj rep=3 position=20 arm=m9_ipg5 m=9 ipg=5 groups=2 inner=678 gpu_seconds=0.136928292 wall_seconds=0.137219833 seconds_per_dispatch=0.000201959132 gbps=175.230699
LEG shape=linear_attn.out_proj rep=3 position=21 arm=m9_ipg3 m=9 ipg=3 groups=3 inner=678 gpu_seconds=0.155271291 wall_seconds=0.155561083 seconds_per_dispatch=0.000229013704 gbps=231.794687
LEG shape=linear_attn.out_proj rep=3 position=22 arm=m8_ipg6 m=8 ipg=6 groups=2 inner=678 gpu_seconds=0.138292125 wall_seconds=0.138586708 seconds_per_dispatch=0.000203970686 gbps=173.502579
LEG shape=linear_attn.out_proj rep=3 position=23 arm=m8_ipg5 m=8 ipg=5 groups=2 inner=678 gpu_seconds=0.126928750 wall_seconds=0.127216458 seconds_per_dispatch=0.000187210546 gbps=189.035505
LEG shape=linear_attn.out_proj rep=3 position=24 arm=m8_ipg4 m=8 ipg=4 groups=2 inner=678 gpu_seconds=0.125538042 wall_seconds=0.125830083 seconds_per_dispatch=0.000185159353 gbps=191.129637
LEG shape=linear_attn.out_proj rep=3 position=25 arm=m8_ipg3 m=8 ipg=3 groups=3 inner=678 gpu_seconds=0.148046125 wall_seconds=0.148348000 seconds_per_dispatch=0.000218357117 gbps=243.107075
LEG shape=linear_attn.out_proj rep=3 position=26 arm=m8_ipg2 m=8 ipg=2 groups=4 inner=678 gpu_seconds=0.176835916 wall_seconds=0.177134458 seconds_per_dispatch=0.000260819936 gbps=271.370667
LEG shape=linear_attn.out_proj rep=3 position=27 arm=m7_ipg5 m=7 ipg=5 groups=2 inner=678 gpu_seconds=0.117358500 wall_seconds=0.117709917 seconds_per_dispatch=0.000173095133 gbps=204.450809
LEG shape=linear_attn.out_proj rep=3 position=28 arm=m7_ipg4 m=7 ipg=4 groups=2 inner=678 gpu_seconds=0.116196875 wall_seconds=0.116478917 seconds_per_dispatch=0.000171381822 gbps=206.494713
LEG shape=linear_attn.out_proj rep=3 position=29 arm=m6_ipg6 m=6 ipg=6 groups=1 inner=678 gpu_seconds=0.104445000 wall_seconds=0.104751625 seconds_per_dispatch=0.000154048672 gbps=114.864476
LEG shape=linear_attn.out_proj rep=3 position=30 arm=m6_ipg4 m=6 ipg=4 groups=2 inner=678 gpu_seconds=0.108087625 wall_seconds=0.108395750 seconds_per_dispatch=0.000159421276 gbps=221.986932
LEG shape=linear_attn.out_proj rep=3 position=31 arm=m6_ipg3 m=6 ipg=3 groups=2 inner=678 gpu_seconds=0.107689458 wall_seconds=0.107982792 seconds_per_dispatch=0.000158834009 gbps=222.807698
LEG shape=linear_attn.out_proj rep=3 position=32 arm=m6_ipg2 m=6 ipg=2 groups=3 inner=678 gpu_seconds=0.135280417 wall_seconds=0.135590042 seconds_per_dispatch=0.000199528638 gbps=266.047824
LEG shape=linear_attn.out_proj rep=3 position=33 arm=m5_ipg5 m=5 ipg=5 groups=1 inner=678 gpu_seconds=0.082031000 wall_seconds=0.082301708 seconds_per_dispatch=0.000120989675 gbps=146.249834
LEG shape=linear_attn.out_proj rep=3 position=34 arm=m5_ipg3 m=5 ipg=3 groups=2 inner=678 gpu_seconds=0.100509417 wall_seconds=0.100771250 seconds_per_dispatch=0.000148243977 gbps=238.724302
LEG shape=linear_attn.out_proj rep=3 position=35 arm=m4_ipg4 m=4 ipg=4 groups=1 inner=678 gpu_seconds=0.070962000 wall_seconds=0.071267500 seconds_per_dispatch=0.000104663717 gbps=169.062599
LEG shape=linear_attn.out_proj rep=3 position=36 arm=m4_ipg2 m=4 ipg=2 groups=2 inner=678 gpu_seconds=0.094084542 wall_seconds=0.094385875 seconds_per_dispatch=0.000138767760 gbps=255.026383
LEG shape=linear_attn.out_proj rep=3 position=37 arm=m3_ipg3 m=3 ipg=3 groups=1 inner=678 gpu_seconds=0.062578375 wall_seconds=0.062878500 seconds_per_dispatch=0.000092298488 gbps=191.711916
LEG shape=linear_attn.out_proj rep=4 position=0 arm=m3_ipg3 m=3 ipg=3 groups=1 inner=678 gpu_seconds=0.062683958 wall_seconds=0.062987667 seconds_per_dispatch=0.000092454216 gbps=191.389001
LEG shape=linear_attn.out_proj rep=4 position=1 arm=m4_ipg2 m=4 ipg=2 groups=2 inner=678 gpu_seconds=0.094083542 wall_seconds=0.094395708 seconds_per_dispatch=0.000138766285 gbps=255.029094
LEG shape=linear_attn.out_proj rep=4 position=2 arm=m4_ipg4 m=4 ipg=4 groups=1 inner=678 gpu_seconds=0.071202042 wall_seconds=0.071478375 seconds_per_dispatch=0.000105017761 gbps=168.492642
LEG shape=linear_attn.out_proj rep=4 position=3 arm=m5_ipg3 m=5 ipg=3 groups=2 inner=678 gpu_seconds=0.100596750 wall_seconds=0.100892208 seconds_per_dispatch=0.000148372788 gbps=238.517052
LEG shape=linear_attn.out_proj rep=4 position=4 arm=m5_ipg5 m=5 ipg=5 groups=1 inner=678 gpu_seconds=0.082070292 wall_seconds=0.082369917 seconds_per_dispatch=0.000121047628 gbps=146.179817
LEG shape=linear_attn.out_proj rep=4 position=5 arm=m6_ipg2 m=6 ipg=2 groups=3 inner=678 gpu_seconds=0.135488167 wall_seconds=0.135770167 seconds_per_dispatch=0.000199835054 gbps=265.639881
LEG shape=linear_attn.out_proj rep=4 position=6 arm=m6_ipg3 m=6 ipg=3 groups=2 inner=678 gpu_seconds=0.107686750 wall_seconds=0.107985583 seconds_per_dispatch=0.000158830015 gbps=222.813302
LEG shape=linear_attn.out_proj rep=4 position=7 arm=m6_ipg4 m=6 ipg=4 groups=2 inner=678 gpu_seconds=0.107950125 wall_seconds=0.108245667 seconds_per_dispatch=0.000159218473 gbps=222.269686
LEG shape=linear_attn.out_proj rep=4 position=8 arm=m6_ipg6 m=6 ipg=6 groups=1 inner=678 gpu_seconds=0.104398833 wall_seconds=0.104689583 seconds_per_dispatch=0.000153980580 gbps=114.915270
LEG shape=linear_attn.out_proj rep=4 position=9 arm=m7_ipg4 m=7 ipg=4 groups=2 inner=678 gpu_seconds=0.116361833 wall_seconds=0.116654333 seconds_per_dispatch=0.000171625123 gbps=206.201979
LEG shape=linear_attn.out_proj rep=4 position=10 arm=m7_ipg5 m=7 ipg=5 groups=2 inner=678 gpu_seconds=0.117584500 wall_seconds=0.117888042 seconds_per_dispatch=0.000173428466 gbps=204.057850
LEG shape=linear_attn.out_proj rep=4 position=11 arm=m8_ipg2 m=8 ipg=2 groups=4 inner=678 gpu_seconds=0.176920958 wall_seconds=0.177235750 seconds_per_dispatch=0.000260945366 gbps=271.240226
LEG shape=linear_attn.out_proj rep=4 position=12 arm=m8_ipg3 m=8 ipg=3 groups=3 inner=678 gpu_seconds=0.148204583 wall_seconds=0.148478792 seconds_per_dispatch=0.000218590831 gbps=242.847148
LEG shape=linear_attn.out_proj rep=4 position=13 arm=m8_ipg4 m=8 ipg=4 groups=2 inner=678 gpu_seconds=0.125408958 wall_seconds=0.125707000 seconds_per_dispatch=0.000184968965 gbps=191.326367
LEG shape=linear_attn.out_proj rep=4 position=14 arm=m8_ipg5 m=8 ipg=5 groups=2 inner=678 gpu_seconds=0.126997625 wall_seconds=0.127307875 seconds_per_dispatch=0.000187312131 gbps=188.932985
LEG shape=linear_attn.out_proj rep=4 position=15 arm=m8_ipg6 m=8 ipg=6 groups=2 inner=678 gpu_seconds=0.138383167 wall_seconds=0.138679792 seconds_per_dispatch=0.000204104966 gbps=173.388432
LEG shape=linear_attn.out_proj rep=4 position=16 arm=m9_ipg3 m=9 ipg=3 groups=3 inner=678 gpu_seconds=0.155534417 wall_seconds=0.155847000 seconds_per_dispatch=0.000229401794 gbps=231.402549
LEG shape=linear_attn.out_proj rep=4 position=17 arm=m9_ipg5 m=9 ipg=5 groups=2 inner=678 gpu_seconds=0.137340625 wall_seconds=0.137623000 seconds_per_dispatch=0.000202567294 gbps=174.704610
LEG shape=linear_attn.out_proj rep=4 position=18 arm=m9_ipg6 m=9 ipg=6 groups=2 inner=678 gpu_seconds=0.148448042 wall_seconds=0.148750333 seconds_per_dispatch=0.000218949914 gbps=161.632582
LEG shape=linear_attn.out_proj rep=4 position=19 arm=m9_ipg6 m=9 ipg=6 groups=2 inner=678 gpu_seconds=0.148624292 wall_seconds=0.148922583 seconds_per_dispatch=0.000219209870 gbps=161.440906
LEG shape=linear_attn.out_proj rep=4 position=20 arm=m9_ipg5 m=9 ipg=5 groups=2 inner=678 gpu_seconds=0.137106750 wall_seconds=0.137376708 seconds_per_dispatch=0.000202222345 gbps=175.002619
LEG shape=linear_attn.out_proj rep=4 position=21 arm=m9_ipg3 m=9 ipg=3 groups=3 inner=678 gpu_seconds=0.155340250 wall_seconds=0.155635208 seconds_per_dispatch=0.000229115413 gbps=231.691790
LEG shape=linear_attn.out_proj rep=4 position=22 arm=m8_ipg6 m=8 ipg=6 groups=2 inner=678 gpu_seconds=0.138515500 wall_seconds=0.138816333 seconds_per_dispatch=0.000204300148 gbps=173.222782
LEG shape=linear_attn.out_proj rep=4 position=23 arm=m8_ipg5 m=8 ipg=5 groups=2 inner=678 gpu_seconds=0.127061583 wall_seconds=0.127362292 seconds_per_dispatch=0.000187406465 gbps=188.837882
LEG shape=linear_attn.out_proj rep=4 position=24 arm=m8_ipg4 m=8 ipg=4 groups=2 inner=678 gpu_seconds=0.124420333 wall_seconds=0.124717083 seconds_per_dispatch=0.000183510816 gbps=192.846616
LEG shape=linear_attn.out_proj rep=4 position=25 arm=m8_ipg3 m=8 ipg=3 groups=3 inner=678 gpu_seconds=0.147575500 wall_seconds=0.147862958 seconds_per_dispatch=0.000217662979 gbps=243.882355
LEG shape=linear_attn.out_proj rep=4 position=26 arm=m8_ipg2 m=8 ipg=2 groups=4 inner=678 gpu_seconds=0.176687875 wall_seconds=0.176988833 seconds_per_dispatch=0.000260601586 gbps=271.598040
LEG shape=linear_attn.out_proj rep=4 position=27 arm=m7_ipg5 m=7 ipg=5 groups=2 inner=678 gpu_seconds=0.117395458 wall_seconds=0.117678000 seconds_per_dispatch=0.000173149643 gbps=204.386445
LEG shape=linear_attn.out_proj rep=4 position=28 arm=m7_ipg4 m=7 ipg=4 groups=2 inner=678 gpu_seconds=0.116061333 wall_seconds=0.116346042 seconds_per_dispatch=0.000171181908 gbps=206.735867
LEG shape=linear_attn.out_proj rep=4 position=29 arm=m6_ipg6 m=6 ipg=6 groups=1 inner=678 gpu_seconds=0.104763833 wall_seconds=0.105055542 seconds_per_dispatch=0.000154518928 gbps=114.514902
LEG shape=linear_attn.out_proj rep=4 position=30 arm=m6_ipg4 m=6 ipg=4 groups=2 inner=678 gpu_seconds=0.108062042 wall_seconds=0.108367042 seconds_per_dispatch=0.000159383542 gbps=222.039487
LEG shape=linear_attn.out_proj rep=4 position=31 arm=m6_ipg3 m=6 ipg=3 groups=2 inner=678 gpu_seconds=0.107842375 wall_seconds=0.108143292 seconds_per_dispatch=0.000159059550 gbps=222.491765
LEG shape=linear_attn.out_proj rep=4 position=32 arm=m6_ipg2 m=6 ipg=2 groups=3 inner=678 gpu_seconds=0.135501542 wall_seconds=0.135816000 seconds_per_dispatch=0.000199854781 gbps=265.613660
LEG shape=linear_attn.out_proj rep=4 position=33 arm=m5_ipg5 m=5 ipg=5 groups=1 inner=678 gpu_seconds=0.082210292 wall_seconds=0.082501417 seconds_per_dispatch=0.000121254117 gbps=145.930879
LEG shape=linear_attn.out_proj rep=4 position=34 arm=m5_ipg3 m=5 ipg=3 groups=2 inner=678 gpu_seconds=0.100553750 wall_seconds=0.100929917 seconds_per_dispatch=0.000148309366 gbps=238.619050
LEG shape=linear_attn.out_proj rep=4 position=35 arm=m4_ipg4 m=4 ipg=4 groups=1 inner=678 gpu_seconds=0.071175000 wall_seconds=0.071477917 seconds_per_dispatch=0.000104977876 gbps=168.556658
LEG shape=linear_attn.out_proj rep=4 position=36 arm=m4_ipg2 m=4 ipg=2 groups=2 inner=678 gpu_seconds=0.094167583 wall_seconds=0.094451083 seconds_per_dispatch=0.000138890241 gbps=254.801488
LEG shape=linear_attn.out_proj rep=4 position=37 arm=m3_ipg3 m=3 ipg=3 groups=1 inner=678 gpu_seconds=0.062746375 wall_seconds=0.063043708 seconds_per_dispatch=0.000092546276 gbps=191.198617
LEG shape=linear_attn.out_proj rep=5 position=0 arm=m3_ipg3 m=3 ipg=3 groups=1 inner=678 gpu_seconds=0.062714750 wall_seconds=0.063015667 seconds_per_dispatch=0.000092499631 gbps=191.295033
LEG shape=linear_attn.out_proj rep=5 position=1 arm=m4_ipg2 m=4 ipg=2 groups=2 inner=678 gpu_seconds=0.093885417 wall_seconds=0.094186792 seconds_per_dispatch=0.000138474066 gbps=255.567277
LEG shape=linear_attn.out_proj rep=5 position=2 arm=m4_ipg4 m=4 ipg=4 groups=1 inner=678 gpu_seconds=0.071105792 wall_seconds=0.071384083 seconds_per_dispatch=0.000104875799 gbps=168.720717
LEG shape=linear_attn.out_proj rep=5 position=3 arm=m5_ipg3 m=5 ipg=3 groups=2 inner=678 gpu_seconds=0.100517125 wall_seconds=0.100819250 seconds_per_dispatch=0.000148255347 gbps=238.705995
LEG shape=linear_attn.out_proj rep=5 position=4 arm=m5_ipg5 m=5 ipg=5 groups=1 inner=678 gpu_seconds=0.082199500 wall_seconds=0.082503083 seconds_per_dispatch=0.000121238201 gbps=145.950038
LEG shape=linear_attn.out_proj rep=5 position=5 arm=m6_ipg2 m=6 ipg=2 groups=3 inner=678 gpu_seconds=0.135457833 wall_seconds=0.135740458 seconds_per_dispatch=0.000199790315 gbps=265.699366
LEG shape=linear_attn.out_proj rep=5 position=6 arm=m6_ipg3 m=6 ipg=3 groups=2 inner=678 gpu_seconds=0.107774792 wall_seconds=0.108004208 seconds_per_dispatch=0.000158959870 gbps=222.631285
LEG shape=linear_attn.out_proj rep=5 position=7 arm=m6_ipg4 m=6 ipg=4 groups=2 inner=678 gpu_seconds=0.108071667 wall_seconds=0.108358292 seconds_per_dispatch=0.000159397738 gbps=222.019712
LEG shape=linear_attn.out_proj rep=5 position=8 arm=m6_ipg6 m=6 ipg=6 groups=1 inner=678 gpu_seconds=0.104170417 wall_seconds=0.104478500 seconds_per_dispatch=0.000153643682 gbps=115.167247
LEG shape=linear_attn.out_proj rep=5 position=9 arm=m7_ipg4 m=7 ipg=4 groups=2 inner=678 gpu_seconds=0.115407208 wall_seconds=0.115687667 seconds_per_dispatch=0.000170217122 gbps=207.907640
LEG shape=linear_attn.out_proj rep=5 position=10 arm=m7_ipg5 m=7 ipg=5 groups=2 inner=678 gpu_seconds=0.117138291 wall_seconds=0.117421208 seconds_per_dispatch=0.000172770341 gbps=204.835157
LEG shape=linear_attn.out_proj rep=5 position=11 arm=m8_ipg2 m=8 ipg=2 groups=4 inner=678 gpu_seconds=0.176591625 wall_seconds=0.176893375 seconds_per_dispatch=0.000260459624 gbps=271.746073
LEG shape=linear_attn.out_proj rep=5 position=12 arm=m8_ipg3 m=8 ipg=3 groups=3 inner=678 gpu_seconds=0.148208375 wall_seconds=0.148500125 seconds_per_dispatch=0.000218596423 gbps=242.840936
LEG shape=linear_attn.out_proj rep=5 position=13 arm=m8_ipg4 m=8 ipg=4 groups=2 inner=678 gpu_seconds=0.124427292 wall_seconds=0.124721417 seconds_per_dispatch=0.000183521079 gbps=192.835832
LEG shape=linear_attn.out_proj rep=5 position=14 arm=m8_ipg5 m=8 ipg=5 groups=2 inner=678 gpu_seconds=0.127417833 wall_seconds=0.127712750 seconds_per_dispatch=0.000187931908 gbps=188.309907
LEG shape=linear_attn.out_proj rep=5 position=15 arm=m8_ipg6 m=8 ipg=6 groups=2 inner=678 gpu_seconds=0.139029083 wall_seconds=0.139336458 seconds_per_dispatch=0.000205057645 gbps=172.582885
LEG shape=linear_attn.out_proj rep=5 position=16 arm=m9_ipg3 m=9 ipg=3 groups=3 inner=678 gpu_seconds=0.155801125 wall_seconds=0.156085458 seconds_per_dispatch=0.000229795170 gbps=231.006422
LEG shape=linear_attn.out_proj rep=5 position=17 arm=m9_ipg5 m=9 ipg=5 groups=2 inner=678 gpu_seconds=0.137782000 wall_seconds=0.138075042 seconds_per_dispatch=0.000203218289 gbps=174.144956
LEG shape=linear_attn.out_proj rep=5 position=18 arm=m9_ipg6 m=9 ipg=6 groups=2 inner=678 gpu_seconds=0.149040125 wall_seconds=0.149341042 seconds_per_dispatch=0.000219823193 gbps=160.990474
LEG shape=linear_attn.out_proj rep=5 position=19 arm=m9_ipg6 m=9 ipg=6 groups=2 inner=678 gpu_seconds=0.149055458 wall_seconds=0.149363792 seconds_per_dispatch=0.000219845809 gbps=160.973913
LEG shape=linear_attn.out_proj rep=5 position=20 arm=m9_ipg5 m=9 ipg=5 groups=2 inner=678 gpu_seconds=0.137384417 wall_seconds=0.137665625 seconds_per_dispatch=0.000202631883 gbps=174.648922
LEG shape=linear_attn.out_proj rep=5 position=21 arm=m9_ipg3 m=9 ipg=3 groups=3 inner=678 gpu_seconds=0.155725333 wall_seconds=0.156012750 seconds_per_dispatch=0.000229683383 gbps=231.118853
LEG shape=linear_attn.out_proj rep=5 position=22 arm=m8_ipg6 m=8 ipg=6 groups=2 inner=678 gpu_seconds=0.138654875 wall_seconds=0.138954417 seconds_per_dispatch=0.000204505715 gbps=173.048660
LEG shape=linear_attn.out_proj rep=5 position=23 arm=m8_ipg5 m=8 ipg=5 groups=2 inner=678 gpu_seconds=0.127171750 wall_seconds=0.127485917 seconds_per_dispatch=0.000187568953 gbps=188.674295
LEG shape=linear_attn.out_proj rep=5 position=24 arm=m8_ipg4 m=8 ipg=4 groups=2 inner=678 gpu_seconds=0.125711500 wall_seconds=0.126013208 seconds_per_dispatch=0.000185415192 gbps=190.865914
LEG shape=linear_attn.out_proj rep=5 position=25 arm=m8_ipg3 m=8 ipg=3 groups=3 inner=678 gpu_seconds=0.148569625 wall_seconds=0.148929958 seconds_per_dispatch=0.000219129241 gbps=242.250463
LEG shape=linear_attn.out_proj rep=5 position=26 arm=m8_ipg2 m=8 ipg=2 groups=4 inner=678 gpu_seconds=0.177035750 wall_seconds=0.177327208 seconds_per_dispatch=0.000261114676 gbps=271.064351
LEG shape=linear_attn.out_proj rep=5 position=27 arm=m7_ipg5 m=7 ipg=5 groups=2 inner=678 gpu_seconds=0.117386625 wall_seconds=0.117702792 seconds_per_dispatch=0.000173136615 gbps=204.401824
LEG shape=linear_attn.out_proj rep=5 position=28 arm=m7_ipg4 m=7 ipg=4 groups=2 inner=678 gpu_seconds=0.116151875 wall_seconds=0.116427458 seconds_per_dispatch=0.000171315450 gbps=206.574713
LEG shape=linear_attn.out_proj rep=5 position=29 arm=m6_ipg6 m=6 ipg=6 groups=1 inner=678 gpu_seconds=0.104509083 wall_seconds=0.104796333 seconds_per_dispatch=0.000154143191 gbps=114.794043
LEG shape=linear_attn.out_proj rep=5 position=30 arm=m6_ipg4 m=6 ipg=4 groups=2 inner=678 gpu_seconds=0.108112000 wall_seconds=0.108426458 seconds_per_dispatch=0.000159457227 gbps=221.936883
LEG shape=linear_attn.out_proj rep=5 position=31 arm=m6_ipg3 m=6 ipg=3 groups=2 inner=678 gpu_seconds=0.107731292 wall_seconds=0.108034083 seconds_per_dispatch=0.000158895710 gbps=222.721179
LEG shape=linear_attn.out_proj rep=5 position=32 arm=m6_ipg2 m=6 ipg=2 groups=3 inner=678 gpu_seconds=0.135441917 wall_seconds=0.135745708 seconds_per_dispatch=0.000199766839 gbps=265.730591
LEG shape=linear_attn.out_proj rep=5 position=33 arm=m5_ipg5 m=5 ipg=5 groups=1 inner=678 gpu_seconds=0.081755625 wall_seconds=0.082056083 seconds_per_dispatch=0.000120583517 gbps=146.742443
LEG shape=linear_attn.out_proj rep=5 position=34 arm=m5_ipg3 m=5 ipg=3 groups=2 inner=678 gpu_seconds=0.100667667 wall_seconds=0.100969375 seconds_per_dispatch=0.000148477384 gbps=238.349026
LEG shape=linear_attn.out_proj rep=5 position=35 arm=m4_ipg4 m=4 ipg=4 groups=1 inner=678 gpu_seconds=0.070286917 wall_seconds=0.070581500 seconds_per_dispatch=0.000103668019 gbps=170.686392
LEG shape=linear_attn.out_proj rep=5 position=36 arm=m4_ipg2 m=4 ipg=2 groups=2 inner=678 gpu_seconds=0.094201875 wall_seconds=0.094461958 seconds_per_dispatch=0.000138940818 gbps=254.708734
LEG shape=linear_attn.out_proj rep=5 position=37 arm=m3_ipg3 m=3 ipg=3 groups=1 inner=678 gpu_seconds=0.061897875 wall_seconds=0.062207750 seconds_per_dispatch=0.000091294801 gbps=193.819580
LEG shape=linear_attn.out_proj rep=6 position=0 arm=m3_ipg3 m=3 ipg=3 groups=1 inner=678 gpu_seconds=0.062146375 wall_seconds=0.062451500 seconds_per_dispatch=0.000091661320 gbps=193.044569
LEG shape=linear_attn.out_proj rep=6 position=1 arm=m4_ipg2 m=4 ipg=2 groups=2 inner=678 gpu_seconds=0.094099250 wall_seconds=0.094417000 seconds_per_dispatch=0.000138789454 gbps=254.986521
LEG shape=linear_attn.out_proj rep=6 position=2 arm=m4_ipg4 m=4 ipg=4 groups=1 inner=678 gpu_seconds=0.070406292 wall_seconds=0.070690833 seconds_per_dispatch=0.000103844088 gbps=170.396990
LEG shape=linear_attn.out_proj rep=6 position=3 arm=m5_ipg3 m=5 ipg=3 groups=2 inner=678 gpu_seconds=0.100573292 wall_seconds=0.100881292 seconds_per_dispatch=0.000148338188 gbps=238.572686
LEG shape=linear_attn.out_proj rep=6 position=4 arm=m5_ipg5 m=5 ipg=5 groups=1 inner=678 gpu_seconds=0.082044916 wall_seconds=0.082338500 seconds_per_dispatch=0.000121010201 gbps=146.225027
LEG shape=linear_attn.out_proj rep=6 position=5 arm=m6_ipg2 m=6 ipg=2 groups=3 inner=678 gpu_seconds=0.135402875 wall_seconds=0.135700500 seconds_per_dispatch=0.000199709255 gbps=265.807210
LEG shape=linear_attn.out_proj rep=6 position=6 arm=m6_ipg3 m=6 ipg=3 groups=2 inner=678 gpu_seconds=0.107670875 wall_seconds=0.107954708 seconds_per_dispatch=0.000158806600 gbps=222.846153
LEG shape=linear_attn.out_proj rep=6 position=7 arm=m6_ipg4 m=6 ipg=4 groups=2 inner=678 gpu_seconds=0.108121958 wall_seconds=0.108392875 seconds_per_dispatch=0.000159471915 gbps=221.916442
LEG shape=linear_attn.out_proj rep=6 position=8 arm=m6_ipg6 m=6 ipg=6 groups=1 inner=678 gpu_seconds=0.104653125 wall_seconds=0.104943333 seconds_per_dispatch=0.000154355641 gbps=114.636043
LEG shape=linear_attn.out_proj rep=6 position=9 arm=m7_ipg4 m=7 ipg=4 groups=2 inner=678 gpu_seconds=0.116110875 wall_seconds=0.116410542 seconds_per_dispatch=0.000171254978 gbps=206.647657
LEG shape=linear_attn.out_proj rep=6 position=10 arm=m7_ipg5 m=7 ipg=5 groups=2 inner=678 gpu_seconds=0.117782333 wall_seconds=0.118083792 seconds_per_dispatch=0.000173720255 gbps=203.715105
LEG shape=linear_attn.out_proj rep=6 position=11 arm=m8_ipg2 m=8 ipg=2 groups=4 inner=678 gpu_seconds=0.176793667 wall_seconds=0.177108417 seconds_per_dispatch=0.000260757621 gbps=271.435519
LEG shape=linear_attn.out_proj rep=6 position=12 arm=m8_ipg3 m=8 ipg=3 groups=3 inner=678 gpu_seconds=0.148065583 wall_seconds=0.148353250 seconds_per_dispatch=0.000218385816 gbps=243.075127
LEG shape=linear_attn.out_proj rep=6 position=13 arm=m8_ipg4 m=8 ipg=4 groups=2 inner=678 gpu_seconds=0.125385250 wall_seconds=0.125662292 seconds_per_dispatch=0.000184933997 gbps=191.362543
LEG shape=linear_attn.out_proj rep=6 position=14 arm=m8_ipg5 m=8 ipg=5 groups=2 inner=678 gpu_seconds=0.126879417 wall_seconds=0.127175083 seconds_per_dispatch=0.000187137783 gbps=189.109006
LEG shape=linear_attn.out_proj rep=6 position=15 arm=m8_ipg6 m=8 ipg=6 groups=2 inner=678 gpu_seconds=0.138321917 wall_seconds=0.138626208 seconds_per_dispatch=0.000204014626 gbps=173.465210
LEG shape=linear_attn.out_proj rep=6 position=16 arm=m9_ipg3 m=9 ipg=3 groups=3 inner=678 gpu_seconds=0.155563917 wall_seconds=0.155870292 seconds_per_dispatch=0.000229445305 gbps=231.358667
LEG shape=linear_attn.out_proj rep=6 position=17 arm=m9_ipg5 m=9 ipg=5 groups=2 inner=678 gpu_seconds=0.137283708 wall_seconds=0.137573292 seconds_per_dispatch=0.000202483346 gbps=174.777041
LEG shape=linear_attn.out_proj rep=6 position=18 arm=m9_ipg6 m=9 ipg=6 groups=2 inner=678 gpu_seconds=0.148501958 wall_seconds=0.148814250 seconds_per_dispatch=0.000219029437 gbps=161.573898
LEG shape=linear_attn.out_proj rep=6 position=19 arm=m9_ipg6 m=9 ipg=6 groups=2 inner=678 gpu_seconds=0.148823167 wall_seconds=0.149125417 seconds_per_dispatch=0.000219503196 gbps=161.225170
LEG shape=linear_attn.out_proj rep=6 position=20 arm=m9_ipg5 m=9 ipg=5 groups=2 inner=678 gpu_seconds=0.137280875 wall_seconds=0.137546500 seconds_per_dispatch=0.000202479166 gbps=174.780648
LEG shape=linear_attn.out_proj rep=6 position=21 arm=m9_ipg3 m=9 ipg=3 groups=3 inner=678 gpu_seconds=0.155438917 wall_seconds=0.155740500 seconds_per_dispatch=0.000229260939 gbps=231.544720
LEG shape=linear_attn.out_proj rep=6 position=22 arm=m8_ipg6 m=8 ipg=6 groups=2 inner=678 gpu_seconds=0.138398667 wall_seconds=0.138692125 seconds_per_dispatch=0.000204127827 gbps=173.369014
LEG shape=linear_attn.out_proj rep=6 position=23 arm=m8_ipg5 m=8 ipg=5 groups=2 inner=678 gpu_seconds=0.126981625 wall_seconds=0.127263583 seconds_per_dispatch=0.000187288533 gbps=188.956790
LEG shape=linear_attn.out_proj rep=6 position=24 arm=m8_ipg4 m=8 ipg=4 groups=2 inner=678 gpu_seconds=0.124453375 wall_seconds=0.124737875 seconds_per_dispatch=0.000183559550 gbps=192.795417
LEG shape=linear_attn.out_proj rep=6 position=25 arm=m8_ipg3 m=8 ipg=3 groups=3 inner=678 gpu_seconds=0.148000500 wall_seconds=0.148342333 seconds_per_dispatch=0.000218289823 gbps=243.182019
LEG shape=linear_attn.out_proj rep=6 position=26 arm=m8_ipg2 m=8 ipg=2 groups=4 inner=678 gpu_seconds=0.176784125 wall_seconds=0.177063875 seconds_per_dispatch=0.000260743547 gbps=271.450169
LEG shape=linear_attn.out_proj rep=6 position=27 arm=m7_ipg5 m=7 ipg=5 groups=2 inner=678 gpu_seconds=0.116655792 wall_seconds=0.116964583 seconds_per_dispatch=0.000172058690 gbps=205.682375
LEG shape=linear_attn.out_proj rep=6 position=28 arm=m7_ipg4 m=7 ipg=4 groups=2 inner=678 gpu_seconds=0.116196500 wall_seconds=0.116473833 seconds_per_dispatch=0.000171381269 gbps=206.495379
LEG shape=linear_attn.out_proj rep=6 position=29 arm=m6_ipg6 m=6 ipg=6 groups=1 inner=678 gpu_seconds=0.104414750 wall_seconds=0.104688833 seconds_per_dispatch=0.000154004056 gbps=114.897753
LEG shape=linear_attn.out_proj rep=6 position=30 arm=m6_ipg4 m=6 ipg=4 groups=2 inner=678 gpu_seconds=0.108104333 wall_seconds=0.108395792 seconds_per_dispatch=0.000159445919 gbps=221.952623
LEG shape=linear_attn.out_proj rep=6 position=31 arm=m6_ipg3 m=6 ipg=3 groups=2 inner=678 gpu_seconds=0.107784208 wall_seconds=0.108066583 seconds_per_dispatch=0.000158973759 gbps=222.611834
LEG shape=linear_attn.out_proj rep=6 position=32 arm=m6_ipg2 m=6 ipg=2 groups=3 inner=678 gpu_seconds=0.135394917 wall_seconds=0.135681583 seconds_per_dispatch=0.000199697517 gbps=265.822834
LEG shape=linear_attn.out_proj rep=6 position=33 arm=m5_ipg5 m=5 ipg=5 groups=1 inner=678 gpu_seconds=0.081812125 wall_seconds=0.082110292 seconds_per_dispatch=0.000120666851 gbps=146.641102
LEG shape=linear_attn.out_proj rep=6 position=34 arm=m5_ipg3 m=5 ipg=3 groups=2 inner=678 gpu_seconds=0.100652500 wall_seconds=0.100955458 seconds_per_dispatch=0.000148455014 gbps=238.384942
LEG shape=linear_attn.out_proj rep=6 position=35 arm=m4_ipg4 m=4 ipg=4 groups=1 inner=678 gpu_seconds=0.070501875 wall_seconds=0.070789583 seconds_per_dispatch=0.000103985067 gbps=170.165973
LEG shape=linear_attn.out_proj rep=6 position=36 arm=m4_ipg2 m=4 ipg=2 groups=2 inner=678 gpu_seconds=0.094107375 wall_seconds=0.094399708 seconds_per_dispatch=0.000138801438 gbps=254.964506
LEG shape=linear_attn.out_proj rep=6 position=37 arm=m3_ipg3 m=3 ipg=3 groups=1 inner=678 gpu_seconds=0.062550333 wall_seconds=0.062846417 seconds_per_dispatch=0.000092257129 gbps=191.797861
LEG shape=linear_attn.out_proj rep=7 position=0 arm=m3_ipg3 m=3 ipg=3 groups=1 inner=678 gpu_seconds=0.062444208 wall_seconds=0.062745708 seconds_per_dispatch=0.000092100602 gbps=192.123825
LEG shape=linear_attn.out_proj rep=7 position=1 arm=m4_ipg2 m=4 ipg=2 groups=2 inner=678 gpu_seconds=0.094130958 wall_seconds=0.094428917 seconds_per_dispatch=0.000138836222 gbps=254.900627
LEG shape=linear_attn.out_proj rep=7 position=2 arm=m4_ipg4 m=4 ipg=4 groups=1 inner=678 gpu_seconds=0.070516250 wall_seconds=0.070785792 seconds_per_dispatch=0.000104006268 gbps=170.131284
LEG shape=linear_attn.out_proj rep=7 position=3 arm=m5_ipg3 m=5 ipg=3 groups=2 inner=678 gpu_seconds=0.100652667 wall_seconds=0.100965833 seconds_per_dispatch=0.000148455260 gbps=238.384547
LEG shape=linear_attn.out_proj rep=7 position=4 arm=m5_ipg5 m=5 ipg=5 groups=1 inner=678 gpu_seconds=0.081806375 wall_seconds=0.082099292 seconds_per_dispatch=0.000120658370 gbps=146.651409
LEG shape=linear_attn.out_proj rep=7 position=5 arm=m6_ipg2 m=6 ipg=2 groups=3 inner=678 gpu_seconds=0.135385000 wall_seconds=0.135689375 seconds_per_dispatch=0.000199682891 gbps=265.842305
LEG shape=linear_attn.out_proj rep=7 position=6 arm=m6_ipg3 m=6 ipg=3 groups=2 inner=678 gpu_seconds=0.107782375 wall_seconds=0.108082375 seconds_per_dispatch=0.000158971055 gbps=222.615621
LEG shape=linear_attn.out_proj rep=7 position=7 arm=m6_ipg4 m=6 ipg=4 groups=2 inner=678 gpu_seconds=0.108069250 wall_seconds=0.108384750 seconds_per_dispatch=0.000159394174 gbps=222.024677
LEG shape=linear_attn.out_proj rep=7 position=8 arm=m6_ipg6 m=6 ipg=6 groups=1 inner=678 gpu_seconds=0.104542708 wall_seconds=0.104838542 seconds_per_dispatch=0.000154192785 gbps=114.757120
LEG shape=linear_attn.out_proj rep=7 position=9 arm=m7_ipg4 m=7 ipg=4 groups=2 inner=678 gpu_seconds=0.116286958 wall_seconds=0.116583917 seconds_per_dispatch=0.000171514688 gbps=206.334749
LEG shape=linear_attn.out_proj rep=7 position=10 arm=m7_ipg5 m=7 ipg=5 groups=2 inner=678 gpu_seconds=0.117422208 wall_seconds=0.117787750 seconds_per_dispatch=0.000173189098 gbps=204.339883
LEG shape=linear_attn.out_proj rep=7 position=11 arm=m8_ipg2 m=8 ipg=2 groups=4 inner=678 gpu_seconds=0.176707625 wall_seconds=0.177007208 seconds_per_dispatch=0.000260630716 gbps=271.567685
LEG shape=linear_attn.out_proj rep=7 position=12 arm=m8_ipg3 m=8 ipg=3 groups=3 inner=678 gpu_seconds=0.148140958 wall_seconds=0.148419250 seconds_per_dispatch=0.000218496989 gbps=242.951449
LEG shape=linear_attn.out_proj rep=7 position=13 arm=m8_ipg4 m=8 ipg=4 groups=2 inner=678 gpu_seconds=0.125275000 wall_seconds=0.125568542 seconds_per_dispatch=0.000184771386 gbps=191.530954
LEG shape=linear_attn.out_proj rep=7 position=14 arm=m8_ipg5 m=8 ipg=5 groups=2 inner=678 gpu_seconds=0.127025417 wall_seconds=0.127318167 seconds_per_dispatch=0.000187353122 gbps=188.891648
LEG shape=linear_attn.out_proj rep=7 position=15 arm=m8_ipg6 m=8 ipg=6 groups=2 inner=678 gpu_seconds=0.138309708 wall_seconds=0.138607208 seconds_per_dispatch=0.000203996620 gbps=173.480521
LEG shape=linear_attn.out_proj rep=7 position=16 arm=m9_ipg3 m=9 ipg=3 groups=3 inner=678 gpu_seconds=0.155323375 wall_seconds=0.155611333 seconds_per_dispatch=0.000229090524 gbps=231.716961
LEG shape=linear_attn.out_proj rep=7 position=17 arm=m9_ipg5 m=9 ipg=5 groups=2 inner=678 gpu_seconds=0.136902916 wall_seconds=0.137162417 seconds_per_dispatch=0.000201921706 gbps=175.263179
LEG shape=linear_attn.out_proj rep=7 position=18 arm=m9_ipg6 m=9 ipg=6 groups=2 inner=678 gpu_seconds=0.148522750 wall_seconds=0.148799458 seconds_per_dispatch=0.000219060103 gbps=161.551280
LEG shape=linear_attn.out_proj rep=7 position=19 arm=m9_ipg6 m=9 ipg=6 groups=2 inner=678 gpu_seconds=0.148337000 wall_seconds=0.148617083 seconds_per_dispatch=0.000218786136 gbps=161.753577
LEG shape=linear_attn.out_proj rep=7 position=20 arm=m9_ipg5 m=9 ipg=5 groups=2 inner=678 gpu_seconds=0.136271000 wall_seconds=0.136531083 seconds_per_dispatch=0.000200989675 gbps=176.075910
LEG shape=linear_attn.out_proj rep=7 position=21 arm=m9_ipg3 m=9 ipg=3 groups=3 inner=678 gpu_seconds=0.153700333 wall_seconds=0.153991792 seconds_per_dispatch=0.000226696657 gbps=234.163841
LEG shape=linear_attn.out_proj rep=7 position=22 arm=m8_ipg6 m=8 ipg=6 groups=2 inner=678 gpu_seconds=0.136387250 wall_seconds=0.136680292 seconds_per_dispatch=0.000201161136 gbps=175.925831
LEG shape=linear_attn.out_proj rep=7 position=23 arm=m8_ipg5 m=8 ipg=5 groups=2 inner=678 gpu_seconds=0.125335375 wall_seconds=0.125619625 seconds_per_dispatch=0.000184860435 gbps=191.438692
LEG shape=linear_attn.out_proj rep=7 position=24 arm=m8_ipg4 m=8 ipg=4 groups=2 inner=678 gpu_seconds=0.123637625 wall_seconds=0.123928042 seconds_per_dispatch=0.000182356379 gbps=194.067464
LEG shape=linear_attn.out_proj rep=7 position=25 arm=m8_ipg3 m=8 ipg=3 groups=3 inner=678 gpu_seconds=0.146371042 wall_seconds=0.146647917 seconds_per_dispatch=0.000215886492 gbps=245.889215
LEG shape=linear_attn.out_proj rep=7 position=26 arm=m8_ipg2 m=8 ipg=2 groups=4 inner=678 gpu_seconds=0.174917125 wall_seconds=0.175198000 seconds_per_dispatch=0.000257989860 gbps=274.347527
LEG shape=linear_attn.out_proj rep=7 position=27 arm=m7_ipg5 m=7 ipg=5 groups=2 inner=678 gpu_seconds=0.116020750 wall_seconds=0.116316417 seconds_per_dispatch=0.000171122050 gbps=206.808181
LEG shape=linear_attn.out_proj rep=7 position=28 arm=m7_ipg4 m=7 ipg=4 groups=2 inner=678 gpu_seconds=0.115867375 wall_seconds=0.116145958 seconds_per_dispatch=0.000170895833 gbps=207.081936
LEG shape=linear_attn.out_proj rep=7 position=29 arm=m6_ipg6 m=6 ipg=6 groups=1 inner=678 gpu_seconds=0.104524250 wall_seconds=0.104814875 seconds_per_dispatch=0.000154165560 gbps=114.777386
LEG shape=linear_attn.out_proj rep=7 position=30 arm=m6_ipg4 m=6 ipg=4 groups=2 inner=678 gpu_seconds=0.107906750 wall_seconds=0.108184875 seconds_per_dispatch=0.000159154498 gbps=222.359031
LEG shape=linear_attn.out_proj rep=7 position=31 arm=m6_ipg3 m=6 ipg=3 groups=2 inner=678 gpu_seconds=0.107727750 wall_seconds=0.108004417 seconds_per_dispatch=0.000158890487 gbps=222.728501
LEG shape=linear_attn.out_proj rep=7 position=32 arm=m6_ipg2 m=6 ipg=2 groups=3 inner=678 gpu_seconds=0.135204750 wall_seconds=0.135508958 seconds_per_dispatch=0.000199417035 gbps=266.196717
LEG shape=linear_attn.out_proj rep=7 position=33 arm=m5_ipg5 m=5 ipg=5 groups=1 inner=678 gpu_seconds=0.081794000 wall_seconds=0.082092708 seconds_per_dispatch=0.000120640118 gbps=146.673597
LEG shape=linear_attn.out_proj rep=7 position=34 arm=m5_ipg3 m=5 ipg=3 groups=2 inner=678 gpu_seconds=0.100537917 wall_seconds=0.100842958 seconds_per_dispatch=0.000148286013 gbps=238.656629
LEG shape=linear_attn.out_proj rep=7 position=35 arm=m4_ipg4 m=4 ipg=4 groups=1 inner=678 gpu_seconds=0.070739958 wall_seconds=0.071046000 seconds_per_dispatch=0.000104336222 gbps=169.593261
LEG shape=linear_attn.out_proj rep=7 position=36 arm=m4_ipg2 m=4 ipg=2 groups=2 inner=678 gpu_seconds=0.094217375 wall_seconds=0.094500417 seconds_per_dispatch=0.000138963680 gbps=254.666831
LEG shape=linear_attn.out_proj rep=7 position=37 arm=m3_ipg3 m=3 ipg=3 groups=1 inner=678 gpu_seconds=0.060890583 wall_seconds=0.061165000 seconds_per_dispatch=0.000089809120 gbps=197.025870
LEG shape=linear_attn.out_proj rep=8 position=0 arm=m3_ipg3 m=3 ipg=3 groups=1 inner=678 gpu_seconds=0.062043667 wall_seconds=0.062334792 seconds_per_dispatch=0.000091509833 gbps=193.364138
LEG shape=linear_attn.out_proj rep=8 position=1 arm=m4_ipg2 m=4 ipg=2 groups=2 inner=678 gpu_seconds=0.093003458 wall_seconds=0.093295292 seconds_per_dispatch=0.000137173242 gbps=257.990840
LEG shape=linear_attn.out_proj rep=8 position=2 arm=m4_ipg4 m=4 ipg=4 groups=1 inner=678 gpu_seconds=0.070853250 wall_seconds=0.071147792 seconds_per_dispatch=0.000104503318 gbps=169.322087
LEG shape=linear_attn.out_proj rep=8 position=3 arm=m5_ipg3 m=5 ipg=3 groups=2 inner=678 gpu_seconds=0.100593875 wall_seconds=0.100885792 seconds_per_dispatch=0.000148368547 gbps=238.523870
LEG shape=linear_attn.out_proj rep=8 position=4 arm=m5_ipg5 m=5 ipg=5 groups=1 inner=678 gpu_seconds=0.081825833 wall_seconds=0.082108708 seconds_per_dispatch=0.000120687070 gbps=146.616535
LEG shape=linear_attn.out_proj rep=8 position=5 arm=m6_ipg2 m=6 ipg=2 groups=3 inner=678 gpu_seconds=0.135424250 wall_seconds=0.135720208 seconds_per_dispatch=0.000199740782 gbps=265.765256
LEG shape=linear_attn.out_proj rep=8 position=6 arm=m6_ipg3 m=6 ipg=3 groups=2 inner=678 gpu_seconds=0.107921417 wall_seconds=0.108197625 seconds_per_dispatch=0.000159176131 gbps=222.328812
LEG shape=linear_attn.out_proj rep=8 position=7 arm=m6_ipg4 m=6 ipg=4 groups=2 inner=678 gpu_seconds=0.108017000 wall_seconds=0.108290083 seconds_per_dispatch=0.000159317109 gbps=222.132074
LEG shape=linear_attn.out_proj rep=8 position=8 arm=m6_ipg6 m=6 ipg=6 groups=1 inner=678 gpu_seconds=0.104688542 wall_seconds=0.104985583 seconds_per_dispatch=0.000154407879 gbps=114.597261
LEG shape=linear_attn.out_proj rep=8 position=9 arm=m7_ipg4 m=7 ipg=4 groups=2 inner=678 gpu_seconds=0.116190625 wall_seconds=0.116476042 seconds_per_dispatch=0.000171372603 gbps=206.505820
LEG shape=linear_attn.out_proj rep=8 position=10 arm=m7_ipg5 m=7 ipg=5 groups=2 inner=678 gpu_seconds=0.117576542 wall_seconds=0.117852042 seconds_per_dispatch=0.000173416728 gbps=204.071663
LEG shape=linear_attn.out_proj rep=8 position=11 arm=m8_ipg2 m=8 ipg=2 groups=4 inner=678 gpu_seconds=0.176912792 wall_seconds=0.177178750 seconds_per_dispatch=0.000260933321 gbps=271.252747
LEG shape=linear_attn.out_proj rep=8 position=12 arm=m8_ipg3 m=8 ipg=3 groups=3 inner=678 gpu_seconds=0.148304250 wall_seconds=0.148589625 seconds_per_dispatch=0.000218737832 gbps=242.683945
LEG shape=linear_attn.out_proj rep=8 position=13 arm=m8_ipg4 m=8 ipg=4 groups=2 inner=678 gpu_seconds=0.125442583 wall_seconds=0.125743750 seconds_per_dispatch=0.000185018560 gbps=191.275081
LEG shape=linear_attn.out_proj rep=8 position=14 arm=m8_ipg5 m=8 ipg=5 groups=2 inner=678 gpu_seconds=0.126991625 wall_seconds=0.127283792 seconds_per_dispatch=0.000187303282 gbps=188.941911
LEG shape=linear_attn.out_proj rep=8 position=15 arm=m8_ipg6 m=8 ipg=6 groups=2 inner=678 gpu_seconds=0.138481917 wall_seconds=0.138798542 seconds_per_dispatch=0.000204250614 gbps=173.264791
LEG shape=linear_attn.out_proj rep=8 position=16 arm=m9_ipg3 m=9 ipg=3 groups=3 inner=678 gpu_seconds=0.155456667 wall_seconds=0.155725917 seconds_per_dispatch=0.000229287119 gbps=231.518283
LEG shape=linear_attn.out_proj rep=8 position=17 arm=m9_ipg5 m=9 ipg=5 groups=2 inner=678 gpu_seconds=0.137225083 wall_seconds=0.137526792 seconds_per_dispatch=0.000202396878 gbps=174.851709
LEG shape=linear_attn.out_proj rep=8 position=18 arm=m9_ipg6 m=9 ipg=6 groups=2 inner=678 gpu_seconds=0.148644250 wall_seconds=0.148927583 seconds_per_dispatch=0.000219239307 gbps=161.419229
LEG shape=linear_attn.out_proj rep=8 position=19 arm=m9_ipg6 m=9 ipg=6 groups=2 inner=678 gpu_seconds=0.148548208 wall_seconds=0.148819833 seconds_per_dispatch=0.000219097652 gbps=161.523593
LEG shape=linear_attn.out_proj rep=8 position=20 arm=m9_ipg5 m=9 ipg=5 groups=2 inner=678 gpu_seconds=0.137020625 wall_seconds=0.137286500 seconds_per_dispatch=0.000202095317 gbps=175.112617
LEG shape=linear_attn.out_proj rep=8 position=21 arm=m9_ipg3 m=9 ipg=3 groups=3 inner=678 gpu_seconds=0.155557958 wall_seconds=0.155836708 seconds_per_dispatch=0.000229436517 gbps=231.367529
LEG shape=linear_attn.out_proj rep=8 position=22 arm=m8_ipg6 m=8 ipg=6 groups=2 inner=678 gpu_seconds=0.138268250 wall_seconds=0.138555250 seconds_per_dispatch=0.000203935472 gbps=173.532538
LEG shape=linear_attn.out_proj rep=8 position=23 arm=m8_ipg5 m=8 ipg=5 groups=2 inner=678 gpu_seconds=0.127165000 wall_seconds=0.127441542 seconds_per_dispatch=0.000187558997 gbps=188.684310
LEG shape=linear_attn.out_proj rep=8 position=24 arm=m8_ipg4 m=8 ipg=4 groups=2 inner=678 gpu_seconds=0.125389250 wall_seconds=0.125659792 seconds_per_dispatch=0.000184939897 gbps=191.356439
LEG shape=linear_attn.out_proj rep=8 position=25 arm=m8_ipg3 m=8 ipg=3 groups=3 inner=678 gpu_seconds=0.148104500 wall_seconds=0.148397792 seconds_per_dispatch=0.000218443215 gbps=243.011255
LEG shape=linear_attn.out_proj rep=8 position=26 arm=m8_ipg2 m=8 ipg=2 groups=4 inner=678 gpu_seconds=0.176895958 wall_seconds=0.177176125 seconds_per_dispatch=0.000260908493 gbps=271.278559
LEG shape=linear_attn.out_proj rep=8 position=27 arm=m7_ipg5 m=7 ipg=5 groups=2 inner=678 gpu_seconds=0.117494292 wall_seconds=0.117836375 seconds_per_dispatch=0.000173295415 gbps=204.214520
LEG shape=linear_attn.out_proj rep=8 position=28 arm=m7_ipg4 m=7 ipg=4 groups=2 inner=678 gpu_seconds=0.116211625 wall_seconds=0.116484958 seconds_per_dispatch=0.000171403576 gbps=206.468504
LEG shape=linear_attn.out_proj rep=8 position=29 arm=m6_ipg6 m=6 ipg=6 groups=1 inner=678 gpu_seconds=0.104357000 wall_seconds=0.104656000 seconds_per_dispatch=0.000153918879 gbps=114.961336
LEG shape=linear_attn.out_proj rep=8 position=30 arm=m6_ipg4 m=6 ipg=4 groups=2 inner=678 gpu_seconds=0.106986750 wall_seconds=0.107269167 seconds_per_dispatch=0.000157797567 gbps=224.271139
LEG shape=linear_attn.out_proj rep=8 position=31 arm=m6_ipg3 m=6 ipg=3 groups=2 inner=678 gpu_seconds=0.107657208 wall_seconds=0.107998250 seconds_per_dispatch=0.000158786443 gbps=222.874443
LEG shape=linear_attn.out_proj rep=8 position=32 arm=m6_ipg2 m=6 ipg=2 groups=3 inner=678 gpu_seconds=0.135302000 wall_seconds=0.135576625 seconds_per_dispatch=0.000199560472 gbps=266.005384
LEG shape=linear_attn.out_proj rep=8 position=33 arm=m5_ipg5 m=5 ipg=5 groups=1 inner=678 gpu_seconds=0.082048542 wall_seconds=0.082320458 seconds_per_dispatch=0.000121015548 gbps=146.218567
LEG shape=linear_attn.out_proj rep=8 position=34 arm=m5_ipg3 m=5 ipg=3 groups=2 inner=678 gpu_seconds=0.099531125 wall_seconds=0.099813500 seconds_per_dispatch=0.000146801069 gbps=241.070724
LEG shape=linear_attn.out_proj rep=8 position=35 arm=m4_ipg4 m=4 ipg=4 groups=1 inner=678 gpu_seconds=0.070778292 wall_seconds=0.071048750 seconds_per_dispatch=0.000104392761 gbps=169.501409
LEG shape=linear_attn.out_proj rep=8 position=36 arm=m4_ipg2 m=4 ipg=2 groups=2 inner=678 gpu_seconds=0.094062708 wall_seconds=0.094328917 seconds_per_dispatch=0.000138735558 gbps=255.085578
LEG shape=linear_attn.out_proj rep=8 position=37 arm=m3_ipg3 m=3 ipg=3 groups=1 inner=678 gpu_seconds=0.062343500 wall_seconds=0.062610958 seconds_per_dispatch=0.000091952065 gbps=192.434177
LEG shape=linear_attn.out_proj rep=9 position=0 arm=m3_ipg3 m=3 ipg=3 groups=1 inner=678 gpu_seconds=0.062421875 wall_seconds=0.062683542 seconds_per_dispatch=0.000092067662 gbps=192.192563
LEG shape=linear_attn.out_proj rep=9 position=1 arm=m4_ipg2 m=4 ipg=2 groups=2 inner=678 gpu_seconds=0.094187583 wall_seconds=0.094464917 seconds_per_dispatch=0.000138919739 gbps=254.747383
LEG shape=linear_attn.out_proj rep=9 position=2 arm=m4_ipg4 m=4 ipg=4 groups=1 inner=678 gpu_seconds=0.070733417 wall_seconds=0.071008000 seconds_per_dispatch=0.000104326573 gbps=169.608945
LEG shape=linear_attn.out_proj rep=9 position=3 arm=m5_ipg3 m=5 ipg=3 groups=2 inner=678 gpu_seconds=0.100600208 wall_seconds=0.100837042 seconds_per_dispatch=0.000148377888 gbps=238.508853
LEG shape=linear_attn.out_proj rep=9 position=4 arm=m5_ipg5 m=5 ipg=5 groups=1 inner=678 gpu_seconds=0.082075125 wall_seconds=0.082371083 seconds_per_dispatch=0.000121054756 gbps=146.171208
LEG shape=linear_attn.out_proj rep=9 position=5 arm=m6_ipg2 m=6 ipg=2 groups=3 inner=678 gpu_seconds=0.135341750 wall_seconds=0.135605750 seconds_per_dispatch=0.000199619100 gbps=265.927258
LEG shape=linear_attn.out_proj rep=9 position=6 arm=m6_ipg3 m=6 ipg=3 groups=2 inner=678 gpu_seconds=0.107656250 wall_seconds=0.107963125 seconds_per_dispatch=0.000158785030 gbps=222.876427
LEG shape=linear_attn.out_proj rep=9 position=7 arm=m6_ipg4 m=6 ipg=4 groups=2 inner=678 gpu_seconds=0.108060250 wall_seconds=0.108369375 seconds_per_dispatch=0.000159380900 gbps=222.043169
LEG shape=linear_attn.out_proj rep=9 position=8 arm=m6_ipg6 m=6 ipg=6 groups=1 inner=678 gpu_seconds=0.104689000 wall_seconds=0.104963375 seconds_per_dispatch=0.000154408554 gbps=114.596760
LEG shape=linear_attn.out_proj rep=9 position=9 arm=m7_ipg4 m=7 ipg=4 groups=2 inner=678 gpu_seconds=0.116158000 wall_seconds=0.116415125 seconds_per_dispatch=0.000171324484 gbps=206.563821
LEG shape=linear_attn.out_proj rep=9 position=10 arm=m7_ipg5 m=7 ipg=5 groups=2 inner=678 gpu_seconds=0.117579625 wall_seconds=0.117858500 seconds_per_dispatch=0.000173421276 gbps=204.066311
LEG shape=linear_attn.out_proj rep=9 position=11 arm=m8_ipg2 m=8 ipg=2 groups=4 inner=678 gpu_seconds=0.176903667 wall_seconds=0.177192500 seconds_per_dispatch=0.000260919862 gbps=271.266738
LEG shape=linear_attn.out_proj rep=9 position=12 arm=m8_ipg3 m=8 ipg=3 groups=3 inner=678 gpu_seconds=0.148282958 wall_seconds=0.148550333 seconds_per_dispatch=0.000218706428 gbps=242.718792
LEG shape=linear_attn.out_proj rep=9 position=13 arm=m8_ipg4 m=8 ipg=4 groups=2 inner=678 gpu_seconds=0.125431375 wall_seconds=0.125723125 seconds_per_dispatch=0.000185002028 gbps=191.292173
LEG shape=linear_attn.out_proj rep=9 position=14 arm=m8_ipg5 m=8 ipg=5 groups=2 inner=678 gpu_seconds=0.127247250 wall_seconds=0.127568000 seconds_per_dispatch=0.000187680310 gbps=188.562349
LEG shape=linear_attn.out_proj rep=9 position=15 arm=m8_ipg6 m=8 ipg=6 groups=2 inner=678 gpu_seconds=0.138376042 wall_seconds=0.138657917 seconds_per_dispatch=0.000204094457 gbps=173.397360
LEG shape=linear_attn.out_proj rep=9 position=16 arm=m9_ipg3 m=9 ipg=3 groups=3 inner=678 gpu_seconds=0.155566292 wall_seconds=0.155854042 seconds_per_dispatch=0.000229448808 gbps=231.355135
LEG shape=linear_attn.out_proj rep=9 position=17 arm=m9_ipg5 m=9 ipg=5 groups=2 inner=678 gpu_seconds=0.137095375 wall_seconds=0.137370792 seconds_per_dispatch=0.000202205568 gbps=175.017139
LEG shape=linear_attn.out_proj rep=9 position=18 arm=m9_ipg6 m=9 ipg=6 groups=2 inner=678 gpu_seconds=0.148663375 wall_seconds=0.148932958 seconds_per_dispatch=0.000219267515 gbps=161.398464
LEG shape=linear_attn.out_proj rep=9 position=19 arm=m9_ipg6 m=9 ipg=6 groups=2 inner=678 gpu_seconds=0.148714833 wall_seconds=0.148987500 seconds_per_dispatch=0.000219343412 gbps=161.342616
LEG shape=linear_attn.out_proj rep=9 position=20 arm=m9_ipg5 m=9 ipg=5 groups=2 inner=678 gpu_seconds=0.136658583 wall_seconds=0.136936125 seconds_per_dispatch=0.000201561332 gbps=175.576533
LEG shape=linear_attn.out_proj rep=9 position=21 arm=m9_ipg3 m=9 ipg=3 groups=3 inner=678 gpu_seconds=0.155645375 wall_seconds=0.155929042 seconds_per_dispatch=0.000229565450 gbps=231.237584
LEG shape=linear_attn.out_proj rep=9 position=22 arm=m8_ipg6 m=8 ipg=6 groups=2 inner=678 gpu_seconds=0.138475500 wall_seconds=0.138748250 seconds_per_dispatch=0.000204241151 gbps=173.272819
LEG shape=linear_attn.out_proj rep=9 position=23 arm=m8_ipg5 m=8 ipg=5 groups=2 inner=678 gpu_seconds=0.127080375 wall_seconds=0.127349875 seconds_per_dispatch=0.000187434182 gbps=188.809958
LEG shape=linear_attn.out_proj rep=9 position=24 arm=m8_ipg4 m=8 ipg=4 groups=2 inner=678 gpu_seconds=0.125308125 wall_seconds=0.125586792 seconds_per_dispatch=0.000184820243 gbps=191.480324
LEG shape=linear_attn.out_proj rep=9 position=25 arm=m8_ipg3 m=8 ipg=3 groups=3 inner=678 gpu_seconds=0.148138208 wall_seconds=0.148418208 seconds_per_dispatch=0.000218492933 gbps=242.955959
LEG shape=linear_attn.out_proj rep=9 position=26 arm=m8_ipg2 m=8 ipg=2 groups=4 inner=678 gpu_seconds=0.176620750 wall_seconds=0.176896292 seconds_per_dispatch=0.000260502581 gbps=271.701262
LEG shape=linear_attn.out_proj rep=9 position=27 arm=m7_ipg5 m=7 ipg=5 groups=2 inner=678 gpu_seconds=0.117316500 wall_seconds=0.117595542 seconds_per_dispatch=0.000173033186 gbps=204.524004
LEG shape=linear_attn.out_proj rep=9 position=28 arm=m7_ipg4 m=7 ipg=4 groups=2 inner=678 gpu_seconds=0.116020042 wall_seconds=0.116297750 seconds_per_dispatch=0.000171121005 gbps=206.809444
LEG shape=linear_attn.out_proj rep=9 position=29 arm=m6_ipg6 m=6 ipg=6 groups=1 inner=678 gpu_seconds=0.103796583 wall_seconds=0.104059708 seconds_per_dispatch=0.000153092306 gbps=115.582033
LEG shape=linear_attn.out_proj rep=9 position=30 arm=m6_ipg4 m=6 ipg=4 groups=2 inner=678 gpu_seconds=0.106324750 wall_seconds=0.106740458 seconds_per_dispatch=0.000156821165 gbps=225.667498
LEG shape=linear_attn.out_proj rep=9 position=31 arm=m6_ipg3 m=6 ipg=3 groups=2 inner=678 gpu_seconds=0.105826125 wall_seconds=0.106096167 seconds_per_dispatch=0.000156085730 gbps=226.730784
LEG shape=linear_attn.out_proj rep=9 position=32 arm=m6_ipg2 m=6 ipg=2 groups=3 inner=678 gpu_seconds=0.133694667 wall_seconds=0.134015000 seconds_per_dispatch=0.000197189774 gbps=269.203412
LEG shape=linear_attn.out_proj rep=9 position=33 arm=m5_ipg5 m=5 ipg=5 groups=1 inner=678 gpu_seconds=0.080198375 wall_seconds=0.080493333 seconds_per_dispatch=0.000118286689 gbps=149.591811
LEG shape=linear_attn.out_proj rep=9 position=34 arm=m5_ipg3 m=5 ipg=3 groups=2 inner=678 gpu_seconds=0.098952417 wall_seconds=0.099243375 seconds_per_dispatch=0.000145947517 gbps=242.480590
LEG shape=linear_attn.out_proj rep=9 position=35 arm=m4_ipg4 m=4 ipg=4 groups=1 inner=678 gpu_seconds=0.068793084 wall_seconds=0.069078333 seconds_per_dispatch=0.000101464725 gbps=174.392825
LEG shape=linear_attn.out_proj rep=9 position=36 arm=m4_ipg2 m=4 ipg=2 groups=2 inner=678 gpu_seconds=0.092342917 wall_seconds=0.092618708 seconds_per_dispatch=0.000136198992 gbps=259.836284
LEG shape=linear_attn.out_proj rep=9 position=37 arm=m3_ipg3 m=3 ipg=3 groups=1 inner=678 gpu_seconds=0.060812875 wall_seconds=0.061084250 seconds_per_dispatch=0.000089694506 gbps=197.277635
LEG shape=linear_attn.out_proj rep=10 position=0 arm=m3_ipg3 m=3 ipg=3 groups=1 inner=678 gpu_seconds=0.060820583 wall_seconds=0.061110917 seconds_per_dispatch=0.000089705875 gbps=197.252633
LEG shape=linear_attn.out_proj rep=10 position=1 arm=m4_ipg2 m=4 ipg=2 groups=2 inner=678 gpu_seconds=0.092455458 wall_seconds=0.092760125 seconds_per_dispatch=0.000136364983 gbps=259.519997
LEG shape=linear_attn.out_proj rep=10 position=2 arm=m4_ipg4 m=4 ipg=4 groups=1 inner=678 gpu_seconds=0.068971125 wall_seconds=0.069267917 seconds_per_dispatch=0.000101727323 gbps=173.942648
LEG shape=linear_attn.out_proj rep=10 position=3 arm=m5_ipg3 m=5 ipg=3 groups=2 inner=678 gpu_seconds=0.100217500 wall_seconds=0.100508583 seconds_per_dispatch=0.000147813422 gbps=239.419665
LEG shape=linear_attn.out_proj rep=10 position=4 arm=m5_ipg5 m=5 ipg=5 groups=1 inner=678 gpu_seconds=0.081920833 wall_seconds=0.082187375 seconds_per_dispatch=0.000120827188 gbps=146.446510
LEG shape=linear_attn.out_proj rep=10 position=5 arm=m6_ipg2 m=6 ipg=2 groups=3 inner=678 gpu_seconds=0.135525792 wall_seconds=0.135803458 seconds_per_dispatch=0.000199890548 gbps=265.566133
LEG shape=linear_attn.out_proj rep=10 position=6 arm=m6_ipg3 m=6 ipg=3 groups=2 inner=678 gpu_seconds=0.107726500 wall_seconds=0.108007750 seconds_per_dispatch=0.000158888643 gbps=222.731086
LEG shape=linear_attn.out_proj rep=10 position=7 arm=m6_ipg4 m=6 ipg=4 groups=2 inner=678 gpu_seconds=0.108104625 wall_seconds=0.108423750 seconds_per_dispatch=0.000159446349 gbps=221.952024
LEG shape=linear_attn.out_proj rep=10 position=8 arm=m6_ipg6 m=6 ipg=6 groups=1 inner=678 gpu_seconds=0.104795833 wall_seconds=0.105076917 seconds_per_dispatch=0.000154566126 gbps=114.479935
LEG shape=linear_attn.out_proj rep=10 position=9 arm=m7_ipg4 m=7 ipg=4 groups=2 inner=678 gpu_seconds=0.116157125 wall_seconds=0.116429958 seconds_per_dispatch=0.000171323193 gbps=206.565377
LEG shape=linear_attn.out_proj rep=10 position=10 arm=m7_ipg5 m=7 ipg=5 groups=2 inner=678 gpu_seconds=0.115999333 wall_seconds=0.116290792 seconds_per_dispatch=0.000171090462 gbps=206.846364
LEG shape=linear_attn.out_proj rep=10 position=11 arm=m8_ipg2 m=8 ipg=2 groups=4 inner=678 gpu_seconds=0.176642000 wall_seconds=0.177055167 seconds_per_dispatch=0.000260533923 gbps=271.668576
LEG shape=linear_attn.out_proj rep=10 position=12 arm=m8_ipg3 m=8 ipg=3 groups=3 inner=678 gpu_seconds=0.148303000 wall_seconds=0.148567917 seconds_per_dispatch=0.000218735988 gbps=242.685991
LEG shape=linear_attn.out_proj rep=10 position=13 arm=m8_ipg4 m=8 ipg=4 groups=2 inner=678 gpu_seconds=0.125563500 wall_seconds=0.125844292 seconds_per_dispatch=0.000185196903 gbps=191.090885
LEG shape=linear_attn.out_proj rep=10 position=14 arm=m8_ipg5 m=8 ipg=5 groups=2 inner=678 gpu_seconds=0.127140375 wall_seconds=0.127417042 seconds_per_dispatch=0.000187522677 gbps=188.720855
LEG shape=linear_attn.out_proj rep=10 position=15 arm=m8_ipg6 m=8 ipg=6 groups=2 inner=678 gpu_seconds=0.138408292 wall_seconds=0.138691375 seconds_per_dispatch=0.000204142023 gbps=173.356957
LEG shape=linear_attn.out_proj rep=10 position=16 arm=m9_ipg3 m=9 ipg=3 groups=3 inner=678 gpu_seconds=0.155374625 wall_seconds=0.155656000 seconds_per_dispatch=0.000229166114 gbps=231.640530
LEG shape=linear_attn.out_proj rep=10 position=17 arm=m9_ipg5 m=9 ipg=5 groups=2 inner=678 gpu_seconds=0.137385000 wall_seconds=0.137663583 seconds_per_dispatch=0.000202632743 gbps=174.648181
LEG shape=linear_attn.out_proj rep=10 position=18 arm=m9_ipg6 m=9 ipg=6 groups=2 inner=678 gpu_seconds=0.148511667 wall_seconds=0.148800042 seconds_per_dispatch=0.000219043756 gbps=161.563336
LEG shape=linear_attn.out_proj rep=10 position=19 arm=m9_ipg6 m=9 ipg=6 groups=2 inner=678 gpu_seconds=0.148470875 wall_seconds=0.148751000 seconds_per_dispatch=0.000218983592 gbps=161.607725
LEG shape=linear_attn.out_proj rep=10 position=20 arm=m9_ipg5 m=9 ipg=5 groups=2 inner=678 gpu_seconds=0.137178000 wall_seconds=0.137450583 seconds_per_dispatch=0.000202327434 gbps=174.911723
LEG shape=linear_attn.out_proj rep=10 position=21 arm=m9_ipg3 m=9 ipg=3 groups=3 inner=678 gpu_seconds=0.155578667 wall_seconds=0.155862208 seconds_per_dispatch=0.000229467060 gbps=231.336733
LEG shape=linear_attn.out_proj rep=10 position=22 arm=m8_ipg6 m=8 ipg=6 groups=2 inner=678 gpu_seconds=0.138141375 wall_seconds=0.138421167 seconds_per_dispatch=0.000203748341 gbps=173.691918
LEG shape=linear_attn.out_proj rep=10 position=23 arm=m8_ipg5 m=8 ipg=5 groups=2 inner=678 gpu_seconds=0.127198708 wall_seconds=0.127476958 seconds_per_dispatch=0.000187608714 gbps=188.634308
LEG shape=linear_attn.out_proj rep=10 position=24 arm=m8_ipg4 m=8 ipg=4 groups=2 inner=678 gpu_seconds=0.125317083 wall_seconds=0.125593125 seconds_per_dispatch=0.000184833456 gbps=191.466635
LEG shape=linear_attn.out_proj rep=10 position=25 arm=m8_ipg3 m=8 ipg=3 groups=3 inner=678 gpu_seconds=0.148277625 wall_seconds=0.148551458 seconds_per_dispatch=0.000218698562 gbps=242.727522
LEG shape=linear_attn.out_proj rep=10 position=26 arm=m8_ipg2 m=8 ipg=2 groups=4 inner=678 gpu_seconds=0.176776000 wall_seconds=0.177054125 seconds_per_dispatch=0.000260731564 gbps=271.462646
LEG shape=linear_attn.out_proj rep=10 position=27 arm=m7_ipg5 m=7 ipg=5 groups=2 inner=678 gpu_seconds=0.117747625 wall_seconds=0.118028292 seconds_per_dispatch=0.000173669064 gbps=203.775153
LEG shape=linear_attn.out_proj rep=10 position=28 arm=m7_ipg4 m=7 ipg=4 groups=2 inner=678 gpu_seconds=0.116277541 wall_seconds=0.116545167 seconds_per_dispatch=0.000171500799 gbps=206.351459
LEG shape=linear_attn.out_proj rep=10 position=29 arm=m6_ipg6 m=6 ipg=6 groups=1 inner=678 gpu_seconds=0.104539500 wall_seconds=0.104818417 seconds_per_dispatch=0.000154188053 gbps=114.760642
LEG shape=linear_attn.out_proj rep=10 position=30 arm=m6_ipg4 m=6 ipg=4 groups=2 inner=678 gpu_seconds=0.108110333 wall_seconds=0.108394917 seconds_per_dispatch=0.000159454769 gbps=221.940305
LEG shape=linear_attn.out_proj rep=10 position=31 arm=m6_ipg3 m=6 ipg=3 groups=2 inner=678 gpu_seconds=0.107843250 wall_seconds=0.108131250 seconds_per_dispatch=0.000159060841 gbps=222.489959
LEG shape=linear_attn.out_proj rep=10 position=32 arm=m6_ipg2 m=6 ipg=2 groups=3 inner=678 gpu_seconds=0.135375125 wall_seconds=0.135640417 seconds_per_dispatch=0.000199668326 gbps=265.861697
LEG shape=linear_attn.out_proj rep=10 position=33 arm=m5_ipg5 m=5 ipg=5 groups=1 inner=678 gpu_seconds=0.082037667 wall_seconds=0.082323208 seconds_per_dispatch=0.000120999508 gbps=146.237950
LEG shape=linear_attn.out_proj rep=10 position=34 arm=m5_ipg3 m=5 ipg=3 groups=2 inner=678 gpu_seconds=0.100654167 wall_seconds=0.100922792 seconds_per_dispatch=0.000148457473 gbps=238.380994
LEG shape=linear_attn.out_proj rep=10 position=35 arm=m4_ipg4 m=4 ipg=4 groups=1 inner=678 gpu_seconds=0.070596208 wall_seconds=0.070856417 seconds_per_dispatch=0.000104124201 gbps=169.938591
LEG shape=linear_attn.out_proj rep=10 position=36 arm=m4_ipg2 m=4 ipg=2 groups=2 inner=678 gpu_seconds=0.094085750 wall_seconds=0.094353458 seconds_per_dispatch=0.000138769543 gbps=255.023107
LEG shape=linear_attn.out_proj rep=10 position=37 arm=m3_ipg3 m=3 ipg=3 groups=1 inner=678 gpu_seconds=0.062479208 wall_seconds=0.062756375 seconds_per_dispatch=0.000092152225 gbps=192.016200
e73_cell_ab: linear_attn.out_proj inner=678 legs=418 entry=65.66C exit=66.17C
SHAPE shape=linear_attn.out_proj k=6144 n=5120 inner=678 legs=418 bytes_per_stream=17694720 entry_gpu_temp_c=65.66 exit_gpu_temp_c=66.17
PARITY shape=mlp.down arm=m3_ipg3 m=3 ipg=3 differing=0 zero_rows=0 compared_rows=3
PARITY shape=mlp.down arm=m4_ipg2 m=4 ipg=2 differing=0 zero_rows=0 compared_rows=4
PARITY shape=mlp.down arm=m4_ipg4 m=4 ipg=4 differing=0 zero_rows=0 compared_rows=4
PARITY shape=mlp.down arm=m5_ipg3 m=5 ipg=3 differing=0 zero_rows=0 compared_rows=5
PARITY shape=mlp.down arm=m5_ipg5 m=5 ipg=5 differing=0 zero_rows=0 compared_rows=5
PARITY shape=mlp.down arm=m6_ipg2 m=6 ipg=2 differing=0 zero_rows=0 compared_rows=6
PARITY shape=mlp.down arm=m6_ipg3 m=6 ipg=3 differing=0 zero_rows=0 compared_rows=6
PARITY shape=mlp.down arm=m6_ipg4 m=6 ipg=4 differing=0 zero_rows=0 compared_rows=6
PARITY shape=mlp.down arm=m6_ipg6 m=6 ipg=6 differing=0 zero_rows=0 compared_rows=6
PARITY shape=mlp.down arm=m7_ipg4 m=7 ipg=4 differing=0 zero_rows=0 compared_rows=7
PARITY shape=mlp.down arm=m7_ipg5 m=7 ipg=5 differing=0 zero_rows=0 compared_rows=7
PARITY shape=mlp.down arm=m8_ipg2 m=8 ipg=2 differing=0 zero_rows=0 compared_rows=8
PARITY shape=mlp.down arm=m8_ipg3 m=8 ipg=3 differing=0 zero_rows=0 compared_rows=8
PARITY shape=mlp.down arm=m8_ipg4 m=8 ipg=4 differing=0 zero_rows=0 compared_rows=8
PARITY shape=mlp.down arm=m8_ipg5 m=8 ipg=5 differing=0 zero_rows=0 compared_rows=8
PARITY shape=mlp.down arm=m8_ipg6 m=8 ipg=6 differing=0 zero_rows=0 compared_rows=8
PARITY shape=mlp.down arm=m9_ipg3 m=9 ipg=3 differing=0 zero_rows=0 compared_rows=9
PARITY shape=mlp.down arm=m9_ipg5 m=9 ipg=5 differing=0 zero_rows=0 compared_rows=9
PARITY shape=mlp.down arm=m9_ipg6 m=9 ipg=6 differing=0 zero_rows=0 compared_rows=9
LEG shape=mlp.down rep=0 position=0 arm=m3_ipg3 m=3 ipg=3 groups=1 inner=239 gpu_seconds=0.060115458 wall_seconds=0.060337083 seconds_per_dispatch=0.000251529114 gbps=199.321022
LEG shape=mlp.down rep=0 position=1 arm=m4_ipg2 m=4 ipg=2 groups=2 inner=239 gpu_seconds=0.091592875 wall_seconds=0.091798792 seconds_per_dispatch=0.000383233787 gbps=261.642067
LEG shape=mlp.down rep=0 position=2 arm=m4_ipg4 m=4 ipg=4 groups=1 inner=239 gpu_seconds=0.068979083 wall_seconds=0.069192708 seconds_per_dispatch=0.000288615411 gbps=173.708811
LEG shape=mlp.down rep=0 position=3 arm=m5_ipg3 m=5 ipg=3 groups=2 inner=239 gpu_seconds=0.097632500 wall_seconds=0.097853833 seconds_per_dispatch=0.000408504184 gbps=245.456678
LEG shape=mlp.down rep=0 position=4 arm=m5_ipg5 m=5 ipg=5 groups=1 inner=239 gpu_seconds=0.079907792 wall_seconds=0.080131917 seconds_per_dispatch=0.000334342225 gbps=149.951266
LEG shape=mlp.down rep=0 position=5 arm=m6_ipg2 m=6 ipg=2 groups=3 inner=239 gpu_seconds=0.132605625 wall_seconds=0.132788583 seconds_per_dispatch=0.000554835250 gbps=271.080685
LEG shape=mlp.down rep=0 position=6 arm=m6_ipg3 m=6 ipg=3 groups=2 inner=239 gpu_seconds=0.104853958 wall_seconds=0.105056542 seconds_per_dispatch=0.000438719491 gbps=228.551687
LEG shape=mlp.down rep=0 position=7 arm=m6_ipg4 m=6 ipg=4 groups=2 inner=239 gpu_seconds=0.105327083 wall_seconds=0.105585375 seconds_per_dispatch=0.000440699093 gbps=227.525043
LEG shape=mlp.down rep=0 position=8 arm=m6_ipg6 m=6 ipg=6 groups=1 inner=239 gpu_seconds=0.114868375 wall_seconds=0.115098583 seconds_per_dispatch=0.000480620816 gbps=104.313085
LEG shape=mlp.down rep=0 position=9 arm=m7_ipg4 m=7 ipg=4 groups=2 inner=239 gpu_seconds=0.113429958 wall_seconds=0.113660208 seconds_per_dispatch=0.000474602337 gbps=211.271779
LEG shape=mlp.down rep=0 position=10 arm=m7_ipg5 m=7 ipg=5 groups=2 inner=239 gpu_seconds=0.115106875 wall_seconds=0.115324333 seconds_per_dispatch=0.000481618723 gbps=208.193899
LEG shape=mlp.down rep=0 position=11 arm=m8_ipg2 m=8 ipg=2 groups=4 inner=239 gpu_seconds=0.173784375 wall_seconds=0.174009792 seconds_per_dispatch=0.000727131276 gbps=275.796361
LEG shape=mlp.down rep=0 position=12 arm=m8_ipg3 m=8 ipg=3 groups=3 inner=239 gpu_seconds=0.144788167 wall_seconds=0.145000333 seconds_per_dispatch=0.000605808228 gbps=248.271834
LEG shape=mlp.down rep=0 position=13 arm=m8_ipg4 m=8 ipg=4 groups=2 inner=239 gpu_seconds=0.122876750 wall_seconds=0.123109375 seconds_per_dispatch=0.000514128660 gbps=195.029158
LEG shape=mlp.down rep=0 position=14 arm=m8_ipg5 m=8 ipg=5 groups=2 inner=239 gpu_seconds=0.124299125 wall_seconds=0.124497833 seconds_per_dispatch=0.000520080021 gbps=192.797408
LEG shape=mlp.down rep=0 position=15 arm=m8_ipg6 m=8 ipg=6 groups=2 inner=239 gpu_seconds=0.136577875 wall_seconds=0.136786792 seconds_per_dispatch=0.000571455544 gbps=175.464358
LEG shape=mlp.down rep=0 position=16 arm=m9_ipg3 m=9 ipg=3 groups=3 inner=239 gpu_seconds=0.151555125 wall_seconds=0.151789375 seconds_per_dispatch=0.000634121862 gbps=237.186461
LEG shape=mlp.down rep=0 position=17 arm=m9_ipg5 m=9 ipg=5 groups=2 inner=239 gpu_seconds=0.135162750 wall_seconds=0.135392750 seconds_per_dispatch=0.000565534519 gbps=177.301432
LEG shape=mlp.down rep=0 position=18 arm=m9_ipg6 m=9 ipg=6 groups=2 inner=239 gpu_seconds=0.149355583 wall_seconds=0.149585417 seconds_per_dispatch=0.000624918759 gbps=160.452985
LEG shape=mlp.down rep=0 position=19 arm=m9_ipg6 m=9 ipg=6 groups=2 inner=239 gpu_seconds=0.149588750 wall_seconds=0.149813583 seconds_per_dispatch=0.000625894351 gbps=160.202884
LEG shape=mlp.down rep=0 position=20 arm=m9_ipg5 m=9 ipg=5 groups=2 inner=239 gpu_seconds=0.134757042 wall_seconds=0.134948667 seconds_per_dispatch=0.000563836995 gbps=177.835227
LEG shape=mlp.down rep=0 position=21 arm=m9_ipg3 m=9 ipg=3 groups=3 inner=239 gpu_seconds=0.151929625 wall_seconds=0.152139292 seconds_per_dispatch=0.000635688808 gbps=236.601806
LEG shape=mlp.down rep=0 position=22 arm=m8_ipg6 m=8 ipg=6 groups=2 inner=239 gpu_seconds=0.136204750 wall_seconds=0.136432875 seconds_per_dispatch=0.000569894352 gbps=175.945032
LEG shape=mlp.down rep=0 position=23 arm=m8_ipg5 m=8 ipg=5 groups=2 inner=239 gpu_seconds=0.124561250 wall_seconds=0.124782583 seconds_per_dispatch=0.000521176778 gbps=192.391688
LEG shape=mlp.down rep=0 position=24 arm=m8_ipg4 m=8 ipg=4 groups=2 inner=239 gpu_seconds=0.122652250 wall_seconds=0.122887000 seconds_per_dispatch=0.000513189330 gbps=195.386136
LEG shape=mlp.down rep=0 position=25 arm=m8_ipg3 m=8 ipg=3 groups=3 inner=239 gpu_seconds=0.144801875 wall_seconds=0.145027792 seconds_per_dispatch=0.000605865585 gbps=248.248330
LEG shape=mlp.down rep=0 position=26 arm=m8_ipg2 m=8 ipg=2 groups=4 inner=239 gpu_seconds=0.173472333 wall_seconds=0.173675583 seconds_per_dispatch=0.000725825662 gbps=276.292463
LEG shape=mlp.down rep=0 position=27 arm=m7_ipg5 m=7 ipg=5 groups=2 inner=239 gpu_seconds=0.114806333 wall_seconds=0.115037833 seconds_per_dispatch=0.000480361227 gbps=208.738912
LEG shape=mlp.down rep=0 position=28 arm=m7_ipg4 m=7 ipg=4 groups=2 inner=239 gpu_seconds=0.113514875 wall_seconds=0.113726583 seconds_per_dispatch=0.000474957636 gbps=211.113734
LEG shape=mlp.down rep=0 position=29 arm=m6_ipg6 m=6 ipg=6 groups=1 inner=239 gpu_seconds=0.115076542 wall_seconds=0.115291833 seconds_per_dispatch=0.000481491806 gbps=104.124389
LEG shape=mlp.down rep=0 position=30 arm=m6_ipg4 m=6 ipg=4 groups=2 inner=239 gpu_seconds=0.105243083 wall_seconds=0.105472167 seconds_per_dispatch=0.000440347629 gbps=227.706642
LEG shape=mlp.down rep=0 position=31 arm=m6_ipg3 m=6 ipg=3 groups=2 inner=239 gpu_seconds=0.104782792 wall_seconds=0.105008417 seconds_per_dispatch=0.000438421722 gbps=228.706916
LEG shape=mlp.down rep=0 position=32 arm=m6_ipg2 m=6 ipg=2 groups=3 inner=239 gpu_seconds=0.132447666 wall_seconds=0.132742083 seconds_per_dispatch=0.000554174337 gbps=271.403979
LEG shape=mlp.down rep=0 position=33 arm=m5_ipg5 m=5 ipg=5 groups=1 inner=239 gpu_seconds=0.079817000 wall_seconds=0.080008083 seconds_per_dispatch=0.000333962343 gbps=150.121836
LEG shape=mlp.down rep=0 position=34 arm=m5_ipg3 m=5 ipg=3 groups=2 inner=239 gpu_seconds=0.097892208 wall_seconds=0.098083042 seconds_per_dispatch=0.000409590830 gbps=244.805481
LEG shape=mlp.down rep=0 position=35 arm=m4_ipg4 m=4 ipg=4 groups=1 inner=239 gpu_seconds=0.069232125 wall_seconds=0.069460667 seconds_per_dispatch=0.000289674163 gbps=173.073910
LEG shape=mlp.down rep=0 position=36 arm=m4_ipg2 m=4 ipg=2 groups=2 inner=239 gpu_seconds=0.091777792 wall_seconds=0.091998208 seconds_per_dispatch=0.000384007497 gbps=261.114902
LEG shape=mlp.down rep=0 position=37 arm=m3_ipg3 m=3 ipg=3 groups=1 inner=239 gpu_seconds=0.059958083 wall_seconds=0.060177167 seconds_per_dispatch=0.000250870642 gbps=199.844189
LEG shape=mlp.down rep=1 position=0 arm=m3_ipg3 m=3 ipg=3 groups=1 inner=239 gpu_seconds=0.059955750 wall_seconds=0.060158458 seconds_per_dispatch=0.000250860879 gbps=199.851966
LEG shape=mlp.down rep=1 position=1 arm=m4_ipg2 m=4 ipg=2 groups=2 inner=239 gpu_seconds=0.091602750 wall_seconds=0.091813333 seconds_per_dispatch=0.000383275104 gbps=261.613861
LEG shape=mlp.down rep=1 position=2 arm=m4_ipg4 m=4 ipg=4 groups=1 inner=239 gpu_seconds=0.068891250 wall_seconds=0.069103750 seconds_per_dispatch=0.000288247908 gbps=173.930282
LEG shape=mlp.down rep=1 position=3 arm=m5_ipg3 m=5 ipg=3 groups=2 inner=239 gpu_seconds=0.097807000 wall_seconds=0.098041250 seconds_per_dispatch=0.000409234310 gbps=245.018752
LEG shape=mlp.down rep=1 position=4 arm=m5_ipg5 m=5 ipg=5 groups=1 inner=239 gpu_seconds=0.079950917 wall_seconds=0.080175000 seconds_per_dispatch=0.000334522664 gbps=149.870384
LEG shape=mlp.down rep=1 position=5 arm=m6_ipg2 m=6 ipg=2 groups=3 inner=239 gpu_seconds=0.132536625 wall_seconds=0.132760208 seconds_per_dispatch=0.000554546548 gbps=271.221813
LEG shape=mlp.down rep=1 position=6 arm=m6_ipg3 m=6 ipg=3 groups=2 inner=239 gpu_seconds=0.104947916 wall_seconds=0.105168417 seconds_per_dispatch=0.000439112621 gbps=228.347069
LEG shape=mlp.down rep=1 position=7 arm=m6_ipg4 m=6 ipg=4 groups=2 inner=239 gpu_seconds=0.105091625 wall_seconds=0.105329583 seconds_per_dispatch=0.000439713912 gbps=228.034814
LEG shape=mlp.down rep=1 position=8 arm=m6_ipg6 m=6 ipg=6 groups=1 inner=239 gpu_seconds=0.114431459 wall_seconds=0.114650208 seconds_per_dispatch=0.000478792713 gbps=104.711368
LEG shape=mlp.down rep=1 position=9 arm=m7_ipg4 m=7 ipg=4 groups=2 inner=239 gpu_seconds=0.113523500 wall_seconds=0.113752542 seconds_per_dispatch=0.000474993723 gbps=211.097695
LEG shape=mlp.down rep=1 position=10 arm=m7_ipg5 m=7 ipg=5 groups=2 inner=239 gpu_seconds=0.114666750 wall_seconds=0.114890458 seconds_per_dispatch=0.000479777196 gbps=208.993009
LEG shape=mlp.down rep=1 position=11 arm=m8_ipg2 m=8 ipg=2 groups=4 inner=239 gpu_seconds=0.173316875 wall_seconds=0.173544958 seconds_per_dispatch=0.000725175209 gbps=276.540286
LEG shape=mlp.down rep=1 position=12 arm=m8_ipg3 m=8 ipg=3 groups=3 inner=239 gpu_seconds=0.144595375 wall_seconds=0.144806875 seconds_per_dispatch=0.000605001568 gbps=248.602860
LEG shape=mlp.down rep=1 position=13 arm=m8_ipg4 m=8 ipg=4 groups=2 inner=239 gpu_seconds=0.122688458 wall_seconds=0.122930250 seconds_per_dispatch=0.000513340830 gbps=195.328472
LEG shape=mlp.down rep=1 position=14 arm=m8_ipg5 m=8 ipg=5 groups=2 inner=239 gpu_seconds=0.123911250 wall_seconds=0.124122125 seconds_per_dispatch=0.000518457113 gbps=193.400915
LEG shape=mlp.down rep=1 position=15 arm=m8_ipg6 m=8 ipg=6 groups=2 inner=239 gpu_seconds=0.135781750 wall_seconds=0.136058042 seconds_per_dispatch=0.000568124476 gbps=176.493153
LEG shape=mlp.down rep=1 position=16 arm=m9_ipg3 m=9 ipg=3 groups=3 inner=239 gpu_seconds=0.151574333 wall_seconds=0.151818833 seconds_per_dispatch=0.000634202232 gbps=237.156403
LEG shape=mlp.down rep=1 position=17 arm=m9_ipg5 m=9 ipg=5 groups=2 inner=239 gpu_seconds=0.134244250 wall_seconds=0.134501875 seconds_per_dispatch=0.000561691422 gbps=178.514530
LEG shape=mlp.down rep=1 position=18 arm=m9_ipg6 m=9 ipg=6 groups=2 inner=239 gpu_seconds=0.148500000 wall_seconds=0.148734750 seconds_per_dispatch=0.000621338912 gbps=161.377435
LEG shape=mlp.down rep=1 position=19 arm=m9_ipg6 m=9 ipg=6 groups=2 inner=239 gpu_seconds=0.149012250 wall_seconds=0.149241083 seconds_per_dispatch=0.000623482218 gbps=160.822678
LEG shape=mlp.down rep=1 position=20 arm=m9_ipg5 m=9 ipg=5 groups=2 inner=239 gpu_seconds=0.133932292 wall_seconds=0.134175917 seconds_per_dispatch=0.000560386157 gbps=178.930330
LEG shape=mlp.down rep=1 position=21 arm=m9_ipg3 m=9 ipg=3 groups=3 inner=239 gpu_seconds=0.151623625 wall_seconds=0.151865042 seconds_per_dispatch=0.000634408472 gbps=237.079306
LEG shape=mlp.down rep=1 position=22 arm=m8_ipg6 m=8 ipg=6 groups=2 inner=239 gpu_seconds=0.136421625 wall_seconds=0.136653750 seconds_per_dispatch=0.000570801778 gbps=175.665325
LEG shape=mlp.down rep=1 position=23 arm=m8_ipg5 m=8 ipg=5 groups=2 inner=239 gpu_seconds=0.124605208 wall_seconds=0.124848667 seconds_per_dispatch=0.000521360705 gbps=192.323816
LEG shape=mlp.down rep=1 position=24 arm=m8_ipg4 m=8 ipg=4 groups=2 inner=239 gpu_seconds=0.122201708 wall_seconds=0.122430000 seconds_per_dispatch=0.000511304219 gbps=196.106498
LEG shape=mlp.down rep=1 position=25 arm=m8_ipg3 m=8 ipg=3 groups=3 inner=239 gpu_seconds=0.144708833 wall_seconds=0.144936833 seconds_per_dispatch=0.000605476290 gbps=248.407943
LEG shape=mlp.down rep=1 position=26 arm=m8_ipg2 m=8 ipg=2 groups=4 inner=239 gpu_seconds=0.173360667 wall_seconds=0.173595083 seconds_per_dispatch=0.000725358438 gbps=276.470431
LEG shape=mlp.down rep=1 position=27 arm=m7_ipg5 m=7 ipg=5 groups=2 inner=239 gpu_seconds=0.114992625 wall_seconds=0.115229583 seconds_per_dispatch=0.000481140690 gbps=208.400749
LEG shape=mlp.down rep=1 position=28 arm=m7_ipg4 m=7 ipg=4 groups=2 inner=239 gpu_seconds=0.113033000 wall_seconds=0.113256917 seconds_per_dispatch=0.000472941422 gbps=212.013741
LEG shape=mlp.down rep=1 position=29 arm=m6_ipg6 m=6 ipg=6 groups=1 inner=239 gpu_seconds=0.114166583 wall_seconds=0.114396667 seconds_per_dispatch=0.000477684449 gbps=104.954306
LEG shape=mlp.down rep=1 position=30 arm=m6_ipg4 m=6 ipg=4 groups=2 inner=239 gpu_seconds=0.105221708 wall_seconds=0.105451875 seconds_per_dispatch=0.000440258194 gbps=227.752899
LEG shape=mlp.down rep=1 position=31 arm=m6_ipg3 m=6 ipg=3 groups=2 inner=239 gpu_seconds=0.104885375 wall_seconds=0.105109292 seconds_per_dispatch=0.000438850941 gbps=228.483229
LEG shape=mlp.down rep=1 position=32 arm=m6_ipg2 m=6 ipg=2 groups=3 inner=239 gpu_seconds=0.132491083 wall_seconds=0.132722625 seconds_per_dispatch=0.000554355997 gbps=271.315041
LEG shape=mlp.down rep=1 position=33 arm=m5_ipg5 m=5 ipg=5 groups=1 inner=239 gpu_seconds=0.079567500 wall_seconds=0.079787667 seconds_per_dispatch=0.000332918410 gbps=150.592573
LEG shape=mlp.down rep=1 position=34 arm=m5_ipg3 m=5 ipg=3 groups=2 inner=239 gpu_seconds=0.097765500 wall_seconds=0.097983583 seconds_per_dispatch=0.000409060669 gbps=245.122759
LEG shape=mlp.down rep=1 position=35 arm=m4_ipg4 m=4 ipg=4 groups=1 inner=239 gpu_seconds=0.069090250 wall_seconds=0.069317833 seconds_per_dispatch=0.000289080544 gbps=173.429313
LEG shape=mlp.down rep=1 position=36 arm=m4_ipg2 m=4 ipg=2 groups=2 inner=239 gpu_seconds=0.091347083 wall_seconds=0.091582417 seconds_per_dispatch=0.000382205369 gbps=262.346079
LEG shape=mlp.down rep=1 position=37 arm=m3_ipg3 m=3 ipg=3 groups=1 inner=239 gpu_seconds=0.059786167 wall_seconds=0.060024000 seconds_per_dispatch=0.000250151325 gbps=200.418846
LEG shape=mlp.down rep=2 position=0 arm=m3_ipg3 m=3 ipg=3 groups=1 inner=239 gpu_seconds=0.059672042 wall_seconds=0.059903125 seconds_per_dispatch=0.000249673815 gbps=200.802155
LEG shape=mlp.down rep=2 position=1 arm=m4_ipg2 m=4 ipg=2 groups=2 inner=239 gpu_seconds=0.091750875 wall_seconds=0.091975917 seconds_per_dispatch=0.000383894875 gbps=261.191505
LEG shape=mlp.down rep=2 position=2 arm=m4_ipg4 m=4 ipg=4 groups=1 inner=239 gpu_seconds=0.069319375 wall_seconds=0.069520375 seconds_per_dispatch=0.000290039225 gbps=172.856068
LEG shape=mlp.down rep=2 position=3 arm=m5_ipg3 m=5 ipg=3 groups=2 inner=239 gpu_seconds=0.097881250 wall_seconds=0.098111375 seconds_per_dispatch=0.000409544978 gbps=244.832888
LEG shape=mlp.down rep=2 position=4 arm=m5_ipg5 m=5 ipg=5 groups=1 inner=239 gpu_seconds=0.079999833 wall_seconds=0.080226833 seconds_per_dispatch=0.000334727336 gbps=149.778744
LEG shape=mlp.down rep=2 position=5 arm=m6_ipg2 m=6 ipg=2 groups=3 inner=239 gpu_seconds=0.132462125 wall_seconds=0.132658833 seconds_per_dispatch=0.000554234833 gbps=271.374355
LEG shape=mlp.down rep=2 position=6 arm=m6_ipg3 m=6 ipg=3 groups=2 inner=239 gpu_seconds=0.104712125 wall_seconds=0.104911708 seconds_per_dispatch=0.000438126047 gbps=228.861262
LEG shape=mlp.down rep=2 position=7 arm=m6_ipg4 m=6 ipg=4 groups=2 inner=239 gpu_seconds=0.105152750 wall_seconds=0.105388333 seconds_per_dispatch=0.000439969666 gbps=227.902257
LEG shape=mlp.down rep=2 position=8 arm=m6_ipg6 m=6 ipg=6 groups=1 inner=239 gpu_seconds=0.114813542 wall_seconds=0.115043292 seconds_per_dispatch=0.000480391388 gbps=104.362903
LEG shape=mlp.down rep=2 position=9 arm=m7_ipg4 m=7 ipg=4 groups=2 inner=239 gpu_seconds=0.113571792 wall_seconds=0.113811167 seconds_per_dispatch=0.000475195781 gbps=211.007934
LEG shape=mlp.down rep=2 position=10 arm=m7_ipg5 m=7 ipg=5 groups=2 inner=239 gpu_seconds=0.115070000 wall_seconds=0.115297458 seconds_per_dispatch=0.000481464435 gbps=208.260616
LEG shape=mlp.down rep=2 position=11 arm=m8_ipg2 m=8 ipg=2 groups=4 inner=239 gpu_seconds=0.173623625 wall_seconds=0.173865667 seconds_per_dispatch=0.000726458682 gbps=276.051708
LEG shape=mlp.down rep=2 position=12 arm=m8_ipg3 m=8 ipg=3 groups=3 inner=239 gpu_seconds=0.144651750 wall_seconds=0.144862500 seconds_per_dispatch=0.000605237447 gbps=248.505972
LEG shape=mlp.down rep=2 position=13 arm=m8_ipg4 m=8 ipg=4 groups=2 inner=239 gpu_seconds=0.122587000 wall_seconds=0.122797625 seconds_per_dispatch=0.000512916317 gbps=195.490135
LEG shape=mlp.down rep=2 position=14 arm=m8_ipg5 m=8 ipg=5 groups=2 inner=239 gpu_seconds=0.124427375 wall_seconds=0.124649375 seconds_per_dispatch=0.000520616631 gbps=192.598688
LEG shape=mlp.down rep=2 position=15 arm=m8_ipg6 m=8 ipg=6 groups=2 inner=239 gpu_seconds=0.136774208 wall_seconds=0.136997375 seconds_per_dispatch=0.000572277022 gbps=175.212487
LEG shape=mlp.down rep=2 position=16 arm=m9_ipg3 m=9 ipg=3 groups=3 inner=239 gpu_seconds=0.151880375 wall_seconds=0.152120750 seconds_per_dispatch=0.000635482741 gbps=236.678528
LEG shape=mlp.down rep=2 position=17 arm=m9_ipg5 m=9 ipg=5 groups=2 inner=239 gpu_seconds=0.135025250 wall_seconds=0.135252208 seconds_per_dispatch=0.000564959205 gbps=177.481983
LEG shape=mlp.down rep=2 position=18 arm=m9_ipg6 m=9 ipg=6 groups=2 inner=239 gpu_seconds=0.149036042 wall_seconds=0.149220583 seconds_per_dispatch=0.000623581764 gbps=160.797005
LEG shape=mlp.down rep=2 position=19 arm=m9_ipg6 m=9 ipg=6 groups=2 inner=239 gpu_seconds=0.149801625 wall_seconds=0.150014667 seconds_per_dispatch=0.000626785043 gbps=159.975228
LEG shape=mlp.down rep=2 position=20 arm=m9_ipg5 m=9 ipg=5 groups=2 inner=239 gpu_seconds=0.134840000 wall_seconds=0.135050667 seconds_per_dispatch=0.000564184100 gbps=177.725817
LEG shape=mlp.down rep=2 position=21 arm=m9_ipg3 m=9 ipg=3 groups=3 inner=239 gpu_seconds=0.152155958 wall_seconds=0.152409292 seconds_per_dispatch=0.000636635809 gbps=236.249859
LEG shape=mlp.down rep=2 position=22 arm=m8_ipg6 m=8 ipg=6 groups=2 inner=239 gpu_seconds=0.136378958 wall_seconds=0.136605708 seconds_per_dispatch=0.000570623257 gbps=175.720283
LEG shape=mlp.down rep=2 position=23 arm=m8_ipg5 m=8 ipg=5 groups=2 inner=239 gpu_seconds=0.124166000 wall_seconds=0.124389208 seconds_per_dispatch=0.000519523012 gbps=193.004117
LEG shape=mlp.down rep=2 position=24 arm=m8_ipg4 m=8 ipg=4 groups=2 inner=239 gpu_seconds=0.122569167 wall_seconds=0.122793542 seconds_per_dispatch=0.000512841702 gbps=195.518577
LEG shape=mlp.down rep=2 position=25 arm=m8_ipg3 m=8 ipg=3 groups=3 inner=239 gpu_seconds=0.144818208 wall_seconds=0.145039542 seconds_per_dispatch=0.000605933926 gbps=248.220331
LEG shape=mlp.down rep=2 position=26 arm=m8_ipg2 m=8 ipg=2 groups=4 inner=239 gpu_seconds=0.173390875 wall_seconds=0.173618000 seconds_per_dispatch=0.000725484832 gbps=276.422264
LEG shape=mlp.down rep=2 position=27 arm=m7_ipg5 m=7 ipg=5 groups=2 inner=239 gpu_seconds=0.114756250 wall_seconds=0.114986708 seconds_per_dispatch=0.000480151674 gbps=208.830012
LEG shape=mlp.down rep=2 position=28 arm=m7_ipg4 m=7 ipg=4 groups=2 inner=239 gpu_seconds=0.113070042 wall_seconds=0.113283208 seconds_per_dispatch=0.000473096410 gbps=211.944284
LEG shape=mlp.down rep=2 position=29 arm=m6_ipg6 m=6 ipg=6 groups=1 inner=239 gpu_seconds=0.115056917 wall_seconds=0.115282000 seconds_per_dispatch=0.000481409693 gbps=104.142149
LEG shape=mlp.down rep=2 position=30 arm=m6_ipg4 m=6 ipg=4 groups=2 inner=239 gpu_seconds=0.105021583 wall_seconds=0.105247583 seconds_per_dispatch=0.000439420851 gbps=228.186896
LEG shape=mlp.down rep=2 position=31 arm=m6_ipg3 m=6 ipg=3 groups=2 inner=239 gpu_seconds=0.105112708 wall_seconds=0.105349958 seconds_per_dispatch=0.000439802127 gbps=227.989075
LEG shape=mlp.down rep=2 position=32 arm=m6_ipg2 m=6 ipg=2 groups=3 inner=239 gpu_seconds=0.132835500 wall_seconds=0.133064542 seconds_per_dispatch=0.000555797071 gbps=270.611574
LEG shape=mlp.down rep=2 position=33 arm=m5_ipg5 m=5 ipg=5 groups=1 inner=239 gpu_seconds=0.080074875 wall_seconds=0.080291708 seconds_per_dispatch=0.000335041318 gbps=149.638380
LEG shape=mlp.down rep=2 position=34 arm=m5_ipg3 m=5 ipg=3 groups=2 inner=239 gpu_seconds=0.097691542 wall_seconds=0.097915167 seconds_per_dispatch=0.000408751221 gbps=245.308332
LEG shape=mlp.down rep=2 position=35 arm=m4_ipg4 m=4 ipg=4 groups=1 inner=239 gpu_seconds=0.068957375 wall_seconds=0.069175208 seconds_per_dispatch=0.000288524581 gbps=173.763496
LEG shape=mlp.down rep=2 position=36 arm=m4_ipg2 m=4 ipg=2 groups=2 inner=239 gpu_seconds=0.091887333 wall_seconds=0.092104500 seconds_per_dispatch=0.000384465830 gbps=260.803619
LEG shape=mlp.down rep=2 position=37 arm=m3_ipg3 m=3 ipg=3 groups=1 inner=239 gpu_seconds=0.059763792 wall_seconds=0.059985167 seconds_per_dispatch=0.000250057706 gbps=200.493881
LEG shape=mlp.down rep=3 position=0 arm=m3_ipg3 m=3 ipg=3 groups=1 inner=239 gpu_seconds=0.060159375 wall_seconds=0.060389542 seconds_per_dispatch=0.000251712866 gbps=199.175516
LEG shape=mlp.down rep=3 position=1 arm=m4_ipg2 m=4 ipg=2 groups=2 inner=239 gpu_seconds=0.091676167 wall_seconds=0.091911042 seconds_per_dispatch=0.000383582288 gbps=261.404354
LEG shape=mlp.down rep=3 position=2 arm=m4_ipg4 m=4 ipg=4 groups=1 inner=239 gpu_seconds=0.069334625 wall_seconds=0.069545542 seconds_per_dispatch=0.000290103034 gbps=172.818048
LEG shape=mlp.down rep=3 position=3 arm=m5_ipg3 m=5 ipg=3 groups=2 inner=239 gpu_seconds=0.097886250 wall_seconds=0.098115333 seconds_per_dispatch=0.000409565899 gbps=244.820382
LEG shape=mlp.down rep=3 position=4 arm=m5_ipg5 m=5 ipg=5 groups=1 inner=239 gpu_seconds=0.079557625 wall_seconds=0.079785958 seconds_per_dispatch=0.000332877093 gbps=150.611265
LEG shape=mlp.down rep=3 position=5 arm=m6_ipg2 m=6 ipg=2 groups=3 inner=239 gpu_seconds=0.132663042 wall_seconds=0.132898167 seconds_per_dispatch=0.000555075489 gbps=270.963361
LEG shape=mlp.down rep=3 position=6 arm=m6_ipg3 m=6 ipg=3 groups=2 inner=239 gpu_seconds=0.105128750 wall_seconds=0.105349375 seconds_per_dispatch=0.000439869247 gbps=227.954286
LEG shape=mlp.down rep=3 position=7 arm=m6_ipg4 m=6 ipg=4 groups=2 inner=239 gpu_seconds=0.105208833 wall_seconds=0.105444000 seconds_per_dispatch=0.000440204324 gbps=227.780770
LEG shape=mlp.down rep=3 position=8 arm=m6_ipg6 m=6 ipg=6 groups=1 inner=239 gpu_seconds=0.114361125 wall_seconds=0.114587833 seconds_per_dispatch=0.000478498431 gbps=104.775767
LEG shape=mlp.down rep=3 position=9 arm=m7_ipg4 m=7 ipg=4 groups=2 inner=239 gpu_seconds=0.113326875 wall_seconds=0.113549958 seconds_per_dispatch=0.000474171025 gbps=211.463954
LEG shape=mlp.down rep=3 position=10 arm=m7_ipg5 m=7 ipg=5 groups=2 inner=239 gpu_seconds=0.115045917 wall_seconds=0.115264250 seconds_per_dispatch=0.000481363667 gbps=208.304213
LEG shape=mlp.down rep=3 position=11 arm=m8_ipg2 m=8 ipg=2 groups=4 inner=239 gpu_seconds=0.173574500 wall_seconds=0.173785375 seconds_per_dispatch=0.000726253138 gbps=276.129836
LEG shape=mlp.down rep=3 position=12 arm=m8_ipg3 m=8 ipg=3 groups=3 inner=239 gpu_seconds=0.144604625 wall_seconds=0.144803125 seconds_per_dispatch=0.000605040272 gbps=248.586957
LEG shape=mlp.down rep=3 position=13 arm=m8_ipg4 m=8 ipg=4 groups=2 inner=239 gpu_seconds=0.122824667 wall_seconds=0.123052625 seconds_per_dispatch=0.000513910740 gbps=195.111859
LEG shape=mlp.down rep=3 position=14 arm=m8_ipg5 m=8 ipg=5 groups=2 inner=239 gpu_seconds=0.124578250 wall_seconds=0.124805458 seconds_per_dispatch=0.000521247908 gbps=192.365434
LEG shape=mlp.down rep=3 position=15 arm=m8_ipg6 m=8 ipg=6 groups=2 inner=239 gpu_seconds=0.136899708 wall_seconds=0.137110750 seconds_per_dispatch=0.000572802127 gbps=175.051864
LEG shape=mlp.down rep=3 position=16 arm=m9_ipg3 m=9 ipg=3 groups=3 inner=239 gpu_seconds=0.151923708 wall_seconds=0.152146500 seconds_per_dispatch=0.000635664052 gbps=236.611021
LEG shape=mlp.down rep=3 position=17 arm=m9_ipg5 m=9 ipg=5 groups=2 inner=239 gpu_seconds=0.134721917 wall_seconds=0.134934458 seconds_per_dispatch=0.000563690028 gbps=177.881593
LEG shape=mlp.down rep=3 position=18 arm=m9_ipg6 m=9 ipg=6 groups=2 inner=239 gpu_seconds=0.149502000 wall_seconds=0.149717500 seconds_per_dispatch=0.000625531380 gbps=160.295843
LEG shape=mlp.down rep=3 position=19 arm=m9_ipg6 m=9 ipg=6 groups=2 inner=239 gpu_seconds=0.149175167 wall_seconds=0.149397417 seconds_per_dispatch=0.000624163877 gbps=160.647041
LEG shape=mlp.down rep=3 position=20 arm=m9_ipg5 m=9 ipg=5 groups=2 inner=239 gpu_seconds=0.135004542 wall_seconds=0.135225458 seconds_per_dispatch=0.000564872559 gbps=177.509207
LEG shape=mlp.down rep=3 position=21 arm=m9_ipg3 m=9 ipg=3 groups=3 inner=239 gpu_seconds=0.152096375 wall_seconds=0.152295458 seconds_per_dispatch=0.000636386507 gbps=236.342409
LEG shape=mlp.down rep=3 position=22 arm=m8_ipg6 m=8 ipg=6 groups=2 inner=239 gpu_seconds=0.136328500 wall_seconds=0.136542625 seconds_per_dispatch=0.000570412134 gbps=175.785321
LEG shape=mlp.down rep=3 position=23 arm=m8_ipg5 m=8 ipg=5 groups=2 inner=239 gpu_seconds=0.124363750 wall_seconds=0.124588167 seconds_per_dispatch=0.000520350419 gbps=192.697221
LEG shape=mlp.down rep=3 position=24 arm=m8_ipg4 m=8 ipg=4 groups=2 inner=239 gpu_seconds=0.122756500 wall_seconds=0.123064708 seconds_per_dispatch=0.000513625523 gbps=195.220205
LEG shape=mlp.down rep=3 position=25 arm=m8_ipg3 m=8 ipg=3 groups=3 inner=239 gpu_seconds=0.144328083 wall_seconds=0.144541167 seconds_per_dispatch=0.000603883194 gbps=249.063265
LEG shape=mlp.down rep=3 position=26 arm=m8_ipg2 m=8 ipg=2 groups=4 inner=239 gpu_seconds=0.172793958 wall_seconds=0.173055250 seconds_per_dispatch=0.000722987273 gbps=277.377165
LEG shape=mlp.down rep=3 position=27 arm=m7_ipg5 m=7 ipg=5 groups=2 inner=239 gpu_seconds=0.114296625 wall_seconds=0.114520833 seconds_per_dispatch=0.000478228556 gbps=209.669788
LEG shape=mlp.down rep=3 position=28 arm=m7_ipg4 m=7 ipg=4 groups=2 inner=239 gpu_seconds=0.112507500 wall_seconds=0.112748167 seconds_per_dispatch=0.000470742678 gbps=213.004014
LEG shape=mlp.down rep=3 position=29 arm=m6_ipg6 m=6 ipg=6 groups=1 inner=239 gpu_seconds=0.113846750 wall_seconds=0.114145250 seconds_per_dispatch=0.000476346234 gbps=105.249158
LEG shape=mlp.down rep=3 position=30 arm=m6_ipg4 m=6 ipg=4 groups=2 inner=239 gpu_seconds=0.104305000 wall_seconds=0.104539375 seconds_per_dispatch=0.000436422594 gbps=229.754557
LEG shape=mlp.down rep=3 position=31 arm=m6_ipg3 m=6 ipg=3 groups=2 inner=239 gpu_seconds=0.104036000 wall_seconds=0.104241667 seconds_per_dispatch=0.000435297071 gbps=230.348621
LEG shape=mlp.down rep=3 position=32 arm=m6_ipg2 m=6 ipg=2 groups=3 inner=239 gpu_seconds=0.131738375 wall_seconds=0.131957875 seconds_per_dispatch=0.000551206590 gbps=272.865243
LEG shape=mlp.down rep=3 position=33 arm=m5_ipg5 m=5 ipg=5 groups=1 inner=239 gpu_seconds=0.079920250 wall_seconds=0.080110292 seconds_per_dispatch=0.000334394351 gbps=149.927891
LEG shape=mlp.down rep=3 position=34 arm=m5_ipg3 m=5 ipg=3 groups=2 inner=239 gpu_seconds=0.097607792 wall_seconds=0.097811375 seconds_per_dispatch=0.000408400803 gbps=245.518812
LEG shape=mlp.down rep=3 position=35 arm=m4_ipg4 m=4 ipg=4 groups=1 inner=239 gpu_seconds=0.068946167 wall_seconds=0.069158750 seconds_per_dispatch=0.000288477685 gbps=173.791744
LEG shape=mlp.down rep=3 position=36 arm=m4_ipg2 m=4 ipg=2 groups=2 inner=239 gpu_seconds=0.091359042 wall_seconds=0.091579792 seconds_per_dispatch=0.000382255404 gbps=262.311739
LEG shape=mlp.down rep=3 position=37 arm=m3_ipg3 m=3 ipg=3 groups=1 inner=239 gpu_seconds=0.059630625 wall_seconds=0.059851292 seconds_per_dispatch=0.000249500523 gbps=200.941623
LEG shape=mlp.down rep=4 position=0 arm=m3_ipg3 m=3 ipg=3 groups=1 inner=239 gpu_seconds=0.060238417 wall_seconds=0.060462167 seconds_per_dispatch=0.000252043585 gbps=198.914168
LEG shape=mlp.down rep=4 position=1 arm=m4_ipg2 m=4 ipg=2 groups=2 inner=239 gpu_seconds=0.091828375 wall_seconds=0.092040000 seconds_per_dispatch=0.000384219142 gbps=260.971069
LEG shape=mlp.down rep=4 position=2 arm=m4_ipg4 m=4 ipg=4 groups=1 inner=239 gpu_seconds=0.069213667 wall_seconds=0.069423500 seconds_per_dispatch=0.000289596932 gbps=173.120066
LEG shape=mlp.down rep=4 position=3 arm=m5_ipg3 m=5 ipg=3 groups=2 inner=239 gpu_seconds=0.098120125 wall_seconds=0.098344000 seconds_per_dispatch=0.000410544456 gbps=244.236838
LEG shape=mlp.down rep=4 position=4 arm=m5_ipg5 m=5 ipg=5 groups=1 inner=239 gpu_seconds=0.079954833 wall_seconds=0.080171708 seconds_per_dispatch=0.000334539051 gbps=149.863042
LEG shape=mlp.down rep=4 position=5 arm=m6_ipg2 m=6 ipg=2 groups=3 inner=239 gpu_seconds=0.132662958 wall_seconds=0.132877500 seconds_per_dispatch=0.000555075139 gbps=270.963532
LEG shape=mlp.down rep=4 position=6 arm=m6_ipg3 m=6 ipg=3 groups=2 inner=239 gpu_seconds=0.104830500 wall_seconds=0.105047375 seconds_per_dispatch=0.000438621340 gbps=228.602831
LEG shape=mlp.down rep=4 position=7 arm=m6_ipg4 m=6 ipg=4 groups=2 inner=239 gpu_seconds=0.104984417 wall_seconds=0.105214708 seconds_per_dispatch=0.000439265342 gbps=228.267679
LEG shape=mlp.down rep=4 position=8 arm=m6_ipg6 m=6 ipg=6 groups=1 inner=239 gpu_seconds=0.114260875 wall_seconds=0.114478500 seconds_per_dispatch=0.000478078976 gbps=104.867695
LEG shape=mlp.down rep=4 position=9 arm=m7_ipg4 m=7 ipg=4 groups=2 inner=239 gpu_seconds=0.113303542 wall_seconds=0.113516542 seconds_per_dispatch=0.000474073396 gbps=211.507502
LEG shape=mlp.down rep=4 position=10 arm=m7_ipg5 m=7 ipg=5 groups=2 inner=239 gpu_seconds=0.114697834 wall_seconds=0.114917625 seconds_per_dispatch=0.000479907253 gbps=208.936371
LEG shape=mlp.down rep=4 position=11 arm=m8_ipg2 m=8 ipg=2 groups=4 inner=239 gpu_seconds=0.173404458 wall_seconds=0.173622417 seconds_per_dispatch=0.000725541667 gbps=276.400611
LEG shape=mlp.down rep=4 position=12 arm=m8_ipg3 m=8 ipg=3 groups=3 inner=239 gpu_seconds=0.144799666 wall_seconds=0.145011125 seconds_per_dispatch=0.000605856345 gbps=248.252117
LEG shape=mlp.down rep=4 position=13 arm=m8_ipg4 m=8 ipg=4 groups=2 inner=239 gpu_seconds=0.122742250 wall_seconds=0.122959833 seconds_per_dispatch=0.000513565899 gbps=195.242870
LEG shape=mlp.down rep=4 position=14 arm=m8_ipg5 m=8 ipg=5 groups=2 inner=239 gpu_seconds=0.124430625 wall_seconds=0.124625250 seconds_per_dispatch=0.000520630230 gbps=192.593657
LEG shape=mlp.down rep=4 position=15 arm=m8_ipg6 m=8 ipg=6 groups=2 inner=239 gpu_seconds=0.136300583 wall_seconds=0.136498917 seconds_per_dispatch=0.000570295328 gbps=175.821325
LEG shape=mlp.down rep=4 position=16 arm=m9_ipg3 m=9 ipg=3 groups=3 inner=239 gpu_seconds=0.151989042 wall_seconds=0.152207917 seconds_per_dispatch=0.000635937414 gbps=236.509312
LEG shape=mlp.down rep=4 position=17 arm=m9_ipg5 m=9 ipg=5 groups=2 inner=239 gpu_seconds=0.134428500 wall_seconds=0.134651583 seconds_per_dispatch=0.000562462343 gbps=178.269854
LEG shape=mlp.down rep=4 position=18 arm=m9_ipg6 m=9 ipg=6 groups=2 inner=239 gpu_seconds=0.148763208 wall_seconds=0.148947750 seconds_per_dispatch=0.000622440203 gbps=161.091908
LEG shape=mlp.down rep=4 position=19 arm=m9_ipg6 m=9 ipg=6 groups=2 inner=239 gpu_seconds=0.149171333 wall_seconds=0.149369875 seconds_per_dispatch=0.000624147838 gbps=160.651169
LEG shape=mlp.down rep=4 position=20 arm=m9_ipg5 m=9 ipg=5 groups=2 inner=239 gpu_seconds=0.134896083 wall_seconds=0.135102292 seconds_per_dispatch=0.000564418758 gbps=177.651927
LEG shape=mlp.down rep=4 position=21 arm=m9_ipg3 m=9 ipg=3 groups=3 inner=239 gpu_seconds=0.152142958 wall_seconds=0.152353750 seconds_per_dispatch=0.000636581415 gbps=236.270046
LEG shape=mlp.down rep=4 position=22 arm=m8_ipg6 m=8 ipg=6 groups=2 inner=239 gpu_seconds=0.136633250 wall_seconds=0.136842625 seconds_per_dispatch=0.000571687238 gbps=175.393245
LEG shape=mlp.down rep=4 position=23 arm=m8_ipg5 m=8 ipg=5 groups=2 inner=239 gpu_seconds=0.124139375 wall_seconds=0.124350958 seconds_per_dispatch=0.000519411610 gbps=193.045512
LEG shape=mlp.down rep=4 position=24 arm=m8_ipg4 m=8 ipg=4 groups=2 inner=239 gpu_seconds=0.123168917 wall_seconds=0.123395833 seconds_per_dispatch=0.000515351116 gbps=194.566533
LEG shape=mlp.down rep=4 position=25 arm=m8_ipg3 m=8 ipg=3 groups=3 inner=239 gpu_seconds=0.144740500 wall_seconds=0.144946000 seconds_per_dispatch=0.000605608787 gbps=248.353596
LEG shape=mlp.down rep=4 position=26 arm=m8_ipg2 m=8 ipg=2 groups=4 inner=239 gpu_seconds=0.173354750 wall_seconds=0.173555792 seconds_per_dispatch=0.000725333682 gbps=276.479867
LEG shape=mlp.down rep=4 position=27 arm=m7_ipg5 m=7 ipg=5 groups=2 inner=239 gpu_seconds=0.114898833 wall_seconds=0.115149875 seconds_per_dispatch=0.000480748257 gbps=208.570865
LEG shape=mlp.down rep=4 position=28 arm=m7_ipg4 m=7 ipg=4 groups=2 inner=239 gpu_seconds=0.113303375 wall_seconds=0.113511167 seconds_per_dispatch=0.000474072699 gbps=211.507814
LEG shape=mlp.down rep=4 position=29 arm=m6_ipg6 m=6 ipg=6 groups=1 inner=239 gpu_seconds=0.114231458 wall_seconds=0.114450625 seconds_per_dispatch=0.000477955893 gbps=104.894700
LEG shape=mlp.down rep=4 position=30 arm=m6_ipg4 m=6 ipg=4 groups=2 inner=239 gpu_seconds=0.105067417 wall_seconds=0.105287000 seconds_per_dispatch=0.000439612623 gbps=228.087354
LEG shape=mlp.down rep=4 position=31 arm=m6_ipg3 m=6 ipg=3 groups=2 inner=239 gpu_seconds=0.104705333 wall_seconds=0.104914917 seconds_per_dispatch=0.000438097629 gbps=228.876108
LEG shape=mlp.down rep=4 position=32 arm=m6_ipg2 m=6 ipg=2 groups=3 inner=239 gpu_seconds=0.132570292 wall_seconds=0.132802083 seconds_per_dispatch=0.000554687413 gbps=271.152935
LEG shape=mlp.down rep=4 position=33 arm=m5_ipg5 m=5 ipg=5 groups=1 inner=239 gpu_seconds=0.080085417 wall_seconds=0.080304500 seconds_per_dispatch=0.000335085425 gbps=149.618683
LEG shape=mlp.down rep=4 position=34 arm=m5_ipg3 m=5 ipg=3 groups=2 inner=239 gpu_seconds=0.098193916 wall_seconds=0.098400375 seconds_per_dispatch=0.000410853207 gbps=244.053298
LEG shape=mlp.down rep=4 position=35 arm=m4_ipg4 m=4 ipg=4 groups=1 inner=239 gpu_seconds=0.069324958 wall_seconds=0.069542583 seconds_per_dispatch=0.000290062587 gbps=172.842146
LEG shape=mlp.down rep=4 position=36 arm=m4_ipg2 m=4 ipg=2 groups=2 inner=239 gpu_seconds=0.091085958 wall_seconds=0.091302417 seconds_per_dispatch=0.000381112796 gbps=263.098172
LEG shape=mlp.down rep=4 position=37 arm=m3_ipg3 m=3 ipg=3 groups=1 inner=239 gpu_seconds=0.059876667 wall_seconds=0.060127667 seconds_per_dispatch=0.000250529986 gbps=200.115926
LEG shape=mlp.down rep=5 position=0 arm=m3_ipg3 m=3 ipg=3 groups=1 inner=239 gpu_seconds=0.059915167 wall_seconds=0.060146167 seconds_per_dispatch=0.000250691074 gbps=199.987336
LEG shape=mlp.down rep=5 position=1 arm=m4_ipg2 m=4 ipg=2 groups=2 inner=239 gpu_seconds=0.091713833 wall_seconds=0.091981625 seconds_per_dispatch=0.000383739889 gbps=261.296996
LEG shape=mlp.down rep=5 position=2 arm=m4_ipg4 m=4 ipg=4 groups=1 inner=239 gpu_seconds=0.069083500 wall_seconds=0.069279917 seconds_per_dispatch=0.000289052302 gbps=173.446257
LEG shape=mlp.down rep=5 position=3 arm=m5_ipg3 m=5 ipg=3 groups=2 inner=239 gpu_seconds=0.097733208 wall_seconds=0.097957792 seconds_per_dispatch=0.000408925558 gbps=245.203749
LEG shape=mlp.down rep=5 position=4 arm=m5_ipg5 m=5 ipg=5 groups=1 inner=239 gpu_seconds=0.079197708 wall_seconds=0.079399792 seconds_per_dispatch=0.000331371164 gbps=151.295723
LEG shape=mlp.down rep=5 position=5 arm=m6_ipg2 m=6 ipg=2 groups=3 inner=239 gpu_seconds=0.132478542 wall_seconds=0.132684167 seconds_per_dispatch=0.000554303522 gbps=271.340726
LEG shape=mlp.down rep=5 position=6 arm=m6_ipg3 m=6 ipg=3 groups=2 inner=239 gpu_seconds=0.104981333 wall_seconds=0.105193833 seconds_per_dispatch=0.000439252440 gbps=228.274383
LEG shape=mlp.down rep=5 position=7 arm=m6_ipg4 m=6 ipg=4 groups=2 inner=239 gpu_seconds=0.105322458 wall_seconds=0.105548167 seconds_per_dispatch=0.000440679742 gbps=227.535034
LEG shape=mlp.down rep=5 position=8 arm=m6_ipg6 m=6 ipg=6 groups=1 inner=239 gpu_seconds=0.113791459 wall_seconds=0.114009667 seconds_per_dispatch=0.000476114889 gbps=105.300299
LEG shape=mlp.down rep=5 position=9 arm=m7_ipg4 m=7 ipg=4 groups=2 inner=239 gpu_seconds=0.113219833 wall_seconds=0.113437542 seconds_per_dispatch=0.000473723152 gbps=211.663879
LEG shape=mlp.down rep=5 position=10 arm=m7_ipg5 m=7 ipg=5 groups=2 inner=239 gpu_seconds=0.114764208 wall_seconds=0.114991417 seconds_per_dispatch=0.000480184972 gbps=208.815531
LEG shape=mlp.down rep=5 position=11 arm=m8_ipg2 m=8 ipg=2 groups=4 inner=239 gpu_seconds=0.173399667 wall_seconds=0.173615000 seconds_per_dispatch=0.000725521617 gbps=276.408249
LEG shape=mlp.down rep=5 position=12 arm=m8_ipg3 m=8 ipg=3 groups=3 inner=239 gpu_seconds=0.144763208 wall_seconds=0.144973333 seconds_per_dispatch=0.000605703800 gbps=248.314638
LEG shape=mlp.down rep=5 position=13 arm=m8_ipg4 m=8 ipg=4 groups=2 inner=239 gpu_seconds=0.122675417 wall_seconds=0.122899292 seconds_per_dispatch=0.000513286262 gbps=195.349238
LEG shape=mlp.down rep=5 position=14 arm=m8_ipg5 m=8 ipg=5 groups=2 inner=239 gpu_seconds=0.124815333 wall_seconds=0.125031833 seconds_per_dispatch=0.000522239889 gbps=192.000041
LEG shape=mlp.down rep=5 position=15 arm=m8_ipg6 m=8 ipg=6 groups=2 inner=239 gpu_seconds=0.136523167 wall_seconds=0.136735875 seconds_per_dispatch=0.000571226639 gbps=175.534671
LEG shape=mlp.down rep=5 position=16 arm=m9_ipg3 m=9 ipg=3 groups=3 inner=239 gpu_seconds=0.152015125 wall_seconds=0.152226125 seconds_per_dispatch=0.000636046548 gbps=236.468731
LEG shape=mlp.down rep=5 position=17 arm=m9_ipg5 m=9 ipg=5 groups=2 inner=239 gpu_seconds=0.134927625 wall_seconds=0.135188042 seconds_per_dispatch=0.000564550733 gbps=177.610397
LEG shape=mlp.down rep=5 position=18 arm=m9_ipg6 m=9 ipg=6 groups=2 inner=239 gpu_seconds=0.149179042 wall_seconds=0.149396875 seconds_per_dispatch=0.000624180090 gbps=160.642868
LEG shape=mlp.down rep=5 position=19 arm=m9_ipg6 m=9 ipg=6 groups=2 inner=239 gpu_seconds=0.149227208 wall_seconds=0.149425375 seconds_per_dispatch=0.000624381625 gbps=160.591017
LEG shape=mlp.down rep=5 position=20 arm=m9_ipg5 m=9 ipg=5 groups=2 inner=239 gpu_seconds=0.134746500 wall_seconds=0.134958625 seconds_per_dispatch=0.000563792887 gbps=177.849140
LEG shape=mlp.down rep=5 position=21 arm=m9_ipg3 m=9 ipg=3 groups=3 inner=239 gpu_seconds=0.152229875 wall_seconds=0.152461750 seconds_per_dispatch=0.000636945083 gbps=236.135146
LEG shape=mlp.down rep=5 position=22 arm=m8_ipg6 m=8 ipg=6 groups=2 inner=239 gpu_seconds=0.137435583 wall_seconds=0.137649792 seconds_per_dispatch=0.000575044282 gbps=174.369319
LEG shape=mlp.down rep=5 position=23 arm=m8_ipg5 m=8 ipg=5 groups=2 inner=239 gpu_seconds=0.124889542 wall_seconds=0.125108458 seconds_per_dispatch=0.000522550383 gbps=191.885956
LEG shape=mlp.down rep=5 position=24 arm=m8_ipg4 m=8 ipg=4 groups=2 inner=239 gpu_seconds=0.123216500 wall_seconds=0.123429208 seconds_per_dispatch=0.000515550209 gbps=194.491396
LEG shape=mlp.down rep=5 position=25 arm=m8_ipg3 m=8 ipg=3 groups=3 inner=239 gpu_seconds=0.144967125 wall_seconds=0.145193708 seconds_per_dispatch=0.000606557008 gbps=247.965349
LEG shape=mlp.down rep=5 position=26 arm=m8_ipg2 m=8 ipg=2 groups=4 inner=239 gpu_seconds=0.174174083 wall_seconds=0.174454708 seconds_per_dispatch=0.000728761855 gbps=275.179276
LEG shape=mlp.down rep=5 position=27 arm=m7_ipg5 m=7 ipg=5 groups=2 inner=239 gpu_seconds=0.115249458 wall_seconds=0.115467458 seconds_per_dispatch=0.000482215306 gbps=207.936328
LEG shape=mlp.down rep=5 position=28 arm=m7_ipg4 m=7 ipg=4 groups=2 inner=239 gpu_seconds=0.113503500 wall_seconds=0.113702375 seconds_per_dispatch=0.000474910041 gbps=211.134891
LEG shape=mlp.down rep=5 position=29 arm=m6_ipg6 m=6 ipg=6 groups=1 inner=239 gpu_seconds=0.114465375 wall_seconds=0.114696750 seconds_per_dispatch=0.000478934623 gbps=104.680342
LEG shape=mlp.down rep=5 position=30 arm=m6_ipg4 m=6 ipg=4 groups=2 inner=239 gpu_seconds=0.105710000 wall_seconds=0.105914125 seconds_per_dispatch=0.000442301255 gbps=226.700871
LEG shape=mlp.down rep=5 position=31 arm=m6_ipg3 m=6 ipg=3 groups=2 inner=239 gpu_seconds=0.105216583 wall_seconds=0.105435875 seconds_per_dispatch=0.000440236750 gbps=227.763993
LEG shape=mlp.down rep=5 position=32 arm=m6_ipg2 m=6 ipg=2 groups=3 inner=239 gpu_seconds=0.132686500 wall_seconds=0.132898042 seconds_per_dispatch=0.000555173640 gbps=270.915456
LEG shape=mlp.down rep=5 position=33 arm=m5_ipg5 m=5 ipg=5 groups=1 inner=239 gpu_seconds=0.079875125 wall_seconds=0.080081375 seconds_per_dispatch=0.000334205543 gbps=150.012593
LEG shape=mlp.down rep=5 position=34 arm=m5_ipg3 m=5 ipg=3 groups=2 inner=239 gpu_seconds=0.098007500 wall_seconds=0.098234083 seconds_per_dispatch=0.000410073222 gbps=244.517503
LEG shape=mlp.down rep=5 position=35 arm=m4_ipg4 m=4 ipg=4 groups=1 inner=239 gpu_seconds=0.068997042 wall_seconds=0.069217542 seconds_per_dispatch=0.000288690550 gbps=173.663599
LEG shape=mlp.down rep=5 position=36 arm=m4_ipg2 m=4 ipg=2 groups=2 inner=239 gpu_seconds=0.091545375 wall_seconds=0.091740292 seconds_per_dispatch=0.000383035041 gbps=261.777825
LEG shape=mlp.down rep=5 position=37 arm=m3_ipg3 m=3 ipg=3 groups=1 inner=239 gpu_seconds=0.060210833 wall_seconds=0.060457917 seconds_per_dispatch=0.000251928173 gbps=199.005294
LEG shape=mlp.down rep=6 position=0 arm=m3_ipg3 m=3 ipg=3 groups=1 inner=239 gpu_seconds=0.060298292 wall_seconds=0.060543583 seconds_per_dispatch=0.000252294108 gbps=198.716650
LEG shape=mlp.down rep=6 position=1 arm=m4_ipg2 m=4 ipg=2 groups=2 inner=239 gpu_seconds=0.091661500 wall_seconds=0.091925292 seconds_per_dispatch=0.000383520920 gbps=261.446182
LEG shape=mlp.down rep=6 position=2 arm=m4_ipg4 m=4 ipg=4 groups=1 inner=239 gpu_seconds=0.069059333 wall_seconds=0.069281125 seconds_per_dispatch=0.000288951185 gbps=173.506954
LEG shape=mlp.down rep=6 position=3 arm=m5_ipg3 m=5 ipg=3 groups=2 inner=239 gpu_seconds=0.097738625 wall_seconds=0.097969500 seconds_per_dispatch=0.000408948222 gbps=245.190160
LEG shape=mlp.down rep=6 position=4 arm=m5_ipg5 m=5 ipg=5 groups=1 inner=239 gpu_seconds=0.079850375 wall_seconds=0.080057750 seconds_per_dispatch=0.000334101988 gbps=150.059089
LEG shape=mlp.down rep=6 position=5 arm=m6_ipg2 m=6 ipg=2 groups=3 inner=239 gpu_seconds=0.132423667 wall_seconds=0.132618750 seconds_per_dispatch=0.000554073920 gbps=271.453167
LEG shape=mlp.down rep=6 position=6 arm=m6_ipg3 m=6 ipg=3 groups=2 inner=239 gpu_seconds=0.104764542 wall_seconds=0.104966375 seconds_per_dispatch=0.000438345362 gbps=228.746757
LEG shape=mlp.down rep=6 position=7 arm=m6_ipg4 m=6 ipg=4 groups=2 inner=239 gpu_seconds=0.104966625 wall_seconds=0.105234792 seconds_per_dispatch=0.000439190900 gbps=228.306370
LEG shape=mlp.down rep=6 position=8 arm=m6_ipg6 m=6 ipg=6 groups=1 inner=239 gpu_seconds=0.114266500 wall_seconds=0.114476500 seconds_per_dispatch=0.000478102510 gbps=104.862533
LEG shape=mlp.down rep=6 position=9 arm=m7_ipg4 m=7 ipg=4 groups=2 inner=239 gpu_seconds=0.112905667 wall_seconds=0.113114500 seconds_per_dispatch=0.000472408647 gbps=212.252846
LEG shape=mlp.down rep=6 position=10 arm=m7_ipg5 m=7 ipg=5 groups=2 inner=239 gpu_seconds=0.114419542 wall_seconds=0.114677292 seconds_per_dispatch=0.000478742853 gbps=209.444547
LEG shape=mlp.down rep=6 position=11 arm=m8_ipg2 m=8 ipg=2 groups=4 inner=239 gpu_seconds=0.173229375 wall_seconds=0.173493250 seconds_per_dispatch=0.000724809101 gbps=276.679970
LEG shape=mlp.down rep=6 position=12 arm=m8_ipg3 m=8 ipg=3 groups=3 inner=239 gpu_seconds=0.144802625 wall_seconds=0.145059417 seconds_per_dispatch=0.000605868724 gbps=248.247044
LEG shape=mlp.down rep=6 position=13 arm=m8_ipg4 m=8 ipg=4 groups=2 inner=239 gpu_seconds=0.122699833 wall_seconds=0.122978667 seconds_per_dispatch=0.000513388424 gbps=195.310364
LEG shape=mlp.down rep=6 position=14 arm=m8_ipg5 m=8 ipg=5 groups=2 inner=239 gpu_seconds=0.124440083 wall_seconds=0.124647917 seconds_per_dispatch=0.000520669805 gbps=192.579019
LEG shape=mlp.down rep=6 position=15 arm=m8_ipg6 m=8 ipg=6 groups=2 inner=239 gpu_seconds=0.136297333 wall_seconds=0.136502667 seconds_per_dispatch=0.000570281729 gbps=175.825517
LEG shape=mlp.down rep=6 position=16 arm=m9_ipg3 m=9 ipg=3 groups=3 inner=239 gpu_seconds=0.151953875 wall_seconds=0.152159500 seconds_per_dispatch=0.000635790272 gbps=236.564047
LEG shape=mlp.down rep=6 position=17 arm=m9_ipg5 m=9 ipg=5 groups=2 inner=239 gpu_seconds=0.135057583 wall_seconds=0.135276667 seconds_per_dispatch=0.000565094490 gbps=177.439493
LEG shape=mlp.down rep=6 position=18 arm=m9_ipg6 m=9 ipg=6 groups=2 inner=239 gpu_seconds=0.149420042 wall_seconds=0.149642458 seconds_per_dispatch=0.000625188459 gbps=160.383767
LEG shape=mlp.down rep=6 position=19 arm=m9_ipg6 m=9 ipg=6 groups=2 inner=239 gpu_seconds=0.149442208 wall_seconds=0.149659500 seconds_per_dispatch=0.000625281206 gbps=160.359977
LEG shape=mlp.down rep=6 position=20 arm=m9_ipg5 m=9 ipg=5 groups=2 inner=239 gpu_seconds=0.134916875 wall_seconds=0.135112750 seconds_per_dispatch=0.000564505753 gbps=177.624549
LEG shape=mlp.down rep=6 position=21 arm=m9_ipg3 m=9 ipg=3 groups=3 inner=239 gpu_seconds=0.151829458 wall_seconds=0.152022417 seconds_per_dispatch=0.000635269700 gbps=236.757900
LEG shape=mlp.down rep=6 position=22 arm=m8_ipg6 m=8 ipg=6 groups=2 inner=239 gpu_seconds=0.136616833 wall_seconds=0.136810500 seconds_per_dispatch=0.000571618549 gbps=175.414322
LEG shape=mlp.down rep=6 position=23 arm=m8_ipg5 m=8 ipg=5 groups=2 inner=239 gpu_seconds=0.124525250 wall_seconds=0.124749167 seconds_per_dispatch=0.000521026151 gbps=192.447308
LEG shape=mlp.down rep=6 position=24 arm=m8_ipg4 m=8 ipg=4 groups=2 inner=239 gpu_seconds=0.122843583 wall_seconds=0.123067667 seconds_per_dispatch=0.000513989888 gbps=195.081814
LEG shape=mlp.down rep=6 position=25 arm=m8_ipg3 m=8 ipg=3 groups=3 inner=239 gpu_seconds=0.145170167 wall_seconds=0.145384875 seconds_per_dispatch=0.000607406556 gbps=247.618533
LEG shape=mlp.down rep=6 position=26 arm=m8_ipg2 m=8 ipg=2 groups=4 inner=239 gpu_seconds=0.173643667 wall_seconds=0.173856667 seconds_per_dispatch=0.000726542538 gbps=276.019847
LEG shape=mlp.down rep=6 position=27 arm=m7_ipg5 m=7 ipg=5 groups=2 inner=239 gpu_seconds=0.115131750 wall_seconds=0.115355500 seconds_per_dispatch=0.000481722803 gbps=208.148917
LEG shape=mlp.down rep=6 position=28 arm=m7_ipg4 m=7 ipg=4 groups=2 inner=239 gpu_seconds=0.113205792 wall_seconds=0.113419208 seconds_per_dispatch=0.000473664400 gbps=211.690133
LEG shape=mlp.down rep=6 position=29 arm=m6_ipg6 m=6 ipg=6 groups=1 inner=239 gpu_seconds=0.114560167 wall_seconds=0.114769625 seconds_per_dispatch=0.000479331241 gbps=104.593725
LEG shape=mlp.down rep=6 position=30 arm=m6_ipg4 m=6 ipg=4 groups=2 inner=239 gpu_seconds=0.104844708 wall_seconds=0.105057208 seconds_per_dispatch=0.000438680789 gbps=228.571851
LEG shape=mlp.down rep=6 position=31 arm=m6_ipg3 m=6 ipg=3 groups=2 inner=239 gpu_seconds=0.104804125 wall_seconds=0.105004167 seconds_per_dispatch=0.000438510983 gbps=228.660362
LEG shape=mlp.down rep=6 position=32 arm=m6_ipg2 m=6 ipg=2 groups=3 inner=239 gpu_seconds=0.132453750 wall_seconds=0.132636583 seconds_per_dispatch=0.000554199791 gbps=271.391513
LEG shape=mlp.down rep=6 position=33 arm=m5_ipg5 m=5 ipg=5 groups=1 inner=239 gpu_seconds=0.079962500 wall_seconds=0.080165583 seconds_per_dispatch=0.000334571129 gbps=149.848674
LEG shape=mlp.down rep=6 position=34 arm=m5_ipg3 m=5 ipg=3 groups=2 inner=239 gpu_seconds=0.097698042 wall_seconds=0.097911667 seconds_per_dispatch=0.000408778417 gbps=245.292011
LEG shape=mlp.down rep=6 position=35 arm=m4_ipg4 m=4 ipg=4 groups=1 inner=239 gpu_seconds=0.069424917 wall_seconds=0.069638708 seconds_per_dispatch=0.000290480823 gbps=172.593287
LEG shape=mlp.down rep=6 position=36 arm=m4_ipg2 m=4 ipg=2 groups=2 inner=239 gpu_seconds=0.091610500 wall_seconds=0.091814708 seconds_per_dispatch=0.000383307531 gbps=261.591730
LEG shape=mlp.down rep=6 position=37 arm=m3_ipg3 m=3 ipg=3 groups=1 inner=239 gpu_seconds=0.059593500 wall_seconds=0.059800125 seconds_per_dispatch=0.000249345189 gbps=201.066803
LEG shape=mlp.down rep=7 position=0 arm=m3_ipg3 m=3 ipg=3 groups=1 inner=239 gpu_seconds=0.059438750 wall_seconds=0.059651208 seconds_per_dispatch=0.000248697699 gbps=201.590285
LEG shape=mlp.down rep=7 position=1 arm=m4_ipg2 m=4 ipg=2 groups=2 inner=239 gpu_seconds=0.091658708 wall_seconds=0.091884625 seconds_per_dispatch=0.000383509239 gbps=261.454144
LEG shape=mlp.down rep=7 position=2 arm=m4_ipg4 m=4 ipg=4 groups=1 inner=239 gpu_seconds=0.069198417 wall_seconds=0.069377917 seconds_per_dispatch=0.000289533124 gbps=173.158219
LEG shape=mlp.down rep=7 position=3 arm=m5_ipg3 m=5 ipg=3 groups=2 inner=239 gpu_seconds=0.098055208 wall_seconds=0.098246000 seconds_per_dispatch=0.000410272838 gbps=244.398534
LEG shape=mlp.down rep=7 position=4 arm=m5_ipg5 m=5 ipg=5 groups=1 inner=239 gpu_seconds=0.079487375 wall_seconds=0.079708375 seconds_per_dispatch=0.000332583159 gbps=150.744374
LEG shape=mlp.down rep=7 position=5 arm=m6_ipg2 m=6 ipg=2 groups=3 inner=239 gpu_seconds=0.132695500 wall_seconds=0.132912250 seconds_per_dispatch=0.000555211297 gbps=270.897081
LEG shape=mlp.down rep=7 position=6 arm=m6_ipg3 m=6 ipg=3 groups=2 inner=239 gpu_seconds=0.104769750 wall_seconds=0.104990042 seconds_per_dispatch=0.000438367155 gbps=228.735385
LEG shape=mlp.down rep=7 position=7 arm=m6_ipg4 m=6 ipg=4 groups=2 inner=239 gpu_seconds=0.104902125 wall_seconds=0.105144208 seconds_per_dispatch=0.000438921025 gbps=228.446746
LEG shape=mlp.down rep=7 position=8 arm=m6_ipg6 m=6 ipg=6 groups=1 inner=239 gpu_seconds=0.114485500 wall_seconds=0.114698458 seconds_per_dispatch=0.000479018828 gbps=104.661940
LEG shape=mlp.down rep=7 position=9 arm=m7_ipg4 m=7 ipg=4 groups=2 inner=239 gpu_seconds=0.113104250 wall_seconds=0.113317125 seconds_per_dispatch=0.000473239540 gbps=211.880182
LEG shape=mlp.down rep=7 position=10 arm=m7_ipg5 m=7 ipg=5 groups=2 inner=239 gpu_seconds=0.115100125 wall_seconds=0.115308250 seconds_per_dispatch=0.000481590482 gbps=208.206108
LEG shape=mlp.down rep=7 position=11 arm=m8_ipg2 m=8 ipg=2 groups=4 inner=239 gpu_seconds=0.173364917 wall_seconds=0.173584000 seconds_per_dispatch=0.000725376221 gbps=276.463653
LEG shape=mlp.down rep=7 position=12 arm=m8_ipg3 m=8 ipg=3 groups=3 inner=239 gpu_seconds=0.144769750 wall_seconds=0.144981667 seconds_per_dispatch=0.000605731172 gbps=248.303417
LEG shape=mlp.down rep=7 position=13 arm=m8_ipg4 m=8 ipg=4 groups=2 inner=239 gpu_seconds=0.122997875 wall_seconds=0.123202458 seconds_per_dispatch=0.000514635460 gbps=194.837099
LEG shape=mlp.down rep=7 position=14 arm=m8_ipg5 m=8 ipg=5 groups=2 inner=239 gpu_seconds=0.124249708 wall_seconds=0.124475000 seconds_per_dispatch=0.000519873257 gbps=192.874087
LEG shape=mlp.down rep=7 position=15 arm=m8_ipg6 m=8 ipg=6 groups=2 inner=239 gpu_seconds=0.136695250 wall_seconds=0.136901917 seconds_per_dispatch=0.000571946653 gbps=175.313693
LEG shape=mlp.down rep=7 position=16 arm=m9_ipg3 m=9 ipg=3 groups=3 inner=239 gpu_seconds=0.151868875 wall_seconds=0.152092708 seconds_per_dispatch=0.000635434624 gbps=236.696450
LEG shape=mlp.down rep=7 position=17 arm=m9_ipg5 m=9 ipg=5 groups=2 inner=239 gpu_seconds=0.134739375 wall_seconds=0.134962833 seconds_per_dispatch=0.000563763075 gbps=177.858545
LEG shape=mlp.down rep=7 position=18 arm=m9_ipg6 m=9 ipg=6 groups=2 inner=239 gpu_seconds=0.149604000 wall_seconds=0.149826458 seconds_per_dispatch=0.000625958159 gbps=160.186553
LEG shape=mlp.down rep=7 position=19 arm=m9_ipg6 m=9 ipg=6 groups=2 inner=239 gpu_seconds=0.149242125 wall_seconds=0.149461083 seconds_per_dispatch=0.000624444038 gbps=160.574966
LEG shape=mlp.down rep=7 position=20 arm=m9_ipg5 m=9 ipg=5 groups=2 inner=239 gpu_seconds=0.135194875 wall_seconds=0.135407208 seconds_per_dispatch=0.000565668933 gbps=177.259301
LEG shape=mlp.down rep=7 position=21 arm=m9_ipg3 m=9 ipg=3 groups=3 inner=239 gpu_seconds=0.151962417 wall_seconds=0.152190708 seconds_per_dispatch=0.000635826011 gbps=236.550750
LEG shape=mlp.down rep=7 position=22 arm=m8_ipg6 m=8 ipg=6 groups=2 inner=239 gpu_seconds=0.136586083 wall_seconds=0.136819750 seconds_per_dispatch=0.000571489888 gbps=175.453813
LEG shape=mlp.down rep=7 position=23 arm=m8_ipg5 m=8 ipg=5 groups=2 inner=239 gpu_seconds=0.124352250 wall_seconds=0.124562917 seconds_per_dispatch=0.000520302300 gbps=192.715043
LEG shape=mlp.down rep=7 position=24 arm=m8_ipg4 m=8 ipg=4 groups=2 inner=239 gpu_seconds=0.122704458 wall_seconds=0.122925333 seconds_per_dispatch=0.000513407775 gbps=195.303003
LEG shape=mlp.down rep=7 position=25 arm=m8_ipg3 m=8 ipg=3 groups=3 inner=239 gpu_seconds=0.144642334 wall_seconds=0.144867292 seconds_per_dispatch=0.000605198048 gbps=248.522150
LEG shape=mlp.down rep=7 position=26 arm=m8_ipg2 m=8 ipg=2 groups=4 inner=239 gpu_seconds=0.173660292 wall_seconds=0.173889167 seconds_per_dispatch=0.000726612099 gbps=275.993423
LEG shape=mlp.down rep=7 position=27 arm=m7_ipg5 m=7 ipg=5 groups=2 inner=239 gpu_seconds=0.114819750 wall_seconds=0.115035750 seconds_per_dispatch=0.000480417364 gbps=208.714521
LEG shape=mlp.down rep=7 position=28 arm=m7_ipg4 m=7 ipg=4 groups=2 inner=239 gpu_seconds=0.113449875 wall_seconds=0.113650542 seconds_per_dispatch=0.000474685670 gbps=211.234689
LEG shape=mlp.down rep=7 position=29 arm=m6_ipg6 m=6 ipg=6 groups=1 inner=239 gpu_seconds=0.114155708 wall_seconds=0.114383125 seconds_per_dispatch=0.000477638947 gbps=104.964305
LEG shape=mlp.down rep=7 position=30 arm=m6_ipg4 m=6 ipg=4 groups=2 inner=239 gpu_seconds=0.105009000 wall_seconds=0.105225958 seconds_per_dispatch=0.000439368201 gbps=228.214240
LEG shape=mlp.down rep=7 position=31 arm=m6_ipg3 m=6 ipg=3 groups=2 inner=239 gpu_seconds=0.104753500 wall_seconds=0.105033833 seconds_per_dispatch=0.000438299163 gbps=228.770868
LEG shape=mlp.down rep=7 position=32 arm=m6_ipg2 m=6 ipg=2 groups=3 inner=239 gpu_seconds=0.132702500 wall_seconds=0.132922167 seconds_per_dispatch=0.000555240586 gbps=270.882792
LEG shape=mlp.down rep=7 position=33 arm=m5_ipg5 m=5 ipg=5 groups=1 inner=239 gpu_seconds=0.079664333 wall_seconds=0.079884000 seconds_per_dispatch=0.000333323570 gbps=150.409525
LEG shape=mlp.down rep=7 position=34 arm=m5_ipg3 m=5 ipg=3 groups=2 inner=239 gpu_seconds=0.098035333 wall_seconds=0.098250792 seconds_per_dispatch=0.000410189679 gbps=244.448081
LEG shape=mlp.down rep=7 position=35 arm=m4_ipg4 m=4 ipg=4 groups=1 inner=239 gpu_seconds=0.069093750 wall_seconds=0.069305083 seconds_per_dispatch=0.000289095189 gbps=173.420527
LEG shape=mlp.down rep=7 position=36 arm=m4_ipg2 m=4 ipg=2 groups=2 inner=239 gpu_seconds=0.091915500 wall_seconds=0.092128583 seconds_per_dispatch=0.000384583682 gbps=260.723698
LEG shape=mlp.down rep=7 position=37 arm=m3_ipg3 m=3 ipg=3 groups=1 inner=239 gpu_seconds=0.059941083 wall_seconds=0.060160250 seconds_per_dispatch=0.000250799511 gbps=199.900868
LEG shape=mlp.down rep=8 position=0 arm=m3_ipg3 m=3 ipg=3 groups=1 inner=239 gpu_seconds=0.059977250 wall_seconds=0.060189583 seconds_per_dispatch=0.000250950837 gbps=199.780326
LEG shape=mlp.down rep=8 position=1 arm=m4_ipg2 m=4 ipg=2 groups=2 inner=239 gpu_seconds=0.091510458 wall_seconds=0.091744542 seconds_per_dispatch=0.000382888947 gbps=261.877708
LEG shape=mlp.down rep=8 position=2 arm=m4_ipg4 m=4 ipg=4 groups=1 inner=239 gpu_seconds=0.068810125 wall_seconds=0.069015208 seconds_per_dispatch=0.000287908472 gbps=174.135341
LEG shape=mlp.down rep=8 position=3 arm=m5_ipg3 m=5 ipg=3 groups=2 inner=239 gpu_seconds=0.098142667 wall_seconds=0.098362875 seconds_per_dispatch=0.000410638773 gbps=244.180741
LEG shape=mlp.down rep=8 position=4 arm=m5_ipg5 m=5 ipg=5 groups=1 inner=239 gpu_seconds=0.079959083 wall_seconds=0.080166542 seconds_per_dispatch=0.000334556834 gbps=149.855077
LEG shape=mlp.down rep=8 position=5 arm=m6_ipg2 m=6 ipg=2 groups=3 inner=239 gpu_seconds=0.132758875 wall_seconds=0.132982292 seconds_per_dispatch=0.000555476464 gbps=270.767764
LEG shape=mlp.down rep=8 position=6 arm=m6_ipg3 m=6 ipg=3 groups=2 inner=239 gpu_seconds=0.104695833 wall_seconds=0.104908958 seconds_per_dispatch=0.000438057880 gbps=228.896876
LEG shape=mlp.down rep=8 position=7 arm=m6_ipg4 m=6 ipg=4 groups=2 inner=239 gpu_seconds=0.105247958 wall_seconds=0.105480375 seconds_per_dispatch=0.000440368026 gbps=227.696095
LEG shape=mlp.down rep=8 position=8 arm=m6_ipg6 m=6 ipg=6 groups=1 inner=239 gpu_seconds=0.114880542 wall_seconds=0.115104792 seconds_per_dispatch=0.000480671722 gbps=104.302038
LEG shape=mlp.down rep=8 position=9 arm=m7_ipg4 m=7 ipg=4 groups=2 inner=239 gpu_seconds=0.113316250 wall_seconds=0.113535208 seconds_per_dispatch=0.000474126569 gbps=211.483782
LEG shape=mlp.down rep=8 position=10 arm=m7_ipg5 m=7 ipg=5 groups=2 inner=239 gpu_seconds=0.114090833 wall_seconds=0.114305500 seconds_per_dispatch=0.000477367504 gbps=210.047980
LEG shape=mlp.down rep=8 position=11 arm=m8_ipg2 m=8 ipg=2 groups=4 inner=239 gpu_seconds=0.173010625 wall_seconds=0.173226125 seconds_per_dispatch=0.000723893828 gbps=277.029797
LEG shape=mlp.down rep=8 position=12 arm=m8_ipg3 m=8 ipg=3 groups=3 inner=239 gpu_seconds=0.145221916 wall_seconds=0.145433458 seconds_per_dispatch=0.000607623082 gbps=247.530294
LEG shape=mlp.down rep=8 position=13 arm=m8_ipg4 m=8 ipg=4 groups=2 inner=239 gpu_seconds=0.122547875 wall_seconds=0.122766875 seconds_per_dispatch=0.000512752615 gbps=195.552547
LEG shape=mlp.down rep=8 position=14 arm=m8_ipg5 m=8 ipg=5 groups=2 inner=239 gpu_seconds=0.124619875 wall_seconds=0.124813000 seconds_per_dispatch=0.000521422072 gbps=192.301181
LEG shape=mlp.down rep=8 position=15 arm=m8_ipg6 m=8 ipg=6 groups=2 inner=239 gpu_seconds=0.136493625 wall_seconds=0.136724000 seconds_per_dispatch=0.000571103033 gbps=175.572662
LEG shape=mlp.down rep=8 position=16 arm=m9_ipg3 m=9 ipg=3 groups=3 inner=239 gpu_seconds=0.152235917 wall_seconds=0.152454667 seconds_per_dispatch=0.000636970362 gbps=236.125774
LEG shape=mlp.down rep=8 position=17 arm=m9_ipg5 m=9 ipg=5 groups=2 inner=239 gpu_seconds=0.134785708 wall_seconds=0.134998167 seconds_per_dispatch=0.000563956938 gbps=177.797405
LEG shape=mlp.down rep=8 position=18 arm=m9_ipg6 m=9 ipg=6 groups=2 inner=239 gpu_seconds=0.149043542 wall_seconds=0.149256042 seconds_per_dispatch=0.000623613145 gbps=160.788913
LEG shape=mlp.down rep=8 position=19 arm=m9_ipg6 m=9 ipg=6 groups=2 inner=239 gpu_seconds=0.149443542 wall_seconds=0.149653208 seconds_per_dispatch=0.000625286785 gbps=160.358546
LEG shape=mlp.down rep=8 position=20 arm=m9_ipg5 m=9 ipg=5 groups=2 inner=239 gpu_seconds=0.134664583 wall_seconds=0.134878708 seconds_per_dispatch=0.000563450140 gbps=177.957326
LEG shape=mlp.down rep=8 position=21 arm=m9_ipg3 m=9 ipg=3 groups=3 inner=239 gpu_seconds=0.151903667 wall_seconds=0.152126542 seconds_per_dispatch=0.000635580195 gbps=236.642238
LEG shape=mlp.down rep=8 position=22 arm=m8_ipg6 m=8 ipg=6 groups=2 inner=239 gpu_seconds=0.136596042 wall_seconds=0.136804042 seconds_per_dispatch=0.000571531555 gbps=175.441022
LEG shape=mlp.down rep=8 position=23 arm=m8_ipg5 m=8 ipg=5 groups=2 inner=239 gpu_seconds=0.124582833 wall_seconds=0.124775500 seconds_per_dispatch=0.000521267085 gbps=192.358357
LEG shape=mlp.down rep=8 position=24 arm=m8_ipg4 m=8 ipg=4 groups=2 inner=239 gpu_seconds=0.122418375 wall_seconds=0.122617875 seconds_per_dispatch=0.000512210774 gbps=195.759412
LEG shape=mlp.down rep=8 position=25 arm=m8_ipg3 m=8 ipg=3 groups=3 inner=239 gpu_seconds=0.144843875 wall_seconds=0.145067625 seconds_per_dispatch=0.000606041318 gbps=248.176346
LEG shape=mlp.down rep=8 position=26 arm=m8_ipg2 m=8 ipg=2 groups=4 inner=239 gpu_seconds=0.173801667 wall_seconds=0.174017500 seconds_per_dispatch=0.000727203626 gbps=275.768922
LEG shape=mlp.down rep=8 position=27 arm=m7_ipg5 m=7 ipg=5 groups=2 inner=239 gpu_seconds=0.114691542 wall_seconds=0.114913042 seconds_per_dispatch=0.000479880928 gbps=208.947833
LEG shape=mlp.down rep=8 position=28 arm=m7_ipg4 m=7 ipg=4 groups=2 inner=239 gpu_seconds=0.113172125 wall_seconds=0.113372375 seconds_per_dispatch=0.000473523535 gbps=211.753108
LEG shape=mlp.down rep=8 position=29 arm=m6_ipg6 m=6 ipg=6 groups=1 inner=239 gpu_seconds=0.114932750 wall_seconds=0.115145417 seconds_per_dispatch=0.000480890168 gbps=104.254658
LEG shape=mlp.down rep=8 position=30 arm=m6_ipg4 m=6 ipg=4 groups=2 inner=239 gpu_seconds=0.105234000 wall_seconds=0.105429792 seconds_per_dispatch=0.000440309624 gbps=227.726297
LEG shape=mlp.down rep=8 position=31 arm=m6_ipg3 m=6 ipg=3 groups=2 inner=239 gpu_seconds=0.104747000 wall_seconds=0.104943250 seconds_per_dispatch=0.000438271967 gbps=228.785064
LEG shape=mlp.down rep=8 position=32 arm=m6_ipg2 m=6 ipg=2 groups=3 inner=239 gpu_seconds=0.132406833 wall_seconds=0.132591125 seconds_per_dispatch=0.000554003487 gbps=271.487678
LEG shape=mlp.down rep=8 position=33 arm=m5_ipg5 m=5 ipg=5 groups=1 inner=239 gpu_seconds=0.079674875 wall_seconds=0.079868667 seconds_per_dispatch=0.000333367677 gbps=150.389625
LEG shape=mlp.down rep=8 position=34 arm=m5_ipg3 m=5 ipg=3 groups=2 inner=239 gpu_seconds=0.097675083 wall_seconds=0.097893042 seconds_per_dispatch=0.000408682357 gbps=245.349666
LEG shape=mlp.down rep=8 position=35 arm=m4_ipg4 m=4 ipg=4 groups=1 inner=239 gpu_seconds=0.069210417 wall_seconds=0.069433583 seconds_per_dispatch=0.000289583333 gbps=173.128196
LEG shape=mlp.down rep=8 position=36 arm=m4_ipg2 m=4 ipg=2 groups=2 inner=239 gpu_seconds=0.091679958 wall_seconds=0.091881042 seconds_per_dispatch=0.000383598152 gbps=261.393543
LEG shape=mlp.down rep=8 position=37 arm=m3_ipg3 m=3 ipg=3 groups=1 inner=239 gpu_seconds=0.059692042 wall_seconds=0.059915000 seconds_per_dispatch=0.000249757497 gbps=200.734875
LEG shape=mlp.down rep=9 position=0 arm=m3_ipg3 m=3 ipg=3 groups=1 inner=239 gpu_seconds=0.059842292 wall_seconds=0.060053750 seconds_per_dispatch=0.000250386158 gbps=200.230877
LEG shape=mlp.down rep=9 position=1 arm=m4_ipg2 m=4 ipg=2 groups=2 inner=239 gpu_seconds=0.091758833 wall_seconds=0.091981333 seconds_per_dispatch=0.000383928174 gbps=261.168851
LEG shape=mlp.down rep=9 position=2 arm=m4_ipg4 m=4 ipg=4 groups=1 inner=239 gpu_seconds=0.069059875 wall_seconds=0.069268917 seconds_per_dispatch=0.000288953452 gbps=173.505593
LEG shape=mlp.down rep=9 position=3 arm=m5_ipg3 m=5 ipg=3 groups=2 inner=239 gpu_seconds=0.097425125 wall_seconds=0.097635583 seconds_per_dispatch=0.000407636506 gbps=245.979147
LEG shape=mlp.down rep=9 position=4 arm=m5_ipg5 m=5 ipg=5 groups=1 inner=239 gpu_seconds=0.079932417 wall_seconds=0.080139708 seconds_per_dispatch=0.000334445259 gbps=149.905070
LEG shape=mlp.down rep=9 position=5 arm=m6_ipg2 m=6 ipg=2 groups=3 inner=239 gpu_seconds=0.132599500 wall_seconds=0.132825125 seconds_per_dispatch=0.000554809623 gbps=271.093207
LEG shape=mlp.down rep=9 position=6 arm=m6_ipg3 m=6 ipg=3 groups=2 inner=239 gpu_seconds=0.104857292 wall_seconds=0.105072958 seconds_per_dispatch=0.000438733437 gbps=228.544422
LEG shape=mlp.down rep=9 position=7 arm=m6_ipg4 m=6 ipg=4 groups=2 inner=239 gpu_seconds=0.105421833 wall_seconds=0.105656917 seconds_per_dispatch=0.000441095537 gbps=227.320550
LEG shape=mlp.down rep=9 position=8 arm=m6_ipg6 m=6 ipg=6 groups=1 inner=239 gpu_seconds=0.114638125 wall_seconds=0.114859167 seconds_per_dispatch=0.000479657427 gbps=104.522597
LEG shape=mlp.down rep=9 position=9 arm=m7_ipg4 m=7 ipg=4 groups=2 inner=239 gpu_seconds=0.113291375 wall_seconds=0.113495125 seconds_per_dispatch=0.000474022490 gbps=211.530217
LEG shape=mlp.down rep=9 position=10 arm=m7_ipg5 m=7 ipg=5 groups=2 inner=239 gpu_seconds=0.114737125 wall_seconds=0.114937292 seconds_per_dispatch=0.000480071653 gbps=208.864821
LEG shape=mlp.down rep=9 position=11 arm=m8_ipg2 m=8 ipg=2 groups=4 inner=239 gpu_seconds=0.173312208 wall_seconds=0.173544125 seconds_per_dispatch=0.000725155684 gbps=276.547732
LEG shape=mlp.down rep=9 position=12 arm=m8_ipg3 m=8 ipg=3 groups=3 inner=239 gpu_seconds=0.144987750 wall_seconds=0.145192792 seconds_per_dispatch=0.000606643306 gbps=247.930074
LEG shape=mlp.down rep=9 position=13 arm=m8_ipg4 m=8 ipg=4 groups=2 inner=239 gpu_seconds=0.122620875 wall_seconds=0.122844167 seconds_per_dispatch=0.000513058054 gbps=195.436129
LEG shape=mlp.down rep=9 position=14 arm=m8_ipg5 m=8 ipg=5 groups=2 inner=239 gpu_seconds=0.124608042 wall_seconds=0.124819708 seconds_per_dispatch=0.000521372559 gbps=192.319443
LEG shape=mlp.down rep=9 position=15 arm=m8_ipg6 m=8 ipg=6 groups=2 inner=239 gpu_seconds=0.136100250 wall_seconds=0.136334167 seconds_per_dispatch=0.000569457113 gbps=176.080126
LEG shape=mlp.down rep=9 position=16 arm=m9_ipg3 m=9 ipg=3 groups=3 inner=239 gpu_seconds=0.151996250 wall_seconds=0.152213000 seconds_per_dispatch=0.000635967573 gbps=236.498096
LEG shape=mlp.down rep=9 position=17 arm=m9_ipg5 m=9 ipg=5 groups=2 inner=239 gpu_seconds=0.135133375 wall_seconds=0.135349417 seconds_per_dispatch=0.000565411611 gbps=177.339973
LEG shape=mlp.down rep=9 position=18 arm=m9_ipg6 m=9 ipg=6 groups=2 inner=239 gpu_seconds=0.149943208 wall_seconds=0.150153042 seconds_per_dispatch=0.000627377441 gbps=159.824172
LEG shape=mlp.down rep=9 position=19 arm=m9_ipg6 m=9 ipg=6 groups=2 inner=239 gpu_seconds=0.149445750 wall_seconds=0.149674667 seconds_per_dispatch=0.000625296024 gbps=160.356177
LEG shape=mlp.down rep=9 position=20 arm=m9_ipg5 m=9 ipg=5 groups=2 inner=239 gpu_seconds=0.134665750 wall_seconds=0.134877458 seconds_per_dispatch=0.000563455021 gbps=177.955784
LEG shape=mlp.down rep=9 position=21 arm=m9_ipg3 m=9 ipg=3 groups=3 inner=239 gpu_seconds=0.152295500 wall_seconds=0.152504708 seconds_per_dispatch=0.000637219665 gbps=236.033393
LEG shape=mlp.down rep=9 position=22 arm=m8_ipg6 m=8 ipg=6 groups=2 inner=239 gpu_seconds=0.136464125 wall_seconds=0.136700708 seconds_per_dispatch=0.000570979603 gbps=175.610616
LEG shape=mlp.down rep=9 position=23 arm=m8_ipg5 m=8 ipg=5 groups=2 inner=239 gpu_seconds=0.124360458 wall_seconds=0.124581792 seconds_per_dispatch=0.000520336646 gbps=192.702322
LEG shape=mlp.down rep=9 position=24 arm=m8_ipg4 m=8 ipg=4 groups=2 inner=239 gpu_seconds=0.122941958 wall_seconds=0.123148917 seconds_per_dispatch=0.000514401499 gbps=194.925715
LEG shape=mlp.down rep=9 position=25 arm=m8_ipg3 m=8 ipg=3 groups=3 inner=239 gpu_seconds=0.145043583 wall_seconds=0.145248917 seconds_per_dispatch=0.000606876918 gbps=247.834636
LEG shape=mlp.down rep=9 position=26 arm=m8_ipg2 m=8 ipg=2 groups=4 inner=239 gpu_seconds=0.173873250 wall_seconds=0.174091917 seconds_per_dispatch=0.000727503139 gbps=275.655388
LEG shape=mlp.down rep=9 position=27 arm=m7_ipg5 m=7 ipg=5 groups=2 inner=239 gpu_seconds=0.114707292 wall_seconds=0.114930625 seconds_per_dispatch=0.000479946827 gbps=208.919144
LEG shape=mlp.down rep=9 position=28 arm=m7_ipg4 m=7 ipg=4 groups=2 inner=239 gpu_seconds=0.113242500 wall_seconds=0.113443292 seconds_per_dispatch=0.000473817992 gbps=211.621512
LEG shape=mlp.down rep=9 position=29 arm=m6_ipg6 m=6 ipg=6 groups=1 inner=239 gpu_seconds=0.114763208 wall_seconds=0.114984792 seconds_per_dispatch=0.000480180788 gbps=104.408675
LEG shape=mlp.down rep=9 position=30 arm=m6_ipg4 m=6 ipg=4 groups=2 inner=239 gpu_seconds=0.105228583 wall_seconds=0.105443708 seconds_per_dispatch=0.000440286960 gbps=227.738019
LEG shape=mlp.down rep=9 position=31 arm=m6_ipg3 m=6 ipg=3 groups=2 inner=239 gpu_seconds=0.104985375 wall_seconds=0.105198708 seconds_per_dispatch=0.000439269352 gbps=228.265595
LEG shape=mlp.down rep=9 position=32 arm=m6_ipg2 m=6 ipg=2 groups=3 inner=239 gpu_seconds=0.132485792 wall_seconds=0.132699292 seconds_per_dispatch=0.000554333857 gbps=271.325877
LEG shape=mlp.down rep=9 position=33 arm=m5_ipg5 m=5 ipg=5 groups=1 inner=239 gpu_seconds=0.079985125 wall_seconds=0.080185542 seconds_per_dispatch=0.000334665795 gbps=149.806287
LEG shape=mlp.down rep=9 position=34 arm=m5_ipg3 m=5 ipg=3 groups=2 inner=239 gpu_seconds=0.097876875 wall_seconds=0.098088667 seconds_per_dispatch=0.000409526673 gbps=244.843832
LEG shape=mlp.down rep=9 position=35 arm=m4_ipg4 m=4 ipg=4 groups=1 inner=239 gpu_seconds=0.068893958 wall_seconds=0.069092833 seconds_per_dispatch=0.000288259240 gbps=173.923445
LEG shape=mlp.down rep=9 position=36 arm=m4_ipg2 m=4 ipg=2 groups=2 inner=239 gpu_seconds=0.091647750 wall_seconds=0.091860667 seconds_per_dispatch=0.000383463389 gbps=261.485406
LEG shape=mlp.down rep=9 position=37 arm=m3_ipg3 m=3 ipg=3 groups=1 inner=239 gpu_seconds=0.059926542 wall_seconds=0.060133000 seconds_per_dispatch=0.000250738668 gbps=199.949375
LEG shape=mlp.down rep=10 position=0 arm=m3_ipg3 m=3 ipg=3 groups=1 inner=239 gpu_seconds=0.059437458 wall_seconds=0.059649167 seconds_per_dispatch=0.000248692295 gbps=201.594666
LEG shape=mlp.down rep=10 position=1 arm=m4_ipg2 m=4 ipg=2 groups=2 inner=239 gpu_seconds=0.091784875 wall_seconds=0.092021958 seconds_per_dispatch=0.000384037134 gbps=261.094752
LEG shape=mlp.down rep=10 position=2 arm=m4_ipg4 m=4 ipg=4 groups=1 inner=239 gpu_seconds=0.069237083 wall_seconds=0.069432750 seconds_per_dispatch=0.000289694910 gbps=173.061515
LEG shape=mlp.down rep=10 position=3 arm=m5_ipg3 m=5 ipg=3 groups=2 inner=239 gpu_seconds=0.097816375 wall_seconds=0.097998333 seconds_per_dispatch=0.000409273536 gbps=244.995269
LEG shape=mlp.down rep=10 position=4 arm=m5_ipg5 m=5 ipg=5 groups=1 inner=239 gpu_seconds=0.079651875 wall_seconds=0.079850125 seconds_per_dispatch=0.000333271443 gbps=150.433051
LEG shape=mlp.down rep=10 position=5 arm=m6_ipg2 m=6 ipg=2 groups=3 inner=239 gpu_seconds=0.132643583 wall_seconds=0.132852000 seconds_per_dispatch=0.000554994072 gbps=271.003111
LEG shape=mlp.down rep=10 position=6 arm=m6_ipg3 m=6 ipg=3 groups=2 inner=239 gpu_seconds=0.104726750 wall_seconds=0.104941208 seconds_per_dispatch=0.000438187239 gbps=228.829302
LEG shape=mlp.down rep=10 position=7 arm=m6_ipg4 m=6 ipg=4 groups=2 inner=239 gpu_seconds=0.105159333 wall_seconds=0.105384208 seconds_per_dispatch=0.000439997211 gbps=227.887990
LEG shape=mlp.down rep=10 position=8 arm=m6_ipg6 m=6 ipg=6 groups=1 inner=239 gpu_seconds=0.114325167 wall_seconds=0.114534833 seconds_per_dispatch=0.000478347978 gbps=104.808722
LEG shape=mlp.down rep=10 position=9 arm=m7_ipg4 m=7 ipg=4 groups=2 inner=239 gpu_seconds=0.113185375 wall_seconds=0.113403917 seconds_per_dispatch=0.000473578975 gbps=211.728318
LEG shape=mlp.down rep=10 position=10 arm=m7_ipg5 m=7 ipg=5 groups=2 inner=239 gpu_seconds=0.114924833 wall_seconds=0.115142000 seconds_per_dispatch=0.000480857044 gbps=208.523679
LEG shape=mlp.down rep=10 position=11 arm=m8_ipg2 m=8 ipg=2 groups=4 inner=239 gpu_seconds=0.173669792 wall_seconds=0.173896583 seconds_per_dispatch=0.000726651848 gbps=275.978325
LEG shape=mlp.down rep=10 position=12 arm=m8_ipg3 m=8 ipg=3 groups=3 inner=239 gpu_seconds=0.144986208 wall_seconds=0.145202250 seconds_per_dispatch=0.000606636855 gbps=247.932711
LEG shape=mlp.down rep=10 position=13 arm=m8_ipg4 m=8 ipg=4 groups=2 inner=239 gpu_seconds=0.122923042 wall_seconds=0.123129958 seconds_per_dispatch=0.000514322350 gbps=194.955712
LEG shape=mlp.down rep=10 position=14 arm=m8_ipg5 m=8 ipg=5 groups=2 inner=239 gpu_seconds=0.124313625 wall_seconds=0.124530708 seconds_per_dispatch=0.000520140690 gbps=192.774920
LEG shape=mlp.down rep=10 position=15 arm=m8_ipg6 m=8 ipg=6 groups=2 inner=239 gpu_seconds=0.136574875 wall_seconds=0.136783625 seconds_per_dispatch=0.000571442992 gbps=175.468212
LEG shape=mlp.down rep=10 position=16 arm=m9_ipg3 m=9 ipg=3 groups=3 inner=239 gpu_seconds=0.152047833 wall_seconds=0.152259667 seconds_per_dispatch=0.000636183403 gbps=236.417862
LEG shape=mlp.down rep=10 position=17 arm=m9_ipg5 m=9 ipg=5 groups=2 inner=239 gpu_seconds=0.135130667 wall_seconds=0.135344417 seconds_per_dispatch=0.000565400279 gbps=177.343528
LEG shape=mlp.down rep=10 position=18 arm=m9_ipg6 m=9 ipg=6 groups=2 inner=239 gpu_seconds=0.149089500 wall_seconds=0.149306708 seconds_per_dispatch=0.000623805440 gbps=160.739349
LEG shape=mlp.down rep=10 position=19 arm=m9_ipg6 m=9 ipg=6 groups=2 inner=239 gpu_seconds=0.148749208 wall_seconds=0.148988792 seconds_per_dispatch=0.000622381625 gbps=161.107070
LEG shape=mlp.down rep=10 position=20 arm=m9_ipg5 m=9 ipg=5 groups=2 inner=239 gpu_seconds=0.134570875 wall_seconds=0.134815833 seconds_per_dispatch=0.000563058054 gbps=178.081246
LEG shape=mlp.down rep=10 position=21 arm=m9_ipg3 m=9 ipg=3 groups=3 inner=239 gpu_seconds=0.151895375 wall_seconds=0.152098542 seconds_per_dispatch=0.000635545502 gbps=236.655156
LEG shape=mlp.down rep=10 position=22 arm=m8_ipg6 m=8 ipg=6 groups=2 inner=239 gpu_seconds=0.136156625 wall_seconds=0.136365667 seconds_per_dispatch=0.000569692991 gbps=176.007221
LEG shape=mlp.down rep=10 position=23 arm=m8_ipg5 m=8 ipg=5 groups=2 inner=239 gpu_seconds=0.124324792 wall_seconds=0.124538417 seconds_per_dispatch=0.000520187413 gbps=192.757605
LEG shape=mlp.down rep=10 position=24 arm=m8_ipg4 m=8 ipg=4 groups=2 inner=239 gpu_seconds=0.122608167 wall_seconds=0.122834792 seconds_per_dispatch=0.000513004881 gbps=195.456386
LEG shape=mlp.down rep=10 position=25 arm=m8_ipg3 m=8 ipg=3 groups=3 inner=239 gpu_seconds=0.144641917 wall_seconds=0.144869167 seconds_per_dispatch=0.000605196304 gbps=248.522866
LEG shape=mlp.down rep=10 position=26 arm=m8_ipg2 m=8 ipg=2 groups=4 inner=239 gpu_seconds=0.173634958 wall_seconds=0.173857458 seconds_per_dispatch=0.000726506101 gbps=276.033690
LEG shape=mlp.down rep=10 position=27 arm=m7_ipg5 m=7 ipg=5 groups=2 inner=239 gpu_seconds=0.114120875 wall_seconds=0.114344375 seconds_per_dispatch=0.000477493201 gbps=209.992686
LEG shape=mlp.down rep=10 position=28 arm=m7_ipg4 m=7 ipg=4 groups=2 inner=239 gpu_seconds=0.112650542 wall_seconds=0.112880583 seconds_per_dispatch=0.000471341178 gbps=212.733546
LEG shape=mlp.down rep=10 position=29 arm=m6_ipg6 m=6 ipg=6 groups=1 inner=239 gpu_seconds=0.113823583 wall_seconds=0.114039625 seconds_per_dispatch=0.000476249303 gbps=105.270579
LEG shape=mlp.down rep=10 position=30 arm=m6_ipg4 m=6 ipg=4 groups=2 inner=239 gpu_seconds=0.104334625 wall_seconds=0.104554875 seconds_per_dispatch=0.000436546548 gbps=229.689321
LEG shape=mlp.down rep=10 position=31 arm=m6_ipg3 m=6 ipg=3 groups=2 inner=239 gpu_seconds=0.103935833 wall_seconds=0.104157583 seconds_per_dispatch=0.000434877964 gbps=230.570616
LEG shape=mlp.down rep=10 position=32 arm=m6_ipg2 m=6 ipg=2 groups=3 inner=239 gpu_seconds=0.131783542 wall_seconds=0.132004167 seconds_per_dispatch=0.000551395571 gbps=272.771723
LEG shape=mlp.down rep=10 position=33 arm=m5_ipg5 m=5 ipg=5 groups=1 inner=239 gpu_seconds=0.079220417 wall_seconds=0.079447750 seconds_per_dispatch=0.000331466179 gbps=151.252355
LEG shape=mlp.down rep=10 position=34 arm=m5_ipg3 m=5 ipg=3 groups=2 inner=239 gpu_seconds=0.097312583 wall_seconds=0.097525625 seconds_per_dispatch=0.000407165621 gbps=246.263621
LEG shape=mlp.down rep=10 position=35 arm=m4_ipg4 m=4 ipg=4 groups=1 inner=239 gpu_seconds=0.068603209 wall_seconds=0.068831542 seconds_per_dispatch=0.000287042713 gbps=174.660556
LEG shape=mlp.down rep=10 position=36 arm=m4_ipg2 m=4 ipg=2 groups=2 inner=239 gpu_seconds=0.091008375 wall_seconds=0.091237833 seconds_per_dispatch=0.000380788180 gbps=263.322459
LEG shape=mlp.down rep=10 position=37 arm=m3_ipg3 m=3 ipg=3 groups=1 inner=239 gpu_seconds=0.059674083 wall_seconds=0.059924875 seconds_per_dispatch=0.000249682357 gbps=200.795285
e73_cell_ab: mlp.down inner=239 legs=418 entry=62.49C exit=68.11C
SHAPE shape=mlp.down k=17408 n=5120 inner=239 legs=418 bytes_per_stream=50135040 entry_gpu_temp_c=62.49 exit_gpu_temp_c=68.11
e73_cell_ab: wrote research/e73-artifacts/rung1-s1.json exit gpu_temp_c=65.49
e73_wandb_stream: run_id=rwjal2ws url=https://wandb.ai/wandb-applied-ai-team/qwen38-mlx-challenge-senpai/runs/rwjal2ws legs=2508
wandb: updating run metadata
wandb: 
wandb: Run history:
wandb:                 leg/full_attn.qkv_proj_fused/m3_ipg3/gbps ▄▄▄▄▆▄▅▄▁▄▅▅▄▇▆▄▅▅▂▄▄█
wandb:          leg/full_attn.qkv_proj_fused/m3_ipg3/gpu_seconds ▅▅▅▅▃▅▄▅█▅▄▄▅▂▃▅▄▄▇▅▅▁
wandb: leg/full_attn.qkv_proj_fused/m3_ipg3/seconds_per_dispatch ▅▅▅▅▃▅▄▅█▅▄▄▅▂▃▅▄▄▇▅▅▁
wandb:                 leg/full_attn.qkv_proj_fused/m4_ipg2/gbps ▄▄▂▂▄▄▄▅█▂▃▃▁▄▃▃▃▃▂▁▂▃
wandb:          leg/full_attn.qkv_proj_fused/m4_ipg2/gpu_seconds ▅▅▇▇▅▅▅▄▁▇▆▆█▅▆▆▆▆▇█▇▆
wandb: leg/full_attn.qkv_proj_fused/m4_ipg2/seconds_per_dispatch ▅▅▇▇▅▅▅▄▁▇▆▆█▅▆▆▆▆▇█▇▆
wandb:                 leg/full_attn.qkv_proj_fused/m4_ipg4/gbps ▃▃▃▃▂▃▂▃▁▃▂▄▂▃▂█▁▂▅▇▃▃
wandb:          leg/full_attn.qkv_proj_fused/m4_ipg4/gpu_seconds ▆▆▆▆▇▆▇▆█▆▇▅▇▆▇▁█▇▄▂▆▆
wandb: leg/full_attn.qkv_proj_fused/m4_ipg4/seconds_per_dispatch ▆▆▆▆▇▆▇▆█▆▇▅▇▆▇▁█▇▄▂▆▆
wandb:                 leg/full_attn.qkv_proj_fused/m5_ipg3/gbps ▃▄▅▆▅▃▃▅█▂▂▂▃▄▁▄▄▄▄▃▆▄
wandb:                                                      +577 ...
wandb: 
wandb: Run summary:
wandb:                 leg/full_attn.qkv_proj_fused/m3_ipg3/gbps 226.28232
wandb:          leg/full_attn.qkv_proj_fused/m3_ipg3/gpu_seconds 0.05291
wandb: leg/full_attn.qkv_proj_fused/m3_ipg3/seconds_per_dispatch 0.00018
wandb:                 leg/full_attn.qkv_proj_fused/m4_ipg2/gbps 276.60974
wandb:          leg/full_attn.qkv_proj_fused/m4_ipg2/gpu_seconds 0.08657
wandb: leg/full_attn.qkv_proj_fused/m4_ipg2/seconds_per_dispatch 0.0003
wandb:                 leg/full_attn.qkv_proj_fused/m4_ipg4/gbps 195.70086
wandb:          leg/full_attn.qkv_proj_fused/m4_ipg4/gpu_seconds 0.06118
wandb: leg/full_attn.qkv_proj_fused/m4_ipg4/seconds_per_dispatch 0.00021
wandb:                 leg/full_attn.qkv_proj_fused/m5_ipg3/gbps 259.1811
wandb:                                                      +582 ...
wandb: 
wandb: 🚀 View run e73-rung1-s1 at: https://wandb.ai/wandb-applied-ai-team/qwen38-mlx-challenge-senpai/runs/rwjal2ws
wandb: ⭐️ View project at: https://wandb.ai/wandb-applied-ai-team/qwen38-mlx-challenge-senpai
wandb: Synced 6 W&B file(s), 0 media file(s), 0 artifact file(s) and 0 other file(s)
wandb: Find logs at: ./wandb/run-20260820_102751-rwjal2ws/logs
e73_rung1 exit_thermal gpu_temp=62.54970932006836C cpu_temp=55.2423210144043C gpu_power=0.016672708094120026W status=0
e73_rung1 finished=2026-08-20T10:33:32Z
